gene,c7_exh_count,c7_tcr_count,c2_exh_count,c2_tcr_count,c5_go_count,score
AKT1,0.0,1.0,6.0,125.0,2.0,266.0
PIK3CA,1.0,4.0,6.0,96.0,3.0,218.0
AKT3,1.0,5.0,4.0,91.0,0.0,203.0
AKT2,1.0,0.0,4.0,94.0,0.0,199.0
PIK3CD,6.0,5.0,4.0,71.0,4.0,182.0
UBB,0.0,3.0,1.0,77.0,0.0,162.0
PIK3CB,0.0,3.0,5.0,73.0,0.0,162.0
RPS27A,0.0,1.0,0.0,79.0,0.0,160.0
UBC,1.0,4.0,2.0,72.0,0.0,159.0
UBA52,0.0,2.0,0.0,75.0,0.0,154.0
MTOR,2.0,2.0,1.0,58.0,6.0,134.0
MAPK1,0.0,2.0,5.0,56.0,1.0,127.0
PIK3R1,1.0,7.0,6.0,47.0,3.0,126.0
MAPK3,1.0,1.0,3.0,52.0,0.0,115.0
GRB2,1.0,4.0,4.0,48.0,0.0,115.0
TP53,0.0,3.0,2.0,49.0,6.0,114.0
NFKB1,0.0,9.0,5.0,43.0,0.0,114.0
EP300,0.0,0.0,1.0,52.0,6.0,112.0
CDKN1A,1.0,6.0,4.0,41.0,1.0,106.0
CREBBP,1.0,5.0,1.0,43.0,0.0,101.0
STAT1,4.0,20.0,1.0,23.0,0.0,100.0
IL6,1.0,19.0,2.0,22.0,6.0,95.0
HDAC1,0.0,7.0,2.0,37.0,0.0,92.0
MYC,1.0,7.0,5.0,32.0,0.0,91.0
SRC,0.0,4.0,2.0,38.0,2.0,90.0
EGFR,0.0,3.0,2.0,40.0,0.0,90.0
GSK3B,2.0,1.0,1.0,40.0,0.0,90.0
FYN,3.0,6.0,3.0,29.0,3.0,88.0
PRKCA,2.0,9.0,4.0,28.0,0.0,88.0
KRAS,0.0,3.0,4.0,36.0,0.0,86.0
CD86,2.0,16.0,5.0,15.0,6.0,84.0
LCK,2.0,2.0,5.0,29.0,4.0,82.0
IFNG,4.0,14.0,3.0,15.0,6.0,82.0
CCL5,5.0,24.0,2.0,6.0,2.0,81.0
PIK3R2,0.0,2.0,5.0,32.0,3.0,81.0
CALM1,0.0,1.0,3.0,36.0,0.0,80.0
PSME2,2.0,16.0,0.0,21.0,0.0,80.0
TNF,0.0,17.0,3.0,19.0,0.0,78.0
H2AC6,0.0,7.0,1.0,31.0,0.0,78.0
PIK3R3,3.0,3.0,5.0,25.0,3.0,78.0
NRAS,0.0,2.0,2.0,35.0,0.0,78.0
MAP3K8,3.0,20.0,0.0,13.0,2.0,77.0
FOXO3,3.0,8.0,2.0,22.0,3.0,76.0
PIK3CG,0.0,6.0,4.0,27.0,2.0,76.0
LEF1,6.0,12.0,1.0,13.0,6.0,76.0
NFKBIA,0.0,10.0,3.0,25.0,0.0,76.0
PSMB9,2.0,12.0,0.0,23.0,0.0,76.0
PTPN11,1.0,2.0,7.0,26.0,2.0,75.0
HRAS,0.0,0.0,2.0,35.0,1.0,75.0
CREB1,0.0,1.0,0.0,36.0,0.0,74.0
SOCS3,1.0,12.0,2.0,18.0,6.0,73.0
H2AC4,0.0,3.0,2.0,31.0,0.0,72.0
PDPK1,0.0,4.0,0.0,31.0,2.0,72.0
H2AC18,0.0,4.0,0.0,32.0,0.0,72.0
RAC1,0.0,4.0,2.0,30.0,0.0,72.0
H2AC8,0.0,3.0,1.0,32.0,0.0,72.0
AURKA,1.0,15.0,2.0,17.0,0.0,71.0
RELA,0.0,3.0,1.0,31.0,1.0,71.0
CBFB,0.0,6.0,2.0,26.0,3.0,71.0
H4C1,0.0,4.0,1.0,30.0,0.0,70.0
MDM2,0.0,6.0,1.0,28.0,0.0,70.0
MAPK14,0.0,7.0,1.0,27.0,0.0,70.0
H2BC11,0.0,4.0,0.0,31.0,0.0,70.0
CD28,2.0,6.0,5.0,18.0,6.0,70.0
JUN,2.0,6.0,2.0,24.0,0.0,70.0
PTPN6,2.0,7.0,4.0,19.0,4.0,70.0
H4C3,0.0,4.0,0.0,31.0,0.0,70.0
H4C8,0.0,3.0,0.0,32.0,0.0,70.0
BRCA1,3.0,7.0,1.0,22.0,0.0,69.0
FOS,1.0,8.0,0.0,25.0,0.0,69.0
H3C7,2.0,3.0,0.0,28.0,0.0,68.0
H4C9,0.0,3.0,0.0,31.0,0.0,68.0
SOCS1,3.0,13.0,2.0,13.0,3.0,68.0
CTNNB1,1.0,3.0,1.0,26.0,4.0,67.0
H4C6,1.0,2.0,0.0,30.0,0.0,67.0
PLCG1,4.0,4.0,2.0,21.0,1.0,67.0
PRKCB,2.0,6.0,3.0,21.0,1.0,67.0
CASP3,3.0,10.0,2.0,16.0,2.0,67.0
SOS1,0.0,2.0,3.0,26.0,4.0,66.0
RXRA,2.0,10.0,2.0,18.0,0.0,66.0
PML,2.0,11.0,1.0,18.0,0.0,66.0
H2AX,0.0,6.0,2.0,25.0,0.0,66.0
PPP2CA,0.0,1.0,5.0,27.0,0.0,66.0
IGF1R,4.0,5.0,1.0,21.0,0.0,66.0
H4C2,0.0,1.0,0.0,32.0,0.0,66.0
CASP1,2.0,15.0,2.0,13.0,0.0,66.0
H2BC8,0.0,4.0,0.0,29.0,0.0,66.0
STAT3,0.0,13.0,2.0,15.0,6.0,66.0
H2BC14,1.0,5.0,0.0,26.0,0.0,65.0
PSME1,1.0,11.0,0.0,20.0,0.0,65.0
H2BC5,1.0,4.0,0.0,27.0,0.0,65.0
CDKN1B,2.0,3.0,3.0,23.0,0.0,64.0
H4C14,0.0,1.0,0.0,31.0,0.0,64.0
H4C13,0.0,2.0,0.0,30.0,0.0,64.0
CDK1,0.0,8.0,0.0,24.0,0.0,64.0
H4C16,0.0,2.0,0.0,30.0,0.0,64.0
PRKACA,0.0,2.0,1.0,29.0,0.0,64.0
HDAC2,0.0,2.0,2.0,28.0,0.0,64.0
H2BC7,0.0,1.0,0.0,31.0,0.0,64.0
H2BC21,0.0,4.0,0.0,28.0,0.0,64.0
H3C12,0.0,3.0,0.0,29.0,0.0,64.0
PTEN,0.0,2.0,0.0,30.0,0.0,64.0
PIK3R5,3.0,7.0,2.0,18.0,0.0,63.0
THBS1,0.0,8.0,0.0,23.0,0.0,62.0
CCND1,0.0,3.0,1.0,27.0,0.0,62.0
MOV10,0.0,10.0,0.0,21.0,0.0,62.0
H3C14,0.0,2.0,1.0,28.0,0.0,62.0
H3C4,0.0,1.0,0.0,30.0,0.0,62.0
H4C12,0.0,0.0,0.0,31.0,0.0,62.0
H3C6,0.0,3.0,0.0,28.0,0.0,62.0
H4C11,0.0,1.0,0.0,30.0,0.0,62.0
TGFB1,0.0,5.0,2.0,22.0,4.0,62.0
ISG15,0.0,14.0,2.0,15.0,0.0,62.0
CSF1,7.0,6.0,2.0,12.0,0.0,61.0
FOXO1,3.0,7.0,0.0,19.0,0.0,61.0
H2BC3,1.0,2.0,0.0,27.0,0.0,61.0
CCL4,3.0,21.0,1.0,4.0,0.0,61.0
PSMB10,1.0,7.0,0.0,21.0,2.0,61.0
JAK2,1.0,12.0,0.0,16.0,2.0,61.0
BAD,0.0,0.0,1.0,28.0,3.0,61.0
MET,1.0,5.0,0.0,24.0,0.0,61.0
SERPINE1,1.0,7.0,0.0,22.0,0.0,61.0
H3C2,0.0,2.0,0.0,28.0,0.0,60.0
AREG,0.0,7.0,1.0,22.0,0.0,60.0
MLST8,0.0,5.0,1.0,24.0,0.0,60.0
IKBKG,1.0,2.0,1.0,25.0,1.0,60.0
PSMD14,0.0,6.0,1.0,23.0,0.0,60.0
PRKCD,1.0,9.0,2.0,17.0,1.0,60.0
H2BC12,0.0,1.0,0.0,29.0,0.0,60.0
PPP2CB,0.0,4.0,3.0,23.0,0.0,60.0
H2BC13,0.0,2.0,0.0,28.0,0.0,60.0
H4C15,0.0,0.0,0.0,30.0,0.0,60.0
H3C10,0.0,2.0,0.0,28.0,0.0,60.0
LYN,4.0,6.0,2.0,15.0,2.0,60.0
GZMB,4.0,14.0,4.0,6.0,0.0,60.0
CD3D,1.0,2.0,4.0,20.0,5.0,60.0
H4C5,0.0,2.0,0.0,28.0,0.0,60.0
HLA-A,3.0,8.0,4.0,12.0,3.0,60.0
CDK2,2.0,5.0,2.0,20.0,0.0,60.0
SMAD3,3.0,3.0,1.0,20.0,2.0,59.0
NFATC3,1.0,5.0,3.0,18.0,4.0,59.0
H2BC4,1.0,0.0,0.0,28.0,0.0,59.0
IL7R,5.0,10.0,1.0,9.0,4.0,59.0
CCND2,1.0,13.0,0.0,15.0,0.0,59.0
FASLG,5.0,7.0,1.0,14.0,0.0,59.0
IRF1,4.0,18.0,0.0,4.0,3.0,59.0
PSMB7,1.0,6.0,0.0,22.0,0.0,59.0
ITGAL,6.0,5.0,2.0,11.0,5.0,59.0
ACTB,1.0,0.0,1.0,25.0,3.0,58.0
EGF,0.0,2.0,0.0,27.0,0.0,58.0
IFIH1,4.0,14.0,0.0,9.0,0.0,58.0
H2BC9,0.0,1.0,0.0,28.0,0.0,58.0
PSMB8,2.0,5.0,0.0,21.0,0.0,58.0
IRF7,2.0,15.0,1.0,10.0,0.0,58.0
PSMD13,4.0,0.0,1.0,22.0,0.0,58.0
CISH,2.0,14.0,1.0,11.0,0.0,58.0
OPTN,4.0,16.0,0.0,7.0,0.0,58.0
FGL2,1.0,16.0,1.0,7.0,7.0,58.0
FAS,2.0,10.0,2.0,14.0,0.0,58.0
H2AC14,0.0,3.0,0.0,26.0,0.0,58.0
MAPK8,1.0,4.0,2.0,21.0,0.0,57.0
RIGI,3.0,17.0,0.0,7.0,0.0,57.0
EPAS1,3.0,13.0,0.0,11.0,0.0,57.0
BIRC5,3.0,8.0,0.0,16.0,0.0,57.0
USP18,1.0,17.0,1.0,9.0,0.0,57.0
NOTCH1,1.0,2.0,1.0,24.0,0.0,57.0
EZH2,2.0,8.0,1.0,16.0,1.0,57.0
RUNX3,1.0,9.0,1.0,15.0,3.0,56.0
TSC1,0.0,10.0,0.0,15.0,6.0,56.0
H3C15,0.0,0.0,0.0,28.0,0.0,56.0
H3C13,0.0,0.0,0.0,28.0,0.0,56.0
MAP2K1,0.0,0.0,7.0,21.0,0.0,56.0
ANXA1,6.0,8.0,1.0,7.0,6.0,56.0
BIRC3,0.0,12.0,1.0,15.0,0.0,56.0
H4C4,0.0,1.0,0.0,27.0,0.0,56.0
PSMD12,2.0,1.0,1.0,23.0,0.0,56.0
PSMA2,0.0,4.0,2.0,22.0,0.0,56.0
H2BC1,0.0,0.0,1.0,27.0,0.0,56.0
H2BC10,0.0,1.0,1.0,26.0,0.0,56.0
H2BC15,0.0,2.0,0.0,26.0,0.0,56.0
H2AC20,0.0,1.0,0.0,27.0,0.0,56.0
H2BC17,0.0,0.0,0.0,28.0,0.0,56.0
RAF1,0.0,2.0,3.0,23.0,0.0,56.0
VAV1,2.0,4.0,2.0,17.0,3.0,55.0
HMOX1,1.0,9.0,3.0,14.0,0.0,55.0
IRF4,1.0,13.0,2.0,8.0,6.0,55.0
BCL2,1.0,4.0,2.0,18.0,4.0,55.0
SGK1,5.0,9.0,0.0,11.0,0.0,55.0
CCNA2,1.0,11.0,0.0,15.0,0.0,55.0
H2BC6,0.0,0.0,0.0,27.0,0.0,54.0
IER3,2.0,9.0,2.0,13.0,0.0,54.0
PSMD8,0.0,4.0,1.0,22.0,0.0,54.0
CD80,0.0,7.0,4.0,13.0,6.0,54.0
YES1,6.0,4.0,2.0,11.0,2.0,54.0
H3C8,0.0,1.0,0.0,26.0,0.0,54.0
TRAF6,1.0,5.0,2.0,17.0,3.0,54.0
SLC2A1,2.0,7.0,2.0,15.0,0.0,54.0
PSMA3,0.0,4.0,1.0,22.0,0.0,54.0
ESR1,0.0,0.0,1.0,26.0,0.0,54.0
PSMC1,0.0,0.0,2.0,25.0,0.0,54.0
PSMA4,0.0,3.0,1.0,23.0,0.0,54.0
H2AZ2,0.0,4.0,1.0,22.0,0.0,54.0
VEGFA,0.0,4.0,2.0,21.0,0.0,54.0
PSMA6,0.0,6.0,0.0,21.0,0.0,54.0
PSMD11,0.0,5.0,0.0,22.0,0.0,54.0
KAT2B,2.0,1.0,1.0,22.0,0.0,54.0
PSMB1,0.0,5.0,1.0,21.0,0.0,54.0
IL1B,0.0,14.0,3.0,8.0,4.0,54.0
PPP2R1A,0.0,0.0,3.0,24.0,0.0,54.0
H3C1,0.0,0.0,0.0,27.0,0.0,54.0
ICAM1,2.0,12.0,2.0,7.0,5.0,53.0
PSMA5,1.0,3.0,0.0,22.0,0.0,53.0
ZAP70,2.0,2.0,3.0,16.0,5.0,53.0
SMAD7,3.0,8.0,0.0,11.0,6.0,53.0
HSP90AA1,1.0,5.0,3.0,17.0,0.0,53.0
KIT,0.0,4.0,1.0,20.0,3.0,53.0
PSMC5,1.0,2.0,0.0,23.0,0.0,53.0
RPS6,1.0,1.0,1.0,20.0,6.0,53.0
PTGS2,1.0,11.0,1.0,13.0,0.0,53.0
IL2RA,0.0,11.0,1.0,13.0,3.0,53.0
EGR2,5.0,9.0,1.0,9.0,0.0,53.0
PRKACB,1.0,5.0,2.0,18.0,0.0,53.0
RNF2,1.0,6.0,0.0,19.0,0.0,53.0
PPP3CA,1.0,3.0,2.0,19.0,2.0,53.0
H2AC19,0.0,0.0,0.0,26.0,0.0,52.0
CDKN2A,0.0,0.0,1.0,25.0,0.0,52.0
NFE2L2,0.0,6.0,2.0,18.0,0.0,52.0
RHOA,1.0,1.0,1.0,21.0,3.0,52.0
RBBP7,0.0,1.0,2.0,23.0,0.0,52.0
PPARG,0.0,6.0,1.0,19.0,0.0,52.0
HBEGF,0.0,5.0,2.0,19.0,0.0,52.0
PLAUR,0.0,10.0,1.0,15.0,0.0,52.0
GNG2,2.0,3.0,0.0,20.0,0.0,52.0
SUMO1,0.0,1.0,2.0,23.0,0.0,52.0
GNG11,0.0,5.0,1.0,20.0,0.0,52.0
DUSP1,2.0,11.0,1.0,11.0,0.0,52.0
PSMC2,0.0,2.0,0.0,24.0,0.0,52.0
MYB,2.0,6.0,0.0,14.0,6.0,52.0
H3-3A,0.0,0.0,0.0,26.0,0.0,52.0
AGO1,0.0,4.0,0.0,22.0,0.0,52.0
PSMD10,0.0,3.0,1.0,22.0,0.0,52.0
PSMC6,0.0,1.0,1.0,24.0,0.0,52.0
PSMC3,0.0,2.0,1.0,23.0,0.0,52.0
H3C11,0.0,1.0,0.0,25.0,0.0,52.0
AGO4,2.0,4.0,0.0,19.0,0.0,52.0
PSMD2,0.0,1.0,2.0,23.0,0.0,52.0
UBE2I,0.0,2.0,0.0,24.0,0.0,52.0
RUNX1,0.0,5.0,1.0,18.0,3.0,51.0
SKP2,1.0,6.0,1.0,17.0,0.0,51.0
NFATC2,0.0,2.0,2.0,21.0,1.0,51.0
IKBKB,0.0,2.0,1.0,22.0,1.0,51.0
BCL6,1.0,11.0,1.0,9.0,6.0,51.0
PSMD5,1.0,2.0,0.0,22.0,0.0,51.0
IL6R,3.0,10.0,0.0,8.0,6.0,51.0
IFIT1,1.0,16.0,0.0,8.0,0.0,51.0
H3-3B,1.0,1.0,0.0,23.0,0.0,51.0
ARL4C,5.0,14.0,0.0,4.0,0.0,51.0
PSMB2,1.0,1.0,2.0,21.0,0.0,51.0
NUP93,3.0,3.0,0.0,18.0,0.0,51.0
CD3G,0.0,3.0,3.0,17.0,5.0,51.0
GADD45A,1.0,12.0,2.0,10.0,0.0,51.0
CASP9,1.0,7.0,1.0,16.0,0.0,51.0
SMAD4,1.0,4.0,2.0,18.0,0.0,51.0
PIAS2,1.0,5.0,0.0,19.0,0.0,51.0
PSMB3,1.0,1.0,0.0,23.0,0.0,51.0
JUNB,0.0,9.0,2.0,11.0,6.0,50.0
PSMD7,0.0,2.0,1.0,22.0,0.0,50.0
F2R,2.0,6.0,3.0,13.0,0.0,50.0
PTPRC,2.0,2.0,4.0,13.0,6.0,50.0
JAK1,2.0,8.0,1.0,10.0,6.0,50.0
SOD2,0.0,14.0,3.0,8.0,0.0,50.0
FCER1G,4.0,9.0,1.0,6.0,6.0,50.0
TNFSF9,3.0,12.0,2.0,5.0,3.0,50.0
PSMD1,0.0,2.0,1.0,22.0,0.0,50.0
AGO2,0.0,3.0,0.0,22.0,0.0,50.0
CTLA4,2.0,7.0,5.0,8.0,4.0,50.0
NFKBIZ,1.0,19.0,0.0,1.0,7.0,50.0
RPS6KB1,0.0,3.0,1.0,21.0,0.0,50.0
PDGFRB,0.0,5.0,1.0,19.0,0.0,50.0
H3C3,0.0,0.0,0.0,25.0,0.0,50.0
BCL2L1,1.0,5.0,2.0,16.0,0.0,49.0
IRF8,3.0,11.0,1.0,7.0,2.0,49.0
BCL3,3.0,10.0,1.0,6.0,6.0,49.0
TLR2,1.0,7.0,2.0,14.0,0.0,49.0
PDGFRA,1.0,1.0,2.0,20.0,0.0,49.0
TNRC6B,1.0,5.0,0.0,18.0,0.0,49.0
CSF2,3.0,8.0,1.0,11.0,0.0,49.0
B4GALT1,5.0,5.0,0.0,12.0,0.0,49.0
TUBB6,1.0,9.0,0.0,14.0,0.0,49.0
RRM2,1.0,12.0,1.0,10.0,0.0,49.0
GNAQ,3.0,5.0,1.0,14.0,0.0,49.0
EREG,1.0,6.0,0.0,17.0,0.0,49.0
NUP85,1.0,7.0,0.0,16.0,0.0,49.0
PRKAR2B,1.0,4.0,1.0,18.0,0.0,49.0
MT2A,1.0,12.0,1.0,10.0,0.0,49.0
SLCO3A1,7.0,10.0,1.0,3.0,0.0,49.0
SHC1,0.0,0.0,3.0,21.0,0.0,48.0
MAP2K2,0.0,1.0,6.0,17.0,0.0,48.0
H2AC7,0.0,0.0,0.0,24.0,0.0,48.0
OAS1,2.0,15.0,0.0,6.0,0.0,48.0
GATA3,0.0,3.0,2.0,15.0,8.0,48.0
TYMS,2.0,13.0,1.0,7.0,0.0,48.0
ITGB1,3.0,7.0,0.0,12.0,1.0,48.0
CCR2,3.0,11.0,1.0,6.0,3.0,48.0
PSMB5,0.0,2.0,1.0,21.0,0.0,48.0
GNG12,0.0,5.0,0.0,19.0,0.0,48.0
CASP4,0.0,18.0,2.0,4.0,0.0,48.0
TNFRSF1B,2.0,11.0,0.0,9.0,2.0,48.0
LCP2,1.0,4.0,3.0,15.0,1.0,48.0
PSMC4,0.0,2.0,0.0,22.0,0.0,48.0
PSMD4,0.0,0.0,0.0,24.0,0.0,48.0
HLA-DRA,0.0,10.0,2.0,9.0,6.0,48.0
PPP2R5A,2.0,5.0,3.0,13.0,0.0,48.0
PDK1,6.0,3.0,1.0,11.0,0.0,48.0
H2BC26,0.0,0.0,0.0,24.0,0.0,48.0
DUSP6,2.0,7.0,1.0,13.0,0.0,48.0
CD14,0.0,15.0,2.0,7.0,0.0,48.0
FGFR1,0.0,3.0,1.0,20.0,0.0,48.0
CHUK,0.0,1.0,1.0,22.0,0.0,48.0
EGR1,1.0,7.0,1.0,13.0,3.0,48.0
PLSCR1,2.0,14.0,2.0,5.0,0.0,48.0
PSMA1,1.0,0.0,1.0,21.0,0.0,47.0
PPP2R1B,1.0,0.0,3.0,19.0,0.0,47.0
RSAD2,4.0,12.0,0.0,4.0,3.0,47.0
RASGRP1,3.0,9.0,0.0,8.0,4.0,47.0
ITGB7,3.0,8.0,1.0,10.0,0.0,47.0
CD9,1.0,13.0,2.0,7.0,0.0,47.0
TFDP1,3.0,6.0,1.0,12.0,0.0,47.0
UBE2D1,1.0,1.0,1.0,20.0,0.0,47.0
IKBKE,3.0,8.0,1.0,10.0,0.0,47.0
DUSP2,1.0,15.0,1.0,6.0,0.0,47.0
MAF,7.0,5.0,0.0,8.0,0.0,47.0
PSMB4,1.0,2.0,0.0,20.0,0.0,47.0
IGF1,0.0,3.0,0.0,19.0,2.0,46.0
YAP1,4.0,1.0,0.0,16.0,0.0,46.0
CDH1,0.0,6.0,1.0,16.0,0.0,46.0
CASP8,0.0,5.0,1.0,16.0,2.0,46.0
ISG20,4.0,10.0,1.0,6.0,0.0,46.0
CBL,0.0,1.0,2.0,20.0,0.0,46.0
GAB1,0.0,4.0,0.0,19.0,0.0,46.0
GLIPR1,2.0,14.0,1.0,5.0,0.0,46.0
TUBB2A,0.0,8.0,2.0,13.0,0.0,46.0
FN1,0.0,5.0,1.0,17.0,0.0,46.0
PSMD3,0.0,0.0,1.0,22.0,0.0,46.0
NUP43,0.0,6.0,0.0,17.0,0.0,46.0
TGFBR2,1.0,9.0,1.0,10.0,3.0,46.0
C3,0.0,9.0,1.0,13.0,0.0,46.0
BCL2A1,2.0,13.0,0.0,7.0,0.0,46.0
NDRG1,4.0,9.0,1.0,7.0,0.0,46.0
RAC2,0.0,8.0,3.0,11.0,2.0,46.0
RBBP4,0.0,2.0,1.0,20.0,0.0,46.0
GCH1,2.0,15.0,1.0,4.0,0.0,46.0
GNB4,0.0,5.0,0.0,18.0,0.0,46.0
PPP2R5C,0.0,7.0,3.0,13.0,0.0,46.0
PLCG2,2.0,4.0,2.0,12.0,3.0,45.0
PSME4,1.0,5.0,0.0,16.0,0.0,45.0
CCR5,5.0,11.0,2.0,2.0,0.0,45.0
FGF8,1.0,2.0,0.0,19.0,0.0,45.0
NUP37,1.0,3.0,1.0,17.0,0.0,45.0
CD3E,0.0,4.0,3.0,13.0,5.0,45.0
INS,1.0,1.0,0.0,19.0,2.0,45.0
MAP2K6,1.0,3.0,3.0,15.0,0.0,45.0
AGO3,1.0,2.0,0.0,19.0,0.0,45.0
SPP1,1.0,5.0,1.0,15.0,0.0,45.0
ZEB2,5.0,6.0,1.0,8.0,0.0,45.0
BRAF,2.0,1.0,2.0,14.0,5.0,45.0
TNFRSF10B,1.0,3.0,1.0,17.0,0.0,45.0
TNRC6C,1.0,2.0,0.0,19.0,0.0,45.0
HES1,1.0,2.0,0.0,18.0,2.0,45.0
ADM,1.0,12.0,0.0,9.0,0.0,45.0
TIMP1,1.0,8.0,1.0,12.0,0.0,45.0
RIPK2,1.0,11.0,0.0,6.0,8.0,45.0
PSMB11,0.0,3.0,0.0,17.0,4.0,44.0
PTPN22,1.0,11.0,2.0,5.0,5.0,44.0
NGFR,2.0,4.0,0.0,15.0,0.0,44.0
FOXP1,2.0,11.0,3.0,2.0,6.0,44.0
PSMB6,0.0,1.0,0.0,21.0,0.0,44.0
FGFR4,0.0,3.0,0.0,19.0,0.0,44.0
ABL1,0.0,3.0,3.0,13.0,6.0,44.0
PSMD6,0.0,0.0,0.0,22.0,0.0,44.0
ID2,3.0,8.0,0.0,9.0,1.0,44.0
SEM1,0.0,1.0,1.0,20.0,0.0,44.0
E2F1,2.0,3.0,1.0,15.0,0.0,44.0
CSK,1.0,6.0,0.0,13.0,3.0,44.0
PSMA7,0.0,1.0,1.0,20.0,0.0,44.0
ATM,1.0,2.0,0.0,18.0,1.0,44.0
RERE,6.0,11.0,0.0,2.0,0.0,44.0
SEMA4A,4.0,10.0,0.0,3.0,6.0,44.0
RPS6KA1,0.0,11.0,2.0,9.0,0.0,44.0
H2AJ,0.0,2.0,0.0,20.0,0.0,44.0
PRKCQ,0.0,4.0,3.0,14.0,2.0,44.0
CHEK1,2.0,6.0,0.0,13.0,0.0,44.0
SFN,0.0,4.0,0.0,18.0,0.0,44.0
PSME3,0.0,2.0,0.0,20.0,0.0,44.0
VWF,0.0,3.0,1.0,18.0,0.0,44.0
TLR4,4.0,9.0,0.0,6.0,2.0,44.0
PSMD9,0.0,1.0,0.0,21.0,0.0,44.0
ITPR1,2.0,6.0,1.0,12.0,0.0,44.0
GPR183,2.0,14.0,0.0,2.0,6.0,44.0
PIK3IP1,4.0,10.0,0.0,6.0,0.0,44.0
TNRC6A,0.0,3.0,0.0,19.0,0.0,44.0
NUP107,1.0,3.0,1.0,16.0,0.0,43.0
BMAL1,1.0,13.0,1.0,6.0,0.0,43.0
BMI1,1.0,2.0,1.0,15.0,4.0,43.0
TNFAIP3,0.0,9.0,3.0,9.0,1.0,43.0
RBX1,1.0,2.0,0.0,17.0,2.0,43.0
FOXM1,1.0,7.0,1.0,12.0,0.0,43.0
IL10RA,5.0,9.0,1.0,4.0,0.0,43.0
CD8B,0.0,11.0,2.0,7.0,3.0,43.0
NUP210,1.0,4.0,0.0,16.0,0.0,43.0
GATAD2A,1.0,4.0,0.0,16.0,0.0,43.0
RBPJ,0.0,6.0,1.0,14.0,1.0,43.0
TRIM25,1.0,9.0,0.0,11.0,0.0,43.0
APAF1,1.0,6.0,1.0,13.0,0.0,43.0
PDGFA,1.0,3.0,1.0,16.0,0.0,43.0
TNIP1,1.0,14.0,1.0,5.0,0.0,43.0
PARP14,5.0,9.0,0.0,5.0,0.0,43.0
SYK,0.0,5.0,1.0,14.0,3.0,43.0
IFITM1,1.0,10.0,1.0,9.0,0.0,43.0
FGF6,1.0,3.0,0.0,17.0,0.0,43.0
SEH1L,1.0,4.0,0.0,16.0,0.0,43.0
CALU,7.0,2.0,1.0,8.0,0.0,43.0
AHR,4.0,10.0,1.0,4.0,1.0,43.0
PPP3CB,0.0,2.0,1.0,17.0,3.0,43.0
FGFR3,1.0,0.0,0.0,20.0,0.0,43.0
CD83,4.0,12.0,1.0,1.0,3.0,43.0
SERPINB9,3.0,12.0,1.0,4.0,0.0,43.0
KLRD1,6.0,7.0,2.0,3.0,1.0,43.0
CHD3,1.0,3.0,0.0,17.0,0.0,43.0
UBE2C,0.0,6.0,0.0,15.0,0.0,42.0
PSMF1,0.0,0.0,1.0,20.0,0.0,42.0
PLAT,0.0,7.0,0.0,14.0,0.0,42.0
IL1A,4.0,11.0,0.0,2.0,4.0,42.0
IL2,0.0,1.0,1.0,16.0,6.0,42.0
CEBPB,0.0,2.0,2.0,16.0,2.0,42.0
NFATC1,0.0,1.0,4.0,16.0,0.0,42.0
PMAIP1,0.0,4.0,0.0,17.0,0.0,42.0
EIF3B,4.0,9.0,1.0,5.0,0.0,42.0
RARA,2.0,4.0,1.0,10.0,6.0,42.0
EIF4E,2.0,3.0,2.0,13.0,0.0,42.0
RANBP2,0.0,3.0,2.0,16.0,0.0,42.0
SIN3A,0.0,5.0,0.0,16.0,0.0,42.0
MARCKSL1,0.0,15.0,2.0,4.0,0.0,42.0
NT5E,4.0,8.0,0.0,7.0,0.0,42.0
SESN1,4.0,6.0,0.0,9.0,0.0,42.0
MAP3K5,2.0,6.0,3.0,9.0,0.0,42.0
MAFF,0.0,13.0,1.0,7.0,0.0,42.0
TCF7,3.0,6.0,1.0,8.0,3.0,42.0
FGF2,0.0,1.0,0.0,20.0,0.0,42.0
PTPN1,0.0,10.0,0.0,11.0,0.0,42.0
FGF9,0.0,5.0,0.0,16.0,0.0,42.0
PHC1,0.0,3.0,1.0,17.0,0.0,42.0
RTP4,4.0,14.0,1.0,0.0,0.0,42.0
CD244,8.0,7.0,1.0,0.0,2.0,42.0
CXCL10,2.0,10.0,1.0,7.0,0.0,42.0
UBE2L6,2.0,11.0,0.0,7.0,0.0,42.0
BCL2L11,2.0,10.0,1.0,7.0,0.0,42.0
GNGT2,0.0,4.0,0.0,17.0,0.0,42.0
GAB2,0.0,8.0,2.0,11.0,0.0,42.0
GNG5,0.0,4.0,0.0,17.0,0.0,42.0
GNB1,0.0,2.0,0.0,19.0,0.0,42.0
GNG8,0.0,4.0,0.0,17.0,0.0,42.0
HLA-B,2.0,11.0,2.0,5.0,0.0,42.0
PTTG1,3.0,9.0,1.0,6.0,0.0,41.0
HLA-DRB1,0.0,8.0,3.0,6.0,7.0,41.0
MITF,3.0,5.0,0.0,11.0,0.0,41.0
ADRB2,5.0,5.0,0.0,8.0,0.0,41.0
GBP2,1.0,14.0,1.0,4.0,0.0,41.0
PRKAA2,1.0,3.0,0.0,16.0,0.0,41.0
ITGA4,2.0,3.0,2.0,12.0,1.0,41.0
SOD1,1.0,4.0,4.0,9.0,4.0,41.0
ANAPC5,3.0,5.0,2.0,9.0,0.0,41.0
ABCB1,1.0,10.0,3.0,6.0,0.0,41.0
TOP2A,1.0,10.0,3.0,6.0,0.0,41.0
FGF1,1.0,3.0,0.0,16.0,0.0,41.0
CD247,0.0,4.0,3.0,12.0,3.0,41.0
TPST1,3.0,10.0,1.0,5.0,0.0,41.0
IL6ST,3.0,10.0,0.0,5.0,2.0,41.0
IFIT3,1.0,16.0,0.0,3.0,0.0,41.0
ADCY7,3.0,7.0,1.0,8.0,0.0,41.0
RAB27A,3.0,7.0,0.0,7.0,4.0,41.0
LITAF,4.0,12.0,0.0,2.0,0.0,40.0
RING1,0.0,2.0,0.0,18.0,0.0,40.0
AURKB,0.0,6.0,0.0,14.0,0.0,40.0
STAT2,2.0,14.0,0.0,3.0,0.0,40.0
DNMT1,0.0,5.0,1.0,14.0,0.0,40.0
SERPINA1,0.0,6.0,0.0,14.0,0.0,40.0
RICTOR,0.0,6.0,0.0,14.0,0.0,40.0
LAG3,5.0,9.0,1.0,1.0,3.0,40.0
NUP153,0.0,1.0,1.0,18.0,0.0,40.0
COL1A1,0.0,1.0,0.0,19.0,0.0,40.0
SLAMF7,4.0,11.0,0.0,2.0,2.0,40.0
NCOR2,0.0,5.0,0.0,15.0,0.0,40.0
PTGER4,2.0,8.0,0.0,6.0,6.0,40.0
OAS3,4.0,10.0,0.0,4.0,0.0,40.0
CUL1,0.0,3.0,2.0,15.0,0.0,40.0
TXNIP,2.0,9.0,1.0,7.0,0.0,40.0
GNGT1,2.0,1.0,0.0,16.0,0.0,40.0
CDK4,0.0,4.0,1.0,15.0,0.0,40.0
RPTOR,0.0,2.0,1.0,17.0,0.0,40.0
RPS6KB2,0.0,1.0,1.0,18.0,0.0,40.0
CBLB,2.0,8.0,2.0,5.0,4.0,40.0
IFI35,2.0,15.0,0.0,2.0,0.0,40.0
TNFSF10,2.0,10.0,1.0,6.0,0.0,40.0
SEC13,0.0,3.0,0.0,17.0,0.0,40.0
CXCL2,0.0,15.0,1.0,4.0,0.0,40.0
CCR7,3.0,9.0,2.0,2.0,5.0,40.0
NR4A3,0.0,14.0,1.0,5.0,0.0,40.0
EBI3,0.0,17.0,0.0,2.0,2.0,40.0
CD274,0.0,11.0,2.0,6.0,2.0,40.0
ICOS,2.0,6.0,1.0,9.0,2.0,40.0
TP53INP1,4.0,7.0,0.0,7.0,0.0,40.0
ATF3,0.0,10.0,1.0,9.0,0.0,40.0
SHMT2,4.0,4.0,1.0,9.0,0.0,40.0
FGF4,0.0,1.0,0.0,19.0,0.0,40.0
NR4A2,2.0,10.0,1.0,6.0,0.0,40.0
PECAM1,0.0,11.0,0.0,9.0,0.0,40.0
CFLAR,2.0,9.0,1.0,7.0,0.0,40.0
ERBB2,0.0,3.0,1.0,14.0,4.0,40.0
DGKA,4.0,6.0,0.0,8.0,0.0,40.0
SREBF1,2.0,6.0,1.0,10.0,0.0,40.0
WARS1,1.0,13.0,1.0,4.0,0.0,39.0
DNMT3B,1.0,8.0,1.0,9.0,0.0,39.0
NUP50,1.0,2.0,1.0,15.0,0.0,39.0
TLR7,5.0,7.0,0.0,5.0,0.0,39.0
RAP1A,1.0,3.0,1.0,14.0,0.0,39.0
ZFP36L1,1.0,7.0,2.0,7.0,4.0,39.0
PTPRJ,6.0,2.0,0.0,7.0,3.0,39.0
HLA-E,1.0,10.0,1.0,6.0,2.0,39.0
ITCH,1.0,6.0,0.0,11.0,2.0,39.0
HSPA1A,1.0,5.0,2.0,11.0,0.0,39.0
IL1R2,3.0,11.0,0.0,4.0,0.0,39.0
IGFBP3,1.0,4.0,1.0,13.0,0.0,39.0
ITGAV,1.0,6.0,0.0,12.0,0.0,39.0
TNFRSF1A,1.0,8.0,0.0,10.0,0.0,39.0
IRS2,0.0,6.0,0.0,13.0,1.0,39.0
CD4,0.0,7.0,0.0,11.0,3.0,39.0
CD38,2.0,13.0,2.0,1.0,1.0,39.0
MTHFD2,1.0,6.0,3.0,9.0,0.0,39.0
PAK1,1.0,4.0,2.0,12.0,0.0,39.0
CDK6,1.0,6.0,2.0,8.0,4.0,39.0
LAT,0.0,1.0,2.0,15.0,3.0,39.0
IFI6,1.0,7.0,0.0,11.0,0.0,39.0
TXNRD1,1.0,5.0,5.0,8.0,0.0,39.0
IFI27,1.0,10.0,0.0,8.0,0.0,39.0
NFKB2,0.0,7.0,1.0,11.0,0.0,38.0
PIM1,0.0,10.0,4.0,5.0,0.0,38.0
ITGB2,2.0,5.0,2.0,9.0,0.0,38.0
GNB2,0.0,1.0,1.0,17.0,0.0,38.0
GCLC,2.0,8.0,3.0,5.0,0.0,38.0
TSC2,0.0,0.0,1.0,18.0,0.0,38.0
FGF10,1.0,0.0,0.0,17.0,1.0,38.0
GNG3,0.0,2.0,0.0,17.0,0.0,38.0
CCRL2,6.0,8.0,0.0,2.0,0.0,38.0
ACTN1,4.0,6.0,0.0,7.0,0.0,38.0
GNG13,0.0,1.0,0.0,18.0,0.0,38.0
RELB,0.0,10.0,0.0,6.0,6.0,38.0
PRKAR2A,0.0,6.0,0.0,13.0,0.0,38.0
EXO1,2.0,9.0,0.0,6.0,2.0,38.0
TFRC,3.0,7.0,1.0,5.0,3.0,38.0
CCL2,0.0,7.0,0.0,11.0,2.0,38.0
PARP9,0.0,15.0,0.0,4.0,0.0,38.0
ITGA6,2.0,8.0,0.0,8.0,0.0,38.0
IRS1,2.0,3.0,0.0,13.0,0.0,38.0
CX3CR1,2.0,9.0,0.0,7.0,0.0,38.0
H2AB1,0.0,0.0,0.0,19.0,0.0,38.0
TGFA,0.0,1.0,1.0,17.0,0.0,38.0
CCND3,2.0,5.0,0.0,10.0,2.0,38.0
NTRK2,0.0,3.0,0.0,16.0,0.0,38.0
FLT3,1.0,2.0,1.0,14.0,1.0,38.0
PIM2,2.0,8.0,2.0,6.0,0.0,38.0
SOS2,0.0,5.0,3.0,9.0,4.0,38.0
ST3GAL4,0.0,8.0,1.0,10.0,0.0,38.0
FSTL1,2.0,8.0,0.0,8.0,0.0,38.0
FGF22,0.0,4.0,0.0,15.0,0.0,38.0
EIF2S1,4.0,3.0,0.0,10.0,0.0,38.0
CFP,0.0,8.0,2.0,9.0,0.0,38.0
ERBB3,0.0,6.0,0.0,13.0,0.0,38.0
TRIM21,2.0,11.0,0.0,5.0,0.0,38.0
ADCY9,2.0,4.0,0.0,12.0,0.0,38.0
PYCARD,0.0,11.0,0.0,7.0,2.0,38.0
GSN,2.0,8.0,0.0,7.0,2.0,38.0
YWHAB,0.0,5.0,0.0,14.0,0.0,38.0
RB1,0.0,2.0,3.0,14.0,0.0,38.0
PRDM1,3.0,10.0,0.0,3.0,3.0,38.0
GSR,2.0,4.0,4.0,8.0,0.0,38.0
CSF1R,0.0,8.0,3.0,8.0,0.0,38.0
NUP54,0.0,4.0,1.0,14.0,0.0,38.0
PDCD1,4.0,2.0,3.0,7.0,2.0,38.0
RORA,2.0,8.0,0.0,5.0,6.0,38.0
IFITM3,2.0,13.0,0.0,3.0,0.0,38.0
CAMK2G,0.0,8.0,0.0,11.0,0.0,38.0
OAS2,2.0,10.0,1.0,5.0,0.0,38.0
FGF7,0.0,5.0,0.0,14.0,0.0,38.0
CAMK4,0.0,7.0,0.0,10.0,4.0,38.0
PPP3CC,0.0,3.0,1.0,15.0,0.0,38.0
LGALS3BP,2.0,11.0,0.0,5.0,0.0,38.0
HERC6,2.0,9.0,1.0,6.0,0.0,38.0
PDE4B,1.0,16.0,0.0,1.0,1.0,38.0
PRKAR1A,0.0,3.0,1.0,14.0,2.0,38.0
IL2RG,0.0,9.0,0.0,8.0,4.0,38.0
ADA,2.0,9.0,1.0,3.0,6.0,38.0
NUP205,0.0,3.0,0.0,16.0,0.0,38.0
MAPK9,0.0,2.0,1.0,16.0,0.0,38.0
HIPK2,0.0,8.0,0.0,11.0,0.0,38.0
PARP1,3.0,7.0,1.0,6.0,0.0,37.0
BHLHE40,3.0,8.0,1.0,5.0,0.0,37.0
NKG7,4.0,8.0,2.0,1.0,3.0,37.0
HBB,1.0,6.0,1.0,10.0,0.0,37.0
TBL1X,1.0,6.0,1.0,10.0,0.0,37.0
CMPK2,1.0,12.0,1.0,4.0,0.0,37.0
FLNB,3.0,5.0,1.0,8.0,0.0,37.0
CAPN2,3.0,11.0,0.0,3.0,0.0,37.0
DDIT4,3.0,4.0,0.0,10.0,0.0,37.0
TRAF3,1.0,5.0,1.0,11.0,0.0,37.0
ST6GAL1,3.0,5.0,0.0,9.0,0.0,37.0
PRKAG1,1.0,5.0,1.0,11.0,0.0,37.0
TYROBP,2.0,7.0,2.0,6.0,1.0,37.0
IGF2,1.0,0.0,0.0,16.0,2.0,37.0
STAT4,1.0,10.0,2.0,2.0,6.0,37.0
SCD,1.0,5.0,3.0,9.0,0.0,37.0
PCNA,1.0,3.0,2.0,12.0,0.0,37.0
IFNAR2,1.0,4.0,2.0,11.0,0.0,37.0
GNG7,1.0,0.0,0.0,17.0,0.0,37.0
SELL,3.0,8.0,2.0,4.0,0.0,37.0
PLK3,1.0,9.0,0.0,8.0,0.0,37.0
B2M,1.0,3.0,0.0,12.0,4.0,37.0
NDC1,1.0,1.0,0.0,16.0,0.0,37.0
IL10,2.0,7.0,1.0,6.0,3.0,37.0
CYBB,1.0,8.0,2.0,7.0,0.0,37.0
CD40,3.0,8.0,0.0,5.0,2.0,37.0
VCAN,1.0,4.0,1.0,12.0,0.0,37.0
CHEK2,1.0,7.0,0.0,10.0,0.0,37.0
PRSS23,3.0,8.0,0.0,6.0,0.0,37.0
EOMES,5.0,2.0,0.0,6.0,6.0,37.0
NUP35,1.0,1.0,0.0,16.0,0.0,37.0
KLRK1,3.0,7.0,1.0,5.0,2.0,37.0
SERPING1,1.0,8.0,1.0,8.0,0.0,37.0
F2,0.0,0.0,0.0,18.0,0.0,36.0
INSR,0.0,4.0,1.0,13.0,0.0,36.0
NUP58,0.0,3.0,0.0,15.0,0.0,36.0
SQSTM1,0.0,7.0,3.0,8.0,0.0,36.0
GNB5,0.0,3.0,0.0,15.0,0.0,36.0
PLEK,2.0,5.0,0.0,10.0,0.0,36.0
RFC3,0.0,9.0,2.0,7.0,0.0,36.0
NUP88,0.0,4.0,0.0,14.0,0.0,36.0
TCF7L2,0.0,8.0,0.0,10.0,0.0,36.0
CFH,4.0,4.0,2.0,6.0,0.0,36.0
GNG4,0.0,1.0,0.0,17.0,0.0,36.0
RPS5,0.0,7.0,0.0,11.0,0.0,36.0
MAPKAP1,0.0,4.0,0.0,14.0,0.0,36.0
BID,0.0,4.0,2.0,11.0,2.0,36.0
NR3C1,0.0,3.0,0.0,15.0,0.0,36.0
TGFB2,0.0,1.0,2.0,15.0,0.0,36.0
PRKCH,2.0,9.0,1.0,5.0,0.0,36.0
TNFAIP2,0.0,12.0,1.0,5.0,0.0,36.0
CAV1,0.0,5.0,0.0,12.0,2.0,36.0
ACSL1,2.0,9.0,1.0,5.0,0.0,36.0
LPIN1,0.0,7.0,1.0,10.0,0.0,36.0
GADD45B,0.0,10.0,3.0,5.0,0.0,36.0
SERPINE2,4.0,5.0,1.0,6.0,0.0,36.0
GBP4,2.0,14.0,0.0,1.0,0.0,36.0
TNFRSF9,4.0,4.0,0.0,6.0,4.0,36.0
GNG10,0.0,1.0,0.0,17.0,0.0,36.0
ORC5,4.0,4.0,2.0,6.0,0.0,36.0
SCMH1,0.0,4.0,1.0,13.0,0.0,36.0
BDNF,0.0,0.0,1.0,17.0,0.0,36.0
GNB3,0.0,1.0,0.0,17.0,0.0,36.0
ATF2,1.0,2.0,2.0,11.0,3.0,36.0
MAN1C1,4.0,10.0,0.0,2.0,0.0,36.0
VCL,2.0,6.0,2.0,7.0,0.0,36.0
RPS14,4.0,3.0,0.0,9.0,0.0,36.0
RGS10,4.0,7.0,1.0,4.0,0.0,36.0
NUP214,0.0,2.0,0.0,16.0,0.0,36.0
PRKACG,0.0,0.0,0.0,18.0,0.0,36.0
PLAU,0.0,3.0,0.0,15.0,0.0,36.0
CCNB1,0.0,3.0,0.0,15.0,0.0,36.0
DUSP16,0.0,13.0,1.0,4.0,0.0,36.0
CSF2RB,0.0,11.0,2.0,5.0,0.0,36.0
RBL1,0.0,8.0,1.0,9.0,0.0,36.0
H2BC12L,0.0,0.0,0.0,18.0,0.0,36.0
CD44,2.0,4.0,1.0,9.0,2.0,36.0
SKP1,0.0,3.0,1.0,14.0,0.0,36.0
AAAS,0.0,3.0,0.0,15.0,0.0,36.0
H2AC25,0.0,5.0,0.0,13.0,0.0,36.0
PPARGC1A,0.0,2.0,0.0,16.0,0.0,36.0
SMARCA4,1.0,5.0,0.0,10.0,3.0,36.0
IL2RB,4.0,6.0,0.0,6.0,0.0,36.0
SP1,0.0,5.0,0.0,13.0,0.0,36.0
PTPN12,4.0,7.0,1.0,4.0,0.0,36.0
NCF2,2.0,10.0,1.0,4.0,0.0,36.0
TXN,0.0,4.0,4.0,10.0,0.0,36.0
CD8A,0.0,7.0,2.0,7.0,4.0,36.0
CDC20,0.0,6.0,1.0,11.0,0.0,36.0
SLC7A5,0.0,7.0,2.0,9.0,0.0,36.0
TSC22D3,1.0,11.0,0.0,5.0,0.0,35.0
CEBPD,1.0,7.0,2.0,7.0,0.0,35.0
PRF1,2.0,7.0,2.0,5.0,1.0,35.0
LGALS3,0.0,4.0,0.0,10.0,7.0,35.0
GJA1,1.0,6.0,1.0,8.0,2.0,35.0
GBP5,3.0,13.0,0.0,0.0,0.0,35.0
CCNE1,1.0,4.0,0.0,12.0,0.0,35.0
CBX2,1.0,3.0,1.0,12.0,0.0,35.0
HLA-DMA,3.0,9.0,0.0,3.0,2.0,35.0
GAS6,0.0,5.0,1.0,11.0,1.0,35.0
CST7,3.0,10.0,1.0,2.0,0.0,35.0
SOCS2,1.0,8.0,1.0,7.0,0.0,35.0
APLP2,1.0,6.0,0.0,10.0,0.0,35.0
PTK2,1.0,2.0,1.0,13.0,0.0,35.0
TJP2,3.0,9.0,0.0,4.0,0.0,35.0
MAP4K4,1.0,7.0,2.0,7.0,0.0,35.0
CTSS,1.0,7.0,2.0,7.0,0.0,35.0
PLK1,1.0,6.0,0.0,10.0,0.0,35.0
SMARCD3,0.0,1.0,0.0,15.0,3.0,35.0
YPEL3,3.0,9.0,1.0,3.0,0.0,35.0
KAT2A,0.0,2.0,0.0,14.0,3.0,35.0
JARID2,1.0,8.0,1.0,7.0,0.0,35.0
NUP188,1.0,1.0,0.0,15.0,0.0,35.0
MCOLN2,3.0,12.0,0.0,1.0,0.0,35.0
SMARCA2,2.0,3.0,1.0,9.0,3.0,35.0
STAT5A,1.0,7.0,4.0,5.0,0.0,35.0
CD55,1.0,4.0,1.0,10.0,2.0,35.0
FADD,1.0,4.0,0.0,10.0,4.0,35.0
CA2,3.0,6.0,0.0,7.0,0.0,35.0
DHFR,1.0,4.0,0.0,12.0,0.0,35.0
CCL20,1.0,11.0,0.0,5.0,0.0,35.0
TPX2,1.0,11.0,0.0,5.0,0.0,35.0
PLAC8,5.0,5.0,1.0,4.0,0.0,35.0
RPA1,1.0,3.0,1.0,12.0,0.0,35.0
SPRED1,1.0,12.0,0.0,4.0,0.0,35.0
BLM,1.0,7.0,0.0,9.0,0.0,35.0
ST3GAL1,0.0,7.0,0.0,9.0,2.0,34.0
GM2A,2.0,8.0,1.0,5.0,0.0,34.0
CDC42,0.0,2.0,0.0,15.0,0.0,34.0
CTPS1,2.0,9.0,0.0,4.0,2.0,34.0
ANXA3,4.0,5.0,0.0,6.0,0.0,34.0
GNAS,0.0,2.0,0.0,15.0,0.0,34.0
HSD11B1,4.0,8.0,0.0,3.0,0.0,34.0
TFEC,4.0,7.0,0.0,4.0,0.0,34.0
CANX,4.0,2.0,2.0,7.0,0.0,34.0
HDAC3,0.0,1.0,1.0,15.0,0.0,34.0
MX1,0.0,10.0,0.0,7.0,0.0,34.0
CYP1B1,0.0,7.0,0.0,10.0,0.0,34.0
DAB2,0.0,12.0,0.0,5.0,0.0,34.0
TNFRSF25,2.0,8.0,0.0,6.0,0.0,34.0
IARS1,2.0,7.0,2.0,5.0,0.0,34.0
FGFR2,0.0,0.0,0.0,17.0,0.0,34.0
GRAP2,2.0,1.0,0.0,13.0,0.0,34.0
CXCL8,0.0,5.0,0.0,12.0,0.0,34.0
ANAPC16,4.0,4.0,1.0,6.0,0.0,34.0
IL15,1.0,9.0,1.0,4.0,3.0,34.0
HLA-C,2.0,8.0,1.0,5.0,0.0,34.0
CCN2,0.0,3.0,0.0,14.0,0.0,34.0
HGF,0.0,1.0,0.0,16.0,0.0,34.0
BAX,0.0,1.0,0.0,15.0,2.0,34.0
NGF,0.0,2.0,1.0,14.0,0.0,34.0
PTGER2,4.0,6.0,1.0,4.0,0.0,34.0
HSPA8,0.0,4.0,0.0,13.0,0.0,34.0
MTA1,0.0,3.0,1.0,13.0,0.0,34.0
KDR,0.0,3.0,0.0,14.0,0.0,34.0
AXIN1,2.0,2.0,1.0,11.0,0.0,34.0
HADHB,6.0,4.0,1.0,3.0,0.0,34.0
SLC15A3,2.0,12.0,0.0,2.0,0.0,34.0
KDM5B,0.0,6.0,2.0,9.0,0.0,34.0
YWHAQ,2.0,4.0,0.0,10.0,0.0,34.0
MBD3,0.0,3.0,0.0,14.0,0.0,34.0
TUBB4B,0.0,2.0,1.0,14.0,0.0,34.0
MCL1,0.0,6.0,3.0,8.0,0.0,34.0
TUBA1A,0.0,5.0,0.0,12.0,0.0,34.0
PSMA8,0.0,1.0,0.0,16.0,0.0,34.0
RASA1,0.0,10.0,1.0,6.0,0.0,34.0
TUBA4A,0.0,3.0,0.0,14.0,0.0,34.0
JAK3,0.0,2.0,2.0,10.0,6.0,34.0
WWTR1,0.0,3.0,0.0,14.0,0.0,34.0
PRKDC,0.0,4.0,1.0,10.0,4.0,34.0
CSNK2A1,0.0,0.0,2.0,15.0,0.0,34.0
RGS2,0.0,12.0,0.0,5.0,0.0,34.0
CTSB,2.0,6.0,1.0,7.0,0.0,34.0
HMGB1,0.0,7.0,1.0,6.0,6.0,34.0
TGIF1,0.0,12.0,0.0,5.0,0.0,34.0
FOXO4,2.0,4.0,0.0,10.0,0.0,34.0
TSPAN13,2.0,12.0,0.0,2.0,0.0,34.0
FGF18,0.0,2.0,0.0,15.0,0.0,34.0
LDHA,2.0,5.0,0.0,9.0,0.0,34.0
HOPX,4.0,9.0,0.0,2.0,0.0,34.0
NCOA1,0.0,5.0,1.0,11.0,0.0,34.0
EIF2AK2,2.0,8.0,0.0,6.0,0.0,34.0
RHEB,0.0,1.0,0.0,16.0,0.0,34.0
F13A1,0.0,4.0,2.0,11.0,0.0,34.0
TSC22D1,0.0,10.0,2.0,5.0,0.0,34.0
TBX21,6.0,4.0,0.0,1.0,6.0,34.0
ANGPTL4,0.0,7.0,0.0,10.0,0.0,34.0
ANXA2,4.0,6.0,0.0,5.0,0.0,34.0
MMP9,0.0,5.0,1.0,11.0,0.0,34.0
FGF23,0.0,0.0,0.0,17.0,0.0,34.0
SIRT1,0.0,4.0,1.0,12.0,0.0,34.0
FGF20,0.0,1.0,0.0,16.0,0.0,34.0
DUSP5,1.0,10.0,0.0,5.0,0.0,33.0
MKI67,1.0,11.0,1.0,3.0,0.0,33.0
RSU1,3.0,7.0,1.0,4.0,0.0,33.0
TUBA3C,1.0,1.0,0.0,14.0,0.0,33.0
CD74,1.0,9.0,0.0,3.0,6.0,33.0
HIF1A,1.0,2.0,1.0,12.0,0.0,33.0
PLXNC1,1.0,11.0,2.0,2.0,0.0,33.0
DAXX,1.0,5.0,0.0,10.0,0.0,33.0
LAMC1,3.0,6.0,0.0,6.0,0.0,33.0
GBP1,1.0,13.0,0.0,1.0,2.0,33.0
ANTXR2,3.0,7.0,2.0,3.0,0.0,33.0
MAPRE2,3.0,8.0,1.0,3.0,0.0,33.0
CDC25A,1.0,7.0,0.0,8.0,0.0,33.0
VSIR,2.0,8.0,0.0,4.0,3.0,33.0
ZNFX1,3.0,12.0,0.0,0.0,0.0,33.0
PLIN2,1.0,5.0,3.0,7.0,0.0,33.0
B4GALT5,3.0,7.0,0.0,5.0,0.0,33.0
GLRX,3.0,9.0,2.0,1.0,0.0,33.0
ETS1,3.0,8.0,0.0,4.0,0.0,33.0
SELENOP,3.0,6.0,0.0,6.0,0.0,33.0
VPS37B,1.0,8.0,0.0,7.0,0.0,33.0
BST2,2.0,8.0,0.0,5.0,1.0,33.0
TCF4,1.0,7.0,0.0,8.0,0.0,33.0
HSPA5,1.0,8.0,0.0,7.0,0.0,33.0
ADAM8,5.0,2.0,2.0,3.0,4.0,33.0
RGS16,5.0,4.0,0.0,5.0,0.0,33.0
EEF2,1.0,4.0,3.0,8.0,0.0,33.0
ENPP2,1.0,8.0,2.0,5.0,0.0,33.0
PRDX1,0.0,7.0,2.0,7.0,1.0,33.0
RPS27,1.0,7.0,0.0,8.0,0.0,33.0
KMT2A,1.0,3.0,0.0,9.0,6.0,33.0
MAML2,3.0,3.0,0.0,9.0,0.0,33.0
EDEM1,3.0,6.0,0.0,6.0,0.0,33.0
VAV3,0.0,6.0,2.0,8.0,1.0,33.0
HERC5,1.0,9.0,1.0,5.0,0.0,33.0
PPP1R15A,3.0,4.0,1.0,7.0,0.0,33.0
UBE2N,0.0,3.0,2.0,11.0,1.0,33.0
RUNX2,0.0,4.0,0.0,11.0,3.0,33.0
CD36,1.0,4.0,1.0,10.0,0.0,33.0
FCGR2B,3.0,7.0,1.0,2.0,4.0,33.0
CCNB2,1.0,11.0,0.0,4.0,0.0,33.0
ACTL6A,0.0,4.0,1.0,10.0,3.0,33.0
UBE2F,2.0,9.0,0.0,4.0,0.0,32.0
CTNNA1,2.0,5.0,1.0,7.0,0.0,32.0
ARHGDIB,0.0,10.0,0.0,6.0,0.0,32.0
SAP30,2.0,7.0,0.0,6.0,0.0,32.0
PHC3,0.0,3.0,0.0,13.0,0.0,32.0
PIK3R6,1.0,3.0,0.0,10.0,3.0,32.0
FGF17,0.0,0.0,0.0,16.0,0.0,32.0
PRDX2,3.0,5.0,2.0,3.0,3.0,32.0
TMEM140,4.0,8.0,0.0,2.0,0.0,32.0
PIP4K2A,2.0,3.0,0.0,10.0,0.0,32.0
SUMO2,0.0,0.0,0.0,16.0,0.0,32.0
LMO2,0.0,9.0,2.0,5.0,0.0,32.0
MAP2K4,0.0,5.0,4.0,7.0,0.0,32.0
ERBB4,0.0,1.0,1.0,14.0,0.0,32.0
IL18,4.0,4.0,1.0,2.0,6.0,32.0
UBE2S,0.0,4.0,0.0,12.0,0.0,32.0
PRC1,2.0,8.0,1.0,4.0,0.0,32.0
REST,0.0,5.0,1.0,10.0,0.0,32.0
TCF3,3.0,5.0,0.0,6.0,1.0,32.0
TMBIM1,2.0,10.0,1.0,2.0,0.0,32.0
RPL23A,0.0,9.0,1.0,6.0,0.0,32.0
CBX5,0.0,8.0,0.0,8.0,0.0,32.0
ACTG1,0.0,3.0,2.0,11.0,0.0,32.0
KITLG,0.0,3.0,1.0,11.0,2.0,32.0
CRIP1,2.0,7.0,3.0,3.0,0.0,32.0
YWHAH,0.0,5.0,0.0,11.0,0.0,32.0
RPS7,2.0,4.0,0.0,9.0,0.0,32.0
RHOG,0.0,8.0,1.0,7.0,0.0,32.0
POM121,0.0,0.0,0.0,16.0,0.0,32.0
SMURF2,0.0,3.0,0.0,13.0,0.0,32.0
KDM1A,0.0,5.0,0.0,11.0,0.0,32.0
SUV39H1,4.0,6.0,0.0,4.0,0.0,32.0
CYLD,0.0,8.0,0.0,6.0,4.0,32.0
ADD1,4.0,7.0,0.0,3.0,0.0,32.0
DDB2,0.0,2.0,1.0,13.0,0.0,32.0
ATP8A1,4.0,8.0,0.0,2.0,0.0,32.0
NRG1,0.0,2.0,0.0,14.0,0.0,32.0
COL1A2,0.0,1.0,0.0,15.0,0.0,32.0
PIK3C3,0.0,3.0,1.0,12.0,0.0,32.0
MYOF,0.0,9.0,1.0,6.0,0.0,32.0
ODC1,0.0,8.0,2.0,6.0,0.0,32.0
PRKCZ,0.0,4.0,1.0,8.0,6.0,32.0
MMP1,0.0,5.0,1.0,10.0,0.0,32.0
PDGFB,0.0,2.0,0.0,14.0,0.0,32.0
CTSA,2.0,5.0,0.0,8.0,0.0,32.0
TGFBR1,0.0,8.0,1.0,7.0,0.0,32.0
UBE2D2,0.0,5.0,2.0,9.0,0.0,32.0
EIF4B,0.0,5.0,2.0,9.0,0.0,32.0
TGFBI,0.0,7.0,1.0,8.0,0.0,32.0
CKS2,2.0,6.0,2.0,5.0,0.0,32.0
DAG1,0.0,7.0,1.0,8.0,0.0,32.0
NUP133,0.0,1.0,0.0,15.0,0.0,32.0
CRK,2.0,2.0,1.0,10.0,0.0,32.0
PRKAA1,0.0,2.0,1.0,13.0,0.0,32.0
GTF2A1,0.0,8.0,0.0,8.0,0.0,32.0
FBP1,2.0,8.0,0.0,5.0,0.0,32.0
DENND5A,2.0,10.0,0.0,3.0,0.0,32.0
BATF3,2.0,10.0,1.0,2.0,0.0,32.0
TPR,0.0,0.0,0.0,16.0,0.0,32.0
UBE2E1,0.0,0.0,3.0,13.0,0.0,32.0
TNFRSF4,2.0,7.0,1.0,4.0,2.0,32.0
APOE,0.0,5.0,1.0,10.0,0.0,32.0
UBE2B,0.0,5.0,1.0,10.0,0.0,32.0
HCK,0.0,7.0,0.0,9.0,0.0,32.0
CHD4,0.0,2.0,0.0,14.0,0.0,32.0
RPL36,2.0,7.0,0.0,6.0,0.0,32.0
FGF5,0.0,2.0,0.0,14.0,0.0,32.0
SAMD9L,1.0,13.0,0.0,1.0,0.0,31.0
SDC4,1.0,8.0,1.0,4.0,2.0,31.0
RAB18,1.0,8.0,0.0,6.0,0.0,31.0
TAPBP,3.0,6.0,1.0,4.0,0.0,31.0
ATP6V0B,3.0,4.0,1.0,6.0,0.0,31.0
CDC6,1.0,5.0,0.0,9.0,0.0,31.0
RBBP5,1.0,7.0,0.0,7.0,0.0,31.0
TFDP2,1.0,4.0,1.0,9.0,0.0,31.0
UAP1,1.0,9.0,0.0,5.0,0.0,31.0
MAP4K1,1.0,5.0,0.0,9.0,0.0,31.0
TGM2,3.0,4.0,1.0,6.0,0.0,31.0
IFI16,1.0,9.0,1.0,4.0,0.0,31.0
MAP2K3,1.0,3.0,3.0,8.0,0.0,31.0
MX2,1.0,11.0,0.0,3.0,0.0,31.0
ASPM,1.0,11.0,0.0,3.0,0.0,31.0
OASL,1.0,13.0,0.0,1.0,0.0,31.0
TAP1,1.0,12.0,0.0,2.0,0.0,31.0
PABPC1,1.0,6.0,0.0,8.0,0.0,31.0
SARAF,5.0,5.0,1.0,2.0,0.0,31.0
PDCD1LG2,1.0,5.0,2.0,6.0,2.0,31.0
DAP,3.0,7.0,0.0,4.0,0.0,31.0
MAP3K1,1.0,5.0,0.0,9.0,0.0,31.0
MYBL1,3.0,6.0,1.0,4.0,0.0,31.0
ZC3H12A,0.0,10.0,0.0,2.0,7.0,31.0
SMARCC1,0.0,2.0,1.0,11.0,3.0,31.0
ARRB1,1.0,4.0,1.0,9.0,0.0,31.0
RIPK1,1.0,1.0,0.0,13.0,0.0,31.0
PIK3R4,1.0,1.0,0.0,13.0,0.0,31.0
CREB3L2,1.0,5.0,0.0,9.0,0.0,31.0
IFNGR1,1.0,5.0,2.0,7.0,0.0,31.0
TNFRSF21,0.0,7.0,0.0,7.0,3.0,31.0
MFHAS1,1.0,14.0,0.0,0.0,0.0,31.0
CST3,1.0,4.0,1.0,9.0,0.0,31.0
RPS23,1.0,2.0,0.0,12.0,0.0,31.0
MGAT4A,1.0,9.0,0.0,5.0,0.0,31.0
VEGFC,1.0,4.0,0.0,10.0,0.0,31.0
SS18,3.0,4.0,1.0,6.0,0.0,31.0
RNF19A,1.0,10.0,1.0,3.0,0.0,31.0
IQGAP2,3.0,7.0,1.0,3.0,0.0,31.0
RPN2,3.0,3.0,1.0,7.0,0.0,31.0
ITPR3,1.0,5.0,0.0,9.0,0.0,31.0
IRAK1,1.0,3.0,1.0,10.0,0.0,31.0
IRF9,1.0,11.0,0.0,3.0,0.0,31.0
ACOT9,3.0,7.0,1.0,3.0,0.0,31.0
RPL6,1.0,7.0,0.0,7.0,0.0,31.0
ADGRE5,1.0,10.0,1.0,3.0,0.0,31.0
PIAS1,1.0,2.0,0.0,12.0,0.0,31.0
BNIP3L,3.0,7.0,1.0,3.0,0.0,31.0
TUBA1B,1.0,5.0,0.0,9.0,0.0,31.0
STAT5B,1.0,6.0,2.0,4.0,4.0,31.0
PDGFD,3.0,3.0,1.0,7.0,0.0,31.0
BCL10,0.0,2.0,1.0,11.0,3.0,31.0
HDAC4,0.0,3.0,0.0,12.0,1.0,31.0
ITGAX,3.0,6.0,0.0,5.0,0.0,31.0
CHP1,3.0,4.0,2.0,5.0,0.0,31.0
ITGAM,1.0,10.0,0.0,4.0,0.0,31.0
ARID1A,0.0,4.0,0.0,10.0,3.0,31.0
MLH1,1.0,4.0,1.0,8.0,2.0,31.0
CD93,1.0,11.0,0.0,3.0,0.0,31.0
HPSE,1.0,6.0,0.0,8.0,0.0,31.0
CKAP4,1.0,11.0,0.0,3.0,0.0,31.0
HELZ2,3.0,8.0,0.0,3.0,0.0,31.0
BTG2,1.0,7.0,1.0,6.0,0.0,31.0
GOLM1,3.0,9.0,0.0,2.0,0.0,31.0
AGPAT4,3.0,9.0,0.0,2.0,0.0,31.0
KCNN4,2.0,6.0,3.0,3.0,1.0,31.0
GEM,1.0,11.0,0.0,3.0,0.0,31.0
MSH2,1.0,6.0,2.0,5.0,2.0,31.0
TRAPPC1,2.0,2.0,0.0,10.0,0.0,30.0
IDH2,2.0,8.0,1.0,3.0,0.0,30.0
MXD1,2.0,10.0,0.0,2.0,0.0,30.0
F3,0.0,7.0,0.0,8.0,0.0,30.0
WSB2,4.0,4.0,1.0,4.0,0.0,30.0
CFB,0.0,8.0,0.0,7.0,0.0,30.0
USP7,0.0,2.0,1.0,12.0,0.0,30.0
FGF3,0.0,1.0,0.0,14.0,0.0,30.0
EPHA2,0.0,3.0,0.0,12.0,0.0,30.0
SMAD2,0.0,3.0,1.0,11.0,0.0,30.0
HCFC1,0.0,8.0,0.0,7.0,0.0,30.0
NR1H3,0.0,2.0,1.0,12.0,0.0,30.0
DYRK2,0.0,9.0,0.0,6.0,0.0,30.0
IL17RA,2.0,10.0,0.0,2.0,0.0,30.0
SORL1,0.0,10.0,1.0,4.0,0.0,30.0
BCAT1,2.0,6.0,1.0,5.0,0.0,30.0
VIM,2.0,6.0,0.0,6.0,0.0,30.0
ST6GALNAC4,0.0,7.0,0.0,8.0,0.0,30.0
TLE1,0.0,11.0,0.0,4.0,0.0,30.0
HSP90B1,0.0,4.0,0.0,11.0,0.0,30.0
HERPUD1,2.0,6.0,3.0,3.0,0.0,30.0
TRAF1,0.0,11.0,1.0,3.0,0.0,30.0
TRAF2,0.0,4.0,0.0,11.0,0.0,30.0
CASP6,0.0,8.0,1.0,6.0,0.0,30.0
GSK3A,0.0,3.0,0.0,12.0,0.0,30.0
SPARC,0.0,1.0,0.0,14.0,0.0,30.0
TPD52,1.0,13.0,0.0,0.0,1.0,30.0
LPL,0.0,8.0,1.0,6.0,0.0,30.0
SRSF7,2.0,6.0,0.0,6.0,0.0,30.0
ANK3,0.0,7.0,1.0,7.0,0.0,30.0
NRP1,0.0,9.0,1.0,5.0,0.0,30.0
ADCY3,0.0,4.0,0.0,11.0,0.0,30.0
CDKN3,2.0,5.0,0.0,7.0,0.0,30.0
PERP,4.0,2.0,0.0,7.0,0.0,30.0
CDK8,0.0,4.0,1.0,10.0,0.0,30.0
NIBAN1,2.0,8.0,0.0,4.0,0.0,30.0
S100A4,2.0,7.0,0.0,5.0,0.0,30.0
PRMT5,2.0,3.0,1.0,8.0,0.0,30.0
PCBP2,0.0,11.0,0.0,4.0,0.0,30.0
ZBP1,2.0,11.0,0.0,1.0,0.0,30.0
RAP2A,2.0,11.0,0.0,1.0,0.0,30.0
CXCR4,0.0,7.0,0.0,8.0,0.0,30.0
EHMT2,0.0,3.0,0.0,12.0,0.0,30.0
RBL2,0.0,5.0,1.0,9.0,0.0,30.0
UPP1,0.0,8.0,0.0,7.0,0.0,30.0
CH25H,0.0,13.0,1.0,1.0,0.0,30.0
CSNK1A1,0.0,5.0,1.0,9.0,0.0,30.0
VCAM1,2.0,6.0,0.0,5.0,2.0,30.0
JUND,0.0,7.0,3.0,5.0,0.0,30.0
NFIL3,1.0,10.0,0.0,3.0,1.0,30.0
SLC1A4,0.0,9.0,2.0,4.0,0.0,30.0
SNCA,0.0,9.0,1.0,5.0,0.0,30.0
TUBB,2.0,4.0,0.0,8.0,0.0,30.0
SLC1A5,4.0,6.0,2.0,1.0,0.0,30.0
PPP3R1,0.0,0.0,2.0,13.0,0.0,30.0
STMN1,2.0,6.0,1.0,5.0,0.0,30.0
MDC1,2.0,2.0,1.0,9.0,0.0,30.0
JMJD6,2.0,4.0,0.0,6.0,4.0,30.0
PPA1,2.0,6.0,0.0,6.0,0.0,30.0
ENTPD1,4.0,8.0,0.0,1.0,0.0,30.0
RAD51,2.0,7.0,0.0,5.0,0.0,30.0
RPS12,0.0,3.0,1.0,11.0,0.0,30.0
NUP155,0.0,0.0,0.0,15.0,0.0,30.0
NUP42,0.0,1.0,0.0,14.0,0.0,30.0
MAP2K7,0.0,7.0,3.0,5.0,0.0,30.0
MBP,4.0,7.0,0.0,2.0,0.0,30.0
CAMK2A,0.0,3.0,0.0,12.0,0.0,30.0
RRAGA,2.0,2.0,1.0,9.0,0.0,30.0
TUBG1,2.0,5.0,0.0,7.0,0.0,30.0
RPS27L,0.0,5.0,1.0,9.0,0.0,30.0
NUP62,0.0,0.0,0.0,15.0,0.0,30.0
YWHAE,0.0,2.0,0.0,13.0,0.0,30.0
NUP98,0.0,0.0,1.0,14.0,0.0,30.0
MAT2B,0.0,3.0,2.0,10.0,0.0,30.0
CALM2,0.0,4.0,0.0,11.0,0.0,30.0
AHNAK,4.0,4.0,0.0,5.0,0.0,30.0
HIVEP3,2.0,10.0,0.0,2.0,0.0,30.0
MAPK6,2.0,5.0,0.0,7.0,0.0,30.0
RPS6KA2,0.0,7.0,2.0,6.0,0.0,30.0
CDK5R1,0.0,7.0,0.0,8.0,0.0,30.0
JAG1,0.0,5.0,0.0,10.0,0.0,30.0
MAP1LC3B,2.0,6.0,1.0,5.0,0.0,30.0
THBS2,0.0,1.0,0.0,14.0,0.0,30.0
ITK,0.0,2.0,1.0,10.0,4.0,30.0
STAM,0.0,6.0,1.0,8.0,0.0,30.0
CXCL12,0.0,1.0,1.0,13.0,0.0,30.0
TFPI2,0.0,4.0,0.0,11.0,0.0,30.0
RAE1,0.0,1.0,0.0,14.0,0.0,30.0
GALNT2,2.0,5.0,2.0,5.0,0.0,30.0
TNFAIP6,0.0,11.0,0.0,4.0,0.0,30.0
ALAS1,0.0,11.0,2.0,2.0,0.0,30.0
STAT6,2.0,4.0,0.0,5.0,6.0,30.0
MAMLD1,0.0,5.0,0.0,10.0,0.0,30.0
PRKAB2,2.0,3.0,0.0,9.0,0.0,30.0
YWHAZ,0.0,0.0,1.0,14.0,0.0,30.0
TGFBR3,2.0,8.0,0.0,4.0,0.0,30.0
CDC26,0.0,8.0,0.0,7.0,0.0,30.0
CTSC,2.0,4.0,1.0,7.0,0.0,30.0
RAD17,5.0,2.0,1.0,4.0,0.0,29.0
LPAR6,1.0,8.0,0.0,5.0,0.0,29.0
MAPK11,1.0,3.0,0.0,10.0,0.0,29.0
EHD1,1.0,8.0,2.0,3.0,0.0,29.0
SLC44A1,3.0,9.0,0.0,1.0,0.0,29.0
EIF4G1,1.0,1.0,2.0,10.0,0.0,29.0
SPIB,1.0,6.0,0.0,7.0,0.0,29.0
EHD4,5.0,5.0,1.0,1.0,0.0,29.0
MTA3,1.0,2.0,0.0,11.0,0.0,29.0
MCM2,1.0,7.0,1.0,5.0,0.0,29.0
NQO1,3.0,2.0,1.0,7.0,0.0,29.0
ESPL1,1.0,7.0,1.0,5.0,0.0,29.0
ADGRG1,5.0,5.0,1.0,1.0,0.0,29.0
SLA,1.0,7.0,1.0,5.0,0.0,29.0
EEIG1,3.0,8.0,0.0,2.0,0.0,29.0
NFKBID,0.0,10.0,0.0,1.0,7.0,29.0
TALDO1,1.0,8.0,0.0,5.0,0.0,29.0
SERPINB2,1.0,7.0,0.0,6.0,0.0,29.0
MGST2,1.0,8.0,2.0,3.0,0.0,29.0
GCNT1,3.0,6.0,0.0,4.0,0.0,29.0
COMMD3,1.0,9.0,0.0,4.0,0.0,29.0
EIF2AK3,3.0,6.0,0.0,4.0,0.0,29.0
SLC25A51,3.0,4.0,0.0,6.0,0.0,29.0
E2F2,1.0,5.0,1.0,7.0,0.0,29.0
STK11,0.0,3.0,1.0,8.0,5.0,29.0
PPM1A,1.0,8.0,2.0,3.0,0.0,29.0
ATP2A2,1.0,5.0,1.0,7.0,0.0,29.0
P2RX4,3.0,4.0,0.0,6.0,0.0,29.0
RFC4,1.0,5.0,1.0,7.0,0.0,29.0
PNP,0.0,9.0,1.0,3.0,3.0,29.0
NTRK1,0.0,1.0,0.0,13.0,1.0,29.0
MOGS,1.0,5.0,0.0,8.0,0.0,29.0
MALT1,0.0,5.0,0.0,6.0,7.0,29.0
SRF,1.0,5.0,0.0,6.0,4.0,29.0
NSMCE1,3.0,4.0,0.0,6.0,0.0,29.0
SMARCE1,0.0,6.0,0.0,7.0,3.0,29.0
SLC39A14,1.0,8.0,0.0,5.0,0.0,29.0
HLA-DQB1,0.0,5.0,0.0,8.0,3.0,29.0
IGF2R,1.0,5.0,1.0,7.0,0.0,29.0
APP,1.0,1.0,0.0,12.0,0.0,29.0
CCR1,1.0,7.0,1.0,5.0,0.0,29.0
FGB,1.0,2.0,0.0,11.0,0.0,29.0
CD96,3.0,7.0,1.0,2.0,0.0,29.0
PLCB1,1.0,1.0,0.0,12.0,0.0,29.0
G0S2,1.0,6.0,0.0,7.0,0.0,29.0
IL1RN,1.0,11.0,1.0,1.0,0.0,29.0
HSPH1,1.0,4.0,1.0,7.0,2.0,29.0
ITGA2,1.0,5.0,0.0,8.0,0.0,29.0
LGALS1,2.0,6.0,0.0,4.0,3.0,29.0
IL4I1,0.0,11.0,1.0,1.0,3.0,29.0
RGS3,3.0,7.0,0.0,3.0,0.0,29.0
ZWINT,1.0,9.0,0.0,4.0,0.0,29.0
CUL3,1.0,2.0,0.0,11.0,0.0,29.0
PITPNC1,3.0,9.0,0.0,1.0,0.0,29.0
XCL1,3.0,6.0,0.0,3.0,2.0,29.0
FASN,1.0,4.0,1.0,8.0,0.0,29.0
CD48,1.0,6.0,1.0,6.0,0.0,29.0
GPR18,4.0,5.0,0.0,2.0,3.0,29.0
TLR1,1.0,7.0,0.0,6.0,0.0,29.0
RPN1,3.0,3.0,0.0,7.0,0.0,29.0
SAMSN1,0.0,11.0,1.0,2.0,1.0,29.0
LMAN1,3.0,4.0,1.0,5.0,0.0,29.0
IFIT2,1.0,10.0,0.0,3.0,0.0,29.0
ITGB5,1.0,3.0,0.0,10.0,0.0,29.0
PARP12,1.0,10.0,0.0,3.0,0.0,29.0
ACACA,1.0,4.0,0.0,9.0,0.0,29.0
IL13RA1,1.0,9.0,1.0,3.0,0.0,29.0
KLF6,2.0,7.0,0.0,4.0,1.0,29.0
IFNB1,0.0,4.0,2.0,6.0,5.0,29.0
KIF22,3.0,4.0,2.0,4.0,0.0,29.0
ABCA1,1.0,5.0,1.0,7.0,0.0,29.0
GLO1,3.0,8.0,1.0,1.0,0.0,29.0
PARP8,3.0,7.0,0.0,3.0,0.0,29.0
GLB1,1.0,6.0,0.0,7.0,0.0,29.0
PSEN1,0.0,4.0,0.0,8.0,5.0,29.0
CD81,3.0,2.0,1.0,4.0,6.0,29.0
PIAS3,1.0,4.0,0.0,9.0,0.0,29.0
BAG3,0.0,8.0,1.0,5.0,0.0,28.0
FAU,0.0,5.0,0.0,9.0,0.0,28.0
NUP160,0.0,0.0,0.0,14.0,0.0,28.0
HMBS,4.0,2.0,1.0,5.0,0.0,28.0
RPS16,2.0,2.0,0.0,9.0,0.0,28.0
POM121C,0.0,0.0,0.0,14.0,0.0,28.0
RPS11,0.0,3.0,1.0,10.0,0.0,28.0
RPS17,0.0,4.0,1.0,9.0,0.0,28.0
GRB10,0.0,9.0,2.0,3.0,0.0,28.0
CTSD,2.0,4.0,0.0,7.0,0.0,28.0
PLG,0.0,0.0,0.0,14.0,0.0,28.0
CDK5,0.0,4.0,0.0,10.0,0.0,28.0
CD59,0.0,7.0,2.0,5.0,0.0,28.0
PTGES,0.0,7.0,0.0,7.0,0.0,28.0
MAPK10,0.0,0.0,2.0,12.0,0.0,28.0
RPS6KA5,0.0,6.0,1.0,7.0,0.0,28.0
VRK1,0.0,10.0,0.0,4.0,0.0,28.0
GATAD2B,0.0,1.0,0.0,13.0,0.0,28.0
DTL,2.0,5.0,0.0,6.0,0.0,28.0
HDAC7,0.0,5.0,1.0,8.0,0.0,28.0
DTX3L,2.0,10.0,0.0,1.0,0.0,28.0
ARID5B,2.0,3.0,0.0,8.0,0.0,28.0
MARCHF6,0.0,7.0,1.0,6.0,0.0,28.0
RPS29,0.0,4.0,0.0,10.0,0.0,28.0
SNX1,2.0,8.0,1.0,2.0,0.0,28.0
SLAMF1,2.0,7.0,1.0,2.0,2.0,28.0
DUSP4,2.0,4.0,0.0,7.0,0.0,28.0
ABCG1,2.0,7.0,1.0,3.0,0.0,28.0
STUB1,0.0,3.0,0.0,11.0,0.0,28.0
RPS26,0.0,4.0,0.0,10.0,0.0,28.0
CLU,0.0,1.0,1.0,12.0,0.0,28.0
RARB,0.0,3.0,1.0,10.0,0.0,28.0
MBNL1,0.0,10.0,0.0,4.0,0.0,28.0
SNW1,0.0,3.0,1.0,10.0,0.0,28.0
RPL4,0.0,6.0,0.0,8.0,0.0,28.0
RAB20,0.0,10.0,0.0,4.0,0.0,28.0
HMGA2,4.0,7.0,0.0,1.0,0.0,28.0
BECN1,0.0,1.0,1.0,12.0,0.0,28.0
EIF1AX,2.0,4.0,1.0,6.0,0.0,28.0
EDN1,0.0,6.0,1.0,7.0,0.0,28.0
CCNG2,0.0,7.0,0.0,7.0,0.0,28.0
MFNG,4.0,5.0,1.0,1.0,2.0,28.0
RPL17,2.0,4.0,0.0,7.0,0.0,28.0
AP2A2,0.0,6.0,0.0,8.0,0.0,28.0
RHOB,0.0,8.0,2.0,4.0,0.0,28.0
SPON2,0.0,8.0,0.0,6.0,0.0,28.0
TP73,0.0,1.0,0.0,13.0,0.0,28.0
PTPRK,2.0,7.0,0.0,4.0,0.0,28.0
SRPK1,4.0,2.0,1.0,5.0,0.0,28.0
FLT3LG,0.0,6.0,0.0,8.0,0.0,28.0
SPRED2,2.0,6.0,1.0,4.0,0.0,28.0
HBP1,0.0,9.0,1.0,4.0,0.0,28.0
HPCAL1,2.0,5.0,0.0,6.0,0.0,28.0
GSTO1,2.0,6.0,1.0,4.0,0.0,28.0
NR4A1,0.0,6.0,0.0,8.0,0.0,28.0
NPM1,0.0,2.0,1.0,11.0,0.0,28.0
SPTBN1,0.0,10.0,1.0,3.0,0.0,28.0
BEX3,2.0,5.0,1.0,5.0,0.0,28.0
CSRNP1,2.0,10.0,0.0,1.0,0.0,28.0
CSNK2B,0.0,3.0,0.0,11.0,0.0,28.0
CCNE2,0.0,3.0,0.0,11.0,0.0,28.0
SPHK1,0.0,10.0,0.0,4.0,0.0,28.0
CCNA1,0.0,2.0,0.0,12.0,0.0,28.0
ST14,4.0,3.0,0.0,5.0,0.0,28.0
MECP2,0.0,3.0,0.0,11.0,0.0,28.0
SOX2,0.0,2.0,0.0,12.0,0.0,28.0
ITGB4,0.0,3.0,0.0,11.0,0.0,28.0
CCDC93,2.0,11.0,0.0,0.0,0.0,28.0
GZMA,4.0,8.0,0.0,0.0,0.0,28.0
XIAP,2.0,2.0,0.0,9.0,0.0,28.0
ITGB3,0.0,3.0,0.0,11.0,0.0,28.0
TIMP2,0.0,5.0,1.0,8.0,0.0,28.0
TNFAIP8L2,2.0,5.0,0.0,5.0,2.0,28.0
PHC2,0.0,0.0,0.0,14.0,0.0,28.0
FZD7,0.0,4.0,2.0,6.0,4.0,28.0
TNFRSF10D,2.0,4.0,1.0,6.0,0.0,28.0
MEF2C,1.0,7.0,0.0,5.0,1.0,28.0
EIF4EBP1,0.0,0.0,2.0,12.0,0.0,28.0
DCTN5,2.0,4.0,0.0,7.0,0.0,28.0
FKBP5,2.0,3.0,2.0,6.0,0.0,28.0
PDIA6,4.0,3.0,0.0,5.0,0.0,28.0
ST6GALNAC2,2.0,1.0,0.0,10.0,0.0,28.0
C5AR1,0.0,7.0,0.0,7.0,0.0,28.0
TNFSF4,0.0,6.0,0.0,5.0,6.0,28.0
FKBP1A,0.0,4.0,1.0,8.0,2.0,28.0
BATF,0.0,9.0,1.0,1.0,6.0,28.0
ACSS2,4.0,6.0,1.0,1.0,0.0,28.0
LYST,2.0,7.0,0.0,4.0,0.0,28.0
NAMPT,2.0,8.0,1.0,2.0,0.0,28.0
PPP2R5D,0.0,1.0,2.0,11.0,0.0,28.0
PROS1,0.0,1.0,2.0,11.0,0.0,28.0
MYD88,1.0,9.0,0.0,3.0,1.0,28.0
MTA2,0.0,1.0,0.0,13.0,0.0,28.0
THEMIS2,0.0,10.0,0.0,3.0,2.0,28.0
ENTPD7,2.0,7.0,0.0,1.0,6.0,28.0
MTHFD1L,0.0,9.0,0.0,5.0,0.0,28.0
THBD,0.0,7.0,0.0,7.0,0.0,28.0
ATP1B1,0.0,7.0,0.0,7.0,0.0,28.0
NEU1,0.0,4.0,0.0,10.0,0.0,28.0
LTB,2.0,6.0,0.0,5.0,0.0,28.0
TWIST1,0.0,3.0,0.0,11.0,0.0,28.0
LAMTOR1,0.0,6.0,0.0,8.0,0.0,28.0
ADORA2A,2.0,3.0,1.0,6.0,2.0,28.0
YWHAG,0.0,4.0,0.0,10.0,0.0,28.0
TXNDC5,4.0,3.0,0.0,5.0,0.0,28.0
HK2,0.0,8.0,1.0,5.0,0.0,28.0
LY6E,0.0,7.0,1.0,6.0,0.0,28.0
CBX8,0.0,1.0,0.0,13.0,0.0,28.0
SLC29A1,0.0,8.0,1.0,5.0,0.0,28.0
SYT11,2.0,5.0,1.0,5.0,0.0,28.0
SMAD1,2.0,2.0,0.0,9.0,0.0,28.0
TFAP2C,0.0,0.0,0.0,14.0,0.0,28.0
LAMTOR4,4.0,1.0,0.0,7.0,0.0,28.0
LAT2,3.0,8.0,0.0,1.0,1.0,28.0
TFAP2A,0.0,0.0,0.0,14.0,0.0,28.0
CXCL3,0.0,11.0,1.0,2.0,0.0,28.0
PPP2R5E,0.0,1.0,3.0,10.0,0.0,28.0
MTHFD1,0.0,6.0,1.0,7.0,0.0,28.0
SCARB1,2.0,6.0,0.0,5.0,0.0,28.0
YPEL5,2.0,8.0,0.0,3.0,0.0,28.0
MAP3K14,0.0,3.0,0.0,11.0,0.0,28.0
C19ORF12,2.0,10.0,0.0,1.0,0.0,28.0
GIMAP5,0.0,10.0,1.0,3.0,0.0,28.0
UBE2H,2.0,2.0,0.0,9.0,0.0,28.0
HLA-DQA1,0.0,6.0,0.0,7.0,2.0,28.0
CYCS,0.0,2.0,2.0,10.0,0.0,28.0
ATXN1,2.0,6.0,2.0,3.0,0.0,28.0
RAB32,0.0,9.0,0.0,5.0,0.0,28.0
ADAM19,0.0,9.0,1.0,4.0,0.0,28.0
A2M,0.0,5.0,0.0,9.0,0.0,28.0
PBK,2.0,8.0,0.0,3.0,0.0,28.0
ABLIM1,2.0,4.0,0.0,7.0,0.0,28.0
NABP1,0.0,9.0,1.0,4.0,0.0,28.0
KLRG1,6.0,2.0,1.0,2.0,0.0,28.0
MMP14,2.0,5.0,1.0,4.0,1.0,27.0
TNFRSF18,1.0,4.0,1.0,7.0,0.0,27.0
ST8SIA4,1.0,7.0,0.0,5.0,0.0,27.0
FKBP4,1.0,6.0,1.0,5.0,0.0,27.0
BASP1,1.0,6.0,0.0,6.0,0.0,27.0
CYTIP,1.0,7.0,0.0,5.0,0.0,27.0
SCP2,3.0,4.0,1.0,4.0,0.0,27.0
RPS9,1.0,3.0,0.0,9.0,0.0,27.0
ELAVL1,3.0,4.0,1.0,4.0,0.0,27.0
CKAP2L,3.0,5.0,0.0,4.0,0.0,27.0
SH2B3,1.0,7.0,0.0,5.0,0.0,27.0
RAB2A,1.0,5.0,0.0,7.0,0.0,27.0
SAT1,1.0,4.0,0.0,8.0,0.0,27.0
NLRC5,1.0,9.0,0.0,3.0,0.0,27.0
PRKAB1,1.0,1.0,1.0,10.0,0.0,27.0
SERPINB6,3.0,7.0,0.0,2.0,0.0,27.0
SRGN,1.0,4.0,2.0,6.0,0.0,27.0
PRKCE,1.0,3.0,1.0,8.0,0.0,27.0
HMGB3,3.0,4.0,2.0,3.0,0.0,27.0
COL6A3,1.0,2.0,1.0,9.0,0.0,27.0
CHMP7,3.0,5.0,0.0,4.0,0.0,27.0
MYH9,1.0,8.0,0.0,3.0,2.0,27.0
CCNF,1.0,4.0,0.0,8.0,0.0,27.0
TREX1,1.0,8.0,0.0,3.0,2.0,27.0
SH3BP2,3.0,7.0,1.0,1.0,0.0,27.0
PLD1,1.0,3.0,0.0,9.0,0.0,27.0
PGAM1,1.0,8.0,0.0,4.0,0.0,27.0
RAP1B,1.0,5.0,0.0,7.0,0.0,27.0
ADCY6,1.0,1.0,0.0,11.0,0.0,27.0
PAK2,1.0,0.0,0.0,12.0,0.0,27.0
LAPTM5,1.0,5.0,0.0,5.0,4.0,27.0
ING2,1.0,3.0,1.0,8.0,0.0,27.0
POLR2C,3.0,4.0,1.0,4.0,0.0,27.0
TRIM28,1.0,2.0,0.0,10.0,0.0,27.0
WRN,1.0,2.0,1.0,9.0,0.0,27.0
GNA12,1.0,6.0,0.0,6.0,0.0,27.0
BIRC2,1.0,4.0,1.0,7.0,0.0,27.0
UBE2A,1.0,3.0,2.0,7.0,0.0,27.0
EIF2S2,1.0,5.0,1.0,6.0,0.0,27.0
SLC2A3,1.0,5.0,1.0,6.0,0.0,27.0
IDH1,1.0,5.0,0.0,7.0,0.0,27.0
ETF1,1.0,1.0,1.0,10.0,0.0,27.0
SFRP1,0.0,2.0,0.0,11.0,1.0,27.0
CXCL9,1.0,10.0,1.0,1.0,0.0,27.0
GATA4,1.0,0.0,0.0,12.0,0.0,27.0
BARD1,1.0,2.0,0.0,10.0,0.0,27.0
MCM7,1.0,4.0,1.0,7.0,0.0,27.0
RPS18,1.0,3.0,0.0,9.0,0.0,27.0
ARHGAP25,3.0,7.0,0.0,2.0,0.0,27.0
DBP,1.0,10.0,0.0,2.0,0.0,27.0
JUP,1.0,5.0,1.0,6.0,0.0,27.0
TTK,1.0,5.0,0.0,7.0,0.0,27.0
ATP6V1D,1.0,3.0,0.0,9.0,0.0,27.0
RACGAP1,1.0,6.0,1.0,5.0,0.0,27.0
TMED2,3.0,3.0,1.0,5.0,0.0,27.0
GATA2,1.0,2.0,1.0,9.0,0.0,27.0
YARS1,1.0,6.0,1.0,5.0,0.0,27.0
RPS3,0.0,3.0,0.0,9.0,3.0,27.0
KPNA2,3.0,1.0,1.0,7.0,0.0,27.0
ARHGEF6,1.0,7.0,0.0,5.0,0.0,27.0
RABGGTA,3.0,4.0,0.0,5.0,0.0,27.0
RPS3A,1.0,1.0,0.0,11.0,0.0,27.0
DUSP10,0.0,7.0,0.0,5.0,3.0,27.0
SLAMF6,3.0,5.0,0.0,1.0,6.0,27.0
SUB1,3.0,7.0,1.0,1.0,0.0,27.0
SMURF1,1.0,3.0,0.0,9.0,0.0,27.0
SELPLG,1.0,8.0,1.0,3.0,0.0,27.0
TK1,1.0,7.0,1.0,4.0,0.0,27.0
KIF2C,1.0,6.0,0.0,6.0,0.0,27.0
SLC11A2,1.0,9.0,1.0,2.0,0.0,27.0
VAMP5,3.0,4.0,1.0,4.0,0.0,27.0
ADPRM,3.0,7.0,1.0,1.0,0.0,27.0
SYNPO,3.0,5.0,0.0,4.0,0.0,27.0
TRAIP,1.0,8.0,0.0,4.0,0.0,27.0
MAFK,1.0,0.0,1.0,11.0,0.0,27.0
IL15RA,0.0,11.0,1.0,1.0,1.0,27.0
TMT1A,1.0,10.0,0.0,2.0,0.0,27.0
PRR5,1.0,2.0,0.0,10.0,0.0,27.0
OGT,1.0,1.0,0.0,11.0,0.0,27.0
ALDH2,1.0,9.0,1.0,2.0,0.0,27.0
PCGF5,3.0,4.0,0.0,5.0,0.0,27.0
XBP1,0.0,4.0,0.0,7.0,4.0,26.0
RNASEL,2.0,9.0,0.0,1.0,0.0,26.0
IFNAR1,0.0,6.0,1.0,6.0,0.0,26.0
NBN,0.0,2.0,1.0,9.0,2.0,26.0
IFNA7,0.0,3.0,1.0,7.0,4.0,26.0
TUBB2B,0.0,1.0,0.0,12.0,0.0,26.0
NCALD,4.0,7.0,0.0,0.0,0.0,26.0
DNMT3A,0.0,1.0,0.0,12.0,0.0,26.0
BUB1,2.0,6.0,1.0,3.0,0.0,26.0
UBL3,0.0,10.0,0.0,3.0,0.0,26.0
SLAMF8,1.0,10.0,1.0,0.0,1.0,26.0
SLC27A2,0.0,9.0,1.0,3.0,0.0,26.0
YBX3,0.0,5.0,0.0,8.0,0.0,26.0
GPR65,2.0,7.0,0.0,3.0,0.0,26.0
PTGIR,0.0,8.0,0.0,5.0,0.0,26.0
POU5F1,0.0,1.0,0.0,12.0,0.0,26.0
IFI44L,0.0,10.0,0.0,3.0,0.0,26.0
TRAT1,1.0,5.0,1.0,5.0,1.0,26.0
CNOT2,2.0,2.0,0.0,8.0,0.0,26.0
NR1H2,0.0,2.0,1.0,10.0,0.0,26.0
CD160,2.0,7.0,0.0,1.0,4.0,26.0
ANGPT1,0.0,5.0,0.0,8.0,0.0,26.0
UHRF1,2.0,2.0,1.0,7.0,0.0,26.0
CSNK1E,2.0,7.0,0.0,3.0,0.0,26.0
DNAJB1,2.0,5.0,0.0,5.0,0.0,26.0
UBE2L3,0.0,2.0,1.0,10.0,0.0,26.0
GNA15,0.0,5.0,1.0,7.0,0.0,26.0
NDFIP1,3.0,4.0,1.0,2.0,3.0,26.0
SPRY2,0.0,4.0,0.0,9.0,0.0,26.0
TUBB3,0.0,2.0,0.0,11.0,0.0,26.0
N4BP1,0.0,8.0,0.0,5.0,0.0,26.0
POLR2H,0.0,5.0,0.0,8.0,0.0,26.0
UBE2Z,2.0,5.0,0.0,5.0,0.0,26.0
PLAAT3,2.0,9.0,0.0,1.0,0.0,26.0
HSPD1,1.0,6.0,1.0,3.0,3.0,26.0
CD19,0.0,6.0,0.0,6.0,2.0,26.0
DYNC1H1,0.0,3.0,0.0,10.0,0.0,26.0
IL4R,0.0,7.0,0.0,3.0,6.0,26.0
PLCB2,0.0,3.0,0.0,10.0,0.0,26.0
PPARGC1B,0.0,5.0,0.0,8.0,0.0,26.0
AIMP2,0.0,4.0,1.0,8.0,0.0,26.0
PTGS1,2.0,5.0,1.0,4.0,0.0,26.0
MPP1,0.0,10.0,1.0,2.0,0.0,26.0
NEFH,2.0,5.0,1.0,4.0,0.0,26.0
MMP13,0.0,4.0,2.0,7.0,0.0,26.0
MLLT3,2.0,6.0,1.0,3.0,0.0,26.0
GNAI1,0.0,3.0,0.0,10.0,0.0,26.0
SPC25,2.0,3.0,0.0,7.0,0.0,26.0
DYNLL1,0.0,4.0,0.0,9.0,0.0,26.0
IFNA21,0.0,3.0,1.0,7.0,4.0,26.0
SPATS2L,2.0,8.0,1.0,1.0,0.0,26.0
DYNLT1,0.0,7.0,0.0,6.0,0.0,26.0
ALG8,0.0,3.0,0.0,10.0,0.0,26.0
NLRP3,0.0,3.0,1.0,6.0,6.0,26.0
RARS1,0.0,8.0,0.0,5.0,0.0,26.0
MKNK1,0.0,5.0,0.0,8.0,0.0,26.0
PTPN2,0.0,4.0,0.0,6.0,6.0,26.0
G6PD,0.0,6.0,0.0,7.0,0.0,26.0
UBE2E3,0.0,6.0,1.0,6.0,0.0,26.0
ID1,0.0,3.0,0.0,10.0,0.0,26.0
CD1D,1.0,7.0,0.0,3.0,3.0,26.0
MSH6,0.0,5.0,1.0,6.0,2.0,26.0
PPP3R2,0.0,3.0,1.0,9.0,0.0,26.0
CDC45,0.0,7.0,0.0,6.0,0.0,26.0
UBE2D3,0.0,1.0,2.0,10.0,0.0,26.0
SQLE,0.0,8.0,2.0,3.0,0.0,26.0
HEY1,0.0,3.0,0.0,10.0,0.0,26.0
FLT1,0.0,3.0,1.0,9.0,0.0,26.0
DERL1,2.0,4.0,0.0,6.0,0.0,26.0
CHSY1,2.0,8.0,0.0,2.0,0.0,26.0
RAB31,0.0,3.0,1.0,9.0,0.0,26.0
PFN2,0.0,3.0,1.0,9.0,0.0,26.0
STX17,2.0,6.0,0.0,4.0,0.0,26.0
USP3,2.0,6.0,0.0,4.0,0.0,26.0
KPNB1,0.0,3.0,1.0,9.0,0.0,26.0
KPNA3,0.0,7.0,1.0,5.0,0.0,26.0
PLK2,0.0,6.0,0.0,7.0,0.0,26.0
SUZ12,0.0,1.0,0.0,12.0,0.0,26.0
TIPARP,0.0,8.0,0.0,5.0,0.0,26.0
SUMO3,0.0,2.0,0.0,11.0,0.0,26.0
SELP,2.0,5.0,0.0,5.0,0.0,26.0
CTSW,0.0,8.0,0.0,5.0,0.0,26.0
TRAFD1,2.0,8.0,1.0,1.0,0.0,26.0
PRKAR1B,0.0,0.0,0.0,13.0,0.0,26.0
ARHGEF7,0.0,8.0,0.0,5.0,0.0,26.0
PXN,0.0,7.0,0.0,6.0,0.0,26.0
PDHA2,0.0,3.0,0.0,10.0,0.0,26.0
TMED10,2.0,5.0,0.0,5.0,0.0,26.0
HAT1,2.0,2.0,2.0,6.0,0.0,26.0
RPS2,0.0,1.0,0.0,12.0,0.0,26.0
EMB,2.0,9.0,0.0,1.0,0.0,26.0
ELOVL6,0.0,9.0,1.0,3.0,0.0,26.0
ITPR2,0.0,3.0,1.0,9.0,0.0,26.0
ZNF281,0.0,5.0,1.0,7.0,0.0,26.0
ELOC,0.0,1.0,1.0,11.0,0.0,26.0
ELOA,2.0,6.0,0.0,4.0,0.0,26.0
TNC,0.0,5.0,0.0,8.0,0.0,26.0
SERPINB1,2.0,7.0,0.0,3.0,0.0,26.0
AQP9,2.0,7.0,0.0,3.0,0.0,26.0
KRT18,0.0,8.0,1.0,4.0,0.0,26.0
WFS1,2.0,4.0,0.0,6.0,0.0,26.0
KRT81,0.0,3.0,0.0,10.0,0.0,26.0
ADORA2B,0.0,10.0,3.0,0.0,0.0,26.0
ETNK1,2.0,6.0,1.0,3.0,0.0,26.0
ATF6,4.0,3.0,1.0,3.0,0.0,26.0
ATF5,0.0,7.0,2.0,4.0,0.0,26.0
ATF4,0.0,0.0,3.0,10.0,0.0,26.0
CLIC4,2.0,9.0,1.0,0.0,0.0,26.0
PRL,2.0,5.0,0.0,5.0,0.0,26.0
CASP2,0.0,2.0,1.0,10.0,0.0,26.0
PLP2,2.0,8.0,1.0,1.0,0.0,26.0
RYBP,0.0,5.0,1.0,7.0,0.0,26.0
CBX3,0.0,3.0,2.0,8.0,0.0,26.0
TEAD4,0.0,1.0,0.0,12.0,0.0,26.0
CBX4,0.0,1.0,0.0,12.0,0.0,26.0
F10,0.0,4.0,0.0,9.0,0.0,26.0
TEK,0.0,0.0,1.0,12.0,0.0,26.0
HLA-DPA1,0.0,7.0,0.0,5.0,2.0,26.0
CXCR2,2.0,7.0,0.0,3.0,0.0,26.0
CYRIB,0.0,8.0,0.0,4.0,2.0,26.0
CYTH3,2.0,8.0,1.0,1.0,0.0,26.0
F7,0.0,1.0,0.0,12.0,0.0,26.0
ACTR3,0.0,8.0,2.0,3.0,0.0,26.0
EPHA1,2.0,4.0,0.0,6.0,0.0,26.0
RAB11A,2.0,3.0,1.0,6.0,0.0,26.0
SYT1,2.0,5.0,2.0,3.0,0.0,26.0
ARRB2,0.0,6.0,0.0,7.0,0.0,26.0
MAML3,0.0,2.0,1.0,10.0,0.0,26.0
ELF1,0.0,5.0,0.0,7.0,2.0,26.0
CALM3,0.0,2.0,0.0,11.0,0.0,26.0
ISYNA1,4.0,2.0,2.0,3.0,0.0,26.0
RPL11,0.0,4.0,0.0,9.0,0.0,26.0
ITGA5,0.0,3.0,1.0,9.0,0.0,26.0
EHMT1,0.0,3.0,0.0,10.0,0.0,26.0
CAB39,0.0,6.0,1.0,6.0,0.0,26.0
ITGA2B,0.0,0.0,1.0,12.0,0.0,26.0
GADD45G,0.0,4.0,0.0,9.0,0.0,26.0
FGF16,0.0,0.0,0.0,13.0,0.0,26.0
PFKFB3,0.0,6.0,0.0,7.0,0.0,26.0
RPL14,2.0,3.0,0.0,7.0,0.0,26.0
VDR,0.0,6.0,2.0,5.0,0.0,26.0
TP63,0.0,2.0,0.0,11.0,0.0,26.0
CCNDBP1,4.0,6.0,0.0,1.0,0.0,26.0
EGR3,0.0,7.0,0.0,4.0,4.0,26.0
EIF4A2,0.0,4.0,1.0,8.0,0.0,26.0
TP53BP1,2.0,5.0,0.0,4.0,2.0,26.0
NRG2,0.0,3.0,0.0,10.0,0.0,26.0
IRAG2,0.0,7.0,0.0,6.0,0.0,26.0
BCL7B,1.0,6.0,0.0,5.0,0.0,25.0
CCNG1,1.0,1.0,1.0,9.0,0.0,25.0
BST1,0.0,7.0,0.0,5.0,1.0,25.0
ANXA5,3.0,2.0,1.0,5.0,0.0,25.0
ZFP36,1.0,10.0,0.0,1.0,0.0,25.0
SPINT2,3.0,6.0,1.0,1.0,0.0,25.0
PSAT1,3.0,3.0,0.0,5.0,0.0,25.0
PDCD4,1.0,6.0,2.0,3.0,0.0,25.0
MS4A6A,1.0,5.0,2.0,4.0,0.0,25.0
MAP3K7,0.0,1.0,0.0,11.0,1.0,25.0
MRPS6,1.0,7.0,0.0,4.0,0.0,25.0
NXT1,1.0,6.0,0.0,5.0,0.0,25.0
PPIF,3.0,7.0,0.0,1.0,0.0,25.0
BCL2L14,1.0,6.0,1.0,4.0,0.0,25.0
ZMYND8,1.0,6.0,1.0,4.0,0.0,25.0
KIF23,1.0,6.0,0.0,5.0,0.0,25.0
MT1E,1.0,8.0,1.0,2.0,0.0,25.0
GZMH,3.0,6.0,0.0,2.0,0.0,25.0
FHL2,1.0,6.0,1.0,4.0,0.0,25.0
ATP2B4,3.0,6.0,0.0,2.0,0.0,25.0
TP53BP2,1.0,3.0,1.0,7.0,0.0,25.0
CDC27,1.0,1.0,1.0,9.0,0.0,25.0
ZC3HAV1,1.0,8.0,0.0,3.0,0.0,25.0
SEC11C,1.0,6.0,0.0,5.0,0.0,25.0
UBALD2,5.0,3.0,0.0,2.0,0.0,25.0
HERC1,3.0,4.0,0.0,4.0,0.0,25.0
RAB5C,1.0,4.0,0.0,7.0,0.0,25.0
PPP2R5B,1.0,0.0,2.0,9.0,0.0,25.0
EGLN3,1.0,8.0,0.0,3.0,0.0,25.0
LYL1,0.0,7.0,1.0,4.0,1.0,25.0
DAPP1,3.0,4.0,0.0,4.0,0.0,25.0
CD1C,1.0,6.0,1.0,2.0,4.0,25.0
HLA-DPB1,0.0,7.0,0.0,4.0,3.0,25.0
NELFE,3.0,1.0,1.0,6.0,0.0,25.0
PRRG4,1.0,9.0,0.0,2.0,0.0,25.0
ATP6V0E1,1.0,3.0,1.0,7.0,0.0,25.0
EED,1.0,1.0,0.0,10.0,0.0,25.0
TWF2,5.0,3.0,0.0,2.0,0.0,25.0
RASA3,1.0,6.0,1.0,4.0,0.0,25.0
DDX4,1.0,5.0,0.0,6.0,0.0,25.0
SH3BP5,3.0,8.0,0.0,0.0,0.0,25.0
ATP6V1H,1.0,3.0,0.0,8.0,0.0,25.0
HSPA4L,3.0,4.0,1.0,3.0,0.0,25.0
AFP,5.0,3.0,0.0,2.0,0.0,25.0
YY1,0.0,3.0,1.0,8.0,1.0,25.0
HMCES,3.0,2.0,0.0,5.0,2.0,25.0
CADM1,1.0,3.0,1.0,6.0,2.0,25.0
HHEX,2.0,7.0,0.0,2.0,1.0,25.0
KIF11,1.0,6.0,0.0,5.0,0.0,25.0
TCF12,1.0,6.0,2.0,3.0,0.0,25.0
MIR155HG,3.0,7.0,1.0,0.0,0.0,25.0
RNF213,1.0,8.0,0.0,3.0,0.0,25.0
NBEAL2,1.0,9.0,1.0,1.0,0.0,25.0
STK10,1.0,7.0,0.0,4.0,0.0,25.0
SERP1,1.0,11.0,0.0,0.0,0.0,25.0
CCL22,1.0,8.0,0.0,3.0,0.0,25.0
RBCK1,0.0,10.0,0.0,2.0,1.0,25.0
ITGAE,1.0,7.0,1.0,3.0,0.0,25.0
DCTN4,1.0,4.0,1.0,6.0,0.0,25.0
EFHD2,3.0,6.0,0.0,2.0,0.0,25.0
HMGCR,1.0,6.0,2.0,3.0,0.0,25.0
GALNT3,1.0,5.0,0.0,6.0,0.0,25.0
UBE2K,1.0,1.0,1.0,9.0,0.0,25.0
IL18RAP,5.0,4.0,1.0,0.0,0.0,25.0
PTPRA,1.0,8.0,1.0,2.0,0.0,25.0
RPA3,1.0,2.0,0.0,9.0,0.0,25.0
WNT3A,0.0,0.0,0.0,12.0,1.0,25.0
TRAF5,1.0,7.0,0.0,4.0,0.0,25.0
MELK,1.0,7.0,0.0,4.0,0.0,25.0
EFNA1,1.0,2.0,0.0,9.0,0.0,25.0
CORO1A,2.0,7.0,0.0,1.0,3.0,25.0
GFI1,3.0,5.0,0.0,3.0,0.0,25.0
HLA-G,0.0,7.0,1.0,3.0,3.0,25.0
CPD,1.0,7.0,1.0,3.0,0.0,25.0
TDRD7,3.0,8.0,0.0,0.0,0.0,25.0
RPS4X,1.0,1.0,0.0,10.0,0.0,25.0
PLEKHF1,1.0,6.0,0.0,5.0,0.0,25.0
EMP1,1.0,9.0,0.0,2.0,0.0,25.0
LFNG,1.0,4.0,0.0,5.0,4.0,25.0
H1-5,3.0,4.0,0.0,4.0,0.0,25.0
CTSL,0.0,4.0,1.0,6.0,3.0,25.0
TTC38,3.0,7.0,0.0,1.0,0.0,25.0
RPL27,1.0,5.0,0.0,6.0,0.0,25.0
CD40LG,0.0,4.0,1.0,6.0,3.0,25.0
PRKAG2,1.0,0.0,0.0,11.0,0.0,25.0
NCOA3,2.0,3.0,1.0,5.0,0.0,24.0
DNAJB6,0.0,7.0,2.0,3.0,0.0,24.0
CAT,0.0,3.0,2.0,7.0,0.0,24.0
SAP30BP,0.0,4.0,0.0,8.0,0.0,24.0
CDKN2C,0.0,8.0,0.0,4.0,0.0,24.0
PKIG,2.0,7.0,1.0,1.0,0.0,24.0
SFXN3,4.0,3.0,0.0,3.0,0.0,24.0
RGS1,0.0,7.0,0.0,5.0,0.0,24.0
SCARB2,0.0,6.0,1.0,5.0,0.0,24.0
NCAPH,0.0,8.0,1.0,3.0,0.0,24.0
RXRB,0.0,4.0,0.0,8.0,0.0,24.0
PPP1R13B,0.0,0.0,0.0,12.0,0.0,24.0
RMND5A,2.0,6.0,0.0,3.0,0.0,24.0
PPP1CB,0.0,2.0,0.0,10.0,0.0,24.0
S100A6,0.0,7.0,1.0,4.0,0.0,24.0
CORO2A,4.0,6.0,0.0,0.0,0.0,24.0
NCK1,0.0,4.0,3.0,4.0,2.0,24.0
NCF1,2.0,3.0,1.0,5.0,0.0,24.0
SH2D1A,0.0,3.0,2.0,6.0,2.0,24.0
NPL,0.0,9.0,0.0,3.0,0.0,24.0
WNT4,0.0,0.0,0.0,10.0,4.0,24.0
PMM2,0.0,4.0,0.0,8.0,0.0,24.0
PIAS4,0.0,0.0,0.0,12.0,0.0,24.0
RPS20,0.0,1.0,0.0,11.0,0.0,24.0
CD53,0.0,5.0,2.0,5.0,0.0,24.0
RPS19,0.0,1.0,0.0,11.0,0.0,24.0
PID1,0.0,9.0,0.0,3.0,0.0,24.0
SKAP2,3.0,5.0,1.0,1.0,1.0,24.0
C3AR1,0.0,6.0,1.0,5.0,0.0,24.0
CCL3,0.0,3.0,4.0,5.0,0.0,24.0
RPL5,2.0,2.0,0.0,7.0,0.0,24.0
CRTAM,1.0,6.0,0.0,3.0,3.0,24.0
CACNA2D2,0.0,8.0,0.0,4.0,0.0,24.0
RNF144A,0.0,5.0,0.0,7.0,0.0,24.0
RPL39,0.0,5.0,1.0,6.0,0.0,24.0
HAVCR2,1.0,6.0,1.0,1.0,5.0,24.0
POLR2L,0.0,3.0,0.0,9.0,0.0,24.0
SIRPA,0.0,6.0,0.0,5.0,2.0,24.0
PHLPP1,2.0,6.0,0.0,3.0,0.0,24.0
PHF1,0.0,8.0,0.0,4.0,0.0,24.0
CCL1,0.0,7.0,1.0,4.0,0.0,24.0
GMPR,0.0,9.0,1.0,2.0,0.0,24.0
CTNND1,0.0,5.0,1.0,6.0,0.0,24.0
SHMT1,0.0,3.0,1.0,8.0,0.0,24.0
CTDSP2,0.0,10.0,1.0,1.0,0.0,24.0
PCGF2,0.0,0.0,0.0,12.0,0.0,24.0
DIAPH1,0.0,6.0,0.0,6.0,0.0,24.0
NEDD4,0.0,4.0,0.0,8.0,0.0,24.0
ADAM17,2.0,3.0,0.0,4.0,4.0,24.0
POU2AF1,0.0,4.0,0.0,7.0,2.0,24.0
PLCB3,0.0,2.0,0.0,10.0,0.0,24.0
COL4A1,0.0,3.0,0.0,9.0,0.0,24.0
CRHBP,0.0,4.0,1.0,7.0,0.0,24.0
C1S,0.0,4.0,0.0,8.0,0.0,24.0
COL4A2,0.0,2.0,0.0,10.0,0.0,24.0
PCLAF,0.0,7.0,0.0,5.0,0.0,24.0
CCL17,0.0,9.0,0.0,3.0,0.0,24.0
SERPINI1,2.0,5.0,0.0,4.0,0.0,24.0
NOS3,0.0,0.0,0.0,12.0,0.0,24.0
CD99,2.0,7.0,0.0,2.0,0.0,24.0
RRAGD,0.0,4.0,1.0,7.0,0.0,24.0
RPSA,0.0,3.0,0.0,9.0,0.0,24.0
CSGALNACT1,0.0,9.0,0.0,3.0,0.0,24.0
CEACAM1,0.0,2.0,0.0,7.0,6.0,24.0
RPS4Y1,0.0,2.0,0.0,10.0,0.0,24.0
SHCBP1,4.0,4.0,0.0,2.0,0.0,24.0
PDE4DIP,0.0,9.0,0.0,3.0,0.0,24.0
NTF3,0.0,1.0,0.0,11.0,0.0,24.0
BTRC,0.0,3.0,0.0,8.0,2.0,24.0
SLC3A2,0.0,4.0,1.0,7.0,0.0,24.0
SUSD6,0.0,7.0,0.0,5.0,0.0,24.0
ITM2B,2.0,4.0,0.0,5.0,0.0,24.0
ITM2A,2.0,4.0,1.0,3.0,2.0,24.0
VAMP1,0.0,8.0,4.0,0.0,0.0,24.0
MMP10,0.0,5.0,1.0,6.0,0.0,24.0
HJURP,0.0,9.0,1.0,2.0,0.0,24.0
BMP4,0.0,2.0,0.0,8.0,4.0,24.0
FBXO7,1.0,5.0,1.0,4.0,1.0,24.0
ATP6V0C,2.0,3.0,0.0,6.0,0.0,24.0
HIVEP1,0.0,10.0,0.0,2.0,0.0,24.0
HMGB2,0.0,7.0,0.0,5.0,0.0,24.0
MAPKAPK3,0.0,9.0,0.0,3.0,0.0,24.0
BLZF1,2.0,6.0,0.0,3.0,0.0,24.0
MARCKS,0.0,5.0,1.0,6.0,0.0,24.0
SPI1,1.0,4.0,1.0,4.0,3.0,24.0
ITPKB,0.0,9.0,0.0,1.0,4.0,24.0
ATP6V0A1,0.0,6.0,0.0,6.0,0.0,24.0
IL4,2.0,1.0,0.0,6.0,4.0,24.0
GAS7,2.0,7.0,2.0,0.0,0.0,24.0
SNRNP25,0.0,11.0,0.0,1.0,0.0,24.0
TACC3,2.0,6.0,0.0,3.0,0.0,24.0
UCHL3,2.0,3.0,0.0,6.0,0.0,24.0
JCHAIN,0.0,3.0,1.0,8.0,0.0,24.0
EPCAM,6.0,2.0,0.0,1.0,0.0,24.0
ARHGAP11A,2.0,5.0,0.0,4.0,0.0,24.0
IL12B,0.0,8.0,0.0,1.0,6.0,24.0
FBXO2,2.0,4.0,0.0,5.0,0.0,24.0
RAB5A,0.0,2.0,0.0,10.0,0.0,24.0
RAB5B,0.0,5.0,0.0,7.0,0.0,24.0
ANAPC15,0.0,5.0,0.0,7.0,0.0,24.0
CNN3,2.0,8.0,0.0,1.0,0.0,24.0
GNL3,2.0,8.0,1.0,0.0,0.0,24.0
GRSF1,0.0,10.0,1.0,1.0,0.0,24.0
IL3RA,0.0,5.0,0.0,7.0,0.0,24.0
BLOC1S5,2.0,6.0,0.0,3.0,0.0,24.0
SNAP23,2.0,3.0,2.0,4.0,0.0,24.0
MGAT1,2.0,4.0,0.0,5.0,0.0,24.0
ULK1,0.0,5.0,0.0,7.0,0.0,24.0
EIF3L,2.0,7.0,0.0,2.0,0.0,24.0
PRELID1,1.0,6.0,0.0,3.0,3.0,24.0
IQGAP1,0.0,5.0,0.0,7.0,0.0,24.0
ANXA4,2.0,5.0,1.0,3.0,0.0,24.0
SRSF1,0.0,2.0,2.0,8.0,0.0,24.0
ANXA6,2.0,5.0,0.0,4.0,0.0,24.0
EIF4A1,0.0,2.0,1.0,9.0,0.0,24.0
FGA,0.0,2.0,0.0,10.0,0.0,24.0
EHD3,2.0,7.0,0.0,2.0,0.0,24.0
FGF19,0.0,0.0,0.0,12.0,0.0,24.0
EXOSC2,0.0,4.0,0.0,8.0,0.0,24.0
FGF13,4.0,1.0,0.0,5.0,0.0,24.0
AP1M1,2.0,6.0,0.0,3.0,0.0,24.0
GABARAPL2,4.0,4.0,0.0,2.0,0.0,24.0
EFNA5,0.0,2.0,0.0,10.0,0.0,24.0
ABCG2,4.0,3.0,1.0,2.0,0.0,24.0
GALNT1,0.0,5.0,1.0,6.0,0.0,24.0
MKRN1,0.0,6.0,1.0,5.0,0.0,24.0
GALNT10,4.0,1.0,0.0,5.0,0.0,24.0
TRIB3,0.0,5.0,0.0,7.0,0.0,24.0
SPOCK2,4.0,4.0,1.0,1.0,0.0,24.0
PRKAG3,0.0,2.0,1.0,9.0,0.0,24.0
FCRL1,1.0,9.0,0.0,1.0,1.0,24.0
BACH1,0.0,5.0,2.0,5.0,0.0,24.0
EFNA2,0.0,7.0,0.0,5.0,0.0,24.0
MDM4,0.0,2.0,0.0,10.0,0.0,24.0
ME1,0.0,5.0,1.0,6.0,0.0,24.0
ELOB,0.0,2.0,0.0,10.0,0.0,24.0
HMOX2,2.0,7.0,0.0,2.0,0.0,24.0
BATF2,2.0,7.0,1.0,1.0,0.0,24.0
APC,0.0,1.0,1.0,10.0,0.0,24.0
FOSL1,0.0,2.0,1.0,9.0,0.0,24.0
SOCS6,0.0,7.0,0.0,4.0,2.0,24.0
KLF7,2.0,8.0,0.0,1.0,0.0,24.0
FURIN,0.0,2.0,3.0,7.0,0.0,24.0
KLF4,0.0,2.0,2.0,8.0,0.0,24.0
TIMM44,4.0,3.0,0.0,3.0,0.0,24.0
IFNA1,0.0,3.0,1.0,6.0,4.0,24.0
IFITM2,0.0,7.0,1.0,4.0,0.0,24.0
IFIT5,0.0,9.0,0.0,3.0,0.0,24.0
TXNRD3,2.0,5.0,0.0,4.0,0.0,24.0
BUB1B,0.0,9.0,0.0,3.0,0.0,24.0
ARL6IP5,2.0,5.0,1.0,3.0,0.0,24.0
GPX1,0.0,4.0,2.0,6.0,0.0,24.0
IFI30,2.0,6.0,2.0,1.0,0.0,24.0
UBA3,0.0,5.0,0.0,7.0,0.0,24.0
KLK8,4.0,4.0,0.0,2.0,0.0,24.0
TIAM1,2.0,3.0,0.0,6.0,0.0,24.0
KLRC1,3.0,2.0,2.0,2.0,3.0,24.0
GCSH,2.0,3.0,1.0,5.0,0.0,24.0
IDO1,0.0,8.0,1.0,2.0,2.0,24.0
LAMB1,0.0,2.0,0.0,10.0,0.0,24.0
IDI1,0.0,6.0,1.0,5.0,0.0,24.0
TBC1D4,4.0,4.0,0.0,2.0,0.0,24.0
LAMTOR3,0.0,2.0,2.0,8.0,0.0,24.0
TBK1,2.0,0.0,1.0,8.0,0.0,24.0
ETV6,0.0,8.0,1.0,3.0,0.0,24.0
TES,0.0,5.0,0.0,7.0,0.0,24.0
F5,0.0,4.0,0.0,8.0,0.0,24.0
HLA-DOA,3.0,2.0,1.0,3.0,3.0,24.0
TBXA2R,2.0,5.0,1.0,3.0,0.0,24.0
UBE2G1,0.0,4.0,1.0,7.0,0.0,24.0
PROCR,0.0,10.0,0.0,2.0,0.0,24.0
SMARCB1,1.0,1.0,0.0,8.0,3.0,24.0
EIF1,2.0,5.0,0.0,4.0,0.0,24.0
HSPA1B,0.0,4.0,0.0,8.0,0.0,24.0
IFNA6,0.0,3.0,1.0,6.0,4.0,24.0
BTC,0.0,2.0,0.0,10.0,0.0,24.0
KEAP1,0.0,1.0,1.0,10.0,0.0,24.0
SMC2,2.0,5.0,1.0,3.0,0.0,24.0
TUBB4A,0.0,0.0,0.0,12.0,0.0,24.0
TIMP3,0.0,1.0,1.0,10.0,0.0,24.0
FUT8,0.0,7.0,0.0,5.0,0.0,24.0
IFNA8,0.0,3.0,1.0,6.0,4.0,24.0
KDM2B,0.0,7.0,0.0,5.0,0.0,24.0
KLF2,2.0,6.0,1.0,2.0,0.0,24.0
HSPA6,0.0,4.0,0.0,8.0,0.0,24.0
RASGRP2,0.0,3.0,0.0,9.0,0.0,24.0
TCF7L1,1.0,2.0,0.0,8.0,0.0,23.0
RPL18,1.0,4.0,0.0,6.0,0.0,23.0
CGA,1.0,1.0,0.0,9.0,0.0,23.0
LST1,0.0,8.0,0.0,3.0,1.0,23.0
PRMT1,1.0,0.0,1.0,9.0,0.0,23.0
CYFIP1,1.0,8.0,0.0,2.0,0.0,23.0
FEN1,1.0,7.0,0.0,3.0,0.0,23.0
EXOSC8,1.0,4.0,0.0,6.0,0.0,23.0
ARHGAP35,3.0,3.0,0.0,4.0,0.0,23.0
FABP5,1.0,6.0,1.0,3.0,0.0,23.0
EIF3F,1.0,5.0,0.0,5.0,0.0,23.0
PELI1,1.0,6.0,0.0,3.0,2.0,23.0
PNPT1,1.0,9.0,0.0,1.0,0.0,23.0
BCL11B,1.0,5.0,0.0,3.0,4.0,23.0
EPSTI1,3.0,6.0,0.0,1.0,0.0,23.0
KAT6A,1.0,5.0,0.0,5.0,0.0,23.0
TLN1,3.0,1.0,0.0,6.0,0.0,23.0
TOB1,3.0,3.0,0.0,4.0,0.0,23.0
RPS25,1.0,2.0,0.0,8.0,0.0,23.0
CSTA,1.0,2.0,3.0,5.0,0.0,23.0
S100A10,1.0,5.0,1.0,4.0,0.0,23.0
HINT1,1.0,6.0,0.0,4.0,0.0,23.0
HLA-DMB,0.0,5.0,1.0,3.0,5.0,23.0
PDE7A,3.0,7.0,0.0,0.0,0.0,23.0
TCF19,1.0,7.0,1.0,2.0,0.0,23.0
SESN2,3.0,2.0,0.0,5.0,0.0,23.0
WTAP,3.0,3.0,0.0,4.0,0.0,23.0
LRR1,1.0,3.0,0.0,7.0,0.0,23.0
TFPI,1.0,2.0,1.0,7.0,0.0,23.0
RPL27A,1.0,1.0,0.0,9.0,0.0,23.0
TANK,1.0,5.0,0.0,5.0,0.0,23.0
RPL7,1.0,4.0,0.0,6.0,0.0,23.0
RPL37A,1.0,4.0,0.0,6.0,0.0,23.0
WNT10B,0.0,4.0,0.0,6.0,3.0,23.0
LRP10,3.0,5.0,0.0,2.0,0.0,23.0
RETREG1,3.0,5.0,0.0,2.0,0.0,23.0
PMS2,1.0,5.0,0.0,4.0,2.0,23.0
HADH,1.0,9.0,0.0,1.0,0.0,23.0
HMGCS1,1.0,3.0,1.0,6.0,0.0,23.0
RFTN1,0.0,8.0,0.0,3.0,1.0,23.0
PRKD3,1.0,7.0,2.0,1.0,0.0,23.0
CHMP4B,1.0,3.0,0.0,7.0,0.0,23.0
P2RX5,1.0,2.0,3.0,5.0,0.0,23.0
TIFA,1.0,8.0,0.0,2.0,0.0,23.0
PDLIM7,1.0,6.0,1.0,3.0,0.0,23.0
WNT5B,1.0,4.0,0.0,6.0,0.0,23.0
USP22,3.0,3.0,1.0,3.0,0.0,23.0
MCAM,3.0,3.0,0.0,4.0,0.0,23.0
MCM10,1.0,6.0,0.0,4.0,0.0,23.0
NT5C3A,3.0,5.0,1.0,1.0,0.0,23.0
SYTL2,1.0,1.0,1.0,8.0,0.0,23.0
THEMIS,1.0,5.0,0.0,3.0,4.0,23.0
CUL5,1.0,1.0,2.0,7.0,0.0,23.0
RPS10,1.0,2.0,0.0,8.0,0.0,23.0
PCTP,1.0,8.0,1.0,1.0,0.0,23.0
TANC2,1.0,5.0,0.0,5.0,0.0,23.0
TKTL1,3.0,3.0,1.0,3.0,0.0,23.0
TNS1,1.0,6.0,0.0,4.0,0.0,23.0
LY96,1.0,5.0,0.0,5.0,0.0,23.0
ADD3,1.0,7.0,2.0,1.0,0.0,23.0
S100A8,1.0,5.0,2.0,3.0,0.0,23.0
FUCA2,1.0,6.0,0.0,4.0,0.0,23.0
RAP2B,1.0,7.0,1.0,2.0,0.0,23.0
MXRA7,5.0,3.0,0.0,1.0,0.0,23.0
AKT1S1,1.0,0.0,0.0,10.0,0.0,23.0
SHFL,3.0,5.0,0.0,2.0,0.0,23.0
BLVRA,5.0,2.0,0.0,2.0,0.0,23.0
MRPS2,5.0,2.0,0.0,2.0,0.0,23.0
PIN1,1.0,1.0,0.0,9.0,0.0,23.0
FLNA,1.0,0.0,1.0,9.0,0.0,23.0
TRIM27,1.0,3.0,0.0,7.0,0.0,23.0
POLR1F,1.0,6.0,0.0,4.0,0.0,23.0
TRIM22,1.0,7.0,0.0,3.0,0.0,23.0
BLNK,0.0,5.0,1.0,5.0,1.0,23.0
MKNK2,3.0,6.0,0.0,1.0,0.0,23.0
NPC1,3.0,4.0,0.0,3.0,0.0,23.0
CREB5,1.0,5.0,0.0,5.0,0.0,23.0
FZD5,1.0,2.0,1.0,5.0,4.0,23.0
SLC7A11,1.0,2.0,1.0,7.0,0.0,23.0
FYB1,0.0,5.0,0.0,6.0,1.0,23.0
TTN,1.0,2.0,1.0,7.0,0.0,23.0
GPD2,3.0,3.0,0.0,4.0,0.0,23.0
ZNF703,1.0,8.0,0.0,2.0,0.0,23.0
IFRD2,3.0,6.0,0.0,1.0,0.0,23.0
IL11RA,1.0,3.0,0.0,7.0,0.0,23.0
SMYD2,3.0,2.0,0.0,5.0,0.0,23.0
DHRS3,1.0,5.0,0.0,5.0,0.0,23.0
BMPR2,1.0,7.0,0.0,3.0,0.0,23.0
BTK,1.0,4.0,1.0,4.0,2.0,23.0
BTN3A1,0.0,9.0,0.0,1.0,3.0,23.0
FLOT2,1.0,4.0,1.0,4.0,2.0,23.0
CD300A,0.0,6.0,0.0,4.0,3.0,23.0
NIPAL3,1.0,8.0,0.0,2.0,0.0,23.0
IFNA2,0.0,2.0,1.0,6.0,5.0,23.0
SH2D2A,1.0,6.0,0.0,3.0,2.0,23.0
TRIM5,3.0,4.0,0.0,3.0,0.0,23.0
MYO1C,1.0,5.0,1.0,4.0,0.0,23.0
TRAM1,3.0,2.0,0.0,5.0,0.0,23.0
NAT9,3.0,3.0,0.0,4.0,0.0,23.0
POLR1B,1.0,4.0,0.0,6.0,0.0,23.0
NASP,1.0,3.0,0.0,7.0,0.0,23.0
DDX60,1.0,9.0,0.0,1.0,0.0,23.0
ACP5,3.0,3.0,1.0,3.0,0.0,23.0
RPA2,1.0,1.0,1.0,8.0,0.0,23.0
SRM,1.0,4.0,0.0,6.0,0.0,23.0
SLC35A2,3.0,6.0,0.0,1.0,0.0,23.0
CD109,3.0,2.0,0.0,5.0,0.0,23.0
MGST1,1.0,3.0,1.0,6.0,0.0,23.0
NRP2,1.0,3.0,0.0,7.0,0.0,23.0
SLC43A3,1.0,7.0,1.0,2.0,0.0,23.0
MYO1E,1.0,8.0,1.0,1.0,0.0,23.0
SETDB1,1.0,0.0,0.0,10.0,0.0,23.0
FGR,0.0,5.0,0.0,6.0,1.0,23.0
FHL1,3.0,2.0,0.0,5.0,0.0,23.0
EEF1E1,1.0,4.0,0.0,6.0,0.0,23.0
NSF,1.0,5.0,0.0,5.0,0.0,23.0
PXYLP1,2.0,8.0,0.0,0.0,0.0,22.0
TWSG1,4.0,1.0,1.0,2.0,2.0,22.0
PTGR1,2.0,6.0,0.0,2.0,0.0,22.0
PTGER3,0.0,7.0,0.0,4.0,0.0,22.0
YTHDC1,0.0,8.0,1.0,2.0,0.0,22.0
TINF2,2.0,5.0,1.0,2.0,0.0,22.0
UBE2J2,0.0,4.0,0.0,7.0,0.0,22.0
PLCB4,0.0,3.0,0.0,8.0,0.0,22.0
KCTD6,2.0,3.0,0.0,5.0,0.0,22.0
ARHGEF4,2.0,4.0,0.0,4.0,0.0,22.0
GK,0.0,9.0,0.0,2.0,0.0,22.0
RNF130,0.0,8.0,1.0,2.0,0.0,22.0
FAM3C,2.0,4.0,1.0,3.0,0.0,22.0
KDELR2,0.0,7.0,0.0,4.0,0.0,22.0
IFNGR2,0.0,4.0,1.0,6.0,0.0,22.0
IFRD1,0.0,5.0,1.0,5.0,0.0,22.0
UBE2J1,0.0,4.0,0.0,7.0,0.0,22.0
RIPK3,0.0,2.0,0.0,7.0,4.0,22.0
UBE2V2,0.0,3.0,2.0,6.0,0.0,22.0
H2AC15,0.0,4.0,0.0,7.0,0.0,22.0
RPS28,0.0,2.0,0.0,9.0,0.0,22.0
WLS,2.0,4.0,0.0,4.0,0.0,22.0
UBD,0.0,4.0,0.0,7.0,0.0,22.0
USP48,0.0,6.0,0.0,5.0,0.0,22.0
FAM117B,2.0,7.0,0.0,1.0,0.0,22.0
WDR5,0.0,1.0,0.0,10.0,0.0,22.0
HTT,0.0,8.0,0.0,3.0,0.0,22.0
CDH2,0.0,0.0,1.0,10.0,0.0,22.0
AIM2,2.0,5.0,0.0,3.0,0.0,22.0
RUFY3,0.0,11.0,0.0,0.0,0.0,22.0
CXCL1,0.0,7.0,0.0,4.0,0.0,22.0
LAMC2,0.0,5.0,0.0,6.0,0.0,22.0
PKP4,2.0,6.0,1.0,1.0,0.0,22.0
FADS1,0.0,6.0,2.0,3.0,0.0,22.0
PIP4K2C,0.0,4.0,0.0,7.0,0.0,22.0
PIP4K2B,0.0,4.0,0.0,7.0,0.0,22.0
AIMP1,0.0,3.0,1.0,7.0,0.0,22.0
F8,0.0,3.0,0.0,8.0,0.0,22.0
CDCA8,2.0,4.0,0.0,4.0,0.0,22.0
QPCT,0.0,7.0,1.0,3.0,0.0,22.0
F2RL1,2.0,2.0,1.0,3.0,4.0,22.0
GPNMB,0.0,7.0,0.0,3.0,2.0,22.0
KLHL21,0.0,6.0,0.0,5.0,0.0,22.0
IFI44,0.0,7.0,0.0,4.0,0.0,22.0
TEC,1.0,6.0,1.0,2.0,1.0,22.0
ALDH1A1,0.0,5.0,1.0,5.0,0.0,22.0
CDC25C,0.0,2.0,1.0,8.0,0.0,22.0
IFNA10,0.0,2.0,1.0,6.0,4.0,22.0
RRAD,2.0,4.0,0.0,4.0,0.0,22.0
IFNA14,0.0,2.0,1.0,6.0,4.0,22.0
CR1,0.0,3.0,0.0,6.0,4.0,22.0
IFNA16,0.0,2.0,1.0,6.0,4.0,22.0
RIN2,2.0,5.0,0.0,3.0,0.0,22.0
KCTD12,2.0,5.0,0.0,3.0,0.0,22.0
PTPRO,2.0,6.0,1.0,1.0,0.0,22.0
TMC6,2.0,5.0,0.0,3.0,0.0,22.0
HSPA13,0.0,6.0,1.0,4.0,0.0,22.0
PGF,0.0,4.0,0.0,7.0,0.0,22.0
ILF3,0.0,1.0,1.0,9.0,0.0,22.0
PGR,2.0,0.0,0.0,8.0,0.0,22.0
XAF1,0.0,8.0,0.0,3.0,0.0,22.0
CDK17,0.0,8.0,0.0,3.0,0.0,22.0
TNKS,0.0,6.0,0.0,5.0,0.0,22.0
CCN1,0.0,4.0,0.0,7.0,0.0,22.0
RPL26,2.0,2.0,0.0,6.0,0.0,22.0
FCGRT,2.0,5.0,0.0,3.0,0.0,22.0
GALNT11,2.0,5.0,0.0,3.0,0.0,22.0
FCGR1A,0.0,5.0,1.0,5.0,0.0,22.0
WNT5A,0.0,2.0,0.0,9.0,0.0,22.0
RPL3,0.0,3.0,1.0,7.0,0.0,22.0
CD200,0.0,6.0,0.0,5.0,0.0,22.0
PTX3,0.0,6.0,1.0,4.0,0.0,22.0
RPL23,0.0,4.0,0.0,7.0,0.0,22.0
INSIG1,0.0,2.0,1.0,8.0,0.0,22.0
FGG,0.0,1.0,0.0,10.0,0.0,22.0
PTPRE,0.0,6.0,2.0,3.0,0.0,22.0
FGD6,0.0,8.0,0.0,3.0,0.0,22.0
UPB1,0.0,7.0,0.0,4.0,0.0,22.0
PER1,0.0,5.0,0.0,6.0,0.0,22.0
PEX5,0.0,7.0,0.0,4.0,0.0,22.0
ANXA11,0.0,8.0,0.0,3.0,0.0,22.0
RPL10,0.0,3.0,0.0,8.0,0.0,22.0
TOR3A,2.0,8.0,0.0,0.0,0.0,22.0
AGFG1,0.0,7.0,0.0,4.0,0.0,22.0
RHBDF2,2.0,7.0,1.0,0.0,0.0,22.0
IRF2,0.0,8.0,0.0,3.0,0.0,22.0
HNRNPDL,0.0,6.0,1.0,4.0,0.0,22.0
INSL6,2.0,3.0,0.0,5.0,0.0,22.0
IRGM,2.0,5.0,0.0,3.0,0.0,22.0
APBB1IP,1.0,4.0,0.0,3.0,5.0,22.0
GSAP,2.0,6.0,0.0,2.0,0.0,22.0
GLI2,0.0,4.0,0.0,5.0,4.0,22.0
TNFRSF12A,0.0,8.0,0.0,3.0,0.0,22.0
UCHL5,2.0,2.0,1.0,5.0,0.0,22.0
GUCY1B1,0.0,4.0,1.0,6.0,0.0,22.0
H2AC13,0.0,3.0,0.0,8.0,0.0,22.0
ANAPC7,0.0,4.0,0.0,7.0,0.0,22.0
ARG2,0.0,5.0,0.0,5.0,2.0,22.0
ANAPC1,0.0,3.0,1.0,7.0,0.0,22.0
XPO1,0.0,0.0,1.0,10.0,0.0,22.0
CD47,0.0,5.0,1.0,4.0,2.0,22.0
RNF167,2.0,8.0,0.0,0.0,0.0,22.0
RGS18,0.0,5.0,1.0,5.0,0.0,22.0
IKZF1,1.0,4.0,1.0,4.0,1.0,22.0
HSP90AB1,0.0,3.0,3.0,5.0,0.0,22.0
TMEM165,2.0,6.0,1.0,1.0,0.0,22.0
RPS21,0.0,2.0,0.0,9.0,0.0,22.0
PIK3AP1,2.0,3.0,0.0,5.0,0.0,22.0
FBXO21,0.0,6.0,0.0,5.0,0.0,22.0
RPLP0,0.0,2.0,0.0,9.0,0.0,22.0
GPAM,0.0,6.0,0.0,4.0,2.0,22.0
PHEX,0.0,5.0,0.0,6.0,0.0,22.0
AQP3,0.0,4.0,1.0,6.0,0.0,22.0
FBXO5,0.0,6.0,1.0,4.0,0.0,22.0
AGRN,0.0,5.0,0.0,6.0,0.0,22.0
RPL38,0.0,4.0,0.0,7.0,0.0,22.0
ITGB3BP,0.0,4.0,0.0,7.0,0.0,22.0
RPL39L,0.0,5.0,0.0,6.0,0.0,22.0
ARAP2,2.0,8.0,0.0,0.0,0.0,22.0
PHLDB2,4.0,4.0,0.0,1.0,0.0,22.0
ARAP3,0.0,8.0,0.0,3.0,0.0,22.0
ITGB8,0.0,5.0,0.0,6.0,0.0,22.0
RPL41,0.0,3.0,1.0,7.0,0.0,22.0
FBXO32,0.0,3.0,0.0,8.0,0.0,22.0
RPL8,0.0,1.0,0.0,10.0,0.0,22.0
ZBTB25,4.0,2.0,0.0,3.0,0.0,22.0
IL18R1,2.0,5.0,0.0,0.0,6.0,22.0
S1PR3,2.0,3.0,0.0,5.0,0.0,22.0
PRIM1,0.0,6.0,1.0,4.0,0.0,22.0
COPS5,2.0,1.0,1.0,6.0,0.0,22.0
DCAF13,0.0,9.0,0.0,2.0,0.0,22.0
SWAP70,2.0,4.0,0.0,3.0,2.0,22.0
CDYL,0.0,6.0,1.0,4.0,0.0,22.0
ATRX,0.0,5.0,1.0,5.0,0.0,22.0
SORD,2.0,5.0,2.0,1.0,0.0,22.0
NUSAP1,0.0,8.0,0.0,3.0,0.0,22.0
NFKBIE,0.0,10.0,0.0,1.0,0.0,22.0
RAB8B,0.0,7.0,0.0,4.0,0.0,22.0
MAPK12,0.0,2.0,0.0,9.0,0.0,22.0
SORT1,0.0,10.0,0.0,1.0,0.0,22.0
SP110,0.0,10.0,0.0,1.0,0.0,22.0
E2F8,0.0,7.0,0.0,4.0,0.0,22.0
MAPKAPK2,0.0,6.0,0.0,5.0,0.0,22.0
SEMA4C,4.0,5.0,0.0,0.0,0.0,22.0
MNAT1,0.0,4.0,0.0,7.0,0.0,22.0
RABGAP1L,2.0,4.0,0.0,4.0,0.0,22.0
SIN3B,2.0,0.0,0.0,8.0,0.0,22.0
RAB7A,0.0,3.0,0.0,8.0,0.0,22.0
CLSPN,2.0,5.0,0.0,3.0,0.0,22.0
CNOT6L,0.0,4.0,0.0,7.0,0.0,22.0
MAML1,0.0,0.0,0.0,11.0,0.0,22.0
SDHB,0.0,8.0,0.0,3.0,0.0,22.0
TACC1,0.0,7.0,1.0,3.0,0.0,22.0
ADAR,2.0,6.0,0.0,2.0,0.0,22.0
DUT,2.0,2.0,1.0,5.0,0.0,22.0
MREG,0.0,10.0,0.0,1.0,0.0,22.0
MAFB,0.0,5.0,1.0,3.0,4.0,22.0
DYNC1LI1,0.0,1.0,1.0,9.0,0.0,22.0
NFKBIB,2.0,7.0,0.0,1.0,0.0,22.0
MAGOHB,0.0,4.0,0.0,7.0,0.0,22.0
PMVK,2.0,5.0,0.0,3.0,0.0,22.0
CAP1,0.0,3.0,0.0,8.0,0.0,22.0
GNA13,0.0,4.0,0.0,7.0,0.0,22.0
MRE11,0.0,2.0,1.0,8.0,0.0,22.0
VHL,0.0,3.0,0.0,8.0,0.0,22.0
OLR1,0.0,5.0,0.0,6.0,0.0,22.0
ATP6V0D1,0.0,5.0,0.0,6.0,0.0,22.0
ATP6V1A,0.0,5.0,2.0,4.0,0.0,22.0
RABGGTB,0.0,6.0,0.0,5.0,0.0,22.0
GGT1,0.0,6.0,1.0,4.0,0.0,22.0
DGKZ,0.0,7.0,0.0,3.0,2.0,22.0
BMP2K,0.0,8.0,0.0,3.0,0.0,22.0
RGCC,0.0,5.0,0.0,6.0,0.0,22.0
MIEN1,4.0,4.0,1.0,0.0,0.0,22.0
ST3GAL5,0.0,8.0,0.0,3.0,0.0,22.0
EIF2B5,3.0,3.0,0.0,3.0,1.0,22.0
VCP,0.0,1.0,0.0,10.0,0.0,22.0
NUAK1,0.0,5.0,0.0,6.0,0.0,22.0
MGST3,0.0,7.0,1.0,3.0,0.0,22.0
SGK3,2.0,4.0,0.0,4.0,0.0,22.0
SETD6,2.0,6.0,0.0,2.0,0.0,22.0
BCL7A,0.0,5.0,0.0,6.0,0.0,22.0
CERS6,0.0,10.0,0.0,1.0,0.0,22.0
BCS1L,0.0,7.0,1.0,3.0,0.0,22.0
NRIP1,0.0,2.0,0.0,9.0,0.0,22.0
NREP,2.0,6.0,0.0,2.0,0.0,22.0
NRG4,0.0,2.0,0.0,9.0,0.0,22.0
SFRP4,0.0,3.0,2.0,6.0,0.0,22.0
CMTM7,1.0,5.0,0.0,4.0,1.0,22.0
ADCY8,0.0,0.0,1.0,10.0,0.0,22.0
EEF1B2,0.0,7.0,0.0,4.0,0.0,22.0
NPC2,0.0,8.0,0.0,3.0,0.0,22.0
NOS1,0.0,0.0,2.0,9.0,0.0,22.0
MLLT11,0.0,9.0,1.0,1.0,0.0,22.0
SHISA5,0.0,6.0,0.0,5.0,0.0,22.0
MCM5,0.0,7.0,1.0,3.0,0.0,22.0
STK26,0.0,4.0,1.0,6.0,0.0,22.0
NOP58,2.0,3.0,0.0,5.0,0.0,22.0
MCTS1,0.0,4.0,0.0,7.0,0.0,22.0
SHB,1.0,4.0,0.0,2.0,7.0,22.0
ELK1,2.0,0.0,1.0,7.0,0.0,22.0
ST6GALNAC3,0.0,2.0,0.0,9.0,0.0,22.0
BANP,0.0,7.0,0.0,4.0,0.0,22.0
RCN1,2.0,4.0,0.0,4.0,0.0,22.0
CMAS,2.0,4.0,1.0,3.0,0.0,22.0
SERPINB8,0.0,6.0,0.0,5.0,0.0,22.0
RELL1,0.0,10.0,0.0,1.0,0.0,22.0
DCTN6,0.0,3.0,2.0,6.0,0.0,22.0
EIF3J,0.0,6.0,1.0,4.0,0.0,22.0
EPHA4,0.0,5.0,0.0,6.0,0.0,22.0
RAB4B,0.0,7.0,0.0,4.0,0.0,22.0
ATG7,0.0,4.0,0.0,7.0,0.0,22.0
GNAI2,0.0,2.0,0.0,9.0,0.0,22.0
ATF7IP,0.0,4.0,0.0,7.0,0.0,22.0
NCOA4,0.0,4.0,0.0,7.0,0.0,22.0
DPAGT1,2.0,2.0,1.0,5.0,0.0,22.0
NCOR1,0.0,0.0,1.0,10.0,0.0,22.0
LMNA,0.0,8.0,1.0,2.0,0.0,22.0
DPEP3,0.0,0.0,1.0,10.0,0.0,22.0
TBC1D1,0.0,9.0,0.0,2.0,0.0,22.0
FTL,0.0,4.0,0.0,7.0,0.0,22.0
ERP44,2.0,7.0,0.0,1.0,0.0,22.0
CFL1,0.0,3.0,0.0,8.0,0.0,22.0
DLL1,0.0,0.0,0.0,10.0,2.0,22.0
DLGAP5,0.0,4.0,0.0,7.0,0.0,22.0
DLG3,2.0,5.0,0.0,3.0,0.0,22.0
NECAP2,0.0,7.0,0.0,4.0,0.0,22.0
ATOX1,2.0,3.0,2.0,3.0,0.0,22.0
MYADM,2.0,7.0,0.0,1.0,0.0,22.0
DOCK7,4.0,2.0,0.0,3.0,0.0,22.0
ADAM10,0.0,3.0,0.0,8.0,0.0,22.0
TBL1XR1,0.0,2.0,0.0,9.0,0.0,22.0
ASS1,2.0,5.0,0.0,3.0,0.0,22.0
WBP1L,0.0,5.0,0.0,6.0,0.0,22.0
MYLIP,2.0,6.0,0.0,2.0,0.0,22.0
LGMN,2.0,6.0,0.0,2.0,0.0,22.0
SLC31A1,0.0,9.0,0.0,2.0,0.0,22.0
ZDHHC9,2.0,4.0,0.0,4.0,0.0,22.0
RAB29,1.0,6.0,0.0,2.0,3.0,22.0
EVL,2.0,7.0,0.0,1.0,0.0,22.0
COX5A,2.0,4.0,1.0,3.0,0.0,22.0
CLK1,0.0,7.0,0.0,4.0,0.0,22.0
ABHD2,2.0,6.0,0.0,2.0,0.0,22.0
ZEB1,0.0,5.0,1.0,3.0,4.0,22.0
SLC9A9,0.0,9.0,0.0,2.0,0.0,22.0
MYCL,2.0,5.0,0.0,3.0,0.0,22.0
GDF15,0.0,2.0,0.0,9.0,0.0,22.0
PALS2,2.0,5.0,0.0,3.0,0.0,22.0
RIPOR2,0.0,6.0,2.0,2.0,2.0,22.0
PAK3,0.0,2.0,0.0,9.0,0.0,22.0
NEFL,0.0,2.0,2.0,7.0,0.0,22.0
NFATC4,0.0,0.0,2.0,9.0,0.0,22.0
SCRIB,2.0,6.0,0.0,1.0,2.0,22.0
SLC12A6,2.0,7.0,1.0,0.0,0.0,22.0
MST1,0.0,5.0,1.0,5.0,0.0,22.0
LY9,0.0,5.0,0.0,3.0,6.0,22.0
SLC16A10,2.0,7.0,0.0,1.0,0.0,22.0
SCML1,2.0,5.0,0.0,3.0,0.0,22.0
SMC3,0.0,3.0,1.0,7.0,0.0,22.0
CARD9,0.0,10.0,0.0,1.0,0.0,22.0
CFD,0.0,4.0,0.0,7.0,0.0,22.0
TAF4B,2.0,5.0,0.0,3.0,0.0,22.0
ABCD2,2.0,6.0,1.0,1.0,0.0,22.0
DIPK1A,0.0,9.0,0.0,2.0,0.0,22.0
PRKCSH,0.0,4.0,0.0,7.0,0.0,22.0
SMC1A,0.0,3.0,0.0,8.0,0.0,22.0
TAL1,0.0,6.0,1.0,4.0,0.0,22.0
BTN3A2,1.0,8.0,0.0,1.0,1.0,22.0
SCCPDH,2.0,5.0,0.0,3.0,0.0,22.0
LRWD1,4.0,5.0,0.0,0.0,0.0,22.0
DPY30,2.0,2.0,0.0,6.0,0.0,22.0
POLR1D,1.0,4.0,1.0,4.0,0.0,21.0
MRPL34,1.0,5.0,0.0,4.0,0.0,21.0
GCLM,1.0,2.0,2.0,5.0,0.0,21.0
SNX30,1.0,8.0,0.0,1.0,0.0,21.0
TTLL12,1.0,5.0,0.0,4.0,0.0,21.0
PPM1K,1.0,8.0,0.0,1.0,0.0,21.0
IL12A,1.0,5.0,0.0,3.0,2.0,21.0
CD63,1.0,4.0,1.0,4.0,0.0,21.0
ZNF496,3.0,3.0,0.0,3.0,0.0,21.0
TSPAN5,3.0,4.0,0.0,2.0,0.0,21.0
GDNF,5.0,1.0,0.0,2.0,0.0,21.0
GFPT1,1.0,2.0,0.0,7.0,0.0,21.0
PHGDH,1.0,5.0,0.0,4.0,0.0,21.0
NR3C2,1.0,5.0,0.0,4.0,0.0,21.0
CRKL,0.0,2.0,2.0,6.0,1.0,21.0
SRI,1.0,5.0,1.0,3.0,0.0,21.0
DKK2,1.0,6.0,1.0,2.0,0.0,21.0
SLC66A2,3.0,6.0,0.0,0.0,0.0,21.0
RORC,1.0,4.0,0.0,2.0,6.0,21.0
MYLK,1.0,2.0,2.0,5.0,0.0,21.0
DNAJC7,3.0,3.0,1.0,2.0,0.0,21.0
SNN,1.0,6.0,1.0,2.0,0.0,21.0
DDX60L,1.0,9.0,0.0,0.0,0.0,21.0
PFKP,1.0,7.0,2.0,0.0,0.0,21.0
GZMK,3.0,4.0,1.0,1.0,0.0,21.0
NAB2,1.0,5.0,1.0,3.0,0.0,21.0
INTS6L,3.0,6.0,0.0,0.0,0.0,21.0
DNAJB4,1.0,4.0,0.0,5.0,0.0,21.0
PLD3,1.0,5.0,1.0,3.0,0.0,21.0
SMARCD2,0.0,1.0,0.0,8.0,3.0,21.0
FRAT2,1.0,6.0,0.0,3.0,0.0,21.0
GPX2,1.0,2.0,1.0,6.0,0.0,21.0
SPAG5,1.0,8.0,0.0,1.0,0.0,21.0
PTCD3,1.0,6.0,0.0,3.0,0.0,21.0
SNAI1,1.0,0.0,0.0,9.0,0.0,21.0
MMD,1.0,6.0,1.0,2.0,0.0,21.0
CPM,1.0,7.0,0.0,2.0,0.0,21.0
XDH,1.0,8.0,0.0,1.0,0.0,21.0
NOD1,3.0,2.0,0.0,4.0,0.0,21.0
ACOT7,1.0,6.0,1.0,2.0,0.0,21.0
EDAR,3.0,4.0,0.0,2.0,0.0,21.0
DPM2,1.0,2.0,0.0,7.0,0.0,21.0
DPH5,1.0,6.0,0.0,3.0,0.0,21.0
TRIP13,1.0,5.0,0.0,4.0,0.0,21.0
C1ORF54,3.0,6.0,0.0,0.0,0.0,21.0
FUCA1,1.0,4.0,0.0,5.0,0.0,21.0
CIT,1.0,8.0,0.0,1.0,0.0,21.0
CDC37,3.0,0.0,1.0,5.0,0.0,21.0
CSF2RA,1.0,6.0,0.0,3.0,0.0,21.0
ALCAM,1.0,7.0,0.0,2.0,0.0,21.0
DPYSL2,1.0,7.0,0.0,2.0,0.0,21.0
BPGM,1.0,6.0,0.0,3.0,0.0,21.0
DLST,1.0,6.0,0.0,3.0,0.0,21.0
PICALM,1.0,3.0,1.0,5.0,0.0,21.0
TPST2,1.0,5.0,0.0,4.0,0.0,21.0
NOSIP,1.0,6.0,1.0,2.0,0.0,21.0
CELA1,3.0,4.0,0.0,2.0,0.0,21.0
PPT1,1.0,6.0,0.0,3.0,0.0,21.0
AHCY,1.0,4.0,0.0,5.0,0.0,21.0
EFNB3,5.0,0.0,0.0,2.0,2.0,21.0
PFAS,1.0,7.0,0.0,2.0,0.0,21.0
PXMP2,1.0,6.0,0.0,3.0,0.0,21.0
ARL2BP,1.0,6.0,2.0,1.0,0.0,21.0
USP8,1.0,1.0,1.0,7.0,0.0,21.0
ZNF131,1.0,4.0,0.0,5.0,0.0,21.0
ARID1B,0.0,2.0,0.0,7.0,3.0,21.0
KDM3A,1.0,6.0,0.0,3.0,0.0,21.0
P2RX7,3.0,3.0,0.0,2.0,2.0,21.0
LXN,1.0,3.0,1.0,5.0,0.0,21.0
CARD11,0.0,3.0,0.0,5.0,5.0,21.0
CYTH1,1.0,8.0,0.0,1.0,0.0,21.0
TAF10,1.0,2.0,0.0,7.0,0.0,21.0
LYRM4,1.0,4.0,0.0,5.0,0.0,21.0
FANCD2,2.0,3.0,0.0,3.0,3.0,21.0
KCNAB2,1.0,5.0,0.0,4.0,0.0,21.0
KLF5,1.0,4.0,0.0,5.0,0.0,21.0
GNL2,1.0,6.0,1.0,2.0,0.0,21.0
HLTF,1.0,4.0,1.0,4.0,0.0,21.0
TMEM176A,1.0,7.0,0.0,2.0,0.0,21.0
RAMP1,1.0,6.0,0.0,3.0,0.0,21.0
CTSG,1.0,4.0,0.0,4.0,2.0,21.0
JAKMIP2,3.0,5.0,0.0,1.0,0.0,21.0
RPS13,1.0,1.0,0.0,8.0,0.0,21.0
TMEM263,1.0,4.0,0.0,5.0,0.0,21.0
ACSS1,3.0,3.0,0.0,3.0,0.0,21.0
ATP6AP2,1.0,3.0,1.0,5.0,0.0,21.0
HMGA1,1.0,3.0,0.0,6.0,0.0,21.0
SYPL1,3.0,4.0,0.0,2.0,0.0,21.0
LRP8,1.0,4.0,0.0,5.0,0.0,21.0
PAM,3.0,3.0,0.0,3.0,0.0,21.0
VAMP4,1.0,3.0,0.0,6.0,0.0,21.0
WASF2,1.0,5.0,0.0,4.0,0.0,21.0
CBR3,3.0,4.0,0.0,2.0,0.0,21.0
NAGA,1.0,9.0,0.0,0.0,0.0,21.0
LCN2,1.0,4.0,0.0,5.0,0.0,21.0
SAA1,1.0,4.0,0.0,5.0,0.0,21.0
GARS1,1.0,2.0,1.0,6.0,0.0,21.0
TEDC2,1.0,7.0,0.0,2.0,0.0,21.0
CBX6,1.0,2.0,1.0,6.0,0.0,21.0
PRR13,3.0,3.0,1.0,2.0,0.0,21.0
ACTN2,1.0,3.0,0.0,6.0,0.0,21.0
SAMHD1,3.0,6.0,0.0,0.0,0.0,21.0
TBP,1.0,0.0,0.0,9.0,0.0,21.0
ASAH1,1.0,3.0,0.0,6.0,0.0,21.0
USP36,1.0,9.0,0.0,0.0,0.0,21.0
PDE3B,1.0,8.0,0.0,1.0,0.0,21.0
TFEB,1.0,5.0,0.0,4.0,0.0,21.0
ATG13,1.0,4.0,0.0,5.0,0.0,21.0
ARSB,1.0,4.0,0.0,5.0,0.0,21.0
LAMP3,1.0,7.0,0.0,2.0,0.0,21.0
LAMP2,1.0,5.0,0.0,4.0,0.0,21.0
WEE1,3.0,4.0,0.0,2.0,0.0,21.0
SASH1,1.0,5.0,0.0,4.0,0.0,21.0
WAS,1.0,3.0,0.0,5.0,2.0,21.0
KRT27,3.0,2.0,0.0,4.0,0.0,21.0
THY1,1.0,2.0,1.0,4.0,4.0,21.0
PAPOLB,1.0,3.0,0.0,6.0,0.0,21.0
SATB1,3.0,2.0,1.0,3.0,0.0,21.0
GATA1,1.0,2.0,1.0,6.0,0.0,21.0
OTUD1,1.0,9.0,0.0,0.0,0.0,21.0
CDK19,1.0,4.0,0.0,5.0,0.0,21.0
PDPN,1.0,7.0,0.0,2.0,0.0,21.0
ZNF367,1.0,5.0,0.0,4.0,0.0,21.0
MATK,1.0,7.0,1.0,1.0,0.0,21.0
EMP3,1.0,5.0,2.0,2.0,0.0,21.0
MAVS,1.0,2.0,1.0,6.0,0.0,21.0
SSRP1,1.0,4.0,0.0,5.0,0.0,21.0
B3GNT2,1.0,5.0,1.0,3.0,0.0,21.0
MBTPS1,3.0,2.0,0.0,4.0,0.0,21.0
STX1A,1.0,3.0,2.0,4.0,0.0,21.0
SEPTIN6,3.0,4.0,0.0,2.0,0.0,21.0
FDPS,1.0,4.0,1.0,4.0,0.0,21.0
RPL13A,1.0,2.0,0.0,7.0,0.0,21.0
GGH,1.0,6.0,1.0,2.0,0.0,21.0
ITGA1,1.0,1.0,0.0,8.0,0.0,21.0
MCTP2,3.0,6.0,0.0,0.0,0.0,21.0
TOX,3.0,3.0,0.0,1.0,4.0,21.0
ADGRA3,3.0,5.0,0.0,1.0,0.0,21.0
POLA1,1.0,4.0,1.0,4.0,0.0,21.0
PEX2,3.0,2.0,1.0,3.0,0.0,21.0
POLD1,1.0,5.0,1.0,3.0,0.0,21.0
TNFSF11,1.0,7.0,1.0,0.0,2.0,21.0
FBXW7,1.0,1.0,0.0,8.0,0.0,21.0
AOPEP,5.0,3.0,0.0,0.0,0.0,21.0
CACNB3,0.0,7.0,0.0,3.0,1.0,21.0
POLD2,1.0,5.0,1.0,3.0,0.0,21.0
TOPBP1,1.0,3.0,1.0,5.0,0.0,21.0
MEST,3.0,2.0,2.0,2.0,0.0,21.0
AUH,3.0,6.0,0.0,0.0,0.0,21.0
GNS,1.0,6.0,1.0,2.0,0.0,21.0
AEBP1,1.0,4.0,0.0,5.0,0.0,21.0
RAB10,0.0,2.0,0.0,8.0,0.0,20.0
GSPT2,0.0,6.0,0.0,4.0,0.0,20.0
PRDX5,2.0,3.0,1.0,3.0,0.0,20.0
PRDX6,0.0,4.0,2.0,4.0,0.0,20.0
PPARA,0.0,2.0,1.0,7.0,0.0,20.0
CEBPA,0.0,5.0,0.0,5.0,0.0,20.0
GNAI3,0.0,0.0,1.0,9.0,0.0,20.0
GTPBP2,0.0,5.0,0.0,5.0,0.0,20.0
PLEK2,0.0,5.0,0.0,5.0,0.0,20.0
PRR5L,2.0,6.0,0.0,1.0,0.0,20.0
REL,0.0,6.0,0.0,4.0,0.0,20.0
CLEC11A,2.0,6.0,0.0,1.0,0.0,20.0
RIOX2,0.0,5.0,0.0,5.0,0.0,20.0
ZWILCH,2.0,4.0,1.0,2.0,0.0,20.0
PRR15,2.0,5.0,0.0,2.0,0.0,20.0
CKB,0.0,8.0,1.0,1.0,0.0,20.0
ABTB2,2.0,6.0,0.0,1.0,0.0,20.0
RALBP1,0.0,6.0,1.0,3.0,0.0,20.0
PPP1CC,0.0,1.0,2.0,7.0,0.0,20.0
RBBP8,0.0,4.0,2.0,4.0,0.0,20.0
PPP1R21,0.0,10.0,0.0,0.0,0.0,20.0
RAB19,2.0,3.0,0.0,4.0,0.0,20.0
RHOH,1.0,4.0,1.0,2.0,3.0,20.0
CFI,2.0,4.0,0.0,3.0,0.0,20.0
ZFAND5,0.0,8.0,0.0,2.0,0.0,20.0
PLPP1,2.0,4.0,0.0,3.0,0.0,20.0
GRK6,0.0,7.0,0.0,3.0,0.0,20.0
GRN,0.0,6.0,0.0,4.0,0.0,20.0
PMP22,0.0,4.0,1.0,5.0,0.0,20.0
CLTB,0.0,6.0,0.0,4.0,0.0,20.0
CNIH1,0.0,7.0,1.0,2.0,0.0,20.0
CHST12,2.0,7.0,0.0,0.0,0.0,20.0
PLEKHO2,2.0,5.0,0.0,2.0,0.0,20.0
GMNN,0.0,5.0,1.0,4.0,0.0,20.0
RCBTB2,0.0,10.0,0.0,0.0,0.0,20.0
H2AC11,0.0,0.0,0.0,10.0,0.0,20.0
PLXND1,2.0,5.0,0.0,2.0,0.0,20.0
GPI,0.0,5.0,1.0,4.0,0.0,20.0
POLR2E,0.0,2.0,1.0,7.0,0.0,20.0
PTP4A2,2.0,3.0,1.0,3.0,0.0,20.0
RAD50,0.0,4.0,1.0,5.0,0.0,20.0
RFFL,2.0,4.0,0.0,3.0,0.0,20.0
PSEN2,2.0,4.0,0.0,3.0,0.0,20.0
RELN,2.0,2.0,0.0,5.0,0.0,20.0
GPX3,0.0,1.0,3.0,6.0,0.0,20.0
PON2,0.0,7.0,1.0,2.0,0.0,20.0
COTL1,2.0,3.0,0.0,4.0,0.0,20.0
CERK,0.0,9.0,0.0,1.0,0.0,20.0
PTS,0.0,8.0,0.0,2.0,0.0,20.0
ZFYVE1,0.0,8.0,0.0,2.0,0.0,20.0
GNE,0.0,6.0,0.0,4.0,0.0,20.0
CHD7,1.0,7.0,0.0,0.0,3.0,20.0
CITED2,0.0,4.0,1.0,5.0,0.0,20.0
RAB33A,0.0,6.0,0.0,4.0,0.0,20.0
PLEKHA1,2.0,6.0,0.0,1.0,0.0,20.0
CHAC1,0.0,5.0,0.0,5.0,0.0,20.0
HVCN1,0.0,8.0,0.0,2.0,0.0,20.0
CDH11,0.0,1.0,0.0,9.0,0.0,20.0
ATP6V1C1,0.0,3.0,0.0,7.0,0.0,20.0
LTA,0.0,9.0,0.0,1.0,0.0,20.0
EPRS1,0.0,4.0,0.0,6.0,0.0,20.0
TADA3,0.0,0.0,1.0,9.0,0.0,20.0
MAFG,0.0,2.0,0.0,8.0,0.0,20.0
MAGED1,2.0,4.0,0.0,3.0,0.0,20.0
HK3,0.0,8.0,0.0,2.0,0.0,20.0
ATP6V1B2,0.0,4.0,1.0,5.0,0.0,20.0
MAN1A1,2.0,4.0,0.0,3.0,0.0,20.0
EML4,2.0,6.0,0.0,1.0,0.0,20.0
MAP2,4.0,1.0,0.0,3.0,0.0,20.0
MAP3K2,0.0,9.0,0.0,1.0,0.0,20.0
SURF1,0.0,10.0,0.0,0.0,0.0,20.0
AUTS2,2.0,2.0,0.0,5.0,0.0,20.0
HIRIP3,0.0,10.0,0.0,0.0,0.0,20.0
MAT2A,2.0,1.0,0.0,6.0,0.0,20.0
STX11,2.0,5.0,1.0,1.0,0.0,20.0
LRRC8A,3.0,5.0,0.0,0.0,1.0,20.0
LRP1,0.0,7.0,0.0,3.0,0.0,20.0
LPGAT1,4.0,4.0,0.0,0.0,0.0,20.0
TARS1,0.0,6.0,1.0,3.0,0.0,20.0
LCOR,0.0,8.0,0.0,2.0,0.0,20.0
LCP1,0.0,6.0,0.0,2.0,4.0,20.0
LDB1,0.0,5.0,1.0,4.0,0.0,20.0
EXOSC7,2.0,3.0,0.0,4.0,0.0,20.0
EXOSC3,0.0,0.0,0.0,9.0,2.0,20.0
TCP11L2,2.0,4.0,0.0,3.0,0.0,20.0
LDLR,0.0,2.0,0.0,8.0,0.0,20.0
EXOC3L4,0.0,6.0,0.0,4.0,0.0,20.0
LHFPL2,0.0,6.0,0.0,4.0,0.0,20.0
LIMS1,0.0,7.0,0.0,3.0,0.0,20.0
ETV5,2.0,5.0,0.0,2.0,0.0,20.0
LIPT1,2.0,5.0,0.0,2.0,0.0,20.0
LMBRD1,2.0,5.0,0.0,2.0,0.0,20.0
LPAR2,0.0,3.0,0.0,7.0,0.0,20.0
ATIC,0.0,5.0,1.0,4.0,0.0,20.0
STT3A,2.0,2.0,0.0,5.0,0.0,20.0
MCCC2,2.0,6.0,1.0,0.0,0.0,20.0
F9,0.0,0.0,0.0,10.0,0.0,20.0
MPHOSPH8,0.0,5.0,0.0,5.0,0.0,20.0
EDEM2,0.0,6.0,0.0,4.0,0.0,20.0
ADCY5,0.0,1.0,0.0,9.0,0.0,20.0
MLKL,0.0,6.0,0.0,4.0,0.0,20.0
E2F6,0.0,5.0,0.0,5.0,0.0,20.0
HIKESHI,2.0,4.0,0.0,3.0,0.0,20.0
DZIP3,2.0,2.0,0.0,5.0,0.0,20.0
MORF4L2,2.0,5.0,1.0,1.0,0.0,20.0
ADCY1,0.0,2.0,0.0,8.0,0.0,20.0
STOM,2.0,4.0,0.0,3.0,0.0,20.0
BRD1,0.0,5.0,1.0,4.0,0.0,20.0
DTYMK,0.0,9.0,0.0,1.0,0.0,20.0
BRIP1,0.0,5.0,0.0,5.0,0.0,20.0
SNAP25,0.0,1.0,3.0,6.0,0.0,20.0
SNAI2,0.0,2.0,1.0,7.0,0.0,20.0
DRG1,0.0,5.0,1.0,4.0,0.0,20.0
SMC4,0.0,3.0,2.0,5.0,0.0,20.0
SPINT1,0.0,6.0,0.0,4.0,0.0,20.0
EEF1A1,0.0,1.0,1.0,8.0,0.0,20.0
MINDY1,0.0,7.0,0.0,3.0,0.0,20.0
MIA3,2.0,4.0,0.0,3.0,0.0,20.0
MCM3,0.0,3.0,1.0,6.0,0.0,20.0
STK39,0.0,4.0,0.0,6.0,0.0,20.0
MDH1,0.0,3.0,2.0,5.0,0.0,20.0
BAK1,1.0,4.0,0.0,4.0,1.0,20.0
ELF4,2.0,3.0,1.0,2.0,2.0,20.0
VAV2,0.0,1.0,1.0,8.0,0.0,20.0
STAP1,0.0,7.0,1.0,2.0,0.0,20.0
EIF3I,0.0,5.0,1.0,4.0,0.0,20.0
BCAR1,1.0,0.0,0.0,8.0,1.0,20.0
EIF3A,0.0,2.0,1.0,7.0,0.0,20.0
SSNA1,2.0,4.0,0.0,3.0,0.0,20.0
BCR,2.0,3.0,3.0,1.0,0.0,20.0
SRXN1,2.0,3.0,1.0,3.0,0.0,20.0
MGME1,0.0,8.0,0.0,2.0,0.0,20.0
SRP54,0.0,5.0,1.0,4.0,0.0,20.0
ASF1B,0.0,7.0,0.0,3.0,0.0,20.0
FABP4,0.0,7.0,0.0,3.0,0.0,20.0
MTR,0.0,1.0,1.0,8.0,0.0,20.0
IL1R1,0.0,5.0,0.0,5.0,0.0,20.0
IHH,0.0,1.0,0.0,7.0,4.0,20.0
UCK2,2.0,3.0,0.0,4.0,0.0,20.0
IL10RB,2.0,6.0,0.0,1.0,0.0,20.0
IL12RB2,0.0,5.0,2.0,3.0,0.0,20.0
AMZ2,2.0,5.0,0.0,2.0,0.0,20.0
ANAPC11,0.0,1.0,1.0,8.0,0.0,20.0
ANGPT2,0.0,1.0,2.0,7.0,0.0,20.0
TRPC3,0.0,0.0,0.0,10.0,0.0,20.0
IMPA2,0.0,9.0,0.0,1.0,0.0,20.0
IL21,2.0,3.0,1.0,0.0,6.0,20.0
TRIP6,0.0,5.0,0.0,5.0,0.0,20.0
IL23A,0.0,4.0,0.0,3.0,6.0,20.0
FZD8,0.0,1.0,1.0,6.0,4.0,20.0
TRIM69,0.0,9.0,0.0,1.0,0.0,20.0
UGGT1,0.0,5.0,1.0,4.0,0.0,20.0
TRIB1,0.0,8.0,0.0,2.0,0.0,20.0
IGFBP4,0.0,0.0,0.0,10.0,0.0,20.0
TUBA1C,0.0,1.0,0.0,9.0,0.0,20.0
TUBA3D,0.0,1.0,0.0,9.0,0.0,20.0
TUBA8,0.0,0.0,0.0,10.0,0.0,20.0
UBE2W,0.0,1.0,0.0,9.0,0.0,20.0
UBE2G2,0.0,2.0,1.0,7.0,0.0,20.0
HUS1,0.0,7.0,0.0,3.0,0.0,20.0
FSCN1,0.0,2.0,1.0,7.0,0.0,20.0
AKR1C3,0.0,5.0,1.0,4.0,0.0,20.0
UBA6,0.0,4.0,0.0,6.0,0.0,20.0
ALAD,0.0,2.0,2.0,6.0,0.0,20.0
ALDH1A2,0.0,7.0,0.0,3.0,0.0,20.0
HSPB1,0.0,4.0,0.0,6.0,0.0,20.0
FRAT1,0.0,9.0,0.0,1.0,0.0,20.0
UBXN2A,2.0,6.0,0.0,1.0,0.0,20.0
IFNA4,0.0,1.0,1.0,6.0,4.0,20.0
IFNA5,0.0,1.0,1.0,6.0,4.0,20.0
TUBB8,0.0,0.0,0.0,10.0,0.0,20.0
TUBB1,0.0,1.0,0.0,9.0,0.0,20.0
FIGNL1,2.0,4.0,0.0,3.0,0.0,20.0
FH,0.0,8.0,1.0,1.0,0.0,20.0
LAMTOR5,2.0,1.0,0.0,6.0,0.0,20.0
KDM6A,0.0,5.0,0.0,5.0,0.0,20.0
HLA-F,0.0,6.0,0.0,3.0,2.0,20.0
FARS2,0.0,4.0,1.0,5.0,0.0,20.0
KCNAB1,4.0,2.0,0.0,2.0,0.0,20.0
FANCG,0.0,7.0,0.0,3.0,0.0,20.0
ARHGEF1,0.0,5.0,0.0,5.0,0.0,20.0
KDELR1,1.0,5.0,0.0,2.0,3.0,20.0
HLA-DRB4,0.0,3.0,1.0,5.0,2.0,20.0
KDM7A,2.0,6.0,0.0,1.0,0.0,20.0
ANP32B,0.0,5.0,1.0,4.0,0.0,20.0
KIF18B,2.0,4.0,0.0,3.0,0.0,20.0
KLRB1,0.0,6.0,0.0,4.0,0.0,20.0
FAM117A,4.0,2.0,1.0,1.0,0.0,20.0
L3MBTL2,0.0,4.0,0.0,6.0,0.0,20.0
FAM107B,2.0,4.0,0.0,3.0,0.0,20.0
TGFB3,0.0,3.0,1.0,6.0,0.0,20.0
LAMTOR2,0.0,3.0,0.0,7.0,0.0,20.0
TMEM131L,2.0,5.0,0.0,0.0,4.0,20.0
FBXL3,2.0,3.0,0.0,4.0,0.0,20.0
FBXO4,2.0,2.0,0.0,5.0,0.0,20.0
AR,0.0,1.0,0.0,9.0,0.0,20.0
TPRG1L,2.0,5.0,0.0,2.0,0.0,20.0
HPGD,0.0,7.0,1.0,2.0,0.0,20.0
TPM2,0.0,3.0,0.0,7.0,0.0,20.0
FGF21,0.0,2.0,0.0,8.0,0.0,20.0
AOAH,0.0,8.0,1.0,1.0,0.0,20.0
AP1S2,0.0,7.0,0.0,3.0,0.0,20.0
AP2B1,0.0,4.0,0.0,6.0,0.0,20.0
HOMER1,0.0,9.0,0.0,1.0,0.0,20.0
HNRNPK,0.0,4.0,2.0,4.0,0.0,20.0
HNRNPD,0.0,6.0,0.0,4.0,0.0,20.0
ITFG1,2.0,7.0,0.0,0.0,0.0,20.0
TNFSF14,0.0,6.0,0.0,3.0,2.0,20.0
ITGA7,0.0,2.0,0.0,8.0,0.0,20.0
APOBEC3G,2.0,5.0,1.0,1.0,0.0,20.0
TNFRSF10A,0.0,2.0,1.0,7.0,0.0,20.0
MTHFS,0.0,6.0,0.0,4.0,0.0,20.0
MGAT5,0.0,5.0,0.0,5.0,0.0,20.0
MUC1,0.0,2.0,0.0,8.0,0.0,20.0
SEC24D,0.0,2.0,0.0,8.0,0.0,20.0
SEC14L1,2.0,6.0,0.0,1.0,0.0,20.0
OSM,0.0,7.0,0.0,3.0,0.0,20.0
SDCBP,0.0,3.0,1.0,6.0,0.0,20.0
CYP51A1,0.0,5.0,2.0,3.0,0.0,20.0
CARM1,2.0,0.0,0.0,7.0,0.0,20.0
SCG5,0.0,2.0,0.0,8.0,0.0,20.0
CARS1,2.0,2.0,0.0,5.0,0.0,20.0
PAICS,0.0,4.0,1.0,5.0,0.0,20.0
PAK6,0.0,4.0,0.0,6.0,0.0,20.0
SASH3,1.0,5.0,0.0,2.0,3.0,20.0
CAST,2.0,3.0,1.0,3.0,0.0,20.0
CAVIN1,0.0,3.0,0.0,7.0,0.0,20.0
SAE1,2.0,2.0,0.0,5.0,0.0,20.0
PAX6,0.0,0.0,0.0,10.0,0.0,20.0
S100A11,0.0,8.0,0.0,2.0,0.0,20.0
ORC1,2.0,5.0,0.0,2.0,0.0,20.0
DAPK1,0.0,5.0,1.0,4.0,0.0,20.0
RWDD1,0.0,5.0,0.0,5.0,0.0,20.0
SMAP2,0.0,7.0,0.0,3.0,0.0,20.0
NQO2,2.0,2.0,1.0,4.0,0.0,20.0
NRG3,0.0,1.0,0.0,9.0,0.0,20.0
SF3B3,0.0,6.0,1.0,3.0,0.0,20.0
GGA2,0.0,6.0,2.0,2.0,0.0,20.0
NTF4,0.0,1.0,1.0,8.0,0.0,20.0
DDOST,0.0,0.0,0.0,9.0,2.0,20.0
CACNA1C,2.0,1.0,0.0,6.0,0.0,20.0
SERPINH1,2.0,0.0,0.0,7.0,0.0,20.0
SERPINF1,0.0,5.0,0.0,5.0,0.0,20.0
DDB1,0.0,3.0,1.0,6.0,0.0,20.0
CACNB2,0.0,6.0,0.0,4.0,0.0,20.0
VPS26B,0.0,6.0,0.0,4.0,0.0,20.0
HAUS3,0.0,7.0,0.0,3.0,0.0,20.0
DCK,0.0,5.0,0.0,5.0,0.0,20.0
GHITM,2.0,3.0,1.0,3.0,0.0,20.0
CXCR3,2.0,7.0,0.0,0.0,0.0,20.0
RUFY1,2.0,4.0,0.0,3.0,0.0,20.0
SH3GL3,0.0,4.0,0.0,6.0,0.0,20.0
RPL12,0.0,4.0,0.0,6.0,0.0,20.0
CSNK2A2,0.0,1.0,0.0,9.0,0.0,20.0
PFN1,0.0,2.0,2.0,6.0,0.0,20.0
CSNK1D,0.0,3.0,1.0,6.0,0.0,20.0
CSF3,0.0,5.0,1.0,4.0,0.0,20.0
PIGZ,0.0,1.0,1.0,8.0,0.0,20.0
YAF2,0.0,3.0,0.0,7.0,0.0,20.0
CD72,0.0,9.0,0.0,1.0,0.0,20.0
YPEL2,2.0,5.0,0.0,2.0,0.0,20.0
ACADM,2.0,3.0,1.0,3.0,0.0,20.0
CDC16,0.0,2.0,1.0,7.0,0.0,20.0
CDC23,0.0,2.0,1.0,7.0,0.0,20.0
CREG1,2.0,5.0,1.0,1.0,0.0,20.0
PIP5K1B,0.0,4.0,1.0,5.0,0.0,20.0
CPT1A,2.0,4.0,0.0,3.0,0.0,20.0
PKM,0.0,3.0,1.0,6.0,0.0,20.0
PF4,0.0,1.0,0.0,9.0,0.0,20.0
CCPG1,0.0,5.0,0.0,5.0,0.0,20.0
PCK2,0.0,5.0,2.0,3.0,0.0,20.0
RPL18A,0.0,2.0,1.0,7.0,0.0,20.0
RRM2B,0.0,4.0,0.0,6.0,0.0,20.0
CUL2,0.0,3.0,1.0,6.0,0.0,20.0
CTTNBP2NL,0.0,10.0,0.0,0.0,0.0,20.0
RPS8,0.0,1.0,0.0,9.0,0.0,20.0
PDE9A,2.0,4.0,0.0,3.0,0.0,20.0
CTSH,0.0,5.0,0.0,5.0,0.0,20.0
RPS15A,0.0,2.0,0.0,8.0,0.0,20.0
RPP40,0.0,8.0,0.0,2.0,0.0,20.0
RPLP1,0.0,2.0,1.0,7.0,0.0,20.0
PDIA5,2.0,6.0,0.0,1.0,0.0,20.0
RPL30,0.0,3.0,1.0,6.0,0.0,20.0
PDLIM1,2.0,3.0,1.0,3.0,0.0,20.0
CTH,0.0,3.0,2.0,5.0,0.0,20.0
GLA,0.0,6.0,0.0,4.0,0.0,20.0
RPL22,1.0,1.0,0.0,6.0,3.0,20.0
NOTCH3,0.0,2.0,0.0,8.0,0.0,20.0
CAMK2D,0.0,3.0,0.0,7.0,0.0,20.0
NAPSA,2.0,6.0,0.0,1.0,0.0,20.0
VPREB3,0.0,5.0,0.0,5.0,0.0,20.0
DOCK2,0.0,4.0,1.0,3.0,4.0,20.0
SLC27A3,2.0,6.0,1.0,0.0,0.0,20.0
SLC2A6,0.0,10.0,0.0,0.0,0.0,20.0
C1ORF21,2.0,7.0,0.0,0.0,0.0,20.0
SLC8A1,0.0,3.0,0.0,7.0,0.0,20.0
SLC22A4,0.0,6.0,0.0,4.0,0.0,20.0
DNTT,0.0,7.0,1.0,2.0,0.0,20.0
DNMBP,0.0,6.0,1.0,3.0,0.0,20.0
SKIC8,0.0,3.0,1.0,6.0,0.0,20.0
ADAMTS4,0.0,3.0,0.0,7.0,0.0,20.0
SLC4A7,4.0,2.0,0.0,2.0,0.0,20.0
NCF4,0.0,5.0,2.0,3.0,0.0,20.0
MYO6,4.0,3.0,0.0,1.0,0.0,20.0
NEMP1,2.0,6.0,0.0,1.0,0.0,20.0
NEDD9,1.0,5.0,0.0,3.0,1.0,20.0
MZB1,1.0,5.0,0.0,3.0,1.0,20.0
ADAMTS15,0.0,3.0,0.0,7.0,0.0,20.0
VNN1,2.0,2.0,0.0,3.0,4.0,20.0
DNAJA3,0.0,7.0,1.0,0.0,4.0,20.0
GFOD1,2.0,4.0,0.0,3.0,0.0,20.0
MYBL2,0.0,5.0,0.0,5.0,0.0,20.0
C1GALT1C1,0.0,5.0,0.0,5.0,0.0,20.0
ADAMTSL5,0.0,1.0,0.0,9.0,0.0,20.0
C16ORF54,2.0,6.0,0.0,1.0,0.0,20.0
SLC20A1,2.0,2.0,0.0,5.0,0.0,20.0
NHERF1,2.0,5.0,0.0,2.0,0.0,20.0
NOD2,0.0,2.0,0.0,7.0,2.0,20.0
NCAPD3,2.0,2.0,0.0,5.0,0.0,20.0
FIRRM,1.0,6.0,0.0,2.0,0.0,19.0
INHBA,0.0,6.0,0.0,3.0,1.0,19.0
INPP5D,1.0,3.0,0.0,4.0,2.0,19.0
GSPT1,3.0,2.0,1.0,2.0,0.0,19.0
EEF1D,1.0,4.0,0.0,4.0,0.0,19.0
FHIT,1.0,5.0,0.0,3.0,0.0,19.0
MIR22HG,1.0,3.0,0.0,5.0,0.0,19.0
NCAPG2,1.0,6.0,0.0,2.0,0.0,19.0
EPB41L2,1.0,4.0,1.0,3.0,0.0,19.0
GAB3,3.0,5.0,0.0,0.0,0.0,19.0
GSTT2,3.0,2.0,1.0,2.0,0.0,19.0
PPM1F,1.0,6.0,0.0,2.0,0.0,19.0
PDCD6IP,1.0,2.0,3.0,3.0,0.0,19.0
PLA2G4A,1.0,3.0,0.0,5.0,0.0,19.0
PREX1,2.0,3.0,0.0,2.0,3.0,19.0
COCH,3.0,1.0,0.0,4.0,0.0,19.0
NCK2,3.0,3.0,0.0,1.0,2.0,19.0
COX7A1,1.0,1.0,0.0,7.0,0.0,19.0
PPIA,1.0,2.0,0.0,6.0,0.0,19.0
EIF2B2,0.0,5.0,0.0,4.0,1.0,19.0
PPFIBP1,1.0,7.0,0.0,1.0,0.0,19.0
PDE4D,0.0,6.0,0.0,3.0,1.0,19.0
MLX,3.0,5.0,0.0,0.0,0.0,19.0
MLEC,1.0,3.0,0.0,5.0,0.0,19.0
GKAP1,1.0,6.0,0.0,2.0,0.0,19.0
MT1X,1.0,3.0,0.0,5.0,0.0,19.0
MSRB2,1.0,5.0,0.0,3.0,0.0,19.0
CRADD,1.0,2.0,1.0,5.0,0.0,19.0
CREBRF,3.0,5.0,0.0,0.0,0.0,19.0
CNOT7,1.0,1.0,1.0,6.0,0.0,19.0
CREM,1.0,5.0,0.0,3.0,0.0,19.0
DOK2,3.0,3.0,0.0,2.0,0.0,19.0
HSPA9,1.0,2.0,1.0,5.0,0.0,19.0
GPM6B,3.0,3.0,0.0,2.0,0.0,19.0
MRPS18B,1.0,5.0,0.0,3.0,0.0,19.0
MRPL42,1.0,5.0,0.0,3.0,0.0,19.0
MRPL41,1.0,6.0,0.0,2.0,0.0,19.0
PHLDA1,1.0,6.0,1.0,1.0,0.0,19.0
IFT70B,1.0,7.0,0.0,1.0,0.0,19.0
PGK1,1.0,3.0,1.0,4.0,0.0,19.0
IGFBP5,1.0,1.0,0.0,7.0,0.0,19.0
IKZF2,3.0,4.0,0.0,1.0,0.0,19.0
DNAJC9,1.0,5.0,1.0,2.0,0.0,19.0
GMDS,1.0,4.0,1.0,3.0,0.0,19.0
PAX5,0.0,2.0,0.0,7.0,1.0,19.0
PEA15,1.0,6.0,0.0,2.0,0.0,19.0
GBP6,1.0,6.0,1.0,1.0,0.0,19.0
CTBP1,1.0,3.0,1.0,4.0,0.0,19.0
GSDMD,1.0,4.0,0.0,4.0,0.0,19.0
PPP1R15B,1.0,6.0,0.0,2.0,0.0,19.0
NCKAP1L,2.0,1.0,0.0,3.0,5.0,19.0
JADE1,1.0,6.0,0.0,2.0,0.0,19.0
FBXW2,1.0,4.0,1.0,3.0,0.0,19.0
MASP1,1.0,1.0,0.0,7.0,0.0,19.0
CLEC2B,3.0,1.0,1.0,2.0,2.0,19.0
CLEC2D,1.0,4.0,0.0,4.0,0.0,19.0
EMC8,1.0,7.0,0.0,1.0,0.0,19.0
OAT,1.0,4.0,1.0,3.0,0.0,19.0
HACD4,1.0,6.0,1.0,1.0,0.0,19.0
GMPPB,3.0,2.0,0.0,3.0,0.0,19.0
POMGNT1,1.0,4.0,0.0,4.0,0.0,19.0
LDLRAP1,3.0,2.0,0.0,3.0,0.0,19.0
LGALS9,0.0,2.0,1.0,3.0,7.0,19.0
PRKX,1.0,3.0,0.0,5.0,0.0,19.0
LGALS9B,3.0,4.0,0.0,0.0,2.0,19.0
CLINT1,3.0,4.0,0.0,1.0,0.0,19.0
ENG,3.0,4.0,0.0,1.0,0.0,19.0
LILRB4,0.0,1.0,4.0,2.0,5.0,19.0
ENPP1,1.0,4.0,0.0,4.0,0.0,19.0
HERC2,1.0,3.0,0.0,5.0,0.0,19.0
DHX15,1.0,6.0,1.0,1.0,0.0,19.0
ERRFI1,1.0,5.0,1.0,2.0,0.0,19.0
DDX21,1.0,4.0,1.0,3.0,0.0,19.0
LPP,3.0,4.0,1.0,0.0,0.0,19.0
NRGN,1.0,2.0,0.0,6.0,0.0,19.0
NMI,1.0,3.0,1.0,4.0,0.0,19.0
ERCC1,1.0,2.0,0.0,5.0,2.0,19.0
LSS,1.0,3.0,2.0,3.0,0.0,19.0
CLNS1A,1.0,6.0,1.0,1.0,0.0,19.0
NMRK1,1.0,5.0,0.0,3.0,0.0,19.0
EPS15,1.0,2.0,1.0,5.0,0.0,19.0
EPPK1,1.0,4.0,0.0,4.0,0.0,19.0
POLR1G,1.0,3.0,0.0,5.0,0.0,19.0
MAD2L1,1.0,3.0,1.0,4.0,0.0,19.0
F2RL2,1.0,3.0,0.0,5.0,0.0,19.0
HIPK1,1.0,3.0,0.0,5.0,0.0,19.0
LANCL2,1.0,8.0,0.0,0.0,0.0,19.0
ORAI2,1.0,4.0,0.0,4.0,0.0,19.0
EIF4EBP2,1.0,5.0,0.0,3.0,0.0,19.0
GTSE1,1.0,6.0,0.0,2.0,0.0,19.0
COX4I1,1.0,5.0,0.0,3.0,0.0,19.0
DENND4C,1.0,7.0,0.0,1.0,0.0,19.0
KANSL2,1.0,5.0,0.0,3.0,0.0,19.0
PARK7,1.0,1.0,0.0,7.0,0.0,19.0
PLS3,1.0,5.0,1.0,2.0,0.0,19.0
MED6,1.0,4.0,1.0,3.0,0.0,19.0
PAK4,1.0,0.0,0.0,8.0,0.0,19.0
KCNJ2,1.0,4.0,1.0,3.0,0.0,19.0
PACSIN2,1.0,3.0,1.0,4.0,0.0,19.0
NDFIP2,1.0,6.0,1.0,1.0,0.0,19.0
MED17,1.0,4.0,1.0,3.0,0.0,19.0
P4HB,1.0,4.0,1.0,3.0,0.0,19.0
KHK,3.0,2.0,0.0,3.0,0.0,19.0
FAM241A,3.0,2.0,0.0,3.0,0.0,19.0
DKK3,1.0,2.0,0.0,6.0,0.0,19.0
KIF20A,1.0,5.0,0.0,3.0,0.0,19.0
KIF4A,1.0,4.0,0.0,4.0,0.0,19.0
KLF3,3.0,5.0,0.0,0.0,0.0,19.0
MCM6,1.0,6.0,0.0,2.0,0.0,19.0
PSAP,1.0,2.0,0.0,6.0,0.0,19.0
KNL1,1.0,5.0,1.0,2.0,0.0,19.0
OTUD5,1.0,3.0,0.0,5.0,0.0,19.0
OTUD4,1.0,5.0,0.0,3.0,0.0,19.0
MCM4,1.0,5.0,0.0,3.0,0.0,19.0
NEDD4L,1.0,2.0,0.0,6.0,0.0,19.0
PRRC1,3.0,3.0,1.0,1.0,0.0,19.0
FADS2,1.0,4.0,1.0,3.0,0.0,19.0
PPRC1,1.0,5.0,0.0,3.0,0.0,19.0
GPR171,1.0,4.0,1.0,3.0,0.0,19.0
TNFRSF10C,1.0,0.0,1.0,7.0,0.0,19.0
ZMIZ1,0.0,6.0,0.0,2.0,3.0,19.0
SEC24A,1.0,2.0,0.0,6.0,0.0,19.0
CANT1,1.0,0.0,0.0,8.0,0.0,19.0
APOL6,1.0,8.0,0.0,0.0,0.0,19.0
ARF6,1.0,3.0,0.0,5.0,0.0,19.0
RNF34,1.0,4.0,0.0,4.0,0.0,19.0
CAND1,1.0,4.0,0.0,4.0,0.0,19.0
TNFRSF17,1.0,6.0,0.0,2.0,0.0,19.0
STK38,5.0,1.0,0.0,1.0,0.0,19.0
RMND5B,1.0,5.0,0.0,3.0,0.0,19.0
SNX5,1.0,5.0,2.0,1.0,0.0,19.0
CD52,1.0,5.0,0.0,3.0,0.0,19.0
SMC6,1.0,3.0,0.0,5.0,0.0,19.0
TLR3,1.0,5.0,1.0,2.0,0.0,19.0
CD22,2.0,3.0,0.0,3.0,1.0,19.0
ADSS2,1.0,4.0,1.0,3.0,0.0,19.0
TENT5A,1.0,5.0,0.0,3.0,0.0,19.0
SPCS3,1.0,4.0,0.0,4.0,0.0,19.0
BAMBI,1.0,5.0,0.0,3.0,0.0,19.0
ZMAT3,1.0,5.0,0.0,3.0,0.0,19.0
ALOX5AP,3.0,4.0,0.0,1.0,0.0,19.0
RNASET2,1.0,7.0,0.0,1.0,0.0,19.0
BLVRB,1.0,6.0,1.0,1.0,0.0,19.0
TMED3,1.0,3.0,1.0,4.0,0.0,19.0
VASP,1.0,6.0,0.0,2.0,0.0,19.0
ST8SIA1,3.0,2.0,0.0,3.0,0.0,19.0
RUVBL1,1.0,2.0,1.0,5.0,0.0,19.0
SMARCC2,0.0,0.0,1.0,7.0,3.0,19.0
ARHGAP27,1.0,2.0,0.0,6.0,0.0,19.0
XPC,1.0,2.0,1.0,5.0,0.0,19.0
ADAMTS9,1.0,1.0,0.0,7.0,0.0,19.0
STX3,1.0,4.0,0.0,4.0,0.0,19.0
TCIRG1,2.0,2.0,0.0,3.0,3.0,19.0
RNF128,3.0,0.0,0.0,5.0,0.0,19.0
STMP1,3.0,5.0,0.0,0.0,0.0,19.0
SEC11A,1.0,2.0,1.0,5.0,0.0,19.0
RBM38,1.0,6.0,0.0,2.0,0.0,19.0
SMARCD1,0.0,1.0,0.0,7.0,3.0,19.0
TMEM150A,5.0,1.0,0.0,1.0,0.0,19.0
RNF7,1.0,2.0,0.0,6.0,0.0,19.0
CD58,3.0,1.0,0.0,4.0,0.0,19.0
ST13,3.0,1.0,2.0,2.0,0.0,19.0
AHCYL1,1.0,2.0,1.0,5.0,0.0,19.0
SPA17,1.0,3.0,0.0,5.0,0.0,19.0
SP3,0.0,2.0,0.0,6.0,3.0,19.0
RNF138,1.0,3.0,0.0,5.0,0.0,19.0
CASP7,1.0,3.0,0.0,5.0,0.0,19.0
TMEM167A,1.0,4.0,0.0,4.0,0.0,19.0
TAGLN2,1.0,4.0,1.0,3.0,0.0,19.0
SLC25A15,1.0,2.0,2.0,4.0,0.0,19.0
ATG2A,1.0,6.0,0.0,2.0,0.0,19.0
SLC11A1,1.0,3.0,1.0,2.0,4.0,19.0
CDS2,1.0,7.0,0.0,1.0,0.0,19.0
TCTA,1.0,4.0,0.0,4.0,0.0,19.0
VWA8,1.0,5.0,0.0,3.0,0.0,19.0
PTP4A3,1.0,6.0,0.0,2.0,0.0,19.0
UBA7,1.0,3.0,0.0,5.0,0.0,19.0
BLK,1.0,3.0,0.0,5.0,0.0,19.0
TCEAL9,1.0,3.0,2.0,3.0,0.0,19.0
PTPN4,1.0,6.0,0.0,2.0,0.0,19.0
USP2,1.0,3.0,0.0,5.0,0.0,19.0
TNPO1,3.0,1.0,1.0,3.0,0.0,19.0
U2AF1,1.0,8.0,0.0,0.0,0.0,19.0
SETD7,1.0,1.0,0.0,7.0,0.0,19.0
AGAP1,3.0,5.0,0.0,0.0,0.0,19.0
TXNL4A,3.0,4.0,0.0,1.0,0.0,19.0
TENT5C,1.0,4.0,0.0,4.0,0.0,19.0
ATG16L2,1.0,7.0,0.0,1.0,0.0,19.0
ACVR1,1.0,5.0,1.0,2.0,0.0,19.0
SLC37A2,1.0,7.0,0.0,1.0,0.0,19.0
ARB2A,1.0,8.0,0.0,0.0,0.0,19.0
TBC1D31,1.0,4.0,0.0,4.0,0.0,19.0
PTPRCAP,1.0,8.0,0.0,0.0,0.0,19.0
SMIM3,1.0,7.0,0.0,1.0,0.0,19.0
TMEM63A,1.0,7.0,0.0,1.0,0.0,19.0
UBASH3B,3.0,5.0,0.0,0.0,0.0,19.0
VPS25,3.0,4.0,0.0,1.0,0.0,19.0
ATP10A,1.0,6.0,1.0,1.0,0.0,19.0
ARIH2,1.0,4.0,1.0,3.0,0.0,19.0
USP14,1.0,1.0,2.0,5.0,0.0,19.0
THRA,1.0,2.0,0.0,6.0,0.0,19.0
RPL19,1.0,2.0,0.0,6.0,0.0,19.0
TCERG1,3.0,3.0,1.0,1.0,0.0,19.0
CENPE,1.0,3.0,0.0,5.0,0.0,19.0
ZFPM1,1.0,2.0,0.0,3.0,6.0,19.0
PWP1,3.0,4.0,1.0,0.0,0.0,19.0
TRIM14,1.0,8.0,0.0,0.0,0.0,19.0
ADCY4,0.0,2.0,0.0,7.0,0.0,18.0
TERT,0.0,4.0,1.0,4.0,0.0,18.0
EBNA1BP2,2.0,5.0,0.0,1.0,0.0,18.0
GCA,2.0,3.0,1.0,2.0,0.0,18.0
RNF31,1.0,5.0,0.0,2.0,1.0,18.0
INCENP,0.0,3.0,1.0,5.0,0.0,18.0
SPACA4,2.0,1.0,0.0,5.0,0.0,18.0
NEDD8,0.0,2.0,0.0,7.0,0.0,18.0
PGRMC1,2.0,1.0,1.0,4.0,0.0,18.0
RUBCNL,0.0,7.0,1.0,1.0,0.0,18.0
CD1B,0.0,8.0,0.0,1.0,0.0,18.0
MMP2,0.0,3.0,1.0,5.0,0.0,18.0
MMP12,0.0,6.0,2.0,1.0,0.0,18.0
RPL24,0.0,3.0,0.0,6.0,0.0,18.0
STING1,0.0,3.0,1.0,5.0,0.0,18.0
ADK,2.0,3.0,1.0,2.0,0.0,18.0
CTC1,0.0,8.0,0.0,1.0,0.0,18.0
CCNC,2.0,1.0,0.0,5.0,0.0,18.0
CCNH,0.0,0.0,1.0,8.0,0.0,18.0
NFAT5,0.0,5.0,2.0,2.0,0.0,18.0
DIAPH2,2.0,4.0,0.0,2.0,0.0,18.0
GART,0.0,4.0,1.0,4.0,0.0,18.0
RPL21,0.0,2.0,0.0,7.0,0.0,18.0
MDFIC,2.0,5.0,0.0,1.0,0.0,18.0
FAH,0.0,5.0,0.0,4.0,0.0,18.0
USP9X,0.0,2.0,1.0,6.0,0.0,18.0
CCNT1,0.0,4.0,0.0,5.0,0.0,18.0
TRIM13,0.0,6.0,1.0,2.0,0.0,18.0
TFAP2B,0.0,1.0,0.0,8.0,0.0,18.0
VAMP2,0.0,0.0,3.0,5.0,2.0,18.0
CCR6,1.0,5.0,0.0,0.0,5.0,18.0
RPL10L,0.0,2.0,0.0,7.0,0.0,18.0
ADGRL2,2.0,3.0,0.0,3.0,0.0,18.0
ADGRG6,0.0,1.0,0.0,8.0,0.0,18.0
MMP16,0.0,1.0,1.0,7.0,0.0,18.0
FILIP1L,0.0,6.0,1.0,2.0,0.0,18.0
PHF11,0.0,7.0,0.0,2.0,0.0,18.0
B4GALT6,0.0,4.0,0.0,5.0,0.0,18.0
RNPS1,4.0,2.0,0.0,1.0,0.0,18.0
VARS1,0.0,3.0,1.0,5.0,0.0,18.0
TESPA1,1.0,4.0,0.0,1.0,5.0,18.0
STK40,2.0,6.0,0.0,0.0,0.0,18.0
NDUFB3,0.0,7.0,0.0,2.0,0.0,18.0
PHF20,0.0,2.0,1.0,6.0,0.0,18.0
CDCA5,0.0,6.0,0.0,3.0,0.0,18.0
MAPKAPK5,0.0,5.0,0.0,4.0,0.0,18.0
CDH13,0.0,0.0,0.0,9.0,0.0,18.0
NCOA2,0.0,1.0,0.0,8.0,0.0,18.0
CPPED1,0.0,6.0,0.0,3.0,0.0,18.0
TEAD2,0.0,1.0,0.0,8.0,0.0,18.0
ADAMTS13,0.0,0.0,0.0,9.0,0.0,18.0
CDCA3,0.0,6.0,0.0,3.0,0.0,18.0
PIP4P2,2.0,4.0,0.0,2.0,0.0,18.0
MOS,0.0,1.0,0.0,8.0,0.0,18.0
PJA1,0.0,6.0,0.0,3.0,0.0,18.0
ASGR1,0.0,6.0,0.0,3.0,0.0,18.0
HDAC5,1.0,3.0,0.0,4.0,1.0,18.0
PITPNB,0.0,4.0,2.0,3.0,0.0,18.0
MARS1,0.0,2.0,1.0,6.0,0.0,18.0
AP2M1,0.0,2.0,1.0,6.0,0.0,18.0
PLCL1,0.0,5.0,0.0,4.0,0.0,18.0
IPO5,0.0,8.0,1.0,0.0,0.0,18.0
TMED9,2.0,3.0,1.0,2.0,0.0,18.0
ADAM12,0.0,3.0,0.0,6.0,0.0,18.0
CDK20,2.0,5.0,0.0,1.0,0.0,18.0
RGS17,2.0,2.0,0.0,4.0,0.0,18.0
IPPK,2.0,6.0,0.0,0.0,0.0,18.0
SLC35B1,0.0,8.0,0.0,1.0,0.0,18.0
GIMAP4,0.0,7.0,1.0,1.0,0.0,18.0
CDK7,0.0,1.0,1.0,7.0,0.0,18.0
NCAPD2,0.0,4.0,0.0,5.0,0.0,18.0
SUPT16H,0.0,2.0,2.0,5.0,0.0,18.0
FARSB,2.0,3.0,0.0,3.0,0.0,18.0
TMEM109,0.0,9.0,0.0,0.0,0.0,18.0
CDKN1C,0.0,2.0,0.0,7.0,0.0,18.0
RFX5,0.0,9.0,0.0,0.0,0.0,18.0
ADAMTS20,0.0,3.0,0.0,6.0,0.0,18.0
MARVELD1,0.0,4.0,0.0,5.0,0.0,18.0
HILPDA,0.0,6.0,0.0,3.0,0.0,18.0
VMP1,2.0,4.0,0.0,2.0,0.0,18.0
USP25,0.0,7.0,0.0,2.0,0.0,18.0
MATR3,0.0,4.0,1.0,4.0,0.0,18.0
NDUFB6,2.0,3.0,1.0,2.0,0.0,18.0
MAX,0.0,5.0,1.0,3.0,0.0,18.0
KCNJ8,4.0,3.0,0.0,0.0,0.0,18.0
CD46,0.0,1.0,1.0,4.0,6.0,18.0
RNF149,0.0,7.0,1.0,1.0,0.0,18.0
HDC,0.0,6.0,1.0,2.0,0.0,18.0
VLDLR,0.0,5.0,0.0,4.0,0.0,18.0
NDUFS8,0.0,6.0,0.0,3.0,0.0,18.0
PHLDA2,0.0,5.0,0.0,4.0,0.0,18.0
HIC1,0.0,1.0,0.0,8.0,0.0,18.0
HIF3A,0.0,1.0,0.0,8.0,0.0,18.0
ADCY2,0.0,1.0,0.0,8.0,0.0,18.0
NDUFB10,0.0,6.0,0.0,3.0,0.0,18.0
F11R,2.0,2.0,1.0,3.0,0.0,18.0
EZR,0.0,5.0,0.0,3.0,2.0,18.0
NDUFA8,0.0,6.0,1.0,2.0,0.0,18.0
RNF123,2.0,3.0,0.0,3.0,0.0,18.0
NDUFA7,2.0,4.0,0.0,2.0,0.0,18.0
CDC123,0.0,3.0,1.0,5.0,0.0,18.0
VNN2,0.0,7.0,0.0,2.0,0.0,18.0
CDC14A,2.0,3.0,2.0,1.0,0.0,18.0
STX4,0.0,4.0,0.0,5.0,0.0,18.0
SLC25A17,0.0,9.0,0.0,0.0,0.0,18.0
TRAC,1.0,3.0,1.0,2.0,3.0,18.0
KCNE3,0.0,7.0,0.0,2.0,0.0,18.0
CREB3L1,0.0,2.0,1.0,6.0,0.0,18.0
SOX9,0.0,1.0,0.0,8.0,0.0,18.0
HECTD3,0.0,7.0,0.0,2.0,0.0,18.0
ADAMTS3,0.0,3.0,0.0,6.0,0.0,18.0
MECOM,0.0,1.0,1.0,7.0,0.0,18.0
ELK3,0.0,6.0,0.0,3.0,0.0,18.0
SLC15A4,2.0,3.0,0.0,2.0,2.0,18.0
UCHL1,0.0,1.0,1.0,7.0,0.0,18.0
DEK,0.0,1.0,1.0,7.0,0.0,18.0
EIF2B3,1.0,4.0,0.0,3.0,1.0,18.0
HSPA2,0.0,3.0,0.0,6.0,0.0,18.0
FOSB,0.0,4.0,0.0,5.0,0.0,18.0
SSTR2,0.0,2.0,1.0,6.0,0.0,18.0
TUBA3E,0.0,0.0,0.0,9.0,0.0,18.0
TUBA4B,0.0,2.0,0.0,7.0,0.0,18.0
DARS1,0.0,2.0,1.0,6.0,0.0,18.0
NR1D2,2.0,4.0,1.0,1.0,0.0,18.0
KLF10,0.0,7.0,0.0,2.0,0.0,18.0
DAZL,0.0,3.0,0.0,6.0,0.0,18.0
AIFM1,2.0,2.0,1.0,3.0,0.0,18.0
MFGE8,0.0,5.0,0.0,4.0,0.0,18.0
ALS2,2.0,2.0,0.0,4.0,0.0,18.0
KIAA0930,0.0,8.0,0.0,1.0,0.0,18.0
ARID5A,0.0,7.0,1.0,1.0,0.0,18.0
ST3GAL2,0.0,2.0,0.0,7.0,0.0,18.0
OAZ3,0.0,2.0,1.0,6.0,0.0,18.0
KHSRP,0.0,4.0,1.0,4.0,0.0,18.0
CYP3A4,0.0,3.0,3.0,3.0,0.0,18.0
PABPN1,0.0,1.0,1.0,7.0,0.0,18.0
SCGB1A1,2.0,3.0,0.0,2.0,2.0,18.0
FZR1,0.0,1.0,0.0,8.0,0.0,18.0
SPRY1,0.0,5.0,0.0,4.0,0.0,18.0
TLK1,0.0,4.0,1.0,4.0,0.0,18.0
FZD2,0.0,2.0,3.0,4.0,0.0,18.0
P2RY10,0.0,4.0,0.0,5.0,0.0,18.0
IGKC,0.0,6.0,1.0,2.0,0.0,18.0
SCN7A,4.0,3.0,0.0,0.0,0.0,18.0
EIF3C,0.0,4.0,1.0,4.0,0.0,18.0
IGHM,2.0,3.0,0.0,3.0,0.0,18.0
CYSLTR1,0.0,8.0,0.0,1.0,0.0,18.0
TTF1,0.0,4.0,0.0,5.0,0.0,18.0
OTULINL,0.0,7.0,0.0,2.0,0.0,18.0
SFTPD,0.0,3.0,0.0,5.0,2.0,18.0
SELENOH,4.0,3.0,0.0,0.0,0.0,18.0
RPL29,0.0,0.0,0.0,9.0,0.0,18.0
FSCN2,0.0,3.0,0.0,6.0,0.0,18.0
SERF2,0.0,8.0,0.0,1.0,0.0,18.0
TJAP1,0.0,9.0,0.0,0.0,0.0,18.0
IDS,0.0,7.0,0.0,2.0,0.0,18.0
DCTN1,0.0,3.0,0.0,6.0,0.0,18.0
FRS2,0.0,1.0,0.0,8.0,0.0,18.0
UBAC2,2.0,5.0,0.0,1.0,0.0,18.0
SERPIND1,0.0,2.0,0.0,7.0,0.0,18.0
ALG9,0.0,2.0,0.0,7.0,0.0,18.0
UBA1,0.0,2.0,0.0,7.0,0.0,18.0
U2AF2,0.0,2.0,1.0,6.0,0.0,18.0
NSMCE3,0.0,1.0,0.0,8.0,0.0,18.0
DDIT3,0.0,1.0,1.0,7.0,0.0,18.0
TLCD1,0.0,9.0,0.0,0.0,0.0,18.0
FPR2,0.0,7.0,0.0,2.0,0.0,18.0
DDX17,2.0,2.0,0.0,4.0,0.0,18.0
MGMT,0.0,3.0,1.0,5.0,0.0,18.0
NSDHL,2.0,5.0,0.0,1.0,0.0,18.0
ALPL,0.0,1.0,0.0,8.0,0.0,18.0
NSD3,0.0,7.0,0.0,2.0,0.0,18.0
FAM20C,0.0,5.0,0.0,4.0,0.0,18.0
FOXK2,0.0,3.0,1.0,5.0,0.0,18.0
CAMK2B,0.0,2.0,0.0,7.0,0.0,18.0
ICA1,2.0,6.0,0.0,0.0,0.0,18.0
TUG1,2.0,5.0,0.0,1.0,0.0,18.0
SFRP2,2.0,1.0,1.0,4.0,0.0,18.0
DCAF7,0.0,3.0,0.0,6.0,0.0,18.0
NUS1,2.0,1.0,1.0,4.0,0.0,18.0
SRGAP3,2.0,6.0,0.0,0.0,0.0,18.0
UBE2R2,0.0,1.0,0.0,8.0,0.0,18.0
KIF14,0.0,5.0,0.0,4.0,0.0,18.0
SEMA6D,0.0,7.0,0.0,2.0,0.0,18.0
NRROS,0.0,9.0,0.0,0.0,0.0,18.0
ICOSLG,1.0,3.0,1.0,2.0,3.0,18.0
BET1,2.0,2.0,0.0,4.0,0.0,18.0
BIK,0.0,2.0,0.0,7.0,0.0,18.0
DEPTOR,0.0,3.0,0.0,6.0,0.0,18.0
SPON1,0.0,3.0,0.0,6.0,0.0,18.0
CDKN2B,2.0,2.0,0.0,4.0,0.0,18.0
HMG20A,0.0,5.0,1.0,3.0,0.0,18.0
RRM1,2.0,3.0,0.0,3.0,0.0,18.0
RRP1B,0.0,8.0,0.0,1.0,0.0,18.0
AEBP2,0.0,3.0,0.0,6.0,0.0,18.0
PCYOX1,0.0,9.0,0.0,0.0,0.0,18.0
THSD7A,0.0,3.0,0.0,6.0,0.0,18.0
IL1RAP,0.0,6.0,1.0,2.0,0.0,18.0
PCK1,0.0,0.0,0.0,6.0,6.0,18.0
HMMR,0.0,5.0,0.0,4.0,0.0,18.0
GALC,2.0,5.0,1.0,0.0,0.0,18.0
MLH3,0.0,2.0,0.0,7.0,0.0,18.0
MED7,2.0,2.0,0.0,4.0,0.0,18.0
KNTC1,0.0,7.0,0.0,2.0,0.0,18.0
NINJ1,2.0,4.0,2.0,0.0,0.0,18.0
CXCL6,0.0,5.0,0.0,4.0,0.0,18.0
NFYA,0.0,2.0,0.0,7.0,0.0,18.0
HLX,0.0,3.0,0.0,3.0,6.0,18.0
DESI1,2.0,6.0,0.0,0.0,0.0,18.0
ADRB1,2.0,3.0,0.0,3.0,0.0,18.0
RPL32,0.0,2.0,1.0,6.0,0.0,18.0
LAMA3,0.0,5.0,0.0,4.0,0.0,18.0
NFE2,0.0,5.0,1.0,3.0,0.0,18.0
RPL35,0.0,3.0,0.0,6.0,0.0,18.0
SPATA13,2.0,6.0,0.0,0.0,0.0,18.0
GAPDH,0.0,4.0,2.0,3.0,0.0,18.0
RPS15,0.0,0.0,1.0,8.0,0.0,18.0
USP15,0.0,6.0,0.0,3.0,0.0,18.0
SKA1,0.0,7.0,0.0,2.0,0.0,18.0
RPS24,0.0,0.0,1.0,8.0,0.0,18.0
CCDC34,0.0,1.0,0.0,8.0,0.0,18.0
SIVA1,0.0,6.0,1.0,2.0,0.0,18.0
RPS4Y2,0.0,1.0,0.0,8.0,0.0,18.0
CTSZ,0.0,3.0,0.0,6.0,0.0,18.0
ADRA2C,0.0,6.0,0.0,3.0,0.0,18.0
HNRNPAB,2.0,3.0,1.0,2.0,0.0,18.0
CBX7,0.0,6.0,0.0,3.0,0.0,18.0
BBC3,0.0,1.0,0.0,8.0,0.0,18.0
DHCR24,0.0,8.0,1.0,0.0,0.0,18.0
EDNRB,0.0,3.0,0.0,6.0,0.0,18.0
IL16,0.0,6.0,1.0,2.0,0.0,18.0
KMT2C,0.0,4.0,0.0,5.0,0.0,18.0
ANAPC10,0.0,1.0,1.0,7.0,0.0,18.0
CYP1A1,0.0,1.0,0.0,8.0,0.0,18.0
CYP1A2,0.0,1.0,3.0,5.0,0.0,18.0
MEN1,0.0,1.0,1.0,4.0,6.0,18.0
PAPSS2,0.0,7.0,0.0,2.0,0.0,18.0
IL12RB1,2.0,3.0,0.0,0.0,6.0,18.0
TSPAN4,0.0,5.0,1.0,3.0,0.0,18.0
TSPO,0.0,8.0,0.0,1.0,0.0,18.0
KDM4B,0.0,4.0,0.0,5.0,0.0,18.0
NNAT,0.0,1.0,0.0,8.0,0.0,18.0
BBS4,2.0,2.0,0.0,4.0,0.0,18.0
PALB2,0.0,5.0,0.0,4.0,0.0,18.0
TLR8,0.0,6.0,0.0,3.0,0.0,18.0
CAVIN2,0.0,4.0,0.0,5.0,0.0,18.0
SIAH2,0.0,2.0,1.0,6.0,0.0,18.0
ANAPC4,0.0,2.0,0.0,7.0,0.0,18.0
GAGE1,0.0,3.0,0.0,6.0,0.0,18.0
ANGPTL2,0.0,5.0,2.0,2.0,0.0,18.0
PCDH7,0.0,2.0,1.0,6.0,0.0,18.0
MEF2D,0.0,3.0,0.0,6.0,0.0,18.0
TSPAN14,2.0,5.0,0.0,1.0,0.0,18.0
PBXIP1,2.0,6.0,0.0,0.0,0.0,18.0
EIF5,0.0,1.0,1.0,7.0,0.0,18.0
S1PR5,2.0,6.0,0.0,0.0,0.0,18.0
S100A9,0.0,5.0,2.0,2.0,0.0,18.0
NIP7,0.0,6.0,0.0,3.0,0.0,18.0
FLT4,0.0,0.0,0.0,9.0,0.0,18.0
CYB5R1,0.0,6.0,0.0,3.0,0.0,18.0
SPINK2,2.0,5.0,0.0,1.0,0.0,18.0
CYBA,0.0,3.0,1.0,5.0,0.0,18.0
GINS2,0.0,7.0,0.0,2.0,0.0,18.0
TRADD,0.0,2.0,0.0,7.0,0.0,18.0
IFNA17,0.0,0.0,1.0,6.0,4.0,18.0
YBX1,0.0,7.0,0.0,2.0,0.0,18.0
MYO5A,0.0,4.0,0.0,5.0,0.0,18.0
PPARD,0.0,2.0,1.0,6.0,0.0,18.0
TNKS2,0.0,5.0,0.0,4.0,0.0,18.0
ACADSB,2.0,4.0,0.0,2.0,0.0,18.0
RAB27B,0.0,3.0,0.0,6.0,0.0,18.0
DNM1,2.0,1.0,1.0,4.0,0.0,18.0
CLIP2,0.0,7.0,0.0,2.0,0.0,18.0
PRKN,0.0,1.0,0.0,8.0,0.0,18.0
MUC16,0.0,4.0,0.0,5.0,0.0,18.0
H2AC17,0.0,2.0,0.0,7.0,0.0,18.0
H2AC16,0.0,3.0,0.0,6.0,0.0,18.0
ATP2B1,0.0,4.0,0.0,5.0,0.0,18.0
ZNF385A,0.0,2.0,0.0,7.0,0.0,18.0
MANF,0.0,5.0,0.0,4.0,0.0,18.0
ZBTB14,0.0,4.0,0.0,5.0,0.0,18.0
RBM43,2.0,5.0,0.0,1.0,0.0,18.0
RAB33B,2.0,3.0,0.0,3.0,0.0,18.0
ITGB6,0.0,2.0,0.0,7.0,0.0,18.0
H2AC12,0.0,0.0,0.0,9.0,0.0,18.0
DPM1,0.0,0.0,1.0,8.0,0.0,18.0
MRPL49,0.0,5.0,1.0,3.0,0.0,18.0
LY6H,2.0,4.0,0.0,2.0,0.0,18.0
DNM3,0.0,1.0,0.0,8.0,0.0,18.0
ACADVL,4.0,2.0,0.0,1.0,0.0,18.0
CENPF,0.0,5.0,0.0,4.0,0.0,18.0
RDH10,2.0,6.0,0.0,0.0,0.0,18.0
TNPO3,0.0,1.0,1.0,7.0,0.0,18.0
N4BP2L1,0.0,9.0,0.0,0.0,0.0,18.0
LPAR3,2.0,1.0,0.0,5.0,0.0,18.0
DNAJC3,0.0,4.0,0.0,5.0,0.0,18.0
ISCU,0.0,3.0,0.0,6.0,0.0,18.0
GLIPR2,2.0,5.0,0.0,1.0,0.0,18.0
SLC47A1,0.0,4.0,0.0,5.0,0.0,18.0
ACOD1,0.0,7.0,2.0,0.0,0.0,18.0
BTLA,0.0,3.0,0.0,6.0,0.0,18.0
ASPH,0.0,4.0,0.0,5.0,0.0,18.0
RAB11B,0.0,2.0,0.0,7.0,0.0,18.0
MTHFD2L,0.0,3.0,0.0,6.0,0.0,18.0
ATP1B3,0.0,6.0,0.0,3.0,0.0,18.0
EPS8,0.0,7.0,0.0,2.0,0.0,18.0
MTMR1,2.0,4.0,0.0,2.0,0.0,18.0
DPY19L1,4.0,3.0,0.0,0.0,0.0,18.0
MRPL9,0.0,2.0,1.0,6.0,0.0,18.0
ATP2A1,0.0,5.0,0.0,4.0,0.0,18.0
POR,0.0,4.0,0.0,5.0,0.0,18.0
ARF1,0.0,2.0,1.0,6.0,0.0,18.0
EPOP,0.0,8.0,0.0,1.0,0.0,18.0
MTX2,0.0,5.0,1.0,3.0,0.0,18.0
XRCC6,1.0,5.0,0.0,2.0,1.0,18.0
GSTP1,0.0,1.0,1.0,7.0,0.0,18.0
MYL4,0.0,2.0,1.0,6.0,0.0,18.0
SLC6A8,0.0,5.0,0.0,4.0,0.0,18.0
H2AC1,0.0,0.0,0.0,9.0,0.0,18.0
PRKCG,0.0,0.0,2.0,7.0,0.0,18.0
MRPL37,2.0,4.0,0.0,2.0,0.0,18.0
CMC2,0.0,6.0,0.0,3.0,0.0,18.0
CEP55,0.0,5.0,0.0,4.0,0.0,18.0
APOB,0.0,0.0,0.0,9.0,0.0,18.0
CETN2,0.0,3.0,1.0,5.0,0.0,18.0
GYG1,2.0,4.0,0.0,2.0,0.0,18.0
MAGT1,0.0,3.0,0.0,6.0,0.0,18.0
SLPI,0.0,3.0,0.0,6.0,0.0,18.0
H1-0,0.0,8.0,0.0,1.0,0.0,18.0
ABCC1,0.0,5.0,1.0,3.0,0.0,18.0
ABCC4,0.0,4.0,1.0,4.0,0.0,18.0
MYCN,0.0,3.0,0.0,6.0,0.0,18.0
ZFP28,2.0,3.0,0.0,3.0,0.0,18.0
ZNF124,0.0,5.0,1.0,3.0,0.0,18.0
MYBBP1A,0.0,2.0,1.0,6.0,0.0,18.0
PPP5C,0.0,4.0,0.0,5.0,0.0,18.0
DUSP3,2.0,3.0,0.0,1.0,4.0,18.0
MYCBP2,2.0,6.0,0.0,0.0,0.0,18.0
PPT2,0.0,4.0,1.0,4.0,0.0,18.0
LIF,0.0,8.0,0.0,1.0,0.0,18.0
APOBEC3B,0.0,7.0,0.0,2.0,0.0,18.0
PRDX3,0.0,2.0,3.0,4.0,0.0,18.0
APOC1,0.0,4.0,0.0,5.0,0.0,18.0
CNOT8,0.0,3.0,1.0,5.0,0.0,18.0
CNOT9,0.0,2.0,0.0,7.0,0.0,18.0
GNLY,2.0,4.0,2.0,0.0,0.0,18.0
RAD1,0.0,2.0,1.0,6.0,0.0,18.0
TNFAIP8,0.0,8.0,1.0,0.0,0.0,18.0
FBXO6,0.0,5.0,0.0,4.0,0.0,18.0
GMFG,2.0,3.0,0.0,3.0,0.0,18.0
SLC7A6,2.0,4.0,0.0,2.0,0.0,18.0
GTF2I,2.0,5.0,1.0,0.0,0.0,18.0
FBXW11,0.0,2.0,0.0,7.0,0.0,18.0
CLTC,0.0,3.0,0.0,6.0,0.0,18.0
RB1CC1,0.0,6.0,0.0,3.0,0.0,18.0
ETS2,0.0,7.0,2.0,0.0,0.0,18.0
SNX10,2.0,5.0,0.0,1.0,0.0,18.0
PPP2R2A,0.0,3.0,1.0,5.0,0.0,18.0
GNPDA1,0.0,8.0,0.0,1.0,0.0,18.0
ITGA3,0.0,3.0,0.0,6.0,0.0,18.0
MVD,0.0,3.0,0.0,6.0,0.0,18.0
GNA11,0.0,1.0,0.0,8.0,0.0,18.0
RASSF2,0.0,7.0,0.0,2.0,0.0,18.0
ATP6V1E1,0.0,3.0,1.0,5.0,0.0,18.0
ZCCHC8,0.0,4.0,0.0,5.0,0.0,18.0
GNA14,0.0,2.0,0.0,7.0,0.0,18.0
FCGR2A,0.0,3.0,1.0,5.0,0.0,18.0
SYNJ2BP,0.0,8.0,0.0,1.0,0.0,18.0
LYZ,0.0,5.0,1.0,3.0,0.0,18.0
POLR1E,0.0,2.0,0.0,7.0,0.0,18.0
CLEC4E,0.0,4.0,1.0,1.0,6.0,18.0
MSRA,0.0,6.0,0.0,3.0,0.0,18.0
PNRC1,2.0,5.0,0.0,1.0,0.0,18.0
DSCC1,2.0,3.0,0.0,3.0,0.0,18.0
MSN,0.0,2.0,1.0,5.0,2.0,18.0
MRPS33,2.0,3.0,0.0,3.0,0.0,18.0
IRF3,0.0,3.0,0.0,6.0,0.0,18.0
ZNRF1,2.0,5.0,0.0,1.0,0.0,18.0
CHRM2,0.0,0.0,0.0,9.0,0.0,18.0
CHRM1,0.0,1.0,0.0,8.0,0.0,18.0
LPXN,0.0,5.0,0.0,4.0,0.0,18.0
SVIL,2.0,2.0,0.0,4.0,0.0,18.0
ERCC6,0.0,4.0,0.0,5.0,0.0,18.0
TOP2B,1.0,3.0,0.0,4.0,1.0,18.0
PTPRS,2.0,2.0,0.0,4.0,0.0,18.0
CHMP4C,0.0,1.0,0.0,8.0,0.0,18.0
CHM,0.0,3.0,0.0,6.0,0.0,18.0
COPS3,2.0,1.0,1.0,4.0,0.0,18.0
GRAMD2B,4.0,3.0,0.0,0.0,0.0,18.0
ZNF821,4.0,3.0,0.0,0.0,0.0,18.0
COPRS,2.0,5.0,0.0,1.0,0.0,18.0
GPD1L,0.0,9.0,0.0,0.0,0.0,18.0
DNAJB9,1.0,5.0,0.0,2.0,1.0,18.0
DYNC1I2,0.0,3.0,0.0,6.0,0.0,18.0
COPS8,0.0,3.0,2.0,4.0,0.0,18.0
NAP1L2,2.0,6.0,0.0,0.0,0.0,18.0
CISD1,0.0,7.0,0.0,2.0,0.0,18.0
RFC5,0.0,3.0,0.0,6.0,0.0,18.0
FBXO11,0.0,5.0,0.0,4.0,0.0,18.0
MAP4K5,0.0,5.0,1.0,3.0,0.0,18.0
PLXDC2,0.0,8.0,0.0,1.0,0.0,18.0
TAP2,0.0,8.0,0.0,1.0,0.0,18.0
PSTPIP2,0.0,6.0,1.0,2.0,0.0,18.0
PTGDR,2.0,3.0,0.0,3.0,0.0,18.0
NAPA,0.0,5.0,1.0,3.0,0.0,18.0
DSN1,0.0,7.0,0.0,2.0,0.0,18.0
RFLNB,2.0,6.0,0.0,0.0,0.0,18.0
DNAJA2,0.0,5.0,1.0,3.0,0.0,18.0
GPRASP2,2.0,6.0,0.0,0.0,0.0,18.0
WDR1,0.0,5.0,1.0,3.0,0.0,18.0
RFC2,0.0,4.0,0.0,5.0,0.0,18.0
CHST15,0.0,6.0,0.0,3.0,0.0,18.0
FBXL7,2.0,2.0,0.0,4.0,0.0,18.0
ASNS,0.0,4.0,1.0,4.0,0.0,18.0
TMEM86A,0.0,8.0,0.0,1.0,0.0,18.0
IRAK2,0.0,6.0,0.0,3.0,0.0,18.0
IRAK3,0.0,5.0,1.0,3.0,0.0,18.0
MSMO1,0.0,7.0,1.0,1.0,0.0,18.0
ZNF667,0.0,2.0,0.0,7.0,0.0,18.0
TBRG4,0.0,6.0,1.0,2.0,0.0,18.0
QDPR,0.0,4.0,1.0,4.0,0.0,18.0
CLDN5,0.0,2.0,0.0,7.0,0.0,18.0
GLCE,0.0,7.0,0.0,2.0,0.0,18.0
WT1,0.0,3.0,1.0,5.0,0.0,18.0
MAP3K3,0.0,8.0,0.0,1.0,0.0,18.0
LPCAT1,4.0,1.0,0.0,2.0,0.0,18.0
GLCCI1,2.0,6.0,0.0,0.0,0.0,18.0
LPIN2,2.0,6.0,0.0,0.0,0.0,18.0
WNT9A,0.0,2.0,0.0,7.0,0.0,18.0
WNT7A,0.0,3.0,0.0,6.0,0.0,18.0
COP1,0.0,5.0,0.0,4.0,0.0,18.0
CHD9,0.0,4.0,0.0,5.0,0.0,18.0
ACSL4,0.0,1.0,2.0,6.0,0.0,18.0
LSP1,0.0,7.0,0.0,2.0,0.0,18.0
GPC1,2.0,2.0,0.0,4.0,0.0,18.0
KARS1,0.0,2.0,1.0,6.0,0.0,18.0
DR1,0.0,5.0,1.0,3.0,0.0,18.0
SRP68,3.0,2.0,0.0,2.0,0.0,17.0
SSR4,1.0,5.0,0.0,2.0,0.0,17.0
SLX9,3.0,2.0,0.0,2.0,0.0,17.0
MACIR,1.0,7.0,0.0,0.0,0.0,17.0
BTN2A1,2.0,5.0,0.0,0.0,1.0,17.0
SNTB1,1.0,4.0,0.0,3.0,0.0,17.0
MXD4,1.0,6.0,0.0,1.0,0.0,17.0
CXCR6,1.0,4.0,0.0,3.0,0.0,17.0
DHDDS,1.0,3.0,0.0,4.0,0.0,17.0
SERPINF2,1.0,1.0,0.0,6.0,0.0,17.0
MICB,1.0,3.0,2.0,1.0,2.0,17.0
DSE,1.0,4.0,0.0,3.0,0.0,17.0
NUDT5,1.0,3.0,0.0,4.0,0.0,17.0
RAI1,3.0,4.0,0.0,0.0,0.0,17.0
ERAL1,1.0,3.0,0.0,4.0,0.0,17.0
GRIN2A,1.0,0.0,0.0,7.0,0.0,17.0
OSMR,1.0,1.0,1.0,5.0,0.0,17.0
UBA2,1.0,2.0,1.0,4.0,0.0,17.0
CXCR1,1.0,4.0,0.0,3.0,0.0,17.0
TJP1,1.0,2.0,0.0,5.0,0.0,17.0
MTFP1,1.0,4.0,0.0,3.0,0.0,17.0
ERO1B,1.0,6.0,0.0,1.0,0.0,17.0
TMEM219,1.0,4.0,0.0,3.0,0.0,17.0
ALDH3A2,1.0,3.0,2.0,2.0,0.0,17.0
EIF2B4,2.0,2.0,0.0,3.0,1.0,17.0
MICAL2,3.0,1.0,1.0,2.0,0.0,17.0
RAP1GAP2,3.0,2.0,1.0,1.0,0.0,17.0
RRBP1,1.0,5.0,0.0,2.0,0.0,17.0
LIMD1,1.0,5.0,0.0,2.0,0.0,17.0
MRTFA,1.0,4.0,0.0,3.0,0.0,17.0
CNDP2,1.0,6.0,1.0,0.0,0.0,17.0
KIF21B,1.0,4.0,0.0,3.0,0.0,17.0
SLFN12L,1.0,3.0,1.0,3.0,0.0,17.0
FUT4,1.0,4.0,0.0,3.0,0.0,17.0
TLE4,1.0,3.0,1.0,3.0,0.0,17.0
IL21R,0.0,5.0,0.0,3.0,1.0,17.0
EPC1,1.0,4.0,0.0,3.0,0.0,17.0
FUT7,0.0,5.0,1.0,1.0,3.0,17.0
SIPA1L1,1.0,6.0,0.0,1.0,0.0,17.0
BTF3,1.0,6.0,0.0,1.0,0.0,17.0
RANBP1,1.0,3.0,1.0,3.0,0.0,17.0
GALNT14,1.0,2.0,0.0,5.0,0.0,17.0
NUB1,1.0,5.0,0.0,2.0,0.0,17.0
CAPG,1.0,5.0,0.0,2.0,0.0,17.0
URM1,1.0,4.0,0.0,3.0,0.0,17.0
KRT17,1.0,3.0,0.0,4.0,0.0,17.0
AFF3,1.0,5.0,0.0,2.0,0.0,17.0
TM2D2,1.0,7.0,0.0,0.0,0.0,17.0
NUBP1,1.0,4.0,1.0,2.0,0.0,17.0
SSX2IP,1.0,7.0,0.0,0.0,0.0,17.0
TMEM208,1.0,5.0,0.0,2.0,0.0,17.0
PCGF6,1.0,4.0,0.0,3.0,0.0,17.0
IER5,1.0,5.0,0.0,2.0,0.0,17.0
TWF1,1.0,6.0,0.0,1.0,0.0,17.0
CBR1,1.0,4.0,0.0,3.0,0.0,17.0
PCBP1,1.0,5.0,0.0,2.0,0.0,17.0
STAMBPL1,1.0,3.0,0.0,4.0,0.0,17.0
GTF2E2,1.0,5.0,0.0,2.0,0.0,17.0
SNRPA1,1.0,3.0,0.0,4.0,0.0,17.0
MSX1,1.0,3.0,0.0,4.0,0.0,17.0
TAGAP,1.0,6.0,1.0,0.0,0.0,17.0
CYP24A1,1.0,3.0,1.0,3.0,0.0,17.0
CGAS,1.0,3.0,0.0,3.0,2.0,17.0
SSBP2,1.0,6.0,1.0,0.0,0.0,17.0
RAB1A,1.0,3.0,0.0,4.0,0.0,17.0
UGCG,1.0,6.0,0.0,1.0,0.0,17.0
ITPA,3.0,1.0,1.0,2.0,0.0,17.0
CLIP1,1.0,4.0,0.0,3.0,0.0,17.0
IFT25,3.0,2.0,1.0,1.0,0.0,17.0
ULBP2,0.0,2.0,1.0,5.0,1.0,17.0
TMEM50B,3.0,3.0,0.0,1.0,0.0,17.0
PRKRA,1.0,5.0,1.0,1.0,0.0,17.0
EIF4A3,1.0,3.0,0.0,4.0,0.0,17.0
NOCT,1.0,4.0,2.0,1.0,0.0,17.0
DCAF1,0.0,4.0,0.0,4.0,1.0,17.0
SMCO4,1.0,7.0,0.0,0.0,0.0,17.0
KIAA2013,1.0,5.0,0.0,2.0,0.0,17.0
RAB24,1.0,3.0,0.0,4.0,0.0,17.0
UHMK1,1.0,6.0,0.0,1.0,0.0,17.0
SHPRH,1.0,4.0,0.0,3.0,0.0,17.0
FMOD,1.0,0.0,1.0,6.0,0.0,17.0
KLRF1,1.0,5.0,0.0,1.0,2.0,17.0
GRHL1,1.0,3.0,0.0,4.0,0.0,17.0
NLRX1,1.0,2.0,1.0,4.0,0.0,17.0
FBRS,1.0,3.0,0.0,4.0,0.0,17.0
ERCC5,3.0,3.0,1.0,0.0,0.0,17.0
EIF4G3,1.0,3.0,1.0,3.0,0.0,17.0
LRIG1,1.0,1.0,0.0,6.0,0.0,17.0
SGMS2,1.0,5.0,0.0,2.0,0.0,17.0
GPRASP3,1.0,2.0,0.0,5.0,0.0,17.0
HSD17B12,1.0,6.0,1.0,0.0,0.0,17.0
RAC3,1.0,3.0,1.0,3.0,0.0,17.0
GPS2,0.0,2.0,0.0,6.0,1.0,17.0
AMIGO1,5.0,1.0,0.0,0.0,0.0,17.0
HNRNPLL,3.0,2.0,0.0,2.0,0.0,17.0
CAD,1.0,2.0,1.0,4.0,0.0,17.0
MIF,0.0,4.0,1.0,3.0,1.0,17.0
LRRC8D,1.0,3.0,1.0,3.0,0.0,17.0
KLHDC2,1.0,5.0,1.0,1.0,0.0,17.0
PAWR,3.0,2.0,0.0,0.0,4.0,17.0
ATP5MF,3.0,1.0,1.0,2.0,0.0,17.0
SRD5A3,1.0,1.0,0.0,6.0,0.0,17.0
GTF2H5,1.0,3.0,0.0,4.0,0.0,17.0
SSR1,1.0,4.0,1.0,2.0,0.0,17.0
IFT80,3.0,2.0,0.0,2.0,0.0,17.0
DENND4A,1.0,5.0,0.0,2.0,0.0,17.0
HOXB3,1.0,5.0,0.0,2.0,0.0,17.0
KIFAP3,1.0,3.0,1.0,3.0,0.0,17.0
CYC1,1.0,4.0,1.0,2.0,0.0,17.0
MRPL48,3.0,1.0,0.0,3.0,0.0,17.0
HOXD10,3.0,3.0,1.0,0.0,0.0,17.0
GOLGA7B,1.0,5.0,0.0,2.0,0.0,17.0
SPTLC1,3.0,1.0,1.0,2.0,0.0,17.0
SH2B2,1.0,3.0,0.0,4.0,0.0,17.0
CDKN2D,1.0,6.0,0.0,1.0,0.0,17.0
GAMT,3.0,2.0,0.0,2.0,0.0,17.0
AXIN2,1.0,2.0,1.0,4.0,0.0,17.0
FHIP1B,3.0,2.0,0.0,2.0,0.0,17.0
YPEL1,3.0,3.0,0.0,1.0,0.0,17.0
MNDA,0.0,5.0,2.0,1.0,1.0,17.0
ADAMDEC1,1.0,4.0,0.0,3.0,0.0,17.0
PHF21A,3.0,2.0,0.0,2.0,0.0,17.0
NCOA6,1.0,2.0,0.0,5.0,0.0,17.0
SPACA1,1.0,5.0,0.0,2.0,0.0,17.0
C1QC,1.0,2.0,2.0,3.0,0.0,17.0
PHF10,0.0,5.0,0.0,2.0,3.0,17.0
CENPL,1.0,4.0,0.0,3.0,0.0,17.0
GFUS,1.0,5.0,0.0,2.0,0.0,17.0
GLT8D1,1.0,5.0,1.0,1.0,0.0,17.0
IP6K1,5.0,1.0,0.0,0.0,0.0,17.0
ING5,1.0,3.0,0.0,4.0,0.0,17.0
ABTB3,1.0,5.0,0.0,2.0,0.0,17.0
HAO2,3.0,3.0,0.0,1.0,0.0,17.0
GLUL,1.0,5.0,0.0,2.0,0.0,17.0
LAP3,1.0,7.0,0.0,0.0,0.0,17.0
PHACTR2,1.0,2.0,1.0,4.0,0.0,17.0
PPM1B,1.0,4.0,1.0,2.0,0.0,17.0
IMMT,3.0,3.0,1.0,0.0,0.0,17.0
CD180,1.0,3.0,0.0,3.0,2.0,17.0
MANBA,1.0,4.0,0.0,3.0,0.0,17.0
IPCEF1,3.0,3.0,0.0,1.0,0.0,17.0
TMEM147,1.0,6.0,0.0,1.0,0.0,17.0
NEK2,1.0,3.0,1.0,3.0,0.0,17.0
ROCK1,1.0,0.0,0.0,7.0,0.0,17.0
HAUS8,1.0,4.0,0.0,3.0,0.0,17.0
ASAP1,1.0,5.0,0.0,2.0,0.0,17.0
ZC3H4,1.0,6.0,0.0,1.0,0.0,17.0
HBS1L,1.0,4.0,1.0,2.0,0.0,17.0
MBD4,1.0,4.0,1.0,2.0,0.0,17.0
MPEG1,1.0,4.0,0.0,3.0,0.0,17.0
POU2F2,1.0,5.0,0.0,2.0,0.0,17.0
NDUFA13,3.0,4.0,0.0,0.0,0.0,17.0
LCLAT1,3.0,4.0,0.0,0.0,0.0,17.0
STX5,1.0,4.0,0.0,3.0,0.0,17.0
E2F3,1.0,3.0,1.0,3.0,0.0,17.0
LEPROTL1,1.0,5.0,0.0,2.0,0.0,17.0
ENC1,1.0,6.0,0.0,1.0,0.0,17.0
SWI5,3.0,3.0,0.0,1.0,0.0,17.0
TNS3,1.0,4.0,0.0,3.0,0.0,17.0
HDAC9,0.0,4.0,0.0,4.0,1.0,17.0
GDE1,1.0,4.0,1.0,2.0,0.0,17.0
RNF144B,1.0,4.0,0.0,3.0,0.0,17.0
ASF1A,1.0,5.0,0.0,2.0,0.0,17.0
ATP8B2,1.0,5.0,0.0,2.0,0.0,17.0
RCAN1,1.0,3.0,0.0,4.0,0.0,17.0
ADAMTSL4,1.0,0.0,0.0,7.0,0.0,17.0
MRPL17,1.0,3.0,0.0,4.0,0.0,17.0
CEMIP,1.0,1.0,1.0,5.0,0.0,17.0
ANTXR1,1.0,4.0,2.0,1.0,0.0,17.0
FANCI,1.0,2.0,0.0,5.0,0.0,17.0
DYNC1I1,1.0,2.0,0.0,5.0,0.0,17.0
SLC49A4,1.0,5.0,0.0,2.0,0.0,17.0
PIEZO1,3.0,2.0,0.0,2.0,0.0,17.0
ADAMTS17,1.0,0.0,0.0,7.0,0.0,17.0
SOX4,0.0,3.0,0.0,4.0,3.0,17.0
XRCC5,1.0,4.0,1.0,2.0,0.0,17.0
ACKR3,1.0,4.0,1.0,2.0,0.0,17.0
MBD1,1.0,2.0,0.0,5.0,0.0,17.0
LEPR,0.0,3.0,1.0,3.0,3.0,17.0
TPD52L1,1.0,3.0,1.0,3.0,0.0,17.0
PFKFB1,1.0,3.0,0.0,4.0,0.0,17.0
POLD3,1.0,3.0,0.0,4.0,0.0,17.0
RHOQ,1.0,6.0,0.0,1.0,0.0,17.0
MAP4,1.0,3.0,0.0,4.0,0.0,17.0
ACVR2A,1.0,4.0,0.0,3.0,0.0,17.0
CTBP2,1.0,3.0,1.0,3.0,0.0,17.0
STIM1,1.0,3.0,0.0,4.0,0.0,17.0
CTDP1,1.0,2.0,0.0,5.0,0.0,17.0
ZFAND3,1.0,7.0,0.0,0.0,0.0,17.0
ME2,3.0,2.0,0.0,2.0,0.0,17.0
PDLIM2,1.0,6.0,0.0,1.0,0.0,17.0
BMP2,1.0,2.0,0.0,5.0,0.0,17.0
CCN3,1.0,3.0,0.0,4.0,0.0,17.0
ATP6V0E2,1.0,3.0,0.0,4.0,0.0,17.0
RPL28,1.0,1.0,0.0,6.0,0.0,17.0
FASTK,1.0,5.0,1.0,1.0,0.0,17.0
IL5,0.0,5.0,0.0,3.0,1.0,17.0
ECI2,3.0,3.0,1.0,0.0,0.0,17.0
CTNNAL1,1.0,6.0,0.0,1.0,0.0,17.0
KCTD10,1.0,5.0,0.0,2.0,0.0,17.0
SLBP,1.0,3.0,2.0,2.0,0.0,17.0
TDG,1.0,1.0,1.0,5.0,0.0,17.0
GIMAP6,1.0,6.0,0.0,1.0,0.0,17.0
TM4SF1,3.0,2.0,0.0,2.0,0.0,17.0
SLC9A1,1.0,0.0,0.0,7.0,0.0,17.0
THEM4,1.0,0.0,0.0,7.0,0.0,17.0
AP3M2,3.0,4.0,0.0,0.0,0.0,17.0
GZMM,3.0,1.0,1.0,2.0,0.0,17.0
GIMAP1,1.0,5.0,0.0,2.0,0.0,17.0
RAPGEF4,1.0,1.0,0.0,6.0,0.0,17.0
PLEKHO1,1.0,6.0,1.0,0.0,0.0,17.0
UTRN,1.0,4.0,0.0,3.0,0.0,17.0
MAN2A1,1.0,1.0,2.0,4.0,0.0,17.0
SPCS2,1.0,2.0,0.0,5.0,0.0,17.0
SYTL3,3.0,1.0,1.0,2.0,0.0,17.0
RPS6KA4,1.0,2.0,1.0,4.0,0.0,17.0
HK1,1.0,3.0,1.0,3.0,0.0,17.0
SYNGR1,1.0,3.0,1.0,3.0,0.0,17.0
VPS8,1.0,4.0,0.0,3.0,0.0,17.0
TGIF2,1.0,0.0,0.0,7.0,0.0,17.0
AURKAIP1,3.0,1.0,0.0,3.0,0.0,17.0
RHOBTB3,1.0,5.0,0.0,2.0,0.0,17.0
LIG4,0.0,2.0,0.0,4.0,5.0,17.0
GAPDHS,3.0,1.0,0.0,3.0,0.0,17.0
ECHDC1,3.0,2.0,0.0,2.0,0.0,17.0
SUN2,1.0,5.0,0.0,2.0,0.0,17.0
ATP5PF,1.0,4.0,1.0,2.0,0.0,17.0
ARHGAP45,1.0,4.0,0.0,3.0,0.0,17.0
SLC16A6,1.0,5.0,0.0,2.0,0.0,17.0
WDR20,1.0,4.0,0.0,3.0,0.0,17.0
TMOD3,0.0,4.0,2.0,2.0,0.0,16.0
DDX11,0.0,4.0,1.0,3.0,0.0,16.0
NAE1,2.0,1.0,1.0,3.0,0.0,16.0
NR5A2,0.0,2.0,1.0,5.0,0.0,16.0
NAT1,2.0,4.0,0.0,1.0,0.0,16.0
NAB1,0.0,5.0,1.0,2.0,0.0,16.0
BGLAP,0.0,0.0,0.0,8.0,0.0,16.0
BTBD3,0.0,3.0,0.0,5.0,0.0,16.0
SP100,0.0,3.0,0.0,5.0,0.0,16.0
IQGAP3,2.0,4.0,0.0,1.0,0.0,16.0
FOXG1,0.0,2.0,0.0,6.0,0.0,16.0
BPHL,4.0,2.0,0.0,0.0,0.0,16.0
SGMS1,0.0,6.0,0.0,2.0,0.0,16.0
DYNC2LI1,2.0,0.0,0.0,5.0,0.0,16.0
MGAT4B,0.0,3.0,1.0,4.0,0.0,16.0
SREBF2,0.0,2.0,1.0,5.0,0.0,16.0
SLC43A1,0.0,6.0,1.0,1.0,0.0,16.0
SETD1B,0.0,4.0,0.0,4.0,0.0,16.0
SLC25A4,0.0,4.0,0.0,4.0,0.0,16.0
DYM,4.0,2.0,0.0,0.0,0.0,16.0
SGCB,2.0,3.0,1.0,1.0,0.0,16.0
ANTKMT,2.0,5.0,0.0,0.0,0.0,16.0
SLC27A1,0.0,6.0,0.0,2.0,0.0,16.0
TPM1,0.0,1.0,1.0,6.0,0.0,16.0
FBXO30,0.0,5.0,0.0,3.0,0.0,16.0
NAP1L5,0.0,5.0,0.0,3.0,0.0,16.0
MRPS31,0.0,2.0,1.0,5.0,0.0,16.0
AP1B1,0.0,4.0,0.0,4.0,0.0,16.0
NSG2,4.0,2.0,0.0,0.0,0.0,16.0
E2F7,0.0,5.0,0.0,3.0,0.0,16.0
TP53INP2,2.0,4.0,0.0,1.0,0.0,16.0
C1GALT1,0.0,2.0,0.0,6.0,0.0,16.0
SETX,2.0,5.0,0.0,0.0,0.0,16.0
TP53I3,0.0,1.0,1.0,6.0,0.0,16.0
DDX3X,0.0,3.0,0.0,5.0,0.0,16.0
EFNB2,0.0,2.0,0.0,5.0,2.0,16.0
AP2A1,0.0,2.0,0.0,6.0,0.0,16.0
TOPORS,0.0,2.0,1.0,5.0,0.0,16.0
DNA2,0.0,3.0,1.0,4.0,0.0,16.0
SLC31A2,0.0,6.0,0.0,2.0,0.0,16.0
KIF15,0.0,4.0,1.0,3.0,0.0,16.0
SRPK2,0.0,1.0,1.0,6.0,0.0,16.0
FBXL5,0.0,5.0,0.0,3.0,0.0,16.0
MPDU1,0.0,0.0,1.0,7.0,0.0,16.0
NBAS,2.0,3.0,1.0,1.0,0.0,16.0
TOR4A,0.0,4.0,0.0,4.0,0.0,16.0
ITPK1,0.0,7.0,0.0,1.0,0.0,16.0
SFT2D2,0.0,7.0,0.0,1.0,0.0,16.0
BORA,0.0,5.0,1.0,2.0,0.0,16.0
SLC40A1,0.0,7.0,1.0,0.0,0.0,16.0
SFRP5,0.0,2.0,0.0,6.0,0.0,16.0
SMYD3,0.0,6.0,0.0,2.0,0.0,16.0
MPI,0.0,3.0,0.0,5.0,0.0,16.0
MRPS22,2.0,2.0,0.0,3.0,0.0,16.0
SNX9,2.0,3.0,1.0,1.0,0.0,16.0
SMS,0.0,6.0,1.0,1.0,0.0,16.0
NRN1,0.0,3.0,0.0,5.0,0.0,16.0
FEZ1,0.0,6.0,0.0,2.0,0.0,16.0
NANOG,0.0,1.0,0.0,7.0,0.0,16.0
JMY,0.0,5.0,0.0,3.0,0.0,16.0
TOMM40,0.0,4.0,0.0,4.0,0.0,16.0
NDUFA4,2.0,0.0,0.0,5.0,0.0,16.0
DNPEP,2.0,4.0,0.0,1.0,0.0,16.0
TM9SF1,2.0,3.0,1.0,1.0,0.0,16.0
FBN1,0.0,1.0,0.0,7.0,0.0,16.0
MRPL46,0.0,6.0,0.0,2.0,0.0,16.0
DNMT3L,0.0,1.0,0.0,7.0,0.0,16.0
DGKH,2.0,4.0,0.0,1.0,0.0,16.0
TRIB2,0.0,7.0,0.0,1.0,0.0,16.0
C2,0.0,5.0,0.0,3.0,0.0,16.0
SLC7A1,0.0,6.0,0.0,1.0,2.0,16.0
C12ORF75,4.0,2.0,0.0,0.0,0.0,16.0
DPH3,0.0,5.0,0.0,3.0,0.0,16.0
BLMH,2.0,2.0,1.0,2.0,0.0,16.0
FILIP1,4.0,1.0,0.0,1.0,0.0,16.0
ARAF,0.0,0.0,3.0,5.0,0.0,16.0
EEA1,2.0,2.0,0.0,3.0,0.0,16.0
NEIL1,0.0,7.0,0.0,1.0,0.0,16.0
MMP19,0.0,3.0,1.0,4.0,0.0,16.0
APMAP,2.0,5.0,0.0,0.0,0.0,16.0
TNKS1BP1,2.0,0.0,0.0,5.0,0.0,16.0
C1R,0.0,4.0,0.0,4.0,0.0,16.0
SPIRE1,0.0,3.0,0.0,5.0,0.0,16.0
DUSP7,0.0,6.0,0.0,2.0,0.0,16.0
ANKRD28,0.0,4.0,1.0,3.0,0.0,16.0
C12ORF4,0.0,5.0,0.0,3.0,0.0,16.0
SPARCL1,0.0,5.0,0.0,3.0,0.0,16.0
SIRPB1,0.0,3.0,0.0,4.0,2.0,16.0
IL3,0.0,3.0,0.0,5.0,0.0,16.0
SKIL,2.0,2.0,0.0,3.0,0.0,16.0
ITGA9,0.0,1.0,1.0,6.0,0.0,16.0
FLI1,0.0,4.0,0.0,4.0,0.0,16.0
IL36G,0.0,7.0,0.0,1.0,0.0,16.0
KCTD2,2.0,3.0,0.0,2.0,0.0,16.0
ARHGEF18,0.0,5.0,0.0,3.0,0.0,16.0
DHRS12,0.0,2.0,0.0,6.0,0.0,16.0
TMEM184B,2.0,3.0,0.0,2.0,0.0,16.0
SMAD6,0.0,2.0,0.0,6.0,0.0,16.0
TRPV2,0.0,4.0,1.0,3.0,0.0,16.0
SLC12A4,0.0,5.0,0.0,3.0,0.0,16.0
SLC8A3,0.0,1.0,0.0,7.0,0.0,16.0
FLOT1,0.0,4.0,0.0,4.0,0.0,16.0
DOCK10,0.0,3.0,0.0,4.0,2.0,16.0
DHCR7,0.0,4.0,0.0,4.0,0.0,16.0
TRIM32,0.0,4.0,0.0,4.0,0.0,16.0
JKAMP,4.0,1.0,0.0,1.0,0.0,16.0
JOSD1,0.0,2.0,0.0,6.0,0.0,16.0
MRPL27,0.0,4.0,0.0,4.0,0.0,16.0
MMP25,0.0,3.0,1.0,4.0,0.0,16.0
AMPD3,2.0,1.0,1.0,3.0,0.0,16.0
APEH,0.0,4.0,1.0,3.0,0.0,16.0
SNRK,0.0,8.0,0.0,0.0,0.0,16.0
BHLHE22,2.0,2.0,0.0,3.0,0.0,16.0
JAML,0.0,4.0,0.0,3.0,2.0,16.0
BRI3,0.0,7.0,0.0,1.0,0.0,16.0
NPAS4,0.0,0.0,0.0,8.0,0.0,16.0
FOLR1,0.0,2.0,0.0,6.0,0.0,16.0
TMCC3,2.0,5.0,0.0,0.0,0.0,16.0
NDUFAB1,0.0,3.0,1.0,4.0,0.0,16.0
BTG1,2.0,1.0,0.0,4.0,0.0,16.0
FDFT1,0.0,2.0,2.0,4.0,0.0,16.0
MLPH,0.0,1.0,0.0,7.0,0.0,16.0
SMC5,0.0,4.0,0.0,4.0,0.0,16.0
MICAL1,2.0,2.0,0.0,3.0,0.0,16.0
TOLLIP,0.0,2.0,0.0,6.0,0.0,16.0
TOMM20,0.0,4.0,1.0,3.0,0.0,16.0
NPM3,2.0,4.0,1.0,0.0,0.0,16.0
FOSL2,0.0,3.0,0.0,3.0,4.0,16.0
TTYH2,2.0,4.0,0.0,1.0,0.0,16.0
SGSH,0.0,6.0,0.0,2.0,0.0,16.0
NTAQ1,0.0,7.0,0.0,1.0,0.0,16.0
C1QB,0.0,2.0,2.0,4.0,0.0,16.0
DENND2B,2.0,3.0,0.0,2.0,0.0,16.0
SLC5A3,0.0,6.0,1.0,1.0,0.0,16.0
AMN1,0.0,6.0,0.0,2.0,0.0,16.0
SPAG6,0.0,1.0,0.0,7.0,0.0,16.0
SLC4A8,2.0,1.0,0.0,4.0,0.0,16.0
DERL2,2.0,2.0,0.0,3.0,0.0,16.0
TMSB4X,0.0,0.0,1.0,7.0,0.0,16.0
MUC13,0.0,3.0,0.0,5.0,0.0,16.0
TRAPPC2B,2.0,3.0,0.0,2.0,0.0,16.0
NOMO1,0.0,4.0,1.0,3.0,0.0,16.0
DPP7,4.0,1.0,0.0,1.0,0.0,16.0
EBAG9,0.0,5.0,1.0,2.0,0.0,16.0
DEPDC1,0.0,5.0,0.0,3.0,0.0,16.0
SPTSSA,0.0,7.0,0.0,1.0,0.0,16.0
TRAPPC2,0.0,3.0,0.0,5.0,0.0,16.0
FNDC3B,0.0,7.0,0.0,1.0,0.0,16.0
TRAPPC10,0.0,5.0,0.0,3.0,0.0,16.0
MRPL20,0.0,6.0,0.0,2.0,0.0,16.0
SH3PXD2A,0.0,8.0,0.0,0.0,0.0,16.0
ITIH4,2.0,0.0,0.0,5.0,0.0,16.0
KCNK5,0.0,6.0,2.0,0.0,0.0,16.0
APEX1,2.0,3.0,1.0,1.0,0.0,16.0
MYOD1,0.0,2.0,0.0,6.0,0.0,16.0
NDUFS3,0.0,4.0,0.0,4.0,0.0,16.0
BRPF3,0.0,2.0,0.0,6.0,0.0,16.0
FOXP3,0.0,0.0,0.0,4.0,8.0,16.0
WNT1,0.0,1.0,0.0,5.0,4.0,16.0
ACTA2,0.0,1.0,0.0,7.0,0.0,16.0
COPS2,0.0,3.0,1.0,4.0,0.0,16.0
WIPI1,2.0,3.0,0.0,2.0,0.0,16.0
WDR7,0.0,6.0,0.0,2.0,0.0,16.0
GJB3,0.0,2.0,1.0,5.0,0.0,16.0
COPS7B,0.0,2.0,0.0,6.0,0.0,16.0
MAP3K7CL,0.0,3.0,0.0,5.0,0.0,16.0
COPZ2,0.0,2.0,0.0,6.0,0.0,16.0
ACTN4,2.0,0.0,1.0,4.0,0.0,16.0
WDR26,0.0,2.0,1.0,5.0,0.0,16.0
CDT1,0.0,4.0,1.0,3.0,0.0,16.0
ACTR2,0.0,1.0,2.0,5.0,0.0,16.0
WDR19,0.0,7.0,0.0,1.0,0.0,16.0
CORO1C,0.0,7.0,1.0,0.0,0.0,16.0
GIT1,2.0,1.0,0.0,4.0,0.0,16.0
WDFY4,0.0,4.0,0.0,3.0,2.0,16.0
COX11,0.0,6.0,0.0,2.0,0.0,16.0
EXOSC5,0.0,5.0,0.0,3.0,0.0,16.0
COX20,0.0,7.0,0.0,1.0,0.0,16.0
PLPBP,0.0,4.0,0.0,4.0,0.0,16.0
RGL1,0.0,5.0,1.0,2.0,0.0,16.0
ACTA1,0.0,2.0,2.0,4.0,0.0,16.0
WSB1,0.0,3.0,0.0,5.0,0.0,16.0
SUPV3L1,0.0,6.0,0.0,2.0,0.0,16.0
WWP1,0.0,3.0,0.0,5.0,0.0,16.0
RBMXL1,4.0,2.0,0.0,0.0,0.0,16.0
CENPA,0.0,2.0,0.0,6.0,0.0,16.0
POMT1,0.0,4.0,0.0,4.0,0.0,16.0
ACLY,0.0,4.0,1.0,3.0,0.0,16.0
XRCC4,0.0,1.0,0.0,7.0,0.0,16.0
SYCP2,0.0,2.0,0.0,6.0,0.0,16.0
POLR2K,0.0,0.0,1.0,7.0,0.0,16.0
RCAN3,0.0,6.0,0.0,2.0,0.0,16.0
ATP8B4,2.0,4.0,0.0,1.0,0.0,16.0
XPNPEP1,2.0,3.0,1.0,1.0,0.0,16.0
GLI3,0.0,1.0,0.0,5.0,4.0,16.0
RCHY1,0.0,3.0,0.0,5.0,0.0,16.0
POLR2A,0.0,2.0,0.0,6.0,0.0,16.0
ACP2,0.0,5.0,0.0,3.0,0.0,16.0
RCSD1,2.0,4.0,0.0,1.0,0.0,16.0
POLR1C,0.0,3.0,1.0,4.0,0.0,16.0
SVIP,0.0,6.0,0.0,2.0,0.0,16.0
ATR,0.0,1.0,0.0,7.0,0.0,16.0
POLE3,0.0,4.0,1.0,3.0,0.0,16.0
RDM1,0.0,6.0,0.0,2.0,0.0,16.0
RECQL4,0.0,5.0,0.0,3.0,0.0,16.0
COX6A1,2.0,2.0,0.0,3.0,0.0,16.0
GIMAP8,0.0,6.0,1.0,1.0,0.0,16.0
ATP7A,0.0,2.0,2.0,1.0,6.0,16.0
ADAMTS18,0.0,0.0,0.0,8.0,0.0,16.0
PIP5K1C,0.0,4.0,0.0,4.0,0.0,16.0
MARVELD2,0.0,6.0,0.0,2.0,0.0,16.0
HELLS,3.0,1.0,0.0,2.0,1.0,16.0
AZI2,0.0,7.0,0.0,0.0,2.0,16.0
MASP2,0.0,0.0,0.0,8.0,0.0,16.0
TLE3,0.0,5.0,0.0,3.0,0.0,16.0
CREB3L4,0.0,2.0,0.0,6.0,0.0,16.0
RNASEH2A,2.0,1.0,0.0,4.0,0.0,16.0
CREBL2,0.0,6.0,0.0,2.0,0.0,16.0
CDC37L1,2.0,2.0,0.0,3.0,0.0,16.0
CDC34,0.0,0.0,0.0,8.0,0.0,16.0
GDI2,0.0,2.0,1.0,5.0,0.0,16.0
TEAD3,0.0,0.0,0.0,8.0,0.0,16.0
MAT1A,0.0,2.0,0.0,6.0,0.0,16.0
ASCL2,2.0,1.0,0.0,1.0,6.0,16.0
ENAH,0.0,0.0,1.0,7.0,0.0,16.0
CD68,0.0,5.0,0.0,3.0,0.0,16.0
ADAMTSL3,0.0,1.0,0.0,7.0,0.0,16.0
TECR,2.0,5.0,0.0,0.0,0.0,16.0
PIGK,0.0,5.0,0.0,3.0,0.0,16.0
HEXA,2.0,4.0,0.0,1.0,0.0,16.0
CDCA2,0.0,6.0,0.0,2.0,0.0,16.0
PKIA,2.0,2.0,0.0,3.0,0.0,16.0
TCTN3,0.0,6.0,0.0,2.0,0.0,16.0
PKIB,0.0,4.0,0.0,4.0,0.0,16.0
CDK9,0.0,1.0,0.0,7.0,0.0,16.0
COX7A2L,2.0,2.0,0.0,3.0,0.0,16.0
COX8A,0.0,3.0,0.0,5.0,0.0,16.0
SUOX,0.0,7.0,1.0,0.0,0.0,16.0
VTN,0.0,3.0,0.0,5.0,0.0,16.0
VTI1B,0.0,4.0,1.0,3.0,0.0,16.0
VRK3,0.0,7.0,0.0,1.0,0.0,16.0
AVP,0.0,1.0,0.0,7.0,0.0,16.0
ASH2L,0.0,3.0,1.0,4.0,0.0,16.0
LDAH,4.0,2.0,0.0,0.0,0.0,16.0
RIN3,0.0,6.0,0.0,2.0,0.0,16.0
RIOX1,0.0,3.0,1.0,4.0,0.0,16.0
CPNE3,2.0,3.0,1.0,1.0,0.0,16.0
PLAGL1,2.0,2.0,0.0,3.0,0.0,16.0
VPS13C,2.0,4.0,0.0,1.0,0.0,16.0
PLA2G7,0.0,4.0,1.0,3.0,0.0,16.0
ADAM9,0.0,6.0,0.0,2.0,0.0,16.0
STXBP3,0.0,4.0,1.0,3.0,0.0,16.0
ADAMTS1,0.0,1.0,0.0,7.0,0.0,16.0
ADAMTS10,0.0,1.0,1.0,6.0,0.0,16.0
HCST,0.0,3.0,2.0,3.0,0.0,16.0
H2AZ1,0.0,3.0,0.0,5.0,0.0,16.0
MANSC1,2.0,4.0,0.0,1.0,0.0,16.0
GCNT3,0.0,1.0,1.0,6.0,0.0,16.0
GRK2,0.0,4.0,0.0,4.0,0.0,16.0
ZNF623,0.0,8.0,0.0,0.0,0.0,16.0
ATG5,0.0,3.0,0.0,3.0,4.0,16.0
PRRC2A,2.0,4.0,0.0,1.0,0.0,16.0
ZNF560,0.0,2.0,0.0,6.0,0.0,16.0
CHCHD7,2.0,5.0,0.0,0.0,0.0,16.0
TAF5,2.0,2.0,0.0,3.0,0.0,16.0
RAB13,0.0,1.0,1.0,6.0,0.0,16.0
LTB4R,0.0,5.0,0.0,3.0,0.0,16.0
ESR2,0.0,1.0,1.0,6.0,0.0,16.0
GP5,2.0,1.0,0.0,4.0,0.0,16.0
GP1BA,0.0,1.0,0.0,7.0,0.0,16.0
ESRP2,0.0,5.0,0.0,3.0,0.0,16.0
CLEC4A,0.0,5.0,1.0,1.0,2.0,16.0
CLEC4D,0.0,2.0,1.0,2.0,6.0,16.0
PROC,0.0,0.0,0.0,8.0,0.0,16.0
LTBR,0.0,5.0,0.0,3.0,0.0,16.0
LTV1,0.0,8.0,0.0,0.0,0.0,16.0
RAB1B,0.0,4.0,0.0,4.0,0.0,16.0
GSTT1,2.0,3.0,1.0,1.0,0.0,16.0
CLIC3,0.0,8.0,0.0,0.0,0.0,16.0
ZNF394,0.0,7.0,0.0,1.0,0.0,16.0
QSOX1,0.0,2.0,0.0,6.0,0.0,16.0
QNG1,2.0,4.0,0.0,1.0,0.0,16.0
LMO1,0.0,2.0,0.0,5.0,2.0,16.0
PSIP1,0.0,5.0,1.0,2.0,0.0,16.0
PSPC1,2.0,5.0,0.0,0.0,0.0,16.0
CHST8,0.0,2.0,1.0,5.0,0.0,16.0
CHST11,2.0,4.0,0.0,1.0,0.0,16.0
CHST10,2.0,3.0,0.0,2.0,0.0,16.0
ERG28,0.0,6.0,1.0,1.0,0.0,16.0
GPRASP1,0.0,8.0,0.0,0.0,0.0,16.0
ERLIN1,0.0,8.0,0.0,0.0,0.0,16.0
LRG1,0.0,4.0,0.0,4.0,0.0,16.0
PTPN3,0.0,5.0,0.0,3.0,0.0,16.0
PTPN7,0.0,1.0,1.0,6.0,0.0,16.0
CKLF,0.0,6.0,0.0,2.0,0.0,16.0
CKS1B,0.0,5.0,0.0,3.0,0.0,16.0
PTRH2,0.0,4.0,0.0,4.0,0.0,16.0
PUM3,0.0,8.0,0.0,0.0,0.0,16.0
GPIHBP1,0.0,4.0,0.0,4.0,0.0,16.0
LSAMP,0.0,4.0,0.0,4.0,0.0,16.0
GPHN,2.0,4.0,0.0,1.0,0.0,16.0
TARBP1,0.0,5.0,0.0,3.0,0.0,16.0
CHI3L1,0.0,0.0,0.0,8.0,0.0,16.0
PYCR1,0.0,5.0,0.0,3.0,0.0,16.0
GPC3,0.0,1.0,1.0,6.0,0.0,16.0
PRKD2,3.0,3.0,0.0,0.0,1.0,16.0
RAB3GAP1,0.0,6.0,0.0,2.0,0.0,16.0
GLS2,0.0,3.0,0.0,5.0,0.0,16.0
SYNRG,2.0,3.0,0.0,2.0,0.0,16.0
CNOT4,0.0,3.0,0.0,5.0,0.0,16.0
CNOT6,0.0,2.0,0.0,6.0,0.0,16.0
SYNJ1,0.0,4.0,0.0,4.0,0.0,16.0
TBX3,0.0,0.0,0.0,8.0,0.0,16.0
GMPS,2.0,3.0,0.0,2.0,0.0,16.0
PPP2R2B,2.0,1.0,1.0,3.0,0.0,16.0
RASSF4,2.0,5.0,0.0,0.0,0.0,16.0
ATP6V1G1,0.0,3.0,0.0,5.0,0.0,16.0
H1-4,4.0,1.0,0.0,1.0,0.0,16.0
ABL2,0.0,5.0,1.0,1.0,2.0,16.0
ZBTB44,0.0,8.0,0.0,0.0,0.0,16.0
ENTPD4,2.0,5.0,0.0,0.0,0.0,16.0
CENPV,0.0,4.0,0.0,4.0,0.0,16.0
CNTROB,0.0,3.0,0.0,5.0,0.0,16.0
CENPU,0.0,6.0,0.0,2.0,0.0,16.0
TBXAS1,0.0,6.0,1.0,1.0,0.0,16.0
SYNE3,0.0,5.0,0.0,3.0,0.0,16.0
H2AC21,0.0,1.0,0.0,7.0,0.0,16.0
CENPM,0.0,5.0,0.0,3.0,0.0,16.0
PPBP,0.0,0.0,0.0,8.0,0.0,16.0
CENPJ,0.0,4.0,0.0,4.0,0.0,16.0
CEP68,0.0,8.0,0.0,0.0,0.0,16.0
ZFP36L2,0.0,4.0,0.0,2.0,4.0,16.0
CLN6,0.0,5.0,0.0,3.0,0.0,16.0
SYT2,0.0,2.0,3.0,3.0,0.0,16.0
RAB3IL1,0.0,6.0,0.0,2.0,0.0,16.0
GTF2H2,0.0,0.0,0.0,8.0,0.0,16.0
LY86,2.0,3.0,1.0,1.0,0.0,16.0
RAB43,2.0,3.0,0.0,2.0,0.0,16.0
ATG14,0.0,3.0,0.0,5.0,0.0,16.0
TAF11,2.0,1.0,0.0,4.0,0.0,16.0
RAB8A,0.0,2.0,0.0,6.0,0.0,16.0
ATG12,0.0,1.0,1.0,6.0,0.0,16.0
RAB9A,0.0,2.0,1.0,5.0,0.0,16.0
TADA2B,0.0,1.0,0.0,7.0,0.0,16.0
ZNF274,0.0,8.0,0.0,0.0,0.0,16.0
ETV7,0.0,6.0,0.0,2.0,0.0,16.0
LZTFL1,0.0,5.0,0.0,3.0,0.0,16.0
PRIM2,2.0,3.0,0.0,2.0,0.0,16.0
RALA,0.0,3.0,2.0,3.0,0.0,16.0
LIMK1,0.0,4.0,0.0,4.0,0.0,16.0
ABCC3,0.0,3.0,1.0,4.0,0.0,16.0
PREB,0.0,4.0,0.0,4.0,0.0,16.0
RANBP6,2.0,5.0,0.0,0.0,0.0,16.0
MAD1L1,0.0,2.0,0.0,5.0,2.0,16.0
LILRB3,0.0,3.0,1.0,4.0,0.0,16.0
CD5,0.0,4.0,1.0,2.0,2.0,16.0
RNASE6,0.0,6.0,0.0,2.0,0.0,16.0
CRY1,0.0,4.0,2.0,2.0,0.0,16.0
S100P,0.0,3.0,0.0,5.0,0.0,16.0
KLRC3,1.0,5.0,1.0,0.0,1.0,16.0
FZD4,0.0,1.0,1.0,6.0,0.0,16.0
P2RY14,0.0,6.0,0.0,2.0,0.0,16.0
KLHL24,0.0,7.0,0.0,1.0,0.0,16.0
TIGD3,0.0,1.0,0.0,7.0,0.0,16.0
FZD1,0.0,1.0,1.0,6.0,0.0,16.0
FYCO1,2.0,4.0,0.0,1.0,0.0,16.0
CYRIA,0.0,6.0,0.0,2.0,0.0,16.0
HSH2D,4.0,2.0,0.0,0.0,0.0,16.0
UCP2,0.0,6.0,0.0,2.0,0.0,16.0
OXNAD1,2.0,4.0,0.0,1.0,0.0,16.0
ST3GAL6,0.0,3.0,0.0,5.0,0.0,16.0
ST3GAL3,0.0,0.0,0.0,8.0,0.0,16.0
AGTRAP,0.0,8.0,0.0,0.0,0.0,16.0
KLF9,0.0,5.0,0.0,3.0,0.0,16.0
OSTF1,0.0,5.0,0.0,3.0,0.0,16.0
DAAM1,2.0,4.0,1.0,0.0,0.0,16.0
DAB1,0.0,5.0,0.0,3.0,0.0,16.0
FXYD2,0.0,3.0,0.0,5.0,0.0,16.0
OSBPL5,2.0,5.0,0.0,0.0,0.0,16.0
AHNAK2,2.0,0.0,0.0,5.0,0.0,16.0
SCIN,0.0,1.0,0.0,7.0,0.0,16.0
TIA1,2.0,3.0,1.0,1.0,0.0,16.0
HSD17B6,0.0,5.0,1.0,2.0,0.0,16.0
STAM2,0.0,1.0,0.0,7.0,0.0,16.0
STARD4,2.0,5.0,0.0,0.0,0.0,16.0
KMT2D,0.0,4.0,0.0,4.0,0.0,16.0
PARP6,0.0,3.0,0.0,5.0,0.0,16.0
UNG,0.0,6.0,0.0,1.0,2.0,16.0
HPGDS,2.0,1.0,1.0,3.0,0.0,16.0
SARS1,0.0,2.0,1.0,5.0,0.0,16.0
HPS4,0.0,7.0,0.0,1.0,0.0,16.0
PAQR5,0.0,2.0,0.0,6.0,0.0,16.0
PAPPA,0.0,2.0,0.0,6.0,0.0,16.0
CYP27A1,0.0,5.0,0.0,3.0,0.0,16.0
PAG1,0.0,2.0,1.0,4.0,2.0,16.0
CYP27B1,0.0,5.0,1.0,2.0,0.0,16.0
PANX1,0.0,6.0,0.0,2.0,0.0,16.0
SATB2,0.0,2.0,0.0,6.0,0.0,16.0
PALLD,0.0,7.0,0.0,1.0,0.0,16.0
SBDS,0.0,7.0,0.0,1.0,0.0,16.0
PHYH,0.0,5.0,2.0,1.0,0.0,16.0
HSD17B10,0.0,6.0,0.0,2.0,0.0,16.0
STAG3,0.0,5.0,0.0,3.0,0.0,16.0
STAG2,0.0,2.0,1.0,5.0,0.0,16.0
UBR4,2.0,2.0,0.0,3.0,0.0,16.0
OS9,0.0,3.0,0.0,5.0,0.0,16.0
ORMDL1,2.0,3.0,0.0,2.0,0.0,16.0
SERPINA3,0.0,0.0,0.0,8.0,0.0,16.0
FSTL3,0.0,3.0,0.0,5.0,0.0,16.0
UBE2M,0.0,2.0,1.0,5.0,0.0,16.0
BCOR,0.0,6.0,0.0,2.0,0.0,16.0
EGR4,0.0,2.0,0.0,6.0,0.0,16.0
SEPTIN7,2.0,3.0,1.0,1.0,0.0,16.0
SEPTIN8,0.0,7.0,0.0,1.0,0.0,16.0
UBASH3A,0.0,6.0,0.0,1.0,2.0,16.0
SS18L1,0.0,3.0,0.0,5.0,0.0,16.0
FRY,2.0,4.0,1.0,0.0,0.0,16.0
FRMD6,2.0,3.0,0.0,2.0,0.0,16.0
CAMK1,0.0,4.0,1.0,3.0,0.0,16.0
KIF3A,0.0,3.0,0.0,5.0,0.0,16.0
KIF2A,0.0,5.0,1.0,2.0,0.0,16.0
FRK,2.0,1.0,0.0,4.0,0.0,16.0
SRSF6,0.0,5.0,0.0,3.0,0.0,16.0
ALDH6A1,0.0,4.0,2.0,2.0,0.0,16.0
MGAT2,0.0,1.0,0.0,7.0,0.0,16.0
SRSF10,0.0,5.0,1.0,2.0,0.0,16.0
ALG1,0.0,3.0,0.0,5.0,0.0,16.0
IFNA13,0.0,0.0,1.0,5.0,4.0,16.0
ICAM2,2.0,1.0,2.0,2.0,0.0,16.0
NUPR1,0.0,5.0,1.0,2.0,0.0,16.0
TIGIT,2.0,2.0,1.0,1.0,2.0,16.0
KL,0.0,1.0,0.0,7.0,0.0,16.0
SEC24B,0.0,1.0,1.0,6.0,0.0,16.0
ORAI1,0.0,2.0,0.0,6.0,0.0,16.0
DARS2,0.0,2.0,0.0,6.0,0.0,16.0
ARL5A,0.0,6.0,2.0,0.0,0.0,16.0
KLF1,0.0,2.0,1.0,5.0,0.0,16.0
HTR2C,2.0,1.0,0.0,4.0,0.0,16.0
EID3,0.0,4.0,0.0,4.0,0.0,16.0
UBE4B,0.0,6.0,1.0,1.0,0.0,16.0
OGFOD1,0.0,3.0,0.0,5.0,0.0,16.0
OCLN,0.0,2.0,0.0,6.0,0.0,16.0
CAMK1D,0.0,6.0,0.0,2.0,0.0,16.0
DBNL,0.0,4.0,0.0,4.0,0.0,16.0
SEL1L3,0.0,7.0,0.0,1.0,0.0,16.0
ARL3,0.0,3.0,0.0,5.0,0.0,16.0
FTO,0.0,4.0,0.0,4.0,0.0,16.0
OCIAD1,2.0,5.0,0.0,0.0,0.0,16.0
CAMKK2,0.0,2.0,0.0,6.0,0.0,16.0
TIPIN,2.0,1.0,1.0,3.0,0.0,16.0
NXT2,0.0,3.0,0.0,5.0,0.0,16.0
SELENOS,0.0,5.0,0.0,3.0,0.0,16.0
PASK,2.0,4.0,0.0,1.0,0.0,16.0
AGL,0.0,6.0,1.0,1.0,0.0,16.0
KNG1,0.0,0.0,0.0,8.0,0.0,16.0
PDE4A,2.0,3.0,1.0,1.0,0.0,16.0
RPL31,0.0,1.0,1.0,6.0,0.0,16.0
CCL13,0.0,8.0,0.0,0.0,0.0,16.0
CTNND2,0.0,3.0,0.0,5.0,0.0,16.0
RPL34,0.0,2.0,0.0,6.0,0.0,16.0
TEX10,0.0,5.0,0.0,3.0,0.0,16.0
PGM3,0.0,5.0,0.0,3.0,0.0,16.0
RPL37,0.0,2.0,0.0,6.0,0.0,16.0
RPL7A,0.0,2.0,0.0,6.0,0.0,16.0
RPLP2,0.0,2.0,0.0,6.0,0.0,16.0
RNF44,0.0,8.0,0.0,0.0,0.0,16.0
LAPTM4B,2.0,4.0,1.0,0.0,0.0,16.0
CTSE,2.0,2.0,1.0,2.0,0.0,16.0
ARNT,0.0,3.0,0.0,5.0,0.0,16.0
CTSK,2.0,0.0,0.0,5.0,0.0,16.0
ELL,0.0,4.0,0.0,4.0,0.0,16.0
VAPA,0.0,4.0,1.0,3.0,0.0,16.0
VANGL1,2.0,5.0,0.0,0.0,0.0,16.0
CSNK1G2,0.0,5.0,0.0,3.0,0.0,16.0
TF,0.0,0.0,0.0,8.0,0.0,16.0
RPL10A,0.0,1.0,1.0,6.0,0.0,16.0
TFCP2L1,0.0,2.0,0.0,6.0,0.0,16.0
CST6,0.0,4.0,0.0,4.0,0.0,16.0
UTP11,0.0,7.0,0.0,1.0,0.0,16.0
CSTB,0.0,2.0,0.0,6.0,0.0,16.0
ADIPOQ,2.0,2.0,0.0,3.0,0.0,16.0
PEAK1,2.0,3.0,0.0,2.0,0.0,16.0
USP24,2.0,2.0,0.0,3.0,0.0,16.0
ADGRG5,4.0,2.0,0.0,0.0,0.0,16.0
ARPC5L,0.0,6.0,0.0,2.0,0.0,16.0
PDXK,0.0,5.0,0.0,3.0,0.0,16.0
HIVEP2,0.0,5.0,1.0,2.0,0.0,16.0
RPL22L1,0.0,2.0,0.0,6.0,0.0,16.0
PDLIM5,0.0,6.0,1.0,1.0,0.0,16.0
PDE6D,0.0,4.0,0.0,4.0,0.0,16.0
STC1,0.0,2.0,0.0,6.0,0.0,16.0
VEGFB,0.0,0.0,0.0,8.0,0.0,16.0
PHF13,2.0,3.0,0.0,2.0,0.0,16.0
VIPR1,2.0,5.0,0.0,0.0,0.0,16.0
URI1,0.0,5.0,1.0,2.0,0.0,16.0
GCHFR,2.0,1.0,1.0,3.0,0.0,16.0
RSL1D1,0.0,7.0,0.0,1.0,0.0,16.0
CD226,1.0,3.0,0.0,3.0,1.0,16.0
B3GNT5,0.0,4.0,0.0,4.0,0.0,16.0
FBXO15,2.0,2.0,0.0,3.0,0.0,16.0
THSD7B,0.0,1.0,0.0,7.0,0.0,16.0
PHF19,0.0,5.0,0.0,3.0,0.0,16.0
PCMTD1,2.0,4.0,1.0,0.0,0.0,16.0
GALNT12,0.0,3.0,0.0,5.0,0.0,16.0
USF1,0.0,2.0,0.0,6.0,0.0,16.0
HNRNPA1,0.0,5.0,1.0,2.0,0.0,16.0
RTN1,0.0,8.0,0.0,0.0,0.0,16.0
HGS,0.0,2.0,0.0,6.0,0.0,16.0
VEGFD,0.0,0.0,0.0,8.0,0.0,16.0
ASB13,0.0,3.0,0.0,5.0,0.0,16.0
CXCL5,0.0,1.0,0.0,7.0,0.0,16.0
RRP15,0.0,7.0,0.0,1.0,0.0,16.0
CBS,0.0,2.0,0.0,6.0,0.0,16.0
ADSS1,0.0,6.0,0.0,2.0,0.0,16.0
RRAGC,0.0,2.0,0.0,6.0,0.0,16.0
TESK2,0.0,4.0,0.0,4.0,0.0,16.0
RRAS2,0.0,4.0,1.0,3.0,0.0,16.0
FANCL,1.0,3.0,0.0,3.0,0.0,15.0
KIDINS220,1.0,5.0,0.0,1.0,0.0,15.0
EFTUD2,1.0,2.0,0.0,4.0,0.0,15.0
PSMG2,1.0,4.0,1.0,1.0,0.0,15.0
TAMALIN,1.0,6.0,0.0,0.0,0.0,15.0
TAOK3,1.0,4.0,0.0,2.0,0.0,15.0
STX6,1.0,5.0,0.0,1.0,0.0,15.0
FANCA,0.0,3.0,0.0,3.0,3.0,15.0
STRAP,3.0,1.0,1.0,1.0,0.0,15.0
LTBP3,1.0,3.0,0.0,3.0,0.0,15.0
LATS2,1.0,3.0,0.0,3.0,0.0,15.0
F12,1.0,1.0,0.0,5.0,0.0,15.0
KIR2DS2,1.0,4.0,0.0,2.0,0.0,15.0
ERN1,1.0,3.0,0.0,3.0,0.0,15.0
MCEE,1.0,6.0,0.0,0.0,0.0,15.0
MCFD2,1.0,3.0,0.0,3.0,0.0,15.0
MCTP1,3.0,2.0,0.0,1.0,0.0,15.0
IZUMO1R,1.0,2.0,0.0,4.0,0.0,15.0
BNIP3,1.0,1.0,2.0,3.0,0.0,15.0
DTX1,2.0,3.0,0.0,0.0,3.0,15.0
TMEM223,3.0,2.0,0.0,1.0,0.0,15.0
TARP,3.0,3.0,0.0,0.0,0.0,15.0
SNHG32,3.0,2.0,0.0,1.0,0.0,15.0
KIR2DS5,1.0,4.0,1.0,1.0,0.0,15.0
EYA2,3.0,1.0,0.0,2.0,0.0,15.0
ARIH1,1.0,2.0,0.0,4.0,0.0,15.0
KIR3DL1,1.0,3.0,2.0,1.0,0.0,15.0
MRPL54,1.0,4.0,0.0,2.0,0.0,15.0
MPHOSPH6,1.0,5.0,1.0,0.0,0.0,15.0
MRPL50,1.0,3.0,0.0,3.0,0.0,15.0
FAXC,3.0,2.0,0.0,1.0,0.0,15.0
KHNYN,1.0,3.0,0.0,3.0,0.0,15.0
LHCGR,1.0,2.0,0.0,4.0,0.0,15.0
KLHL6,3.0,3.0,0.0,0.0,0.0,15.0
ARID3A,1.0,2.0,0.0,4.0,0.0,15.0
ATP6V1F,1.0,1.0,0.0,5.0,0.0,15.0
EIF3K,1.0,3.0,0.0,3.0,0.0,15.0
BIN1,1.0,4.0,0.0,2.0,0.0,15.0
ARID2,0.0,4.0,0.0,2.0,3.0,15.0
MED25,1.0,1.0,0.0,5.0,0.0,15.0
BAZ1A,1.0,4.0,1.0,1.0,0.0,15.0
DYNC1LI2,1.0,1.0,0.0,5.0,0.0,15.0
ATP2A3,1.0,1.0,0.0,5.0,0.0,15.0
LEP,0.0,2.0,0.0,4.0,3.0,15.0
ARMCX2,1.0,5.0,0.0,1.0,0.0,15.0
ARMC6,1.0,3.0,0.0,3.0,0.0,15.0
MED8,1.0,3.0,0.0,3.0,0.0,15.0
MAP3K4,1.0,4.0,1.0,1.0,0.0,15.0
STARD3NL,3.0,3.0,0.0,0.0,0.0,15.0
SPIN1,1.0,6.0,0.0,0.0,0.0,15.0
EIF6,1.0,5.0,0.0,1.0,0.0,15.0
THYN1,1.0,4.0,1.0,1.0,0.0,15.0
MEGF6,1.0,6.0,0.0,0.0,0.0,15.0
LHPP,3.0,1.0,0.0,2.0,0.0,15.0
ATP5PO,1.0,3.0,1.0,2.0,0.0,15.0
MED15,1.0,2.0,0.0,4.0,0.0,15.0
EIF2S3,1.0,0.0,0.0,6.0,0.0,15.0
BCL7C,1.0,1.0,0.0,5.0,0.0,15.0
LUZP1,1.0,5.0,0.0,1.0,0.0,15.0
BMPR1A,1.0,4.0,0.0,2.0,0.0,15.0
ENPP4,1.0,5.0,0.0,1.0,0.0,15.0
TBC1D14,1.0,5.0,0.0,1.0,0.0,15.0
LDAF1,1.0,5.0,0.0,1.0,0.0,15.0
METTL3,0.0,5.0,0.0,1.0,3.0,15.0
BAG4,1.0,4.0,1.0,1.0,0.0,15.0
KMT5A,1.0,0.0,0.0,6.0,0.0,15.0
AVL9,1.0,6.0,0.0,0.0,0.0,15.0
SNRPB2,1.0,4.0,1.0,1.0,0.0,15.0
LYSMD1,3.0,1.0,0.0,2.0,0.0,15.0
LYSMD3,1.0,1.0,0.0,5.0,0.0,15.0
EIF2B1,0.0,2.0,1.0,4.0,1.0,15.0
ATAD5,1.0,4.0,0.0,1.0,2.0,15.0
SNRPD2,1.0,4.0,0.0,2.0,0.0,15.0
STC2,1.0,1.0,0.0,5.0,0.0,15.0
LAIR1,1.0,4.0,0.0,2.0,0.0,15.0
MACO1,1.0,6.0,0.0,0.0,0.0,15.0
KAT5,0.0,1.0,0.0,5.0,3.0,15.0
MRPL3,1.0,2.0,1.0,3.0,0.0,15.0
ZZZ3,1.0,4.0,0.0,2.0,0.0,15.0
SF3A1,1.0,5.0,1.0,0.0,0.0,15.0
FBXO16,1.0,6.0,0.0,0.0,0.0,15.0
ADAMTS8,1.0,0.0,0.0,6.0,0.0,15.0
HLA-DRB3,0.0,1.0,1.0,4.0,3.0,15.0
RPL3L,1.0,1.0,0.0,5.0,0.0,15.0
RPL9,1.0,0.0,0.0,6.0,0.0,15.0
CCDC47,1.0,3.0,0.0,3.0,0.0,15.0
GAN,1.0,1.0,0.0,5.0,0.0,15.0
RRAS,1.0,1.0,0.0,5.0,0.0,15.0
RREB1,1.0,3.0,2.0,1.0,0.0,15.0
USB1,1.0,6.0,0.0,0.0,0.0,15.0
PCMT1,1.0,2.0,1.0,3.0,0.0,15.0
GALM,3.0,3.0,0.0,0.0,0.0,15.0
RXYLT1,1.0,6.0,0.0,0.0,0.0,15.0
S1PR1,1.0,5.0,0.0,1.0,0.0,15.0
HP1BP3,1.0,3.0,1.0,2.0,0.0,15.0
SARS2,1.0,1.0,0.0,5.0,0.0,15.0
BSCL2,3.0,3.0,0.0,0.0,0.0,15.0
HSD17B11,1.0,5.0,0.0,1.0,0.0,15.0
SC5D,1.0,2.0,0.0,4.0,0.0,15.0
USP28,1.0,2.0,0.0,4.0,0.0,15.0
CCNI,1.0,3.0,1.0,2.0,0.0,15.0
USP5,1.0,1.0,0.0,5.0,0.0,15.0
RNF181,1.0,3.0,0.0,3.0,0.0,15.0
CD79B,0.0,5.0,0.0,2.0,1.0,15.0
CRISP2,3.0,1.0,0.0,2.0,0.0,15.0
ADAP1,1.0,4.0,0.0,2.0,0.0,15.0
VGLL4,1.0,4.0,0.0,2.0,0.0,15.0
PHF3,1.0,4.0,0.0,2.0,0.0,15.0
PHF23,1.0,5.0,0.0,1.0,0.0,15.0
CSAD,1.0,4.0,0.0,2.0,0.0,15.0
GBP7,1.0,6.0,0.0,0.0,0.0,15.0
CSTPP1,1.0,3.0,0.0,3.0,0.0,15.0
CD2,0.0,4.0,1.0,1.0,3.0,15.0
RNF41,0.0,1.0,0.0,6.0,1.0,15.0
GATA6,1.0,1.0,0.0,5.0,0.0,15.0
CCT2,1.0,3.0,1.0,2.0,0.0,15.0
CCR9,2.0,3.0,0.0,0.0,3.0,15.0
GAS2L3,1.0,5.0,0.0,1.0,0.0,15.0
USP6NL,1.0,4.0,0.0,2.0,0.0,15.0
PACS1,3.0,1.0,0.0,2.0,0.0,15.0
HSD17B7,1.0,6.0,0.0,0.0,0.0,15.0
CYP4V2,1.0,5.0,0.0,1.0,0.0,15.0
ALG2,1.0,1.0,0.0,5.0,0.0,15.0
DCUN1D3,1.0,3.0,0.0,3.0,0.0,15.0
DCUN1D5,1.0,4.0,0.0,2.0,0.0,15.0
CACNA1G,1.0,1.0,0.0,5.0,0.0,15.0
ALG11,1.0,1.0,0.0,5.0,0.0,15.0
NT5DC3,1.0,4.0,0.0,2.0,0.0,15.0
ALG13,1.0,1.0,0.0,5.0,0.0,15.0
CABLES1,1.0,4.0,0.0,2.0,0.0,15.0
SETDB2,1.0,5.0,0.0,1.0,0.0,15.0
AKIRIN1,1.0,4.0,0.0,2.0,0.0,15.0
SF1,1.0,5.0,0.0,1.0,0.0,15.0
DDX5,1.0,2.0,0.0,4.0,0.0,15.0
TUBGCP4,1.0,4.0,1.0,1.0,0.0,15.0
SFXN2,1.0,6.0,0.0,0.0,0.0,15.0
NR1H4,1.0,0.0,1.0,5.0,0.0,15.0
SH2D1B,1.0,3.0,1.0,2.0,0.0,15.0
NOTCH4,1.0,1.0,0.0,5.0,0.0,15.0
AKR1A1,1.0,4.0,1.0,1.0,0.0,15.0
UBE2Q2,1.0,1.0,0.0,5.0,0.0,15.0
SCPEP1,1.0,5.0,0.0,1.0,0.0,15.0
UBQLN2,1.0,3.0,1.0,2.0,0.0,15.0
CAPZB,1.0,2.0,1.0,3.0,0.0,15.0
OXA1L,1.0,2.0,0.0,4.0,0.0,15.0
SDC1,1.0,2.0,1.0,3.0,0.0,15.0
SDHA,1.0,3.0,1.0,2.0,0.0,15.0
CAPNS1,1.0,3.0,1.0,2.0,0.0,15.0
UBXN8,1.0,3.0,1.0,2.0,0.0,15.0
OSBPL9,1.0,4.0,0.0,2.0,0.0,15.0
SEC61A2,1.0,4.0,0.0,2.0,0.0,15.0
DCAF8,1.0,4.0,0.0,2.0,0.0,15.0
SEC61G,1.0,4.0,0.0,2.0,0.0,15.0
HTRA1,1.0,2.0,1.0,3.0,0.0,15.0
OGN,1.0,2.0,0.0,4.0,0.0,15.0
DBI,1.0,2.0,1.0,3.0,0.0,15.0
HUWE1,1.0,2.0,0.0,4.0,0.0,15.0
SELENOK,1.0,4.0,0.0,1.0,2.0,15.0
CAMK2N1,1.0,5.0,0.0,1.0,0.0,15.0
CD84,1.0,2.0,1.0,2.0,2.0,15.0
CDC14B,1.0,4.0,0.0,2.0,0.0,15.0
SH3D19,1.0,3.0,0.0,3.0,0.0,15.0
GDI1,1.0,2.0,0.0,4.0,0.0,15.0
PRMT3,1.0,2.0,0.0,4.0,0.0,15.0
RAB3D,1.0,3.0,0.0,3.0,0.0,15.0
CLN8,1.0,3.0,0.0,3.0,0.0,15.0
PRKCI,1.0,1.0,1.0,4.0,0.0,15.0
CLPTM1L,1.0,4.0,1.0,1.0,0.0,15.0
GTF3A,1.0,5.0,1.0,0.0,0.0,15.0
ZNF35,3.0,1.0,0.0,2.0,0.0,15.0
RABEPK,1.0,5.0,0.0,1.0,0.0,15.0
RAD18,1.0,1.0,0.0,5.0,0.0,15.0
GTPBP1,1.0,3.0,0.0,3.0,0.0,15.0
GNPTAB,3.0,2.0,0.0,1.0,0.0,15.0
RAD54L,1.0,5.0,0.0,1.0,0.0,15.0
RALGDS,1.0,5.0,0.0,1.0,0.0,15.0
CERS2,1.0,1.0,1.0,4.0,0.0,15.0
RANGAP1,1.0,1.0,1.0,4.0,0.0,15.0
ZHX2,1.0,4.0,0.0,2.0,0.0,15.0
ZFYVE26,3.0,2.0,0.0,1.0,0.0,15.0
ZNF467,1.0,5.0,0.0,1.0,0.0,15.0
GOSR2,1.0,2.0,1.0,3.0,0.0,15.0
GOT1,1.0,3.0,0.0,3.0,0.0,15.0
ZNF839,3.0,3.0,0.0,0.0,0.0,15.0
PSRC1,1.0,5.0,0.0,1.0,0.0,15.0
PTK2B,1.0,2.0,1.0,2.0,2.0,15.0
CISD2,1.0,3.0,1.0,2.0,0.0,15.0
PTPN13,1.0,4.0,1.0,1.0,0.0,15.0
ZRANB1,1.0,4.0,0.0,2.0,0.0,15.0
ZNF93,1.0,3.0,0.0,3.0,0.0,15.0
AAK1,1.0,3.0,0.0,3.0,0.0,15.0
PUS3,3.0,3.0,0.0,0.0,0.0,15.0
ZNF511,1.0,6.0,0.0,0.0,0.0,15.0
CHKA,1.0,4.0,0.0,2.0,0.0,15.0
PSD3,1.0,1.0,0.0,5.0,0.0,15.0
PRUNE1,1.0,3.0,0.0,3.0,0.0,15.0
RAB12,1.0,2.0,0.0,4.0,0.0,15.0
GSDME,1.0,3.0,1.0,2.0,0.0,15.0
ZNF521,1.0,0.0,0.0,6.0,0.0,15.0
CHCHD10,1.0,5.0,0.0,1.0,0.0,15.0
GYPC,1.0,2.0,0.0,4.0,0.0,15.0
PRAF2,1.0,1.0,0.0,5.0,0.0,15.0
PRADC1,1.0,5.0,0.0,1.0,0.0,15.0
HAUS5,3.0,2.0,0.0,1.0,0.0,15.0
REPIN1,1.0,6.0,0.0,0.0,0.0,15.0
GJB2,1.0,2.0,0.0,4.0,0.0,15.0
RFC1,1.0,4.0,0.0,2.0,0.0,15.0
GIPC2,1.0,2.0,1.0,3.0,0.0,15.0
ACY1,1.0,3.0,2.0,1.0,0.0,15.0
PLK4,3.0,1.0,0.0,2.0,0.0,15.0
CDK5RAP1,1.0,5.0,0.0,1.0,0.0,15.0
CDH19,1.0,1.0,0.0,5.0,0.0,15.0
WWOX,1.0,1.0,0.0,5.0,0.0,15.0
RIPPLY3,1.0,1.0,1.0,4.0,0.0,15.0
CPSF2,1.0,4.0,0.0,2.0,0.0,15.0
ADAMTS2,1.0,0.0,0.0,6.0,0.0,15.0
PITPNA,1.0,4.0,1.0,1.0,0.0,15.0
CDC5L,1.0,3.0,1.0,2.0,0.0,15.0
ADAMTS6,1.0,0.0,0.0,6.0,0.0,15.0
PIKFYVE,1.0,1.0,0.0,5.0,0.0,15.0
CEBPG,0.0,3.0,0.0,4.0,1.0,15.0
COMMD7,1.0,3.0,1.0,2.0,0.0,15.0
ABHD17A,1.0,6.0,0.0,0.0,0.0,15.0
ZBTB18,1.0,3.0,1.0,2.0,0.0,15.0
RASGEF1B,1.0,6.0,0.0,0.0,0.0,15.0
ZDHHC11,1.0,3.0,0.0,3.0,0.0,15.0
RASSF1,1.0,1.0,1.0,4.0,0.0,15.0
PPP2R3C,0.0,2.0,1.0,4.0,1.0,15.0
RASSF5,0.0,3.0,0.0,4.0,1.0,15.0
H19,1.0,2.0,0.0,4.0,0.0,15.0
ZBTB2,1.0,6.0,0.0,0.0,0.0,15.0
COBLL1,1.0,3.0,0.0,3.0,0.0,15.0
GLDC,1.0,2.0,0.0,4.0,0.0,15.0
GLS,1.0,3.0,0.0,3.0,0.0,15.0
YARS2,1.0,2.0,0.0,4.0,0.0,15.0
COL18A1,1.0,3.0,0.0,3.0,0.0,15.0
RC3H1,0.0,4.0,0.0,0.0,7.0,15.0
CELF2,1.0,4.0,0.0,2.0,0.0,15.0
COLGALT1,1.0,3.0,1.0,2.0,0.0,15.0
ACP3,1.0,5.0,0.0,1.0,0.0,15.0
NOTCH2,1.0,0.0,0.0,5.0,2.0,15.0
LRP6,1.0,2.0,0.0,4.0,0.0,15.0
SH3KBP1,0.0,3.0,0.0,4.0,1.0,15.0
C15ORF39,1.0,6.0,0.0,0.0,0.0,15.0
IL9,0.0,6.0,0.0,1.0,1.0,15.0
FCGR3B,1.0,2.0,1.0,3.0,0.0,15.0
IL7,0.0,4.0,1.0,1.0,3.0,15.0
NETO2,1.0,4.0,0.0,2.0,0.0,15.0
TRIM26,1.0,5.0,0.0,1.0,0.0,15.0
APOL1,1.0,4.0,0.0,2.0,0.0,15.0
SLC12A7,1.0,6.0,0.0,0.0,0.0,15.0
SLC12A2,1.0,4.0,0.0,2.0,0.0,15.0
MXD3,1.0,4.0,0.0,2.0,0.0,15.0
ANKRD13D,1.0,6.0,0.0,0.0,0.0,15.0
APOOL,1.0,4.0,0.0,2.0,0.0,15.0
ANKRD11,1.0,4.0,0.0,2.0,0.0,15.0
NFU1,1.0,1.0,0.0,5.0,0.0,15.0
TNFRSF14,1.0,2.0,0.0,3.0,2.0,15.0
TRPC1,3.0,3.0,0.0,0.0,0.0,15.0
ANK2,1.0,2.0,0.0,4.0,0.0,15.0
BUB3,1.0,2.0,1.0,3.0,0.0,15.0
SMARCA5,1.0,1.0,1.0,4.0,0.0,15.0
BTN3A3,0.0,6.0,0.0,1.0,1.0,15.0
SLC6A12,1.0,6.0,0.0,0.0,0.0,15.0
NAA11,1.0,2.0,0.0,4.0,0.0,15.0
TMPO,1.0,2.0,0.0,4.0,0.0,15.0
TRBC1,2.0,3.0,0.0,0.0,3.0,15.0
NCOA7,1.0,6.0,0.0,0.0,0.0,15.0
DMD,1.0,2.0,0.0,4.0,0.0,15.0
SLC30A4,3.0,3.0,0.0,0.0,0.0,15.0
NCF1C,1.0,4.0,0.0,2.0,0.0,15.0
FGD3,1.0,3.0,0.0,3.0,0.0,15.0
NDRG2,1.0,4.0,0.0,2.0,0.0,15.0
TPT1,1.0,6.0,0.0,0.0,0.0,15.0
SLC35A1,1.0,1.0,0.0,5.0,0.0,15.0
NDUFA1,3.0,1.0,0.0,2.0,0.0,15.0
TRAF3IP2,0.0,5.0,0.0,1.0,3.0,15.0
TRAF3IP3,1.0,3.0,0.0,3.0,0.0,15.0
NARS2,1.0,2.0,0.0,4.0,0.0,15.0
NARS1,1.0,3.0,0.0,3.0,0.0,15.0
TRAM2,1.0,5.0,0.0,1.0,0.0,15.0
IQSEC1,1.0,4.0,1.0,1.0,0.0,15.0
C17ORF58,1.0,5.0,0.0,1.0,0.0,15.0
DKKL1,1.0,3.0,0.0,3.0,0.0,15.0
TRAPPC5,1.0,1.0,0.0,5.0,0.0,15.0
DKC1,1.0,5.0,1.0,0.0,0.0,15.0
ITIH3,1.0,3.0,0.0,3.0,0.0,15.0
APOBEC2,3.0,2.0,0.0,1.0,0.0,15.0
DGKD,1.0,5.0,0.0,1.0,0.0,15.0
TMEM87A,1.0,5.0,0.0,1.0,0.0,15.0
IKBIP,1.0,3.0,0.0,3.0,0.0,15.0
MTAP,1.0,1.0,0.0,5.0,0.0,15.0
NMT2,1.0,4.0,1.0,1.0,0.0,15.0
ITM2C,1.0,6.0,0.0,0.0,0.0,15.0
TSPOAP1,1.0,6.0,0.0,0.0,0.0,15.0
ARFGAP2,1.0,3.0,1.0,2.0,0.0,15.0
DPYD,1.0,3.0,0.0,3.0,0.0,15.0
ARF5,1.0,1.0,1.0,4.0,0.0,15.0
TSPAN32,1.0,4.0,0.0,1.0,2.0,15.0
SMU1,3.0,3.0,0.0,0.0,0.0,15.0
SIAE,1.0,3.0,0.0,3.0,0.0,15.0
DSC1,3.0,2.0,0.0,1.0,0.0,15.0
FBXO33,1.0,4.0,0.0,2.0,0.0,15.0
MSR1,1.0,4.0,1.0,1.0,0.0,15.0
ITIH5,1.0,3.0,0.0,3.0,0.0,15.0
MTIF2,1.0,2.0,1.0,3.0,0.0,15.0
ADAMTS19,0.0,1.0,0.0,6.0,0.0,14.0
FEM1C,0.0,5.0,0.0,2.0,0.0,14.0
TMEM126A,0.0,5.0,0.0,2.0,0.0,14.0
TCP1,0.0,3.0,2.0,2.0,0.0,14.0
WDR12,0.0,6.0,0.0,1.0,0.0,14.0
TAPBPL,2.0,3.0,0.0,1.0,0.0,14.0
GJA4,0.0,5.0,0.0,2.0,0.0,14.0
ERMP1,0.0,7.0,0.0,0.0,0.0,14.0
ACTL7B,0.0,2.0,0.0,5.0,0.0,14.0
FERMT2,0.0,6.0,0.0,1.0,0.0,14.0
TMEM50A,0.0,4.0,1.0,2.0,0.0,14.0
TOP1,0.0,2.0,1.0,4.0,0.0,14.0
TOMM70,0.0,1.0,1.0,5.0,0.0,14.0
FEM1B,0.0,3.0,1.0,3.0,0.0,14.0
GINS1,2.0,2.0,0.0,2.0,0.0,14.0
FASTKD2,0.0,4.0,0.0,3.0,0.0,14.0
WWP2,2.0,1.0,0.0,3.0,0.0,14.0
TP53RK,0.0,3.0,1.0,3.0,0.0,14.0
H2BC18,0.0,0.0,0.0,7.0,0.0,14.0
APBA2,0.0,4.0,1.0,2.0,0.0,14.0
AARS1,0.0,3.0,0.0,4.0,0.0,14.0
ACO2,0.0,3.0,2.0,2.0,0.0,14.0
GLMN,0.0,4.0,0.0,2.0,2.0,14.0
APBB1,2.0,3.0,1.0,0.0,0.0,14.0
FAR2,0.0,5.0,0.0,2.0,0.0,14.0
XYLT2,0.0,4.0,0.0,3.0,0.0,14.0
TMEM268,0.0,7.0,0.0,0.0,0.0,14.0
KANK2,2.0,4.0,0.0,0.0,0.0,14.0
GPR146,0.0,5.0,0.0,2.0,0.0,14.0
ZNF875,0.0,3.0,0.0,4.0,0.0,14.0
ADAMTS16,0.0,1.0,0.0,6.0,0.0,14.0
AP2S1,0.0,2.0,0.0,5.0,0.0,14.0
GFPT2,0.0,4.0,0.0,3.0,0.0,14.0
GPR68,2.0,2.0,0.0,2.0,0.0,14.0
ITSN1,0.0,2.0,0.0,5.0,0.0,14.0
HBA1,0.0,0.0,0.0,7.0,0.0,14.0
KATNB1,0.0,3.0,0.0,4.0,0.0,14.0
HDAC6,0.0,0.0,2.0,5.0,0.0,14.0
GPN3,2.0,3.0,0.0,1.0,0.0,14.0
TEAD1,0.0,0.0,0.0,7.0,0.0,14.0
ZSWIM8,0.0,4.0,0.0,3.0,0.0,14.0
IQCG,2.0,4.0,0.0,0.0,0.0,14.0
VPS26C,0.0,4.0,1.0,2.0,0.0,14.0
EXT1,0.0,1.0,1.0,5.0,0.0,14.0
VPS41,0.0,1.0,1.0,5.0,0.0,14.0
GIMAP7,0.0,5.0,1.0,1.0,0.0,14.0
HDHD5,2.0,3.0,0.0,1.0,0.0,14.0
HAL,0.0,4.0,1.0,2.0,0.0,14.0
VPS72,0.0,4.0,1.0,2.0,0.0,14.0
GHR,0.0,1.0,0.0,6.0,0.0,14.0
VWA5A,0.0,5.0,0.0,2.0,0.0,14.0
TP53AIP1,0.0,1.0,0.0,6.0,0.0,14.0
ISCA1,0.0,2.0,1.0,4.0,0.0,14.0
TMEM9B,0.0,7.0,0.0,0.0,0.0,14.0
WAC,0.0,2.0,0.0,5.0,0.0,14.0
ADAMTS5,0.0,1.0,0.0,6.0,0.0,14.0
AP3M1,4.0,1.0,0.0,0.0,0.0,14.0
GDPD1,0.0,7.0,0.0,0.0,0.0,14.0
TDRD1,0.0,1.0,0.0,6.0,0.0,14.0
TCEA1,0.0,2.0,1.0,4.0,0.0,14.0
TARDBP,2.0,2.0,1.0,1.0,0.0,14.0
GUCY1A1,0.0,2.0,0.0,5.0,0.0,14.0
ETV1,2.0,2.0,0.0,2.0,0.0,14.0
ETV3,0.0,5.0,0.0,2.0,0.0,14.0
GSE1,0.0,6.0,0.0,1.0,0.0,14.0
ATF6B,0.0,2.0,1.0,4.0,0.0,14.0
LOXL1,0.0,3.0,1.0,3.0,0.0,14.0
FBXW4,0.0,3.0,0.0,4.0,0.0,14.0
APOO,0.0,5.0,0.0,2.0,0.0,14.0
ISG20L2,0.0,4.0,0.0,3.0,0.0,14.0
GNMT,0.0,2.0,0.0,5.0,0.0,14.0
GUK1,0.0,7.0,0.0,0.0,0.0,14.0
ZNF22,0.0,4.0,1.0,2.0,0.0,14.0
TBPL1,0.0,5.0,1.0,1.0,0.0,14.0
FBLN2,2.0,3.0,0.0,1.0,0.0,14.0
ZNF141,0.0,4.0,0.0,3.0,0.0,14.0
ITGB1BP1,0.0,6.0,1.0,0.0,0.0,14.0
TNFRSF11A,0.0,6.0,0.0,1.0,0.0,14.0
TNFAIP1,0.0,6.0,1.0,0.0,0.0,14.0
GTF2IRD1,0.0,4.0,0.0,3.0,0.0,14.0
GTF2H4,0.0,1.0,1.0,5.0,0.0,14.0
TBC1D15,0.0,4.0,0.0,3.0,0.0,14.0
TMX4,0.0,5.0,0.0,2.0,0.0,14.0
ARF4,0.0,1.0,1.0,5.0,0.0,14.0
GTF2H3,0.0,3.0,0.0,4.0,0.0,14.0
ZNF512B,2.0,4.0,0.0,0.0,0.0,14.0
FBXL12,0.0,4.0,0.0,3.0,0.0,14.0
ARHGAP17,0.0,6.0,0.0,1.0,0.0,14.0
GTF2B,0.0,4.0,1.0,2.0,0.0,14.0
GTDC1,0.0,7.0,0.0,0.0,0.0,14.0
GSTZ1,0.0,3.0,0.0,4.0,0.0,14.0
LMO4,0.0,2.0,1.0,4.0,0.0,14.0
GSTM3,2.0,1.0,0.0,3.0,0.0,14.0
LPAR1,0.0,2.0,0.0,5.0,0.0,14.0
ABCD3,0.0,3.0,2.0,2.0,0.0,14.0
TNFRSF19,0.0,1.0,1.0,5.0,0.0,14.0
GRK5,0.0,5.0,0.0,2.0,0.0,14.0
APH1B,0.0,4.0,0.0,3.0,0.0,14.0
ESRRA,0.0,4.0,0.0,3.0,0.0,14.0
ZBTB32,0.0,7.0,0.0,0.0,0.0,14.0
ZBTB38,2.0,3.0,0.0,1.0,0.0,14.0
FCN1,0.0,3.0,0.0,4.0,0.0,14.0
ZCCHC14,0.0,4.0,0.0,3.0,0.0,14.0
H1-2,0.0,2.0,1.0,4.0,0.0,14.0
ASXL1,0.0,4.0,0.0,3.0,0.0,14.0
TMEM17,2.0,3.0,0.0,1.0,0.0,14.0
GRIN2B,0.0,0.0,0.0,7.0,0.0,14.0
GRK3,0.0,4.0,0.0,3.0,0.0,14.0
TMEM179B,0.0,5.0,0.0,2.0,0.0,14.0
APOA1,0.0,1.0,0.0,6.0,0.0,14.0
ZDHHC14,2.0,2.0,1.0,1.0,0.0,14.0
TNIP2,1.0,3.0,0.0,2.0,1.0,14.0
ABCE1,2.0,2.0,1.0,1.0,0.0,14.0
GNAL,0.0,3.0,0.0,4.0,0.0,14.0
ZNF582,0.0,0.0,0.0,7.0,0.0,14.0
ZFAND2A,0.0,6.0,0.0,1.0,0.0,14.0
ABHD11,2.0,4.0,0.0,0.0,0.0,14.0
ZNF566,2.0,3.0,0.0,1.0,0.0,14.0
FBL,2.0,2.0,0.0,2.0,0.0,14.0
TBX15,2.0,2.0,0.0,2.0,0.0,14.0
KCMF1,0.0,4.0,1.0,2.0,0.0,14.0
ITGA8,0.0,0.0,0.0,7.0,0.0,14.0
ZFPM2,0.0,4.0,0.0,3.0,0.0,14.0
ZFR,0.0,2.0,1.0,4.0,0.0,14.0
APOC2,0.0,5.0,0.0,2.0,0.0,14.0
ZIC1,0.0,1.0,0.0,6.0,0.0,14.0
AATK,0.0,6.0,0.0,1.0,0.0,14.0
HEMK1,0.0,6.0,0.0,1.0,0.0,14.0
HEY2,0.0,0.0,0.0,7.0,0.0,14.0
TPGS2,0.0,3.0,0.0,4.0,0.0,14.0
FTH1,0.0,0.0,0.0,7.0,0.0,14.0
UBXN7,0.0,3.0,0.0,4.0,0.0,14.0
ANKMY2,0.0,5.0,0.0,2.0,0.0,14.0
HSPE1,0.0,6.0,0.0,1.0,0.0,14.0
FUS,0.0,7.0,0.0,0.0,0.0,14.0
ARL6,0.0,5.0,0.0,2.0,0.0,14.0
UBN1,2.0,3.0,0.0,1.0,0.0,14.0
HTR1A,0.0,4.0,0.0,3.0,0.0,14.0
FAM83D,0.0,4.0,0.0,3.0,0.0,14.0
KLC1,0.0,4.0,0.0,3.0,0.0,14.0
TSEN2,2.0,3.0,0.0,1.0,0.0,14.0
UBE3C,0.0,5.0,0.0,2.0,0.0,14.0
ARHGEF2,2.0,2.0,0.0,2.0,0.0,14.0
UBE3B,0.0,3.0,0.0,4.0,0.0,14.0
TSG101,0.0,3.0,1.0,3.0,0.0,14.0
UBE2V1,0.0,0.0,0.0,7.0,0.0,14.0
IL18BP,0.0,7.0,0.0,0.0,0.0,14.0
AJUBA,0.0,3.0,0.0,4.0,0.0,14.0
IL27RA,0.0,2.0,0.0,4.0,2.0,14.0
HSPA1L,0.0,3.0,0.0,4.0,0.0,14.0
AHCTF1,0.0,5.0,0.0,2.0,0.0,14.0
KLRC2,0.0,2.0,1.0,3.0,2.0,14.0
GABARAPL1,0.0,5.0,1.0,1.0,0.0,14.0
AGFG2,2.0,3.0,0.0,1.0,0.0,14.0
TRIM37,0.0,4.0,1.0,2.0,0.0,14.0
TRIM47,0.0,3.0,0.0,4.0,0.0,14.0
UGP2,0.0,4.0,1.0,2.0,0.0,14.0
AGPS,0.0,4.0,1.0,2.0,0.0,14.0
FZD6,0.0,1.0,1.0,5.0,0.0,14.0
UFD1,0.0,1.0,0.0,6.0,0.0,14.0
TRIO,0.0,5.0,0.0,2.0,0.0,14.0
ANKRD17,2.0,3.0,0.0,1.0,0.0,14.0
HSF1,0.0,4.0,0.0,3.0,0.0,14.0
KLHL11,0.0,3.0,0.0,4.0,0.0,14.0
AGTR1,0.0,2.0,0.0,5.0,0.0,14.0
KCTD14,2.0,2.0,0.0,2.0,0.0,14.0
TRIM56,0.0,6.0,0.0,1.0,0.0,14.0
TM2D3,2.0,4.0,0.0,0.0,0.0,14.0
ANAPC2,0.0,0.0,0.0,7.0,0.0,14.0
ARHGEF3,0.0,6.0,1.0,0.0,0.0,14.0
GABBR1,2.0,4.0,0.0,0.0,0.0,14.0
UBE2E2,2.0,2.0,0.0,2.0,0.0,14.0
TULP4,0.0,4.0,0.0,3.0,0.0,14.0
KIF13B,2.0,2.0,0.0,1.0,2.0,14.0
ARID3B,2.0,3.0,0.0,1.0,0.0,14.0
ALOX5,0.0,4.0,0.0,3.0,0.0,14.0
TUBAL3,0.0,0.0,0.0,7.0,0.0,14.0
TTC3,0.0,7.0,0.0,0.0,0.0,14.0
ALS2CL,0.0,3.0,0.0,4.0,0.0,14.0
IGLV1-44,0.0,4.0,0.0,3.0,0.0,14.0
FOXC1,0.0,3.0,0.0,4.0,0.0,14.0
KIAA0513,0.0,2.0,1.0,4.0,0.0,14.0
TTLL1,0.0,4.0,0.0,3.0,0.0,14.0
TTF2,0.0,5.0,1.0,1.0,0.0,14.0
KEL,0.0,4.0,1.0,2.0,0.0,14.0
FOLR2,0.0,2.0,0.0,5.0,0.0,14.0
FAM43A,0.0,6.0,0.0,1.0,0.0,14.0
IGFBP2,0.0,3.0,1.0,2.0,2.0,14.0
ARID4B,0.0,3.0,1.0,3.0,0.0,14.0
FOXN3,0.0,4.0,1.0,2.0,0.0,14.0
FNBP1L,0.0,6.0,0.0,1.0,0.0,14.0
TUT4,0.0,4.0,0.0,3.0,0.0,14.0
KDM3B,0.0,5.0,1.0,1.0,0.0,14.0
FLYWCH1,0.0,4.0,0.0,3.0,0.0,14.0
KIF5B,0.0,2.0,0.0,5.0,0.0,14.0
TSPAN2,2.0,3.0,0.0,1.0,0.0,14.0
IDH3B,0.0,4.0,1.0,2.0,0.0,14.0
AKR1C1,0.0,4.0,0.0,3.0,0.0,14.0
FRMD4A,2.0,2.0,0.0,2.0,0.0,14.0
TYMP,0.0,5.0,0.0,2.0,0.0,14.0
ALDH9A1,0.0,4.0,2.0,1.0,0.0,14.0
FNBP1,2.0,3.0,0.0,1.0,0.0,14.0
FPR1,0.0,5.0,0.0,2.0,0.0,14.0
ALDOC,2.0,0.0,0.0,4.0,0.0,14.0
TSPYL4,0.0,7.0,0.0,0.0,0.0,14.0
ALG14,0.0,2.0,0.0,5.0,0.0,14.0
TSSK2,0.0,2.0,0.0,5.0,0.0,14.0
KDM6B,0.0,6.0,0.0,1.0,0.0,14.0
TUT7,0.0,4.0,0.0,3.0,0.0,14.0
HS3ST3B1,0.0,6.0,1.0,0.0,0.0,14.0
HS3ST2,0.0,5.0,0.0,2.0,0.0,14.0
GDF3,0.0,2.0,0.0,5.0,0.0,14.0
KCNK6,0.0,5.0,0.0,2.0,0.0,14.0
GBF1,0.0,4.0,0.0,3.0,0.0,14.0
GBE1,0.0,5.0,1.0,1.0,0.0,14.0
GBA1,0.0,5.0,0.0,0.0,4.0,14.0
LANCL1,0.0,3.0,1.0,3.0,0.0,14.0
GATM,0.0,2.0,1.0,4.0,0.0,14.0
VAMP8,0.0,2.0,0.0,5.0,0.0,14.0
VAMP7,2.0,0.0,1.0,2.0,2.0,14.0
ASB1,0.0,3.0,0.0,4.0,0.0,14.0
GATA5,0.0,2.0,0.0,5.0,0.0,14.0
ANLN,0.0,5.0,1.0,1.0,0.0,14.0
UXS1,0.0,4.0,0.0,3.0,0.0,14.0
TFAP2E,0.0,4.0,0.0,3.0,0.0,14.0
UVRAG,0.0,2.0,0.0,5.0,0.0,14.0
ARRDC3,0.0,6.0,0.0,1.0,0.0,14.0
INSIG2,0.0,1.0,0.0,6.0,0.0,14.0
TRAK1,0.0,7.0,0.0,0.0,0.0,14.0
TGOLN2,0.0,2.0,0.0,5.0,0.0,14.0
FGFBP2,2.0,4.0,0.0,0.0,0.0,14.0
INTS12,0.0,4.0,0.0,3.0,0.0,14.0
KCNAB3,0.0,1.0,0.0,6.0,0.0,14.0
F13B,0.0,2.0,0.0,5.0,0.0,14.0
TPI1,0.0,4.0,2.0,1.0,0.0,14.0
TPK1,2.0,4.0,0.0,0.0,0.0,14.0
HERC4,0.0,2.0,0.0,5.0,0.0,14.0
ADAMTSL1,0.0,0.0,0.0,7.0,0.0,14.0
ADAMTSL2,0.0,1.0,0.0,6.0,0.0,14.0
HES5,0.0,3.0,0.0,4.0,0.0,14.0
TPMT,0.0,2.0,1.0,4.0,0.0,14.0
HESX1,0.0,5.0,1.0,1.0,0.0,14.0
ARHGDIA,0.0,2.0,0.0,5.0,0.0,14.0
ADAP2,0.0,3.0,2.0,2.0,0.0,14.0
TTC5,0.0,1.0,0.0,6.0,0.0,14.0
ASB3,0.0,3.0,0.0,4.0,0.0,14.0
ADAT2,0.0,6.0,0.0,1.0,0.0,14.0
ANPEP,0.0,4.0,0.0,3.0,0.0,14.0
GCAT,2.0,2.0,1.0,1.0,0.0,14.0
LARGE1,0.0,3.0,0.0,4.0,0.0,14.0
ANKRD55,0.0,5.0,0.0,2.0,0.0,14.0
ARPC5,0.0,3.0,0.0,4.0,0.0,14.0
ARMC7,2.0,3.0,0.0,1.0,0.0,14.0
USP47,2.0,1.0,0.0,3.0,0.0,14.0
TREML2,0.0,4.0,0.0,2.0,2.0,14.0
KRR1,0.0,5.0,0.0,2.0,0.0,14.0
KCNMB4,0.0,4.0,0.0,3.0,0.0,14.0
GALE,0.0,3.0,0.0,4.0,0.0,14.0
GAL,1.0,2.0,0.0,3.0,1.0,14.0
HNF4A,0.0,0.0,0.0,7.0,0.0,14.0
HNMT,0.0,4.0,0.0,3.0,0.0,14.0
AFG2B,2.0,3.0,0.0,1.0,0.0,14.0
UQCRQ,0.0,6.0,0.0,1.0,0.0,14.0
AFTPH,0.0,5.0,0.0,2.0,0.0,14.0
HNRNPF,0.0,3.0,1.0,3.0,0.0,14.0
HNRNPL,0.0,4.0,0.0,3.0,0.0,14.0
HNRNPUL1,0.0,3.0,0.0,4.0,0.0,14.0
HOOK3,0.0,6.0,0.0,1.0,0.0,14.0
UPF3B,0.0,4.0,1.0,2.0,0.0,14.0
FAM89B,2.0,4.0,0.0,0.0,0.0,14.0
UMPS,2.0,2.0,0.0,2.0,0.0,14.0
IMPDH2,3.0,1.0,0.0,1.0,1.0,14.0
GALNT4,0.0,4.0,0.0,3.0,0.0,14.0
GALNT6,0.0,2.0,0.0,5.0,0.0,14.0
INPP4B,2.0,3.0,1.0,0.0,0.0,14.0
USP42,0.0,5.0,0.0,2.0,0.0,14.0
USP33,0.0,3.0,1.0,3.0,0.0,14.0
LAMB3,0.0,4.0,0.0,3.0,0.0,14.0
FAM98B,0.0,5.0,0.0,2.0,0.0,14.0
LAMA4,0.0,0.0,0.0,7.0,0.0,14.0
USP21,0.0,2.0,1.0,4.0,0.0,14.0
GAPVD1,0.0,4.0,0.0,3.0,0.0,14.0
HLA-DRB5,0.0,0.0,1.0,5.0,2.0,14.0
THSD4,0.0,0.0,0.0,7.0,0.0,14.0
USP16,2.0,2.0,0.0,2.0,0.0,14.0
KYNU,0.0,2.0,1.0,4.0,0.0,14.0
ANKRD46,0.0,6.0,0.0,1.0,0.0,14.0
KCNMA1,0.0,3.0,0.0,4.0,0.0,14.0
KTN1,0.0,4.0,1.0,2.0,0.0,14.0
THRB,0.0,0.0,0.0,7.0,0.0,14.0
KRT7,0.0,2.0,0.0,5.0,0.0,14.0
GABPB1,0.0,5.0,0.0,2.0,0.0,14.0
SSPOP,0.0,1.0,0.0,6.0,0.0,14.0
DNAJC6,0.0,5.0,0.0,2.0,0.0,14.0
SLC46A3,0.0,6.0,0.0,1.0,0.0,14.0
SLC35D2,0.0,6.0,0.0,1.0,0.0,14.0
SLC35F2,2.0,4.0,0.0,0.0,0.0,14.0
NAP1L3,0.0,4.0,0.0,3.0,0.0,14.0
DNAJB12,0.0,4.0,0.0,3.0,0.0,14.0
COPS4,0.0,1.0,1.0,5.0,0.0,14.0
SLC38A9,0.0,1.0,0.0,6.0,0.0,14.0
SLC39A3,0.0,4.0,0.0,3.0,0.0,14.0
DNAJC1,2.0,3.0,0.0,1.0,0.0,14.0
NAF1,2.0,4.0,0.0,0.0,0.0,14.0
DNAJC15,2.0,1.0,0.0,3.0,0.0,14.0
NAA50,2.0,4.0,0.0,0.0,0.0,14.0
NAA38,0.0,6.0,1.0,0.0,0.0,14.0
NAA20,0.0,6.0,0.0,1.0,0.0,14.0
PNPLA7,2.0,3.0,0.0,1.0,0.0,14.0
PDGFC,0.0,1.0,1.0,5.0,0.0,14.0
RIOK1,0.0,5.0,0.0,2.0,0.0,14.0
DNASE1L1,0.0,5.0,0.0,2.0,0.0,14.0
COPA,2.0,0.0,1.0,3.0,0.0,14.0
SLC4A1AP,2.0,2.0,0.0,2.0,0.0,14.0
MYO1D,0.0,6.0,0.0,1.0,0.0,14.0
COMT,0.0,4.0,1.0,2.0,0.0,14.0
DNM2,0.0,2.0,1.0,4.0,0.0,14.0
COMMD9,0.0,1.0,0.0,6.0,0.0,14.0
MYH2,2.0,2.0,0.0,2.0,0.0,14.0
MYH11,0.0,4.0,0.0,3.0,0.0,14.0
RECQL5,0.0,0.0,0.0,7.0,0.0,14.0
POLK,0.0,6.0,0.0,1.0,0.0,14.0
POLQ,0.0,5.0,0.0,2.0,0.0,14.0
RCOR1,0.0,3.0,0.0,4.0,0.0,14.0
RCL1,0.0,3.0,1.0,3.0,0.0,14.0
PNN,0.0,4.0,1.0,2.0,0.0,14.0
NBR1,0.0,5.0,1.0,1.0,0.0,14.0
NCAPG,0.0,4.0,0.0,3.0,0.0,14.0
SLC2A4,0.0,2.0,0.0,5.0,0.0,14.0
SIPA1,0.0,6.0,0.0,1.0,0.0,14.0
DHRS1,2.0,4.0,0.0,0.0,0.0,14.0
DHRS2,0.0,1.0,0.0,6.0,0.0,14.0
CDH8,0.0,1.0,0.0,6.0,0.0,14.0
DHRS9,0.0,5.0,1.0,1.0,0.0,14.0
RHOF,0.0,6.0,0.0,1.0,0.0,14.0
PLD4,2.0,1.0,0.0,3.0,0.0,14.0
SLA2,0.0,2.0,1.0,2.0,4.0,14.0
RHEBL1,0.0,7.0,0.0,0.0,0.0,14.0
SLC16A7,0.0,3.0,1.0,3.0,0.0,14.0
NELL2,2.0,3.0,0.0,1.0,0.0,14.0
SLC17A9,0.0,5.0,0.0,2.0,0.0,14.0
NELFA,0.0,3.0,1.0,3.0,0.0,14.0
DIS3,0.0,4.0,0.0,3.0,0.0,14.0
RGS9,0.0,5.0,0.0,2.0,0.0,14.0
CPA3,2.0,2.0,0.0,2.0,0.0,14.0
RGS19,0.0,6.0,0.0,1.0,0.0,14.0
COX7B2,0.0,4.0,0.0,3.0,0.0,14.0
DLD,0.0,2.0,1.0,4.0,0.0,14.0
NDUFS6,0.0,4.0,0.0,3.0,0.0,14.0
PLSCR3,2.0,4.0,0.0,0.0,0.0,14.0
C1QA,0.0,3.0,1.0,3.0,0.0,14.0
NDUFA2,0.0,4.0,0.0,3.0,0.0,14.0
NDRG3,0.0,4.0,0.0,3.0,0.0,14.0
SLC25A39,0.0,6.0,0.0,1.0,0.0,14.0
NDC80,0.0,4.0,0.0,3.0,0.0,14.0
NCSTN,0.0,1.0,0.0,5.0,2.0,14.0
RETREG3,0.0,4.0,0.0,3.0,0.0,14.0
SLC2A2,0.0,1.0,0.0,6.0,0.0,14.0
DOHH,0.0,3.0,0.0,4.0,0.0,14.0
BZW2,0.0,5.0,0.0,2.0,0.0,14.0
POLR2D,0.0,4.0,0.0,3.0,0.0,14.0
SNRPF,0.0,5.0,0.0,2.0,0.0,14.0
BRD2,0.0,1.0,0.0,3.0,6.0,14.0
SNTB2,2.0,2.0,0.0,2.0,0.0,14.0
MRPL18,0.0,2.0,0.0,5.0,0.0,14.0
DVL2,0.0,1.0,2.0,4.0,0.0,14.0
CENPO,0.0,7.0,0.0,0.0,0.0,14.0
MRPL14,0.0,5.0,0.0,2.0,0.0,14.0
MRPL12,0.0,2.0,0.0,5.0,0.0,14.0
SOAT1,0.0,5.0,0.0,2.0,0.0,14.0
MRAS,0.0,3.0,0.0,4.0,0.0,14.0
PPOX,0.0,5.0,1.0,1.0,0.0,14.0
PPP1CA,0.0,0.0,0.0,7.0,0.0,14.0
PPP1R11,0.0,6.0,0.0,1.0,0.0,14.0
PPP1R12A,0.0,1.0,1.0,5.0,0.0,14.0
SOX10,0.0,1.0,0.0,6.0,0.0,14.0
DYSF,0.0,4.0,0.0,3.0,0.0,14.0
E2F4,0.0,1.0,0.0,6.0,0.0,14.0
EARS2,0.0,4.0,0.0,3.0,0.0,14.0
EBF1,0.0,5.0,0.0,2.0,0.0,14.0
CEP128,2.0,0.0,0.0,4.0,0.0,14.0
PPP2R2D,0.0,2.0,1.0,4.0,0.0,14.0
SPAG9,2.0,2.0,0.0,2.0,0.0,14.0
ECM1,2.0,1.0,0.0,3.0,0.0,14.0
MMP11,0.0,5.0,1.0,1.0,0.0,14.0
ECT2,0.0,2.0,1.0,4.0,0.0,14.0
CEP350,0.0,4.0,0.0,3.0,0.0,14.0
CEP41,2.0,2.0,0.0,2.0,0.0,14.0
SPEN,0.0,7.0,0.0,0.0,0.0,14.0
BMAL2,0.0,5.0,1.0,1.0,0.0,14.0
SPIC,2.0,4.0,0.0,0.0,0.0,14.0
MRPL28,0.0,4.0,0.0,3.0,0.0,14.0
BRDT,0.0,2.0,0.0,5.0,0.0,14.0
DPEP2,0.0,3.0,2.0,2.0,0.0,14.0
PPAT,0.0,2.0,1.0,4.0,0.0,14.0
MUL1,0.0,2.0,0.0,5.0,0.0,14.0
POLR2F,0.0,0.0,0.0,7.0,0.0,14.0
POLR2I,0.0,4.0,0.0,3.0,0.0,14.0
MUC4,0.0,0.0,0.0,7.0,0.0,14.0
COL5A1,0.0,1.0,0.0,6.0,0.0,14.0
MTO1,2.0,1.0,0.0,3.0,0.0,14.0
CEMIP2,0.0,5.0,0.0,2.0,0.0,14.0
MTMR14,0.0,7.0,0.0,0.0,0.0,14.0
MTHFR,0.0,0.0,0.0,7.0,0.0,14.0
RBP1,0.0,2.0,1.0,4.0,0.0,14.0
DRAM1,0.0,5.0,0.0,2.0,0.0,14.0
MTCH1,2.0,2.0,0.0,2.0,0.0,14.0
COL2A1,0.0,2.0,0.0,5.0,0.0,14.0
SMIM20,2.0,3.0,0.0,1.0,0.0,14.0
MT1F,0.0,4.0,1.0,2.0,0.0,14.0
BTBD1,0.0,3.0,1.0,3.0,0.0,14.0
MT1A,0.0,1.0,0.0,6.0,0.0,14.0
MSRB1,0.0,5.0,1.0,1.0,0.0,14.0
BSG,0.0,3.0,1.0,3.0,0.0,14.0
MS4A1,1.0,3.0,1.0,1.0,1.0,14.0
MRPS5,0.0,5.0,0.0,2.0,0.0,14.0
RBMS2,0.0,6.0,0.0,1.0,0.0,14.0
MRPS28,0.0,3.0,0.0,4.0,0.0,14.0
POU4F2,0.0,2.0,0.0,5.0,0.0,14.0
COL15A1,0.0,4.0,0.0,3.0,0.0,14.0
PPA2,0.0,2.0,1.0,4.0,0.0,14.0
RBM7,0.0,2.0,1.0,4.0,0.0,14.0
MRPS18A,2.0,1.0,0.0,3.0,0.0,14.0
DTX4,0.0,6.0,0.0,1.0,0.0,14.0
CDH3,0.0,1.0,0.0,6.0,0.0,14.0
SIKE1,0.0,4.0,0.0,3.0,0.0,14.0
BIVM,0.0,7.0,0.0,0.0,0.0,14.0
CARD6,2.0,4.0,0.0,0.0,0.0,14.0
CASP8AP2,0.0,1.0,1.0,5.0,0.0,14.0
CYP26A1,0.0,3.0,1.0,3.0,0.0,14.0
ROCK2,0.0,2.0,1.0,4.0,0.0,14.0
CASP10,0.0,1.0,1.0,5.0,0.0,14.0
ROBO3,2.0,0.0,0.0,4.0,0.0,14.0
RNMT,0.0,3.0,1.0,3.0,0.0,14.0
PAIP1,0.0,0.0,2.0,5.0,0.0,14.0
SCAMP2,2.0,3.0,0.0,1.0,0.0,14.0
PABPC4,2.0,4.0,0.0,0.0,0.0,14.0
PGP,0.0,4.0,0.0,3.0,0.0,14.0
CSF3R,0.0,2.0,0.0,5.0,0.0,14.0
P2RY12,0.0,2.0,0.0,5.0,0.0,14.0
SCLY,2.0,4.0,0.0,0.0,0.0,14.0
RNF20,0.0,3.0,0.0,4.0,0.0,14.0
CD248,2.0,2.0,0.0,2.0,0.0,14.0
SIGLEC10,0.0,6.0,0.0,1.0,0.0,14.0
RNF19B,0.0,4.0,1.0,2.0,0.0,14.0
SDF4,0.0,6.0,1.0,0.0,0.0,14.0
SDHD,0.0,4.0,1.0,2.0,0.0,14.0
DAB2IP,0.0,3.0,0.0,4.0,0.0,14.0
OSGIN1,0.0,4.0,0.0,3.0,0.0,14.0
DAD1,0.0,1.0,1.0,5.0,0.0,14.0
OSBPL11,0.0,6.0,0.0,1.0,0.0,14.0
OSBP,2.0,4.0,0.0,0.0,0.0,14.0
SEC24C,0.0,2.0,0.0,5.0,0.0,14.0
SEC31B,0.0,2.0,0.0,5.0,0.0,14.0
OPRK1,0.0,4.0,0.0,3.0,0.0,14.0
SEC62,0.0,6.0,0.0,1.0,0.0,14.0
DBF4,0.0,3.0,1.0,3.0,0.0,14.0
RNF17,0.0,1.0,0.0,6.0,0.0,14.0
ROGDI,0.0,5.0,0.0,2.0,0.0,14.0
CCT8,2.0,2.0,1.0,1.0,0.0,14.0
PFKFB4,0.0,2.0,0.0,5.0,0.0,14.0
CSRP1,2.0,3.0,0.0,1.0,0.0,14.0
CCDC50,0.0,3.0,0.0,4.0,0.0,14.0
CCDC32,0.0,4.0,0.0,3.0,0.0,14.0
PDE2A,0.0,4.0,0.0,3.0,0.0,14.0
PDE10A,0.0,3.0,1.0,3.0,0.0,14.0
CCL19,0.0,2.0,0.0,2.0,6.0,14.0
CCL7,0.0,5.0,1.0,1.0,0.0,14.0
CCDC141,2.0,2.0,0.0,2.0,0.0,14.0
CUL4A,0.0,1.0,1.0,4.0,2.0,14.0
CUL4B,0.0,3.0,1.0,3.0,0.0,14.0
PDK4,0.0,2.0,0.0,5.0,0.0,14.0
PCYOX1L,0.0,5.0,0.0,2.0,0.0,14.0
PDP1,0.0,5.0,0.0,2.0,0.0,14.0
RRS1,0.0,6.0,0.0,1.0,0.0,14.0
RSBN1,0.0,7.0,0.0,0.0,0.0,14.0
PCLO,2.0,2.0,1.0,1.0,0.0,14.0
PDP2,0.0,2.0,0.0,2.0,6.0,14.0
RSC1A1,0.0,6.0,1.0,0.0,0.0,14.0
RSRP1,0.0,3.0,1.0,3.0,0.0,14.0
RTF1,0.0,3.0,0.0,4.0,0.0,14.0
CXCL11,0.0,5.0,1.0,1.0,0.0,14.0
CXCL13,2.0,3.0,0.0,1.0,0.0,14.0
RTN4,0.0,4.0,1.0,2.0,0.0,14.0
CXCR5,1.0,4.0,0.0,1.0,1.0,14.0
PEBP1,0.0,4.0,2.0,1.0,0.0,14.0
CCNL2,0.0,5.0,0.0,2.0,0.0,14.0
RPL13,0.0,1.0,0.0,6.0,0.0,14.0
PBX1,1.0,2.0,0.0,3.0,1.0,14.0
CBFA2T3,0.0,5.0,0.0,2.0,0.0,14.0
CCR4,2.0,0.0,1.0,3.0,0.0,14.0
RNF166,0.0,7.0,0.0,0.0,0.0,14.0
DBR1,0.0,4.0,0.0,3.0,0.0,14.0
PHLPP2,0.0,4.0,0.0,3.0,0.0,14.0
RNASE4,0.0,6.0,1.0,0.0,0.0,14.0
DECR1,0.0,6.0,1.0,0.0,0.0,14.0
C9ORF72,0.0,7.0,0.0,0.0,0.0,14.0
CDC42EP3,0.0,5.0,2.0,0.0,0.0,14.0
PINK1,0.0,7.0,0.0,0.0,0.0,14.0
SGO1,2.0,2.0,0.0,2.0,0.0,14.0
NR1D1,0.0,1.0,0.0,6.0,0.0,14.0
NPRL2,0.0,5.0,0.0,2.0,0.0,14.0
RMI1,0.0,4.0,0.0,3.0,0.0,14.0
C8G,0.0,2.0,0.0,5.0,0.0,14.0
DEGS1,0.0,4.0,1.0,2.0,0.0,14.0
PIP4P1,0.0,3.0,0.0,4.0,0.0,14.0
NPB,0.0,2.0,0.0,5.0,0.0,14.0
DENND11,0.0,6.0,0.0,1.0,0.0,14.0
CDC7,0.0,0.0,2.0,5.0,0.0,14.0
CRACD,0.0,6.0,0.0,1.0,0.0,14.0
CR2,1.0,1.0,0.0,4.0,1.0,14.0
C6ORF89,0.0,5.0,0.0,2.0,0.0,14.0
SH3GL1,0.0,3.0,0.0,4.0,0.0,14.0
CDC73,2.0,1.0,0.0,3.0,0.0,14.0
NOP56,0.0,7.0,0.0,0.0,0.0,14.0
NOLC1,0.0,2.0,1.0,4.0,0.0,14.0
NOL8,0.0,6.0,0.0,1.0,0.0,14.0
CDCA4,0.0,6.0,1.0,0.0,0.0,14.0
SHC4,0.0,4.0,2.0,1.0,0.0,14.0
NMT1,0.0,3.0,1.0,3.0,0.0,14.0
SHQ1,0.0,5.0,0.0,2.0,0.0,14.0
SHROOM3,0.0,2.0,1.0,4.0,0.0,14.0
PLA2G10,2.0,3.0,1.0,0.0,0.0,14.0
CPQ,0.0,6.0,0.0,1.0,0.0,14.0
NRF1,2.0,3.0,0.0,1.0,0.0,14.0
DDX6,0.0,5.0,0.0,2.0,0.0,14.0
PHTF2,0.0,4.0,0.0,3.0,0.0,14.0
RND3,0.0,5.0,0.0,2.0,0.0,14.0
DCAF4,0.0,5.0,0.0,2.0,0.0,14.0
SEPTIN11,0.0,5.0,1.0,1.0,0.0,14.0
CD33,0.0,4.0,0.0,3.0,0.0,14.0
DCLRE1B,0.0,4.0,0.0,3.0,0.0,14.0
SERBP1,0.0,2.0,1.0,4.0,0.0,14.0
SERPINA10,0.0,2.0,0.0,5.0,0.0,14.0
DCTN2,0.0,1.0,0.0,6.0,0.0,14.0
PIDD1,0.0,0.0,0.0,7.0,0.0,14.0
SERPINA5,0.0,1.0,0.0,6.0,0.0,14.0
SERPINC1,0.0,1.0,0.0,6.0,0.0,14.0
DCUN1D1,0.0,4.0,1.0,2.0,0.0,14.0
NUMA1,0.0,5.0,0.0,2.0,0.0,14.0
PIGX,2.0,2.0,0.0,2.0,0.0,14.0
PIK3C2A,0.0,1.0,0.0,6.0,0.0,14.0
NUDT14,0.0,2.0,0.0,5.0,0.0,14.0
CRISPLD2,0.0,3.0,0.0,4.0,0.0,14.0
DDIAS,0.0,4.0,0.0,3.0,0.0,14.0
RNF135,0.0,3.0,0.0,4.0,0.0,14.0
RNF13,2.0,3.0,0.0,1.0,0.0,14.0
NTRK3,0.0,0.0,0.0,7.0,0.0,14.0
SERTAD3,2.0,3.0,0.0,1.0,0.0,14.0
DDR1,0.0,3.0,2.0,2.0,0.0,14.0
SESN3,0.0,3.0,0.0,4.0,0.0,14.0
CDA,0.0,0.0,0.0,7.0,0.0,14.0
DDX19A,0.0,6.0,0.0,1.0,0.0,14.0
DDX31,2.0,4.0,0.0,0.0,0.0,14.0
DDX39A,0.0,6.0,0.0,1.0,0.0,14.0
SF3A3,0.0,5.0,1.0,1.0,0.0,14.0
CA13,0.0,6.0,0.0,1.0,0.0,14.0
CNOT3,0.0,2.0,0.0,5.0,0.0,14.0
RPL36A,0.0,1.0,0.0,6.0,0.0,14.0
PRKG2,0.0,2.0,1.0,4.0,0.0,14.0
TAB1,0.0,3.0,0.0,4.0,0.0,14.0
RAMP3,0.0,4.0,0.0,3.0,0.0,14.0
B3GALNT2,0.0,5.0,0.0,2.0,0.0,14.0
CHID1,0.0,4.0,1.0,2.0,0.0,14.0
ENDOD1,0.0,2.0,0.0,5.0,0.0,14.0
ATP5F1B,0.0,4.0,1.0,2.0,0.0,14.0
TACSTD2,0.0,0.0,0.0,7.0,0.0,14.0
TACR3,0.0,0.0,0.0,7.0,0.0,14.0
RALB,0.0,6.0,1.0,0.0,0.0,14.0
EPDR1,2.0,4.0,0.0,0.0,0.0,14.0
EIF3E,0.0,3.0,0.0,4.0,0.0,14.0
TAB2,0.0,2.0,0.0,5.0,0.0,14.0
ENGASE,0.0,4.0,0.0,3.0,0.0,14.0
ENOSF1,0.0,4.0,1.0,2.0,0.0,14.0
RAG1,0.0,3.0,0.0,2.0,4.0,14.0
RAD9A,0.0,3.0,0.0,4.0,0.0,14.0
CMTM3,0.0,5.0,0.0,2.0,0.0,14.0
MED13L,0.0,4.0,1.0,2.0,0.0,14.0
SSR3,0.0,3.0,0.0,4.0,0.0,14.0
CLOCK,0.0,1.0,0.0,6.0,0.0,14.0
MFSD2A,0.0,4.0,0.0,3.0,0.0,14.0
EPO,0.0,1.0,0.0,5.0,2.0,14.0
TAF2,0.0,1.0,1.0,5.0,0.0,14.0
PURA,1.0,3.0,0.0,2.0,1.0,14.0
B3GLCT,0.0,2.0,0.0,5.0,0.0,14.0
PURB,2.0,4.0,0.0,0.0,0.0,14.0
SSBP1,0.0,5.0,1.0,1.0,0.0,14.0
MED13,0.0,3.0,1.0,3.0,0.0,14.0
TAF1A,0.0,2.0,0.0,5.0,0.0,14.0
CLCF1,0.0,6.0,0.0,0.0,2.0,14.0
EHHADH,0.0,5.0,0.0,2.0,0.0,14.0
CHL1,2.0,1.0,0.0,3.0,0.0,14.0
CHAF1B,0.0,4.0,1.0,2.0,0.0,14.0
MFAP5,0.0,3.0,1.0,3.0,0.0,14.0
ATP5MC3,2.0,1.0,1.0,2.0,0.0,14.0
ATP5PD,0.0,2.0,0.0,5.0,0.0,14.0
SS18L2,0.0,6.0,0.0,1.0,0.0,14.0
CLDN1,0.0,4.0,0.0,3.0,0.0,14.0
SUPT4H1,0.0,4.0,0.0,3.0,0.0,14.0
RAD51AP1,2.0,2.0,0.0,2.0,0.0,14.0
PRSS16,0.0,6.0,0.0,1.0,0.0,14.0
PRRT1,2.0,2.0,0.0,2.0,0.0,14.0
MAP2K5,0.0,0.0,1.0,6.0,0.0,14.0
ELANE,0.0,2.0,1.0,4.0,0.0,14.0
QTRT2,0.0,6.0,0.0,1.0,0.0,14.0
RAB6A,0.0,1.0,1.0,5.0,0.0,14.0
RAB7B,0.0,1.0,0.0,6.0,0.0,14.0
CLDN7,0.0,2.0,0.0,5.0,0.0,14.0
MED24,0.0,2.0,0.0,5.0,0.0,14.0
BAZ1B,0.0,3.0,0.0,4.0,0.0,14.0
CHD1,0.0,6.0,0.0,1.0,0.0,14.0
MED30,0.0,5.0,0.0,2.0,0.0,14.0
CLTA,0.0,3.0,1.0,3.0,0.0,14.0
SUPT20H,0.0,4.0,1.0,2.0,0.0,14.0
MELTF,0.0,3.0,0.0,4.0,0.0,14.0
MAN2B1,0.0,5.0,0.0,2.0,0.0,14.0
RAB4A,0.0,3.0,1.0,3.0,0.0,14.0
SYT17,0.0,6.0,1.0,0.0,0.0,14.0
SUCO,2.0,4.0,0.0,0.0,0.0,14.0
ELK4,0.0,5.0,0.0,2.0,0.0,14.0
EIF3H,0.0,0.0,0.0,7.0,0.0,14.0
CLEC16A,0.0,6.0,0.0,1.0,0.0,14.0
BCAP29,2.0,2.0,1.0,1.0,0.0,14.0
AVPR1A,0.0,4.0,0.0,3.0,0.0,14.0
MEMO1,2.0,2.0,0.0,2.0,0.0,14.0
STAB1,0.0,5.0,2.0,0.0,0.0,14.0
RAD52,0.0,2.0,0.0,5.0,0.0,14.0
PRXL2A,4.0,0.0,0.0,1.0,0.0,14.0
PRSS50,0.0,3.0,0.0,4.0,0.0,14.0
EIF4E3,0.0,5.0,0.0,2.0,0.0,14.0
MAPK13,0.0,0.0,0.0,7.0,0.0,14.0
CHMP2A,0.0,3.0,0.0,4.0,0.0,14.0
CLEC5A,0.0,4.0,1.0,2.0,0.0,14.0
SUSD3,2.0,2.0,0.0,2.0,0.0,14.0
EFL1,2.0,3.0,0.0,1.0,0.0,14.0
SRPRA,0.0,3.0,1.0,3.0,0.0,14.0
RAPGEFL1,0.0,4.0,0.0,3.0,0.0,14.0
ATP13A3,2.0,3.0,0.0,1.0,0.0,14.0
B3GNTL1,0.0,4.0,0.0,3.0,0.0,14.0
PTPN5,0.0,5.0,1.0,1.0,0.0,14.0
EFNA3,0.0,3.0,0.0,4.0,0.0,14.0
CHRM3,0.0,0.0,0.0,7.0,0.0,14.0
TAF6,0.0,3.0,1.0,3.0,0.0,14.0
B4GALT3,0.0,4.0,0.0,3.0,0.0,14.0
PPP6C,0.0,4.0,1.0,2.0,0.0,14.0
RASAL2,0.0,6.0,0.0,1.0,0.0,14.0
CIP2A,2.0,2.0,0.0,2.0,0.0,14.0
B3GNT8,0.0,2.0,0.0,5.0,0.0,14.0
RAB22A,0.0,4.0,0.0,3.0,0.0,14.0
CNIH3,2.0,0.0,0.0,4.0,0.0,14.0
PTPN18,0.0,5.0,0.0,2.0,0.0,14.0
PTPN14,0.0,4.0,0.0,3.0,0.0,14.0
BAG1,0.0,5.0,0.0,2.0,0.0,14.0
ELOVL5,2.0,0.0,2.0,2.0,0.0,14.0
EFHD1,2.0,3.0,0.0,1.0,0.0,14.0
BACH2,0.0,6.0,0.0,1.0,0.0,14.0
PTPA,0.0,5.0,0.0,2.0,0.0,14.0
BEX4,0.0,5.0,0.0,2.0,0.0,14.0
GPR155,0.0,7.0,0.0,0.0,0.0,14.0
STK17A,0.0,4.0,0.0,3.0,0.0,14.0
STOML2,1.0,0.0,1.0,3.0,3.0,14.0
MICU1,0.0,5.0,1.0,1.0,0.0,14.0
CISD3,0.0,7.0,0.0,0.0,0.0,14.0
RAB30,0.0,5.0,0.0,2.0,0.0,14.0
EFNA4,0.0,3.0,0.0,4.0,0.0,14.0
PRKD1,0.0,4.0,0.0,3.0,0.0,14.0
CEP76,0.0,5.0,0.0,2.0,0.0,14.0
BDH1,2.0,4.0,0.0,0.0,0.0,14.0
LRP3,0.0,3.0,0.0,4.0,0.0,14.0
EPOR,0.0,1.0,1.0,5.0,0.0,14.0
PSPH,0.0,5.0,0.0,2.0,0.0,14.0
CNOT1,0.0,2.0,0.0,5.0,0.0,14.0
CLEC7A,0.0,4.0,0.0,2.0,2.0,14.0
RAB3A,0.0,3.0,0.0,4.0,0.0,14.0
TAF3,0.0,1.0,0.0,6.0,0.0,14.0
RAPGEF3,0.0,1.0,1.0,5.0,0.0,14.0
PPP4R1,2.0,2.0,1.0,1.0,0.0,14.0
BABAM2,0.0,3.0,0.0,4.0,0.0,14.0
MGA,2.0,2.0,0.0,2.0,0.0,14.0
SRSF3,0.0,3.0,1.0,3.0,0.0,14.0
TAF9B,0.0,1.0,0.0,6.0,0.0,14.0
LTBP1,0.0,4.0,0.0,3.0,0.0,14.0
MIR21,0.0,1.0,0.0,3.0,6.0,14.0
ATP13A2,2.0,1.0,0.0,3.0,0.0,14.0
STIP1,0.0,6.0,0.0,1.0,0.0,14.0
BAG2,0.0,5.0,0.0,2.0,0.0,14.0
EEF1G,0.0,3.0,0.0,4.0,0.0,14.0
MIS18A,0.0,5.0,1.0,1.0,0.0,14.0
AATF,1.0,2.0,0.0,3.0,0.0,13.0
NIFK,1.0,5.0,0.0,0.0,0.0,13.0
SET,1.0,3.0,0.0,2.0,0.0,13.0
SERTAD4,1.0,5.0,0.0,0.0,0.0,13.0
SUSD1,1.0,5.0,0.0,0.0,0.0,13.0
SULF2,1.0,3.0,0.0,2.0,0.0,13.0
RAB23,1.0,2.0,0.0,3.0,0.0,13.0
DDRGK1,1.0,4.0,0.0,0.0,2.0,13.0
TWNK,1.0,3.0,0.0,2.0,0.0,13.0
MCM8,1.0,3.0,0.0,2.0,0.0,13.0
DHRS13,1.0,5.0,0.0,0.0,0.0,13.0
RIMKLB,1.0,4.0,0.0,1.0,0.0,13.0
LDHB,1.0,3.0,1.0,1.0,0.0,13.0
DDX24,1.0,4.0,0.0,1.0,0.0,13.0
GGT7,1.0,2.0,1.0,2.0,0.0,13.0
FLCN,1.0,2.0,0.0,3.0,0.0,13.0
TRPS1,1.0,4.0,0.0,1.0,0.0,13.0
CRHR2,1.0,3.0,0.0,2.0,0.0,13.0
CPT2,1.0,4.0,0.0,1.0,0.0,13.0
SF3B1,1.0,0.0,0.0,5.0,0.0,13.0
LARS2,1.0,1.0,0.0,4.0,0.0,13.0
TECPR1,3.0,1.0,0.0,1.0,0.0,13.0
SH2D3C,1.0,4.0,0.0,1.0,0.0,13.0
PRNP,1.0,0.0,1.0,2.0,4.0,13.0
DENND1B,0.0,2.0,0.0,4.0,1.0,13.0
NOC2L,1.0,1.0,0.0,4.0,0.0,13.0
DENND1C,1.0,4.0,0.0,1.0,0.0,13.0
ALDH7A1,1.0,5.0,0.0,0.0,0.0,13.0
B3GNT7,1.0,2.0,0.0,3.0,0.0,13.0
TENM1,1.0,3.0,0.0,2.0,0.0,13.0
TENT4A,1.0,5.0,0.0,0.0,0.0,13.0
MBNL3,1.0,4.0,0.0,1.0,0.0,13.0
C6,1.0,1.0,0.0,4.0,0.0,13.0
TERF1,3.0,0.0,1.0,1.0,0.0,13.0
DENR,1.0,5.0,0.0,0.0,0.0,13.0
NOP2,1.0,3.0,1.0,1.0,0.0,13.0
TTLL4,1.0,3.0,0.0,2.0,0.0,13.0
CDC42SE1,1.0,4.0,0.0,1.0,0.0,13.0
PRR11,1.0,4.0,0.0,1.0,0.0,13.0
C4ORF54,3.0,2.0,0.0,0.0,0.0,13.0
SFT2D1,1.0,5.0,0.0,0.0,0.0,13.0
SIGLEC7,1.0,3.0,0.0,2.0,0.0,13.0
AXL,0.0,6.0,0.0,0.0,1.0,13.0
TUBD1,1.0,3.0,0.0,2.0,0.0,13.0
GSTM1,1.0,0.0,2.0,3.0,0.0,13.0
ZNF449,1.0,4.0,0.0,1.0,0.0,13.0
IFT122,1.0,3.0,0.0,2.0,0.0,13.0
ZNF513,3.0,1.0,0.0,1.0,0.0,13.0
ERICH1,1.0,5.0,0.0,0.0,0.0,13.0
PRLR,0.0,2.0,0.0,4.0,1.0,13.0
IFT46,1.0,2.0,1.0,2.0,0.0,13.0
SGCD,1.0,2.0,1.0,2.0,0.0,13.0
GP1BB,1.0,1.0,0.0,4.0,0.0,13.0
RMDN3,1.0,4.0,0.0,1.0,0.0,13.0
GEMIN4,1.0,3.0,1.0,1.0,0.0,13.0
SFTPB,1.0,3.0,0.0,2.0,0.0,13.0
QPRT,1.0,3.0,0.0,2.0,0.0,13.0
PRRC2C,1.0,4.0,0.0,1.0,0.0,13.0
TXNL4B,1.0,4.0,0.0,1.0,0.0,13.0
CCNYL1,1.0,5.0,0.0,0.0,0.0,13.0
TAF4,1.0,2.0,0.0,3.0,0.0,13.0
PBRM1,0.0,2.0,0.0,3.0,3.0,13.0
PBDC1,3.0,0.0,1.0,1.0,0.0,13.0
HOOK1,3.0,2.0,0.0,0.0,0.0,13.0
CKMT2,3.0,1.0,0.0,1.0,0.0,13.0
SALL4,1.0,0.0,0.0,5.0,0.0,13.0
CYFIP2,1.0,1.0,0.0,4.0,0.0,13.0
RPAP3,1.0,4.0,0.0,1.0,0.0,13.0
CCT4,3.0,2.0,0.0,0.0,0.0,13.0
PAQR3,3.0,1.0,0.0,1.0,0.0,13.0
ULK2,1.0,3.0,0.0,2.0,0.0,13.0
TBC1D10C,0.0,4.0,0.0,2.0,1.0,13.0
CYP26B1,0.0,2.0,0.0,3.0,3.0,13.0
LY6D,0.0,4.0,0.0,2.0,1.0,13.0
PALD1,1.0,5.0,0.0,0.0,0.0,13.0
UHRF2,1.0,2.0,0.0,3.0,0.0,13.0
SBK1,3.0,2.0,0.0,0.0,0.0,13.0
RNH1,1.0,3.0,0.0,2.0,0.0,13.0
RNF5,1.0,2.0,1.0,2.0,0.0,13.0
G3BP2,1.0,2.0,2.0,1.0,0.0,13.0
UTP14A,1.0,5.0,0.0,0.0,0.0,13.0
RUNX1T1,1.0,3.0,0.0,2.0,0.0,13.0
RUNDC3B,1.0,1.0,0.0,4.0,0.0,13.0
LSM4,1.0,3.0,1.0,1.0,0.0,13.0
CCDC25,1.0,4.0,0.0,1.0,0.0,13.0
GAR1,1.0,4.0,1.0,0.0,0.0,13.0
LRRC8C,1.0,4.0,0.0,1.0,0.0,13.0
HM13,1.0,2.0,1.0,2.0,0.0,13.0
LRRCC1,1.0,3.0,0.0,2.0,0.0,13.0
LSM1,1.0,2.0,1.0,2.0,0.0,13.0
USP1,1.0,0.0,1.0,4.0,0.0,13.0
GALNT18,1.0,2.0,0.0,3.0,0.0,13.0
PDLIM4,1.0,5.0,0.0,0.0,0.0,13.0
CUX1,1.0,4.0,0.0,1.0,0.0,13.0
PDZK1,1.0,3.0,0.0,2.0,0.0,13.0
PTK6,1.0,1.0,0.0,4.0,0.0,13.0
GARRE1,1.0,5.0,0.0,0.0,0.0,13.0
PCMTD2,1.0,5.0,0.0,0.0,0.0,13.0
GALK2,1.0,5.0,0.0,0.0,0.0,13.0
CTCF,1.0,3.0,1.0,1.0,0.0,13.0
TASL,1.0,4.0,0.0,1.0,0.0,13.0
URB2,1.0,4.0,0.0,1.0,0.0,13.0
HNF1B,1.0,1.0,0.0,4.0,0.0,13.0
PDYN,1.0,3.0,0.0,2.0,0.0,13.0
TAF15,1.0,2.0,0.0,3.0,0.0,13.0
HSD3B1,1.0,4.0,1.0,0.0,0.0,13.0
P4HA2,1.0,3.0,0.0,2.0,0.0,13.0
LGALS8,1.0,1.0,0.0,4.0,0.0,13.0
GCM2,3.0,2.0,0.0,0.0,0.0,13.0
CALHM6,1.0,4.0,1.0,0.0,0.0,13.0
SEMA4D,1.0,3.0,1.0,1.0,0.0,13.0
SEMA7A,1.0,4.0,0.0,1.0,0.0,13.0
SENP6,1.0,5.0,0.0,0.0,0.0,13.0
SEPSECS,1.0,5.0,0.0,0.0,0.0,13.0
ID3,1.0,1.0,1.0,3.0,0.0,13.0
PRTN3,1.0,1.0,0.0,4.0,0.0,13.0
CADPS,1.0,3.0,0.0,2.0,0.0,13.0
MAP1S,1.0,5.0,0.0,0.0,0.0,13.0
BAAT,3.0,1.0,0.0,1.0,0.0,13.0
PIGF,1.0,1.0,0.0,4.0,0.0,13.0
IER5L,1.0,3.0,0.0,2.0,0.0,13.0
TCL1A,1.0,3.0,0.0,2.0,0.0,13.0
NUDT2,1.0,2.0,1.0,2.0,0.0,13.0
PIK3C2G,1.0,2.0,0.0,3.0,0.0,13.0
RNF14,1.0,3.0,1.0,1.0,0.0,13.0
CACNA2D4,1.0,4.0,0.0,1.0,0.0,13.0
DDC,1.0,3.0,0.0,2.0,0.0,13.0
TYK2,1.0,1.0,0.0,3.0,2.0,13.0
CAMKK1,1.0,2.0,0.0,3.0,0.0,13.0
DCAF12,1.0,4.0,0.0,0.0,2.0,13.0
P4HA1,1.0,1.0,1.0,3.0,0.0,13.0
D2HGDH,1.0,5.0,0.0,0.0,0.0,13.0
HIP1,1.0,3.0,0.0,2.0,0.0,13.0
EPHB2,0.0,3.0,0.0,3.0,1.0,13.0
ETHE1,1.0,5.0,0.0,0.0,0.0,13.0
VCPIP1,1.0,3.0,0.0,2.0,0.0,13.0
CYP7A1,1.0,1.0,1.0,3.0,0.0,13.0
CSE1L,1.0,1.0,1.0,3.0,0.0,13.0
TBCE,1.0,3.0,1.0,1.0,0.0,13.0
OXSR1,3.0,1.0,1.0,0.0,0.0,13.0
OTUB1,1.0,3.0,0.0,2.0,0.0,13.0
CAPN7,1.0,4.0,1.0,0.0,0.0,13.0
GRIA1,1.0,0.0,1.0,4.0,0.0,13.0
OSBPL8,1.0,3.0,0.0,2.0,0.0,13.0
AHI1,1.0,3.0,0.0,2.0,0.0,13.0
SEC23B,1.0,2.0,0.0,3.0,0.0,13.0
CD276,0.0,3.0,0.0,2.0,3.0,13.0
AHSG,1.0,0.0,0.0,5.0,0.0,13.0
PHF20L1,1.0,4.0,0.0,1.0,0.0,13.0
CRYBG3,1.0,5.0,0.0,0.0,0.0,13.0
LIMD2,1.0,1.0,0.0,4.0,0.0,13.0
ATP5MG,1.0,2.0,0.0,3.0,0.0,13.0
ASAP2,1.0,2.0,1.0,2.0,0.0,13.0
RASAL3,1.0,2.0,0.0,2.0,2.0,13.0
MYL12B,1.0,3.0,0.0,2.0,0.0,13.0
DOLPP1,1.0,3.0,0.0,2.0,0.0,13.0
COMMD6,1.0,3.0,0.0,2.0,0.0,13.0
POLG2,1.0,3.0,0.0,2.0,0.0,13.0
CMA1,3.0,2.0,0.0,0.0,0.0,13.0
TICAM1,0.0,2.0,0.0,4.0,1.0,13.0
ARMC1,3.0,2.0,0.0,0.0,0.0,13.0
METAP2,1.0,4.0,1.0,0.0,0.0,13.0
POLR2B,1.0,1.0,1.0,3.0,0.0,13.0
XCR1,3.0,2.0,0.0,0.0,0.0,13.0
SLIT3,1.0,1.0,0.0,4.0,0.0,13.0
MXI1,1.0,4.0,1.0,0.0,0.0,13.0
SMAD5,1.0,1.0,0.0,4.0,0.0,13.0
C1D,1.0,2.0,1.0,2.0,0.0,13.0
DPEP1,1.0,1.0,1.0,3.0,0.0,13.0
ACOT13,1.0,4.0,0.0,1.0,0.0,13.0
MUC7,1.0,0.0,0.0,5.0,0.0,13.0
ABCB9,1.0,2.0,0.0,3.0,0.0,13.0
SMARCA1,1.0,1.0,0.0,4.0,0.0,13.0
CMPK1,1.0,3.0,1.0,1.0,0.0,13.0
MTREX,1.0,1.0,0.0,4.0,0.0,13.0
METTL13,1.0,4.0,0.0,1.0,0.0,13.0
TIMELESS,1.0,4.0,0.0,1.0,0.0,13.0
MTMR11,1.0,4.0,0.0,1.0,0.0,13.0
ARMC3,1.0,3.0,0.0,2.0,0.0,13.0
TNIP3,1.0,2.0,0.0,3.0,0.0,13.0
SLC66A1,1.0,5.0,0.0,0.0,0.0,13.0
DNASE2,1.0,5.0,0.0,0.0,0.0,13.0
SLC30A1,1.0,5.0,0.0,0.0,0.0,13.0
NCBP2,1.0,3.0,1.0,1.0,0.0,13.0
WDR44,1.0,2.0,1.0,2.0,0.0,13.0
KRT8,1.0,2.0,0.0,3.0,0.0,13.0
SLC35B4,1.0,1.0,0.0,4.0,0.0,13.0
SLC35E2B,1.0,5.0,0.0,0.0,0.0,13.0
MED26,1.0,2.0,0.0,3.0,0.0,13.0
TOR1A,1.0,3.0,0.0,2.0,0.0,13.0
WIZ,3.0,2.0,0.0,0.0,0.0,13.0
NANP,1.0,2.0,0.0,3.0,0.0,13.0
ARMCX4,3.0,2.0,0.0,0.0,0.0,13.0
RABAC1,1.0,4.0,1.0,0.0,0.0,13.0
ARMC9,1.0,3.0,0.0,2.0,0.0,13.0
KNSTRN,1.0,2.0,0.0,3.0,0.0,13.0
N4BP2,1.0,4.0,1.0,0.0,0.0,13.0
POC5,1.0,5.0,0.0,0.0,0.0,13.0
MYRIP,1.0,1.0,0.0,4.0,0.0,13.0
FCRLA,1.0,4.0,0.0,1.0,0.0,13.0
STARD5,1.0,5.0,0.0,0.0,0.0,13.0
WNT11,1.0,1.0,1.0,3.0,0.0,13.0
FAM162A,1.0,4.0,0.0,1.0,0.0,13.0
DPY19L3,3.0,2.0,0.0,0.0,0.0,13.0
TIMM8A,1.0,4.0,0.0,1.0,0.0,13.0
EIF1AY,1.0,4.0,0.0,1.0,0.0,13.0
MRPL24,1.0,2.0,0.0,3.0,0.0,13.0
KIF20B,1.0,3.0,0.0,2.0,0.0,13.0
SNX33,1.0,4.0,0.0,1.0,0.0,13.0
BEX1,1.0,4.0,0.0,1.0,0.0,13.0
DYNLL2,1.0,0.0,0.0,5.0,0.0,13.0
MPO,1.0,2.0,1.0,2.0,0.0,13.0
SRFBP1,3.0,2.0,0.0,0.0,0.0,13.0
FARP2,1.0,2.0,0.0,3.0,0.0,13.0
FARP1,1.0,1.0,0.0,4.0,0.0,13.0
DYNLT2B,1.0,3.0,0.0,2.0,0.0,13.0
SOWAHC,1.0,4.0,1.0,0.0,0.0,13.0
CNIH4,1.0,5.0,0.0,0.0,0.0,13.0
DYRK3,1.0,2.0,0.0,3.0,0.0,13.0
RBM18,1.0,5.0,0.0,0.0,0.0,13.0
ABI3,1.0,4.0,0.0,1.0,0.0,13.0
MOBP,1.0,2.0,0.0,3.0,0.0,13.0
MOB3B,1.0,4.0,0.0,1.0,0.0,13.0
MIDEAS,1.0,5.0,0.0,0.0,0.0,13.0
MNS1,1.0,3.0,0.0,2.0,0.0,13.0
MIDN,1.0,5.0,0.0,0.0,0.0,13.0
ECH1,1.0,4.0,0.0,1.0,0.0,13.0
KDM5A,1.0,1.0,1.0,3.0,0.0,13.0
CNIH2,1.0,2.0,0.0,3.0,0.0,13.0
DUSP8,1.0,3.0,0.0,2.0,0.0,13.0
FAM20A,1.0,1.0,1.0,3.0,0.0,13.0
ZFYVE16,1.0,5.0,0.0,0.0,0.0,13.0
DROSHA,0.0,1.0,0.0,4.0,3.0,13.0
TMEM98,1.0,2.0,0.0,0.0,6.0,13.0
SSH2,1.0,3.0,0.0,2.0,0.0,13.0
MRPS36,1.0,1.0,0.0,4.0,0.0,13.0
XRN1,1.0,3.0,0.0,2.0,0.0,13.0
ITPRIPL2,1.0,4.0,0.0,1.0,0.0,13.0
PRDX4,1.0,2.0,2.0,1.0,0.0,13.0
POU4F1,1.0,2.0,0.0,3.0,0.0,13.0
IVNS1ABP,1.0,5.0,0.0,0.0,0.0,13.0
ACHE,1.0,1.0,1.0,3.0,0.0,13.0
ACD,1.0,4.0,0.0,1.0,0.0,13.0
RANBP9,1.0,3.0,1.0,1.0,0.0,13.0
RBM8A,1.0,4.0,0.0,1.0,0.0,13.0
RAPGEF1,1.0,0.0,0.0,5.0,0.0,13.0
MFSD12,1.0,4.0,0.0,1.0,0.0,13.0
TMEM222,1.0,3.0,0.0,2.0,0.0,13.0
MRPS11,1.0,3.0,0.0,2.0,0.0,13.0
JAZF1,3.0,2.0,0.0,0.0,0.0,13.0
ZBTB1,1.0,1.0,0.0,2.0,4.0,13.0
COG3,1.0,2.0,0.0,3.0,0.0,13.0
PPIC,1.0,3.0,0.0,2.0,0.0,13.0
DMWD,1.0,3.0,0.0,2.0,0.0,13.0
CIC,1.0,5.0,0.0,0.0,0.0,13.0
COX7A2,1.0,2.0,0.0,3.0,0.0,13.0
FKBP11,1.0,4.0,0.0,1.0,0.0,13.0
NFIB,1.0,1.0,0.0,4.0,0.0,13.0
NECAP1,1.0,2.0,0.0,3.0,0.0,13.0
CDV3,1.0,5.0,0.0,0.0,0.0,13.0
CLPB,1.0,2.0,0.0,3.0,0.0,13.0
NDST1,1.0,5.0,0.0,0.0,0.0,13.0
SLC16A1,1.0,2.0,1.0,2.0,0.0,13.0
NELFCD,1.0,2.0,0.0,3.0,0.0,13.0
CORO1B,1.0,4.0,0.0,1.0,0.0,13.0
FKBP15,1.0,4.0,0.0,1.0,0.0,13.0
NEB,1.0,3.0,0.0,2.0,0.0,13.0
SLC16A3,1.0,2.0,0.0,3.0,0.0,13.0
PLXNB3,1.0,3.0,0.0,2.0,0.0,13.0
SLAIN2,1.0,5.0,0.0,0.0,0.0,13.0
DIAPH3,1.0,2.0,0.0,3.0,0.0,13.0
H6PD,1.0,4.0,0.0,1.0,0.0,13.0
SLC25A22,1.0,3.0,0.0,2.0,0.0,13.0
PLPP6,1.0,5.0,0.0,0.0,0.0,13.0
PLXNA4,1.0,3.0,0.0,2.0,0.0,13.0
TRERF1,1.0,5.0,0.0,0.0,0.0,13.0
MED1,1.0,1.0,0.0,4.0,0.0,13.0
ACTR8,1.0,2.0,0.0,3.0,0.0,13.0
NDUFS4,1.0,1.0,1.0,3.0,0.0,13.0
DIO2,1.0,2.0,0.0,3.0,0.0,13.0
WBP11,1.0,0.0,1.0,4.0,0.0,13.0
COX6B1,1.0,2.0,0.0,3.0,0.0,13.0
DHX58,1.0,3.0,0.0,2.0,0.0,13.0
SLC25A6,1.0,2.0,0.0,3.0,0.0,13.0
NECTIN2,0.0,3.0,0.0,3.0,1.0,13.0
NECTIN3,1.0,4.0,0.0,1.0,0.0,13.0
SLC25A10,1.0,4.0,0.0,1.0,0.0,13.0
NDEL1,1.0,3.0,1.0,1.0,0.0,13.0
TPM4,1.0,3.0,0.0,2.0,0.0,13.0
THOP1,1.0,3.0,0.0,2.0,0.0,13.0
PLEKHB2,1.0,3.0,0.0,2.0,0.0,13.0
SLC1A2,1.0,1.0,1.0,3.0,0.0,13.0
LAMP1,1.0,1.0,0.0,3.0,2.0,13.0
DMP1,1.0,1.0,0.0,4.0,0.0,13.0
COX6C,1.0,2.0,0.0,3.0,0.0,13.0
KXD1,1.0,4.0,0.0,1.0,0.0,13.0
REV3L,1.0,4.0,0.0,1.0,0.0,13.0
RGS14,0.0,4.0,0.0,2.0,0.0,12.0
PEX14,0.0,2.0,0.0,4.0,0.0,12.0
RHAG,2.0,1.0,1.0,1.0,0.0,12.0
HBE1,0.0,2.0,0.0,4.0,0.0,12.0
PKN2,0.0,4.0,0.0,2.0,0.0,12.0
UVSSA,0.0,4.0,0.0,2.0,0.0,12.0
PGM2L1,2.0,3.0,0.0,0.0,0.0,12.0
ZBTB10,2.0,3.0,0.0,0.0,0.0,12.0
PEX11A,2.0,2.0,0.0,1.0,0.0,12.0
HCLS1,2.0,2.0,0.0,1.0,0.0,12.0
VPS11,0.0,2.0,0.0,4.0,0.0,12.0
RBM6,0.0,3.0,0.0,3.0,0.0,12.0
PFKM,0.0,2.0,2.0,2.0,0.0,12.0
GTF2A2,0.0,3.0,1.0,2.0,0.0,12.0
PLA1A,0.0,4.0,0.0,2.0,0.0,12.0
VPS16,0.0,3.0,0.0,3.0,0.0,12.0
PRAME,0.0,1.0,0.0,5.0,0.0,12.0
GPX4,0.0,3.0,0.0,3.0,0.0,12.0
PLA2G12A,0.0,5.0,1.0,0.0,0.0,12.0
ZBED5,0.0,4.0,0.0,2.0,0.0,12.0
ZNF454,0.0,1.0,0.0,5.0,0.0,12.0
RBM5,0.0,4.0,1.0,1.0,0.0,12.0
HBG1,0.0,0.0,1.0,5.0,0.0,12.0
PKNOX1,1.0,2.0,0.0,1.0,3.0,12.0
POU6F1,0.0,5.0,0.0,1.0,0.0,12.0
PRCP,0.0,4.0,0.0,2.0,0.0,12.0
RMC1,2.0,1.0,0.0,2.0,0.0,12.0
RLIG1,0.0,5.0,0.0,1.0,0.0,12.0
RAB5IF,0.0,6.0,0.0,0.0,0.0,12.0
PTPRM,0.0,4.0,0.0,2.0,0.0,12.0
ZCCHC12,0.0,4.0,0.0,2.0,0.0,12.0
HARS2,0.0,3.0,0.0,3.0,0.0,12.0
RPL26L1,0.0,1.0,0.0,5.0,0.0,12.0
RHOU,2.0,3.0,0.0,0.0,0.0,12.0
ZRANB3,0.0,5.0,0.0,1.0,0.0,12.0
PTGR3,0.0,4.0,0.0,2.0,0.0,12.0
RASSF8,0.0,4.0,1.0,1.0,0.0,12.0
PPP2R2C,0.0,1.0,1.0,4.0,0.0,12.0
ZXDB,0.0,4.0,0.0,2.0,0.0,12.0
VPS9D1,0.0,4.0,0.0,2.0,0.0,12.0
PDHX,0.0,1.0,1.0,4.0,0.0,12.0
ZFHX3,0.0,4.0,0.0,2.0,0.0,12.0
ZCCHC2,0.0,5.0,0.0,1.0,0.0,12.0
RASL12,2.0,3.0,0.0,0.0,0.0,12.0
RASA2,0.0,2.0,0.0,4.0,0.0,12.0
PDHA1,0.0,1.0,1.0,4.0,0.0,12.0
RPL35A,0.0,0.0,0.0,6.0,0.0,12.0
RASGRF2,2.0,0.0,0.0,3.0,0.0,12.0
PLD6,0.0,4.0,0.0,2.0,0.0,12.0
ZER1,0.0,1.0,0.0,5.0,0.0,12.0
RHOC,0.0,6.0,0.0,0.0,0.0,12.0
GPR84,0.0,4.0,0.0,2.0,0.0,12.0
RBM47,0.0,5.0,0.0,1.0,0.0,12.0
PPP1R16B,0.0,4.0,0.0,2.0,0.0,12.0
UTP3,0.0,4.0,1.0,1.0,0.0,12.0
PPIG,0.0,5.0,0.0,1.0,0.0,12.0
PER3,0.0,3.0,0.0,3.0,0.0,12.0
PEMT,0.0,3.0,0.0,3.0,0.0,12.0
RPL15,0.0,0.0,0.0,6.0,0.0,12.0
RIT1,0.0,5.0,0.0,1.0,0.0,12.0
PLBD1,0.0,5.0,0.0,1.0,0.0,12.0
VASH1,0.0,3.0,1.0,2.0,0.0,12.0
RBM33,0.0,6.0,0.0,0.0,0.0,12.0
HACD1,2.0,2.0,1.0,0.0,0.0,12.0
VPS37A,0.0,4.0,0.0,2.0,0.0,12.0
HACD2,2.0,3.0,0.0,0.0,0.0,12.0
GPSM2,0.0,4.0,0.0,2.0,0.0,12.0
RBM28,0.0,4.0,0.0,2.0,0.0,12.0
PPP1R13L,0.0,1.0,0.0,5.0,0.0,12.0
PPP1R14C,0.0,6.0,0.0,0.0,0.0,12.0
PTP4A1,0.0,5.0,1.0,0.0,0.0,12.0
RBM25,0.0,4.0,0.0,2.0,0.0,12.0
VPS37C,0.0,4.0,0.0,2.0,0.0,12.0
PPM1E,0.0,2.0,0.0,4.0,0.0,12.0
PLN,0.0,2.0,0.0,4.0,0.0,12.0
RAN,0.0,3.0,0.0,3.0,0.0,12.0
ZNF317,0.0,2.0,0.0,4.0,0.0,12.0
PIGV,0.0,3.0,0.0,3.0,0.0,12.0
ZNF280D,0.0,3.0,0.0,3.0,0.0,12.0
PMM1,0.0,2.0,0.0,4.0,0.0,12.0
PIGL,0.0,3.0,0.0,3.0,0.0,12.0
RAB3IP,0.0,4.0,0.0,2.0,0.0,12.0
REXO5,2.0,1.0,0.0,2.0,0.0,12.0
PMEL,0.0,1.0,0.0,5.0,0.0,12.0
HEXB,0.0,3.0,0.0,3.0,0.0,12.0
HEXIM1,0.0,5.0,0.0,1.0,0.0,12.0
RNF145,2.0,3.0,0.0,0.0,0.0,12.0
HECTD1,0.0,5.0,0.0,1.0,0.0,12.0
RNF146,0.0,2.0,0.0,4.0,0.0,12.0
GRIN2D,0.0,1.0,0.0,5.0,0.0,12.0
POFUT2,0.0,3.0,0.0,3.0,0.0,12.0
RAD51B,0.0,3.0,0.0,3.0,0.0,12.0
POGLUT2,0.0,6.0,0.0,0.0,0.0,12.0
PRKG1,0.0,0.0,0.0,6.0,0.0,12.0
REEP1,0.0,3.0,0.0,3.0,0.0,12.0
RNF152,0.0,2.0,0.0,4.0,0.0,12.0
RNASE2,0.0,3.0,1.0,2.0,0.0,12.0
GRM7,0.0,4.0,0.0,2.0,0.0,12.0
PI4K2A,0.0,5.0,0.0,1.0,0.0,12.0
PIMREG,0.0,4.0,0.0,2.0,0.0,12.0
PNKP,0.0,4.0,0.0,2.0,0.0,12.0
RNF103,0.0,3.0,0.0,3.0,0.0,12.0
PNMA1,0.0,2.0,2.0,2.0,0.0,12.0
PILRA,0.0,5.0,0.0,1.0,0.0,12.0
RNF114,0.0,5.0,0.0,1.0,0.0,12.0
WDR43,2.0,3.0,0.0,0.0,0.0,12.0
WDR55,2.0,3.0,0.0,0.0,0.0,12.0
HERC3,0.0,1.0,0.0,5.0,0.0,12.0
RAB11FIP5,0.0,6.0,0.0,0.0,0.0,12.0
WDR59,0.0,4.0,0.0,2.0,0.0,12.0
RET,0.0,0.0,0.0,6.0,0.0,12.0
PMS1,0.0,3.0,1.0,2.0,0.0,12.0
WIPF1,0.0,3.0,1.0,2.0,0.0,12.0
GTF2IRD2,0.0,6.0,0.0,0.0,0.0,12.0
H3-4,0.0,1.0,0.0,5.0,0.0,12.0
PRPS1,0.0,2.0,1.0,3.0,0.0,12.0
PRPF4,0.0,4.0,0.0,2.0,0.0,12.0
RAD21,0.0,1.0,1.0,4.0,0.0,12.0
PNPLA2,0.0,4.0,0.0,2.0,0.0,12.0
HDLBP,0.0,5.0,0.0,1.0,0.0,12.0
GRIN1,0.0,1.0,0.0,5.0,0.0,12.0
POU3F2,0.0,1.0,0.0,5.0,0.0,12.0
RCAN2,0.0,3.0,0.0,3.0,0.0,12.0
POLR3G,0.0,2.0,0.0,4.0,0.0,12.0
PLOD2,2.0,1.0,1.0,1.0,0.0,12.0
ZNF217,0.0,3.0,1.0,2.0,0.0,12.0
GREB1,0.0,1.0,0.0,5.0,0.0,12.0
PITPNM1,0.0,4.0,0.0,2.0,0.0,12.0
PXDN,0.0,1.0,0.0,5.0,0.0,12.0
ZNF688,0.0,6.0,0.0,0.0,0.0,12.0
PITX1,0.0,0.0,0.0,6.0,0.0,12.0
PREPL,0.0,6.0,0.0,0.0,0.0,12.0
GRAMD4,0.0,6.0,0.0,0.0,0.0,12.0
RNF111,0.0,2.0,0.0,4.0,0.0,12.0
PWWP2B,0.0,5.0,0.0,1.0,0.0,12.0
PRELID3B,0.0,4.0,0.0,2.0,0.0,12.0
GSTA4,0.0,4.0,0.0,2.0,0.0,12.0
VAT1,0.0,4.0,0.0,2.0,0.0,12.0
POP7,0.0,4.0,0.0,2.0,0.0,12.0
PIWIL1,0.0,1.0,0.0,5.0,0.0,12.0
ZMPSTE24,0.0,2.0,1.0,3.0,0.0,12.0
PHACTR3,0.0,2.0,0.0,4.0,0.0,12.0
PREX2,0.0,3.0,0.0,3.0,0.0,12.0
GSTA1,0.0,0.0,1.0,5.0,0.0,12.0
RFWD3,0.0,4.0,0.0,2.0,0.0,12.0
HINFP,2.0,2.0,0.0,1.0,0.0,12.0
GUCY2C,0.0,5.0,1.0,0.0,0.0,12.0
RAB14,0.0,1.0,0.0,5.0,0.0,12.0
PRPF38A,0.0,5.0,0.0,1.0,0.0,12.0
RAB15,0.0,2.0,0.0,4.0,0.0,12.0
HGSNAT,0.0,5.0,0.0,1.0,0.0,12.0
RNF168,0.0,2.0,0.0,3.0,2.0,12.0
QARS1,0.0,0.0,0.0,6.0,0.0,12.0
VGF,0.0,1.0,0.0,5.0,0.0,12.0
PLTP,0.0,1.0,2.0,3.0,0.0,12.0
PHKB,0.0,5.0,1.0,0.0,0.0,12.0
VEZF1,0.0,3.0,0.0,3.0,0.0,12.0
RNF175,2.0,2.0,0.0,1.0,0.0,12.0
ZNF507,0.0,6.0,0.0,0.0,0.0,12.0
GTF2H1,0.0,1.0,1.0,4.0,0.0,12.0
RAI14,0.0,4.0,0.0,2.0,0.0,12.0
RCC2,0.0,4.0,0.0,2.0,0.0,12.0
RNF180,0.0,5.0,0.0,1.0,0.0,12.0
RFX1,2.0,3.0,0.0,0.0,0.0,12.0
WASF1,0.0,1.0,0.0,5.0,0.0,12.0
VPS53,0.0,5.0,0.0,1.0,0.0,12.0
LRP2BP,0.0,2.0,0.0,4.0,0.0,12.0
RPRD1B,2.0,1.0,0.0,2.0,0.0,12.0
KCNN3,0.0,4.0,0.0,2.0,0.0,12.0
MIXL1,0.0,4.0,0.0,2.0,0.0,12.0
SPO11,0.0,1.0,0.0,5.0,0.0,12.0
SPINK4,0.0,0.0,0.0,6.0,0.0,12.0
MKRN2,0.0,6.0,0.0,0.0,0.0,12.0
KDM1B,0.0,2.0,0.0,4.0,0.0,12.0
SPG7,0.0,5.0,0.0,1.0,0.0,12.0
KCTD9,2.0,2.0,0.0,1.0,0.0,12.0
KCTD7,0.0,2.0,0.0,4.0,0.0,12.0
SPATA7,0.0,4.0,0.0,2.0,0.0,12.0
SPATA6,2.0,1.0,0.0,2.0,0.0,12.0
MMP17,0.0,1.0,1.0,4.0,0.0,12.0
SLC7A7,0.0,4.0,0.0,2.0,0.0,12.0
KCNMB1,0.0,3.0,0.0,3.0,0.0,12.0
MMP20,0.0,4.0,1.0,1.0,0.0,12.0
KCNJ6,0.0,4.0,0.0,2.0,0.0,12.0
TMCC1,0.0,6.0,0.0,0.0,0.0,12.0
KCNJ11,0.0,3.0,1.0,2.0,0.0,12.0
MOCOS,2.0,0.0,0.0,3.0,0.0,12.0
SP140,2.0,3.0,0.0,0.0,0.0,12.0
MORC2,0.0,2.0,0.0,4.0,0.0,12.0
MORF4L1,0.0,3.0,1.0,2.0,0.0,12.0
TMED5,0.0,3.0,0.0,3.0,0.0,12.0
MIS18BP1,2.0,2.0,0.0,1.0,0.0,12.0
SPOP,0.0,2.0,1.0,3.0,0.0,12.0
SPTA1,0.0,2.0,1.0,2.0,2.0,12.0
SPTAN1,0.0,2.0,0.0,4.0,0.0,12.0
METTL1,0.0,5.0,0.0,1.0,0.0,12.0
TIMM10,0.0,5.0,0.0,1.0,0.0,12.0
METTL21A,0.0,3.0,0.0,3.0,0.0,12.0
METTL8,0.0,6.0,0.0,0.0,0.0,12.0
KLF13,0.0,3.0,0.0,3.0,0.0,12.0
METTL9,2.0,3.0,0.0,0.0,0.0,12.0
MFN1,0.0,5.0,0.0,1.0,0.0,12.0
SSBP4,0.0,5.0,0.0,1.0,0.0,12.0
MFSD11,0.0,4.0,0.0,2.0,0.0,12.0
KIR2DL1,0.0,3.0,1.0,2.0,0.0,12.0
KIN,0.0,4.0,0.0,2.0,0.0,12.0
KIFC3,0.0,4.0,1.0,1.0,0.0,12.0
KIFC1,0.0,2.0,0.0,4.0,0.0,12.0
SRSF9,2.0,2.0,1.0,0.0,0.0,12.0
TLE2,0.0,5.0,0.0,1.0,0.0,12.0
MGAT3,0.0,2.0,0.0,4.0,0.0,12.0
SRPRB,0.0,3.0,0.0,3.0,0.0,12.0
MGP,0.0,0.0,0.0,6.0,0.0,12.0
MIB2,0.0,4.0,0.0,2.0,0.0,12.0
KIAA0319L,0.0,6.0,0.0,0.0,0.0,12.0
MINDY3,0.0,3.0,0.0,3.0,0.0,12.0
KBTBD7,0.0,2.0,0.0,4.0,0.0,12.0
SOX1,0.0,0.0,1.0,5.0,0.0,12.0
MPLKIP,0.0,3.0,0.0,3.0,0.0,12.0
ITPRIP,0.0,3.0,0.0,3.0,0.0,12.0
ITPKC,0.0,4.0,0.0,2.0,0.0,12.0
SMIM14,0.0,5.0,0.0,1.0,0.0,12.0
MTFR1,2.0,2.0,0.0,1.0,0.0,12.0
MTMR4,0.0,3.0,0.0,3.0,0.0,12.0
MUC15,0.0,1.0,0.0,5.0,0.0,12.0
MUC17,0.0,0.0,0.0,6.0,0.0,12.0
MUC20,0.0,1.0,0.0,5.0,0.0,12.0
MUC5AC,0.0,1.0,0.0,5.0,0.0,12.0
MUC6,0.0,1.0,0.0,5.0,0.0,12.0
MVB12B,0.0,3.0,0.0,3.0,0.0,12.0
SMAGP,0.0,5.0,1.0,0.0,0.0,12.0
MVP,0.0,4.0,1.0,1.0,0.0,12.0
SLIT2,0.0,1.0,0.0,5.0,0.0,12.0
SLIT1,0.0,1.0,0.0,5.0,0.0,12.0
SLFN12,0.0,6.0,0.0,0.0,0.0,12.0
SLFN11,2.0,3.0,0.0,0.0,0.0,12.0
TNFSF13B,0.0,4.0,0.0,1.0,2.0,12.0
SLCO4A1,0.0,2.0,1.0,3.0,0.0,12.0
TNFSF18,0.0,1.0,1.0,2.0,4.0,12.0
SLCO2A1,0.0,2.0,1.0,3.0,0.0,12.0
MYH10,0.0,3.0,0.0,3.0,0.0,12.0
TMEM71,0.0,4.0,0.0,2.0,0.0,12.0
MRPS34,0.0,3.0,0.0,3.0,0.0,12.0
SOD3,0.0,0.0,2.0,4.0,0.0,12.0
SNHG1,0.0,6.0,0.0,0.0,0.0,12.0
TMEM115,0.0,3.0,0.0,3.0,0.0,12.0
MR1,0.0,2.0,0.0,2.0,4.0,12.0
TMEM14A,0.0,6.0,0.0,0.0,0.0,12.0
TMEM14C,0.0,5.0,0.0,1.0,0.0,12.0
MRPL15,0.0,3.0,0.0,3.0,0.0,12.0
SNX3,0.0,3.0,1.0,2.0,0.0,12.0
MRPL33,0.0,1.0,0.0,5.0,0.0,12.0
MRPL4,0.0,4.0,0.0,2.0,0.0,12.0
SNRPD1,0.0,2.0,1.0,3.0,0.0,12.0
MRPL43,0.0,3.0,0.0,3.0,0.0,12.0
JCAD,2.0,2.0,0.0,1.0,0.0,12.0
MRPL51,0.0,3.0,0.0,3.0,0.0,12.0
MRPS15,0.0,2.0,1.0,3.0,0.0,12.0
TMEM230,0.0,5.0,1.0,0.0,0.0,12.0
MRPS18C,0.0,2.0,0.0,4.0,0.0,12.0
JAG2,0.0,0.0,0.0,4.0,4.0,12.0
SNHG17,0.0,6.0,0.0,0.0,0.0,12.0
JADE2,0.0,3.0,0.0,3.0,0.0,12.0
MRPS21,0.0,3.0,0.0,3.0,0.0,12.0
MRPS24,0.0,3.0,1.0,2.0,0.0,12.0
MRPS26,0.0,4.0,0.0,2.0,0.0,12.0
ST6GALNAC1,0.0,2.0,0.0,4.0,0.0,12.0
KLHDC3,0.0,6.0,0.0,0.0,0.0,12.0
METRN,0.0,3.0,0.0,3.0,0.0,12.0
LYPD2,0.0,1.0,0.0,5.0,0.0,12.0
LYPD3,0.0,3.0,0.0,3.0,0.0,12.0
TAF1,0.0,3.0,0.0,3.0,0.0,12.0
LYSMD2,0.0,6.0,0.0,0.0,0.0,12.0
LIN37,0.0,6.0,0.0,0.0,0.0,12.0
LIG1,0.0,3.0,0.0,3.0,0.0,12.0
MAGEH1,0.0,4.0,0.0,2.0,0.0,12.0
LIFR,0.0,2.0,0.0,4.0,0.0,12.0
SYS1,2.0,3.0,0.0,0.0,0.0,12.0
TBX2,0.0,2.0,0.0,4.0,0.0,12.0
MAL,2.0,2.0,0.0,1.0,0.0,12.0
SYNGR3,0.0,4.0,0.0,2.0,0.0,12.0
MAN1B1,0.0,0.0,0.0,6.0,0.0,12.0
MAN2A2,0.0,2.0,1.0,3.0,0.0,12.0
SYNE2,2.0,3.0,0.0,0.0,0.0,12.0
SYBU,0.0,3.0,0.0,3.0,0.0,12.0
SVBP,0.0,4.0,0.0,2.0,0.0,12.0
SV2B,0.0,1.0,3.0,2.0,0.0,12.0
SUV39H2,0.0,5.0,0.0,1.0,0.0,12.0
TCL1B,0.0,1.0,0.0,5.0,0.0,12.0
TCN2,0.0,4.0,0.0,2.0,0.0,12.0
SURF4,2.0,1.0,0.0,2.0,0.0,12.0
LINC02481,2.0,2.0,0.0,1.0,0.0,12.0
TAF12,0.0,2.0,0.0,4.0,0.0,12.0
SULF1,0.0,1.0,0.0,5.0,0.0,12.0
LMBR1L,1.0,3.0,0.0,0.0,3.0,12.0
LRPAP1,0.0,5.0,0.0,1.0,0.0,12.0
LRBA,0.0,6.0,0.0,0.0,0.0,12.0
LSM12,0.0,6.0,0.0,0.0,0.0,12.0
LSM14A,0.0,4.0,0.0,2.0,0.0,12.0
LSM3,0.0,3.0,0.0,3.0,0.0,12.0
LSM5,0.0,1.0,1.0,4.0,0.0,12.0
TARBP2,0.0,4.0,0.0,2.0,0.0,12.0
TAF9,0.0,0.0,1.0,5.0,0.0,12.0
TARS2,0.0,3.0,0.0,3.0,0.0,12.0
LPCAT3,2.0,0.0,1.0,2.0,0.0,12.0
TAF7L,0.0,0.0,0.0,6.0,0.0,12.0
LPAR4,0.0,2.0,1.0,3.0,0.0,12.0
TAF7,0.0,1.0,1.0,4.0,0.0,12.0
LTA4H,0.0,4.0,0.0,2.0,0.0,12.0
LOXL3,0.0,1.0,0.0,2.0,6.0,12.0
TASOR,0.0,2.0,0.0,4.0,0.0,12.0
TAX1BP3,0.0,5.0,0.0,1.0,0.0,12.0
LOX,0.0,1.0,0.0,5.0,0.0,12.0
LMO7,0.0,2.0,0.0,4.0,0.0,12.0
LMF2,2.0,3.0,0.0,0.0,0.0,12.0
LY75,2.0,2.0,0.0,1.0,0.0,12.0
MAP7D3,0.0,0.0,0.0,6.0,0.0,12.0
SUDS3,0.0,0.0,0.0,6.0,0.0,12.0
ST6GALNAC5,0.0,3.0,0.0,3.0,0.0,12.0
TH,0.0,0.0,0.0,6.0,0.0,12.0
THBS4,0.0,0.0,0.0,6.0,0.0,12.0
STIL,0.0,4.0,0.0,2.0,0.0,12.0
MED20,0.0,4.0,0.0,2.0,0.0,12.0
MED21,0.0,3.0,1.0,2.0,0.0,12.0
MED22,0.0,4.0,0.0,2.0,0.0,12.0
MED23,0.0,3.0,0.0,3.0,0.0,12.0
STAU2,2.0,2.0,1.0,0.0,0.0,12.0
KRT5,0.0,3.0,0.0,3.0,0.0,12.0
MED27,0.0,3.0,1.0,2.0,0.0,12.0
KRT1,0.0,3.0,0.0,3.0,0.0,12.0
KPNA4,0.0,2.0,2.0,2.0,0.0,12.0
STARD8,0.0,6.0,0.0,0.0,0.0,12.0
KPNA1,0.0,3.0,0.0,3.0,0.0,12.0
MEFV,0.0,3.0,0.0,3.0,0.0,12.0
MEGF9,0.0,5.0,0.0,1.0,0.0,12.0
STAMBP,0.0,4.0,0.0,2.0,0.0,12.0
STAG1,0.0,2.0,0.0,4.0,0.0,12.0
TIAL1,0.0,5.0,0.0,1.0,0.0,12.0
KLKB1,0.0,3.0,0.0,3.0,0.0,12.0
KLHL42,0.0,2.0,0.0,4.0,0.0,12.0
KLHL28,0.0,5.0,0.0,1.0,0.0,12.0
MEAF6,0.0,0.0,0.0,6.0,0.0,12.0
MDM1,0.0,3.0,1.0,2.0,0.0,12.0
MARCO,0.0,5.0,0.0,1.0,0.0,12.0
STK17B,2.0,3.0,0.0,0.0,0.0,12.0
MARK3,0.0,3.0,1.0,2.0,0.0,12.0
MAST4,0.0,6.0,0.0,0.0,0.0,12.0
LBR,0.0,0.0,1.0,5.0,0.0,12.0
LAX1,2.0,2.0,0.0,0.0,2.0,12.0
MATN1,0.0,4.0,0.0,2.0,0.0,12.0
MATN2,0.0,3.0,1.0,2.0,0.0,12.0
STX16,0.0,2.0,0.0,4.0,0.0,12.0
STX12,0.0,4.0,0.0,2.0,0.0,12.0
STRN,0.0,2.0,1.0,3.0,0.0,12.0
TECTA,0.0,2.0,0.0,4.0,0.0,12.0
STRIP2,0.0,5.0,1.0,0.0,0.0,12.0
STRADA,0.0,2.0,0.0,4.0,0.0,12.0
TESC,2.0,3.0,0.0,0.0,0.0,12.0
TESK1,2.0,0.0,0.0,3.0,0.0,12.0
LARS1,0.0,0.0,0.0,6.0,0.0,12.0
MCCC1,0.0,5.0,1.0,0.0,0.0,12.0
STRA6,4.0,0.0,0.0,0.0,0.0,12.0
LAPTM4A,0.0,5.0,0.0,1.0,0.0,12.0
STOML1,0.0,3.0,0.0,3.0,0.0,12.0
TEX12,0.0,3.0,0.0,3.0,0.0,12.0
STK32B,0.0,4.0,0.0,2.0,0.0,12.0
MYL11,2.0,1.0,0.0,2.0,0.0,12.0
ITGA11,0.0,0.0,0.0,6.0,0.0,12.0
RPRD2,0.0,4.0,0.0,2.0,0.0,12.0
HTRA2,2.0,0.0,1.0,2.0,0.0,12.0
SEPTIN9,0.0,3.0,0.0,3.0,0.0,12.0
SEPTIN4,0.0,2.0,0.0,4.0,0.0,12.0
SEMA5A,0.0,1.0,0.0,5.0,0.0,12.0
SEMA3E,0.0,2.0,0.0,4.0,0.0,12.0
NXN,0.0,3.0,0.0,3.0,0.0,12.0
UBE2T,0.0,2.0,0.0,4.0,0.0,12.0
OCIAD2,0.0,3.0,0.0,3.0,0.0,12.0
SECTM1,0.0,5.0,0.0,1.0,0.0,12.0
OFD1,0.0,3.0,0.0,3.0,0.0,12.0
HTRA4,0.0,3.0,0.0,3.0,0.0,12.0
OGDH,0.0,3.0,1.0,2.0,0.0,12.0
ITGA10,0.0,0.0,0.0,6.0,0.0,12.0
OLFM1,0.0,4.0,0.0,2.0,0.0,12.0
OPA1,0.0,1.0,0.0,2.0,6.0,12.0
UBIAD1,2.0,1.0,0.0,2.0,0.0,12.0
ORC6,0.0,4.0,0.0,2.0,0.0,12.0
HSPBP1,0.0,4.0,0.0,2.0,0.0,12.0
UBXN2B,2.0,2.0,0.0,1.0,0.0,12.0
OSBPL1A,0.0,2.0,0.0,4.0,0.0,12.0
UBXN4,0.0,5.0,0.0,1.0,0.0,12.0
P2RX1,0.0,1.0,1.0,4.0,0.0,12.0
SCRG1,2.0,1.0,0.0,2.0,0.0,12.0
SERINC1,0.0,5.0,0.0,1.0,0.0,12.0
UBAP2L,0.0,3.0,1.0,2.0,0.0,12.0
SERINC5,2.0,3.0,0.0,0.0,0.0,12.0
IER2,0.0,3.0,0.0,3.0,0.0,12.0
NR5A1,0.0,1.0,0.0,5.0,0.0,12.0
NRBF2,0.0,3.0,0.0,3.0,0.0,12.0
TUBB8B,0.0,0.0,0.0,6.0,0.0,12.0
TUFT1,0.0,3.0,0.0,3.0,0.0,12.0
TUSC3,0.0,0.0,0.0,6.0,0.0,12.0
NSD2,0.0,1.0,0.0,4.0,2.0,12.0
NSFL1C,0.0,5.0,0.0,1.0,0.0,12.0
SETD3,0.0,5.0,0.0,1.0,0.0,12.0
SETBP1,0.0,4.0,0.0,2.0,0.0,12.0
TXNDC15,0.0,4.0,0.0,2.0,0.0,12.0
TXNDC16,0.0,4.0,0.0,2.0,0.0,12.0
TXNDC17,0.0,6.0,0.0,0.0,0.0,12.0
SERTAD1,0.0,5.0,0.0,1.0,0.0,12.0
NUCB1,0.0,2.0,0.0,4.0,0.0,12.0
TYSND1,2.0,3.0,0.0,0.0,0.0,12.0
NUDT16L1,2.0,3.0,0.0,0.0,0.0,12.0
NUDT6,0.0,5.0,1.0,0.0,0.0,12.0
NUF2,0.0,2.0,0.0,4.0,0.0,12.0
IFI27L2,2.0,3.0,0.0,0.0,0.0,12.0
NUMB,0.0,3.0,1.0,2.0,0.0,12.0
UBAP1,0.0,3.0,0.0,3.0,0.0,12.0
UCP3,0.0,5.0,0.0,1.0,0.0,12.0
HSF5,0.0,3.0,0.0,3.0,0.0,12.0
HSDL2,0.0,5.0,0.0,1.0,0.0,12.0
HNRNPH1,0.0,3.0,0.0,3.0,0.0,12.0
PCBD1,2.0,1.0,1.0,1.0,0.0,12.0
UQCC5,2.0,1.0,0.0,2.0,0.0,12.0
UQCRFS1,0.0,3.0,0.0,3.0,0.0,12.0
PCCA,0.0,5.0,1.0,0.0,0.0,12.0
PCDHB5,0.0,3.0,0.0,3.0,0.0,12.0
HNRNPC,0.0,1.0,1.0,4.0,0.0,12.0
HNRNPA0,0.0,5.0,1.0,0.0,0.0,12.0
RUBCN,0.0,3.0,0.0,3.0,0.0,12.0
RSPO2,0.0,2.0,1.0,3.0,0.0,12.0
HMGN2,0.0,5.0,0.0,1.0,0.0,12.0
UROS,0.0,4.0,1.0,1.0,0.0,12.0
USE1,0.0,5.0,0.0,1.0,0.0,12.0
USF2,0.0,2.0,0.0,4.0,0.0,12.0
PCYT2,0.0,0.0,1.0,5.0,0.0,12.0
PDAP1,0.0,3.0,2.0,1.0,0.0,12.0
USP10,0.0,2.0,0.0,4.0,0.0,12.0
PDCD10,0.0,3.0,1.0,2.0,0.0,12.0
USP12,0.0,3.0,0.0,3.0,0.0,12.0
RRAGB,0.0,0.0,0.0,6.0,0.0,12.0
HLF,0.0,5.0,1.0,0.0,0.0,12.0
RPS6KA3,0.0,0.0,1.0,5.0,0.0,12.0
PBX3,0.0,2.0,2.0,2.0,0.0,12.0
UQCC3,0.0,4.0,0.0,2.0,0.0,12.0
HSD3B7,2.0,2.0,0.0,1.0,0.0,12.0
PAX8,0.0,3.0,0.0,3.0,0.0,12.0
P2RY6,0.0,6.0,0.0,0.0,0.0,12.0
P3H1,2.0,1.0,0.0,2.0,0.0,12.0
P4HTM,0.0,4.0,0.0,2.0,0.0,12.0
PA2G4,0.0,3.0,0.0,3.0,0.0,12.0
PACRGL,2.0,1.0,0.0,2.0,0.0,12.0
PADI4,0.0,4.0,1.0,1.0,0.0,12.0
SBSPON,0.0,0.0,0.0,6.0,0.0,12.0
SBNO2,0.0,3.0,0.0,3.0,0.0,12.0
HSD17B1,0.0,2.0,0.0,4.0,0.0,12.0
UIMC1,0.0,3.0,0.0,3.0,0.0,12.0
SAV1,0.0,2.0,1.0,3.0,0.0,12.0
PAQR7,0.0,5.0,0.0,1.0,0.0,12.0
SART3,0.0,2.0,1.0,3.0,0.0,12.0
HPS1,0.0,2.0,0.0,4.0,0.0,12.0
SAR1B,0.0,1.0,0.0,5.0,0.0,12.0
UNC119,0.0,2.0,0.0,4.0,0.0,12.0
SAPCD1,2.0,3.0,0.0,0.0,0.0,12.0
SAP30L,0.0,2.0,0.0,4.0,0.0,12.0
HOXA9,0.0,2.0,1.0,3.0,0.0,12.0
HOXA1,0.0,1.0,0.0,5.0,0.0,12.0
PATL1,0.0,5.0,0.0,1.0,0.0,12.0
IFT20,0.0,2.0,0.0,4.0,0.0,12.0
NR2C1,0.0,1.0,0.0,5.0,0.0,12.0
IGDCC3,0.0,4.0,0.0,2.0,0.0,12.0
TRA2A,0.0,4.0,1.0,1.0,0.0,12.0
TRABD2A,2.0,2.0,0.0,1.0,0.0,12.0
NDUFA10,0.0,4.0,0.0,2.0,0.0,12.0
NDUFA5,0.0,2.0,1.0,3.0,0.0,12.0
NDUFA6,0.0,4.0,0.0,2.0,0.0,12.0
NDUFB5,0.0,3.0,1.0,2.0,0.0,12.0
TRAF4,0.0,6.0,0.0,0.0,0.0,12.0
NDUFS1,2.0,1.0,0.0,2.0,0.0,12.0
NDUFS5,0.0,4.0,0.0,2.0,0.0,12.0
NDUFV2,0.0,2.0,1.0,3.0,0.0,12.0
INPP5E,0.0,4.0,0.0,2.0,0.0,12.0
TRAPPC4,0.0,3.0,0.0,3.0,0.0,12.0
INPP5B,0.0,6.0,0.0,0.0,0.0,12.0
SLC25A16,0.0,3.0,0.0,3.0,0.0,12.0
TRAPPC9,0.0,3.0,0.0,3.0,0.0,12.0
INPP4A,0.0,6.0,0.0,0.0,0.0,12.0
INPP1,0.0,4.0,1.0,1.0,0.0,12.0
INO80C,2.0,0.0,0.0,3.0,0.0,12.0
SLC22A23,0.0,2.0,1.0,3.0,0.0,12.0
TREM1,0.0,4.0,0.0,2.0,0.0,12.0
ING1,0.0,3.0,0.0,3.0,0.0,12.0
SLC18A3,0.0,1.0,0.0,5.0,0.0,12.0
TRA2B,0.0,5.0,0.0,1.0,0.0,12.0
SLC25A40,0.0,4.0,0.0,2.0,0.0,12.0
NEFM,0.0,1.0,1.0,4.0,0.0,12.0
TPPP3,0.0,3.0,0.0,3.0,0.0,12.0
MYL9,0.0,2.0,0.0,4.0,0.0,12.0
MYO7A,0.0,2.0,1.0,3.0,0.0,12.0
MYO9B,0.0,2.0,0.0,4.0,0.0,12.0
SLC44A2,0.0,5.0,0.0,1.0,0.0,12.0
N4BP2L2,0.0,5.0,0.0,1.0,0.0,12.0
SLC41A1,0.0,5.0,0.0,1.0,0.0,12.0
NANS,0.0,2.0,1.0,3.0,0.0,12.0
TOP3A,0.0,2.0,0.0,4.0,0.0,12.0
NAP1L1,0.0,4.0,0.0,2.0,0.0,12.0
SLC36A1,0.0,5.0,0.0,1.0,0.0,12.0
NAPB,0.0,4.0,0.0,2.0,0.0,12.0
SLC35G2,2.0,2.0,0.0,1.0,0.0,12.0
SLC35D1,0.0,3.0,0.0,3.0,0.0,12.0
SLC33A1,0.0,3.0,1.0,2.0,0.0,12.0
IPO8,0.0,0.0,0.0,6.0,0.0,12.0
SLC2A8,0.0,1.0,0.0,5.0,0.0,12.0
IPMK,0.0,5.0,0.0,1.0,0.0,12.0
INTS8,0.0,6.0,0.0,0.0,0.0,12.0
SLC29A3,0.0,2.0,1.0,3.0,0.0,12.0
SLC26A11,0.0,5.0,0.0,1.0,0.0,12.0
NDE1,0.0,5.0,0.0,1.0,0.0,12.0
TREM2,0.0,3.0,0.0,3.0,0.0,12.0
NET1,0.0,3.0,1.0,2.0,0.0,12.0
SGPP1,0.0,3.0,1.0,2.0,0.0,12.0
NKX6-1,0.0,1.0,0.0,5.0,0.0,12.0
IL17A,0.0,0.0,0.0,6.0,0.0,12.0
NLRC4,0.0,2.0,0.0,4.0,0.0,12.0
TSPAN31,2.0,3.0,0.0,0.0,0.0,12.0
NME7,0.0,3.0,1.0,2.0,0.0,12.0
TSPAN33,0.0,4.0,0.0,2.0,0.0,12.0
NMNAT3,0.0,3.0,0.0,3.0,0.0,12.0
SHH,0.0,1.0,0.0,3.0,4.0,12.0
TSPYL2,0.0,6.0,0.0,0.0,0.0,12.0
NOG,2.0,1.0,0.0,2.0,0.0,12.0
TST,0.0,3.0,1.0,2.0,0.0,12.0
TTC13,0.0,5.0,0.0,1.0,0.0,12.0
TTC17,0.0,5.0,0.0,1.0,0.0,12.0
TTC28,0.0,6.0,0.0,0.0,0.0,12.0
SH3RF3,2.0,3.0,0.0,0.0,0.0,12.0
IGFBP7,0.0,0.0,1.0,5.0,0.0,12.0
IGFBP6,0.0,2.0,0.0,4.0,0.0,12.0
SH3BP4,0.0,4.0,1.0,1.0,0.0,12.0
IGFBP1,0.0,2.0,0.0,4.0,0.0,12.0
NPLOC4,0.0,2.0,0.0,4.0,0.0,12.0
IGF2BP2,0.0,4.0,0.0,2.0,0.0,12.0
NPTX2,0.0,1.0,0.0,5.0,0.0,12.0
SIAH1,0.0,1.0,0.0,5.0,0.0,12.0
NKX3-1,0.0,4.0,0.0,2.0,0.0,12.0
NEURL1,0.0,0.0,1.0,5.0,0.0,12.0
NIT1,2.0,1.0,0.0,2.0,0.0,12.0
NF2,0.0,2.0,0.0,4.0,0.0,12.0
TRIM33,0.0,2.0,0.0,4.0,0.0,12.0
NFIC,0.0,5.0,0.0,1.0,0.0,12.0
IL33,0.0,1.0,1.0,4.0,0.0,12.0
IL32,0.0,1.0,0.0,5.0,0.0,12.0
SKI,0.0,5.0,0.0,1.0,0.0,12.0
SKA2,0.0,2.0,1.0,3.0,0.0,12.0
TRIP10,0.0,2.0,0.0,4.0,0.0,12.0
SIT1,0.0,5.0,0.0,0.0,2.0,12.0
TRIP12,0.0,2.0,1.0,3.0,0.0,12.0
SIPA1L3,2.0,3.0,0.0,0.0,0.0,12.0
TRIR,0.0,6.0,0.0,0.0,0.0,12.0
NHLRC2,0.0,3.0,0.0,3.0,0.0,12.0
TRRAP,0.0,2.0,1.0,3.0,0.0,12.0
NIBAN2,0.0,6.0,0.0,0.0,0.0,12.0
NIF3L1,0.0,3.0,1.0,2.0,0.0,12.0
TSEN54,2.0,2.0,0.0,1.0,0.0,12.0
NINJ2,2.0,3.0,0.0,0.0,0.0,12.0
TSHR,0.0,1.0,0.0,5.0,0.0,12.0
TSPAN1,0.0,4.0,0.0,2.0,0.0,12.0
NINL,0.0,5.0,0.0,1.0,0.0,12.0
SFXN4,2.0,3.0,0.0,0.0,0.0,12.0
A1BG,0.0,2.0,0.0,4.0,0.0,12.0
ASB15,0.0,3.0,0.0,3.0,0.0,12.0
ARSA,0.0,3.0,0.0,3.0,0.0,12.0
ADISSP,0.0,5.0,0.0,1.0,0.0,12.0
ATP5MC1,0.0,3.0,0.0,3.0,0.0,12.0
COLEC12,0.0,4.0,0.0,2.0,0.0,12.0
BTN2A2,1.0,1.0,0.0,1.0,5.0,12.0
CCDC117,0.0,5.0,0.0,1.0,0.0,12.0
DPF2,0.0,1.0,0.0,5.0,0.0,12.0
AICDA,2.0,2.0,0.0,0.0,2.0,12.0
ALG12,0.0,1.0,0.0,5.0,0.0,12.0
ARCN1,0.0,1.0,1.0,4.0,0.0,12.0
CCR8,0.0,3.0,0.0,3.0,0.0,12.0
CELSR1,0.0,4.0,1.0,1.0,0.0,12.0
CD34,0.0,1.0,0.0,5.0,0.0,12.0
CD300LB,0.0,4.0,0.0,2.0,0.0,12.0
EPGN,0.0,0.0,0.0,6.0,0.0,12.0
CD37,0.0,6.0,0.0,0.0,0.0,12.0
ARHGAP24,0.0,5.0,0.0,1.0,0.0,12.0
AHSA1,0.0,4.0,0.0,2.0,0.0,12.0
AHRR,0.0,3.0,0.0,3.0,0.0,12.0
GLT8D2,0.0,3.0,0.0,3.0,0.0,12.0
CYP4B1,0.0,3.0,2.0,1.0,0.0,12.0
AIF1,0.0,5.0,0.0,0.0,2.0,12.0
BRD8,0.0,3.0,1.0,2.0,0.0,12.0
ERAP1,0.0,4.0,0.0,2.0,0.0,12.0
ATP6V0A2,0.0,3.0,1.0,2.0,0.0,12.0
CHRNA1,0.0,4.0,0.0,2.0,0.0,12.0
AIP,0.0,4.0,0.0,2.0,0.0,12.0
COL6A2,0.0,2.0,0.0,4.0,0.0,12.0
CHML,0.0,2.0,0.0,4.0,0.0,12.0
DPF1,0.0,1.0,0.0,5.0,0.0,12.0
CLDND1,0.0,5.0,1.0,0.0,0.0,12.0
ANP32A,0.0,1.0,2.0,3.0,0.0,12.0
APPL2,0.0,6.0,0.0,0.0,0.0,12.0
GINS3,0.0,4.0,0.0,2.0,0.0,12.0
CYP3A5,0.0,1.0,2.0,3.0,0.0,12.0
EPHX1,0.0,3.0,1.0,2.0,0.0,12.0
AIFM2,0.0,0.0,0.0,6.0,0.0,12.0
GJA5,0.0,2.0,0.0,4.0,0.0,12.0
FNBP4,0.0,4.0,0.0,2.0,0.0,12.0
ARNT2,0.0,1.0,1.0,4.0,0.0,12.0
ARPC1A,0.0,2.0,1.0,3.0,0.0,12.0
FAM98C,0.0,6.0,0.0,0.0,0.0,12.0
ABCF2,0.0,3.0,1.0,2.0,0.0,12.0
GJB6,0.0,2.0,0.0,4.0,0.0,12.0
FGFRL1,0.0,1.0,0.0,5.0,0.0,12.0
AGXT2,0.0,3.0,0.0,3.0,0.0,12.0
BAZ2B,0.0,6.0,0.0,0.0,0.0,12.0
DPM3,0.0,0.0,0.0,6.0,0.0,12.0
BCL9L,2.0,3.0,0.0,0.0,0.0,12.0
COPS7A,0.0,2.0,0.0,4.0,0.0,12.0
ATG101,0.0,4.0,0.0,2.0,0.0,12.0
BCKDK,2.0,3.0,0.0,0.0,0.0,12.0
ATXN7,0.0,2.0,0.0,4.0,0.0,12.0
GNPAT,2.0,3.0,0.0,0.0,0.0,12.0
EOLA1,0.0,3.0,1.0,2.0,0.0,12.0
CD69,0.0,6.0,0.0,0.0,0.0,12.0
EVI2B,0.0,3.0,0.0,3.0,0.0,12.0
EVI5,2.0,3.0,0.0,0.0,0.0,12.0
AP1G1,0.0,2.0,0.0,3.0,2.0,12.0
GMCL1,2.0,1.0,1.0,1.0,0.0,12.0
GNPTG,0.0,5.0,0.0,1.0,0.0,12.0
ENTPD5,0.0,4.0,0.0,2.0,0.0,12.0
CUL9,0.0,0.0,0.0,6.0,0.0,12.0
CUL7,0.0,1.0,0.0,5.0,0.0,12.0
ARID4A,0.0,4.0,1.0,1.0,0.0,12.0
ART3,2.0,1.0,0.0,2.0,0.0,12.0
CHST14,0.0,4.0,0.0,2.0,0.0,12.0
CRYAB,0.0,2.0,0.0,4.0,0.0,12.0
ALKBH5,0.0,5.0,0.0,0.0,2.0,12.0
CRY2,0.0,4.0,0.0,2.0,0.0,12.0
ARPC3,0.0,2.0,1.0,3.0,0.0,12.0
C11ORF54,0.0,6.0,0.0,0.0,0.0,12.0
ATP9B,0.0,4.0,0.0,2.0,0.0,12.0
ALG3,0.0,0.0,1.0,5.0,0.0,12.0
ASB17,0.0,1.0,0.0,5.0,0.0,12.0
DNAJC21,0.0,6.0,0.0,0.0,0.0,12.0
CCDC96,0.0,3.0,0.0,3.0,0.0,12.0
ATP1A2,0.0,3.0,0.0,3.0,0.0,12.0
EPB41L3,0.0,3.0,2.0,1.0,0.0,12.0
AGT,0.0,0.0,2.0,4.0,0.0,12.0
ALG6,0.0,1.0,0.0,5.0,0.0,12.0
CNOT11,0.0,1.0,0.0,5.0,0.0,12.0
ATP10D,0.0,4.0,0.0,2.0,0.0,12.0
CNOT10,0.0,1.0,0.0,5.0,0.0,12.0
DYNC2I1,0.0,3.0,0.0,3.0,0.0,12.0
FGF11,0.0,0.0,0.0,6.0,0.0,12.0
DPP4,0.0,4.0,0.0,1.0,2.0,12.0
CLC,0.0,2.0,1.0,2.0,2.0,12.0
CLASP1,0.0,3.0,0.0,3.0,0.0,12.0
CAPZA2,0.0,1.0,1.0,4.0,0.0,12.0
EVI2A,0.0,3.0,0.0,3.0,0.0,12.0
FGD4,0.0,6.0,0.0,0.0,0.0,12.0
FMO5,0.0,4.0,0.0,2.0,0.0,12.0
CLDN12,2.0,3.0,0.0,0.0,0.0,12.0
ARPC4,0.0,0.0,0.0,6.0,0.0,12.0
ALDH18A1,0.0,4.0,2.0,0.0,0.0,12.0
CALR,0.0,1.0,0.0,5.0,0.0,12.0
ERI2,0.0,3.0,0.0,3.0,0.0,12.0
ARAP1,0.0,5.0,0.0,1.0,0.0,12.0
DIXDC1,0.0,4.0,0.0,2.0,0.0,12.0
CXCL16,0.0,5.0,0.0,1.0,0.0,12.0
DOCK1,0.0,2.0,0.0,4.0,0.0,12.0
DKK1,0.0,0.0,0.0,6.0,0.0,12.0
C7,0.0,2.0,0.0,4.0,0.0,12.0
ASB8,0.0,2.0,0.0,4.0,0.0,12.0
ECHDC2,0.0,3.0,0.0,3.0,0.0,12.0
EEF1AKMT3,0.0,5.0,0.0,1.0,0.0,12.0
ADAMTSL4-AS1,0.0,0.0,1.0,5.0,0.0,12.0
ADAMTS7,0.0,0.0,0.0,6.0,0.0,12.0
BORCS7,2.0,1.0,0.0,2.0,0.0,12.0
ALB,0.0,0.0,0.0,6.0,0.0,12.0
CHORDC1,0.0,3.0,0.0,3.0,0.0,12.0
DLAT,0.0,1.0,0.0,5.0,0.0,12.0
AKR7A3,0.0,1.0,2.0,3.0,0.0,12.0
ADAMTS14,0.0,0.0,0.0,6.0,0.0,12.0
DDX23,0.0,5.0,1.0,0.0,0.0,12.0
CXCL14,2.0,1.0,0.0,2.0,0.0,12.0
FAM53B,0.0,6.0,0.0,0.0,0.0,12.0
CEP97,2.0,2.0,0.0,1.0,0.0,12.0
ATP5F1E,0.0,4.0,0.0,2.0,0.0,12.0
COL11A2,0.0,3.0,0.0,3.0,0.0,12.0
GCKR,0.0,0.0,0.0,6.0,0.0,12.0
CX3CL1,0.0,5.0,0.0,1.0,0.0,12.0
GCK,0.0,2.0,0.0,4.0,0.0,12.0
ARMC8,0.0,1.0,0.0,5.0,0.0,12.0
DDX1,2.0,1.0,1.0,1.0,0.0,12.0
DDX10,0.0,4.0,1.0,1.0,0.0,12.0
CREB3L3,0.0,0.0,0.0,6.0,0.0,12.0
DDI2,0.0,6.0,0.0,0.0,0.0,12.0
CDH17,0.0,1.0,0.0,4.0,2.0,12.0
EEF1AKMT2,0.0,4.0,0.0,2.0,0.0,12.0
DDHD1,0.0,5.0,0.0,1.0,0.0,12.0
BPNT2,0.0,5.0,0.0,1.0,0.0,12.0
FKBP8,0.0,3.0,0.0,3.0,0.0,12.0
CD1A,0.0,5.0,0.0,1.0,0.0,12.0
ALDH3B1,0.0,3.0,0.0,3.0,0.0,12.0
ESS2,0.0,5.0,0.0,1.0,0.0,12.0
GBX2,0.0,0.0,0.0,6.0,0.0,12.0
CHMP4A,0.0,2.0,0.0,4.0,0.0,12.0
CREB3,0.0,1.0,0.0,5.0,0.0,12.0
FAM78A,2.0,2.0,0.0,1.0,0.0,12.0
ADAMTS12,0.0,0.0,0.0,6.0,0.0,12.0
BORCS6,0.0,4.0,0.0,2.0,0.0,12.0
CENPN,0.0,4.0,0.0,2.0,0.0,12.0
CHRDL1,0.0,1.0,0.0,5.0,0.0,12.0
CDH5,0.0,3.0,0.0,3.0,0.0,12.0
DOLK,0.0,1.0,0.0,5.0,0.0,12.0
GGNBP2,0.0,3.0,0.0,3.0,0.0,12.0
GGPS1,2.0,1.0,0.0,2.0,0.0,12.0
BOLA2,0.0,4.0,1.0,1.0,0.0,12.0
CENPP,2.0,1.0,0.0,2.0,0.0,12.0
DDX55,0.0,5.0,0.0,1.0,0.0,12.0
ACAA2,0.0,4.0,2.0,0.0,0.0,12.0
CYP26C1,0.0,0.0,0.0,6.0,0.0,12.0
AVPR2,0.0,1.0,0.0,5.0,0.0,12.0
COL4A6,0.0,1.0,0.0,5.0,0.0,12.0
ERCC3,0.0,1.0,0.0,5.0,0.0,12.0
CHRM4,0.0,2.0,0.0,4.0,0.0,12.0
ACYP2,0.0,6.0,0.0,0.0,0.0,12.0
DCDC2,0.0,3.0,0.0,3.0,0.0,12.0
ACY3,0.0,3.0,1.0,2.0,0.0,12.0
DEAF1,2.0,2.0,1.0,0.0,0.0,12.0
ANO6,0.0,4.0,0.0,2.0,0.0,12.0
AK1,0.0,6.0,0.0,0.0,0.0,12.0
GALNS,0.0,3.0,0.0,3.0,0.0,12.0
BTF3L4,2.0,1.0,0.0,2.0,0.0,12.0
DOK3,0.0,4.0,0.0,2.0,0.0,12.0
GGA1,0.0,4.0,0.0,2.0,0.0,12.0
GFM1,0.0,4.0,0.0,2.0,0.0,12.0
GANAB,0.0,1.0,0.0,5.0,0.0,12.0
CCN5,0.0,4.0,0.0,2.0,0.0,12.0
DOCK5,2.0,2.0,0.0,1.0,0.0,12.0
ATP11B,0.0,5.0,0.0,1.0,0.0,12.0
BRAP,2.0,1.0,0.0,2.0,0.0,12.0
CACNG2,0.0,2.0,0.0,4.0,0.0,12.0
CARMIL1,0.0,4.0,0.0,2.0,0.0,12.0
GALNT9,0.0,3.0,0.0,3.0,0.0,12.0
ALDOA,0.0,2.0,0.0,4.0,0.0,12.0
CHPF2,0.0,6.0,0.0,0.0,0.0,12.0
AVPI1,0.0,4.0,0.0,2.0,0.0,12.0
BTD,2.0,3.0,0.0,0.0,0.0,12.0
DOK1,2.0,1.0,1.0,1.0,0.0,12.0
AKAP5,0.0,1.0,0.0,5.0,0.0,12.0
DCP1B,0.0,4.0,1.0,1.0,0.0,12.0
ADAM2,0.0,2.0,0.0,4.0,0.0,12.0
DCP1A,0.0,4.0,0.0,2.0,0.0,12.0
FLVCR2,0.0,5.0,1.0,0.0,0.0,12.0
GOLGA2,0.0,2.0,0.0,4.0,0.0,12.0
DNTTIP2,0.0,6.0,0.0,0.0,0.0,12.0
CLUH,0.0,4.0,0.0,2.0,0.0,12.0
EZH1,0.0,3.0,0.0,3.0,0.0,12.0
ARF3,0.0,2.0,1.0,3.0,0.0,12.0
ALYREF,2.0,0.0,0.0,3.0,0.0,12.0
ARHGAP4,0.0,2.0,0.0,4.0,0.0,12.0
ARHGAP30,2.0,3.0,0.0,0.0,0.0,12.0
ATF7IP2,0.0,4.0,0.0,2.0,0.0,12.0
AMELX,0.0,3.0,0.0,3.0,0.0,12.0
ENOPH1,0.0,3.0,1.0,2.0,0.0,12.0
EXOSC4,0.0,2.0,0.0,4.0,0.0,12.0
FBXL14,0.0,3.0,0.0,3.0,0.0,12.0
EIF4G2,0.0,3.0,1.0,2.0,0.0,12.0
FRMPD3,0.0,5.0,0.0,1.0,0.0,12.0
APOA2,0.0,0.0,0.0,6.0,0.0,12.0
ARHGAP19,0.0,4.0,0.0,2.0,0.0,12.0
ENO1,0.0,5.0,0.0,1.0,0.0,12.0
CSNK1G3,0.0,1.0,1.0,4.0,0.0,12.0
CFAP36,2.0,2.0,0.0,1.0,0.0,12.0
EIF4E2,0.0,2.0,1.0,3.0,0.0,12.0
ELP5,0.0,5.0,0.0,1.0,0.0,12.0
ARPP21,2.0,2.0,0.0,1.0,0.0,12.0
CDX2,0.0,1.0,0.0,5.0,0.0,12.0
DSG2,0.0,4.0,0.0,2.0,0.0,12.0
ANK1,0.0,2.0,0.0,4.0,0.0,12.0
C11ORF16,0.0,6.0,0.0,0.0,0.0,12.0
DENND3,2.0,1.0,0.0,2.0,0.0,12.0
DAP3,0.0,2.0,0.0,4.0,0.0,12.0
GPAT4,0.0,1.0,0.0,5.0,0.0,12.0
ANKRA2,2.0,3.0,0.0,0.0,0.0,12.0
DEPDC1B,0.0,4.0,0.0,2.0,0.0,12.0
CLEC4G,0.0,3.0,0.0,1.0,4.0,12.0
CCDC6,0.0,4.0,1.0,1.0,0.0,12.0
GPAT3,0.0,5.0,0.0,1.0,0.0,12.0
FBXO9,0.0,1.0,1.0,4.0,0.0,12.0
DACT1,0.0,5.0,1.0,0.0,0.0,12.0
ARL2,0.0,2.0,0.0,4.0,0.0,12.0
ATRAID,0.0,6.0,0.0,0.0,0.0,12.0
BCAR3,0.0,3.0,0.0,3.0,0.0,12.0
BSPRY,0.0,3.0,0.0,3.0,0.0,12.0
GPM6A,0.0,5.0,0.0,1.0,0.0,12.0
DNAJA1,0.0,4.0,1.0,1.0,0.0,12.0
DGLUCY,0.0,6.0,0.0,0.0,0.0,12.0
ALPG,0.0,2.0,0.0,4.0,0.0,12.0
FCHSD2,0.0,5.0,0.0,1.0,0.0,12.0
FRZB,0.0,1.0,1.0,4.0,0.0,12.0
CPEB4,0.0,3.0,0.0,3.0,0.0,12.0
EIF3G,0.0,0.0,0.0,6.0,0.0,12.0
ACSBG1,0.0,4.0,0.0,2.0,0.0,12.0
FAM110A,0.0,4.0,0.0,2.0,0.0,12.0
FBRSL1,0.0,5.0,0.0,1.0,0.0,12.0
DRAP1,0.0,4.0,1.0,1.0,0.0,12.0
CMIP,0.0,4.0,0.0,2.0,0.0,12.0
CA5B,0.0,5.0,0.0,1.0,0.0,12.0
API5,2.0,0.0,2.0,1.0,0.0,12.0
CFHR2,2.0,2.0,0.0,1.0,0.0,12.0
EMILIN2,0.0,5.0,0.0,1.0,0.0,12.0
CD209,0.0,5.0,0.0,0.0,2.0,12.0
F2RL3,0.0,4.0,0.0,2.0,0.0,12.0
BBS12,0.0,3.0,0.0,3.0,0.0,12.0
DUBR,0.0,5.0,0.0,1.0,0.0,12.0
ASTE1,0.0,5.0,0.0,1.0,0.0,12.0
DNAAF2,2.0,2.0,0.0,1.0,0.0,12.0
CMTM6,0.0,3.0,1.0,2.0,0.0,12.0
CATSPER2,0.0,2.0,0.0,4.0,0.0,12.0
FAAP100,0.0,4.0,0.0,2.0,0.0,12.0
BDKRB1,0.0,1.0,0.0,5.0,0.0,12.0
BLCAP,0.0,5.0,0.0,1.0,0.0,12.0
CRYZ,2.0,2.0,0.0,1.0,0.0,12.0
BLOC1S1,0.0,3.0,0.0,3.0,0.0,12.0
FCER2,0.0,3.0,1.0,2.0,0.0,12.0
FDX1,0.0,2.0,0.0,4.0,0.0,12.0
FNTA,0.0,3.0,1.0,2.0,0.0,12.0
AGBL2,2.0,0.0,0.0,3.0,0.0,12.0
CD70,0.0,5.0,0.0,0.0,2.0,12.0
G3BP1,0.0,4.0,1.0,1.0,0.0,12.0
GOLGA8A,0.0,5.0,0.0,1.0,0.0,12.0
FOXN2,0.0,5.0,0.0,1.0,0.0,12.0
CACNA1I,0.0,4.0,0.0,2.0,0.0,12.0
BUD31,0.0,6.0,0.0,0.0,0.0,12.0
CD27,1.0,2.0,0.0,1.0,3.0,12.0
FOXL2,0.0,0.0,0.0,6.0,0.0,12.0
CHST2,2.0,2.0,1.0,0.0,0.0,12.0
ATP5F1C,0.0,4.0,1.0,1.0,0.0,12.0
EXOC1,0.0,5.0,0.0,1.0,0.0,12.0
DVL1,0.0,1.0,1.0,4.0,0.0,12.0
ADRA2B,0.0,3.0,0.0,3.0,0.0,12.0
ADRA2A,0.0,2.0,0.0,4.0,0.0,12.0
CDYL2,0.0,2.0,0.0,4.0,0.0,12.0
ANGPT4,0.0,2.0,0.0,4.0,0.0,12.0
FZD10,0.0,1.0,1.0,4.0,0.0,12.0
GOLPH3L,0.0,4.0,0.0,2.0,0.0,12.0
ARHGAP29,0.0,3.0,0.0,3.0,0.0,12.0
FERMT3,0.0,3.0,1.0,2.0,0.0,12.0
CCDC28B,4.0,0.0,0.0,0.0,0.0,12.0
ACTG2,0.0,2.0,1.0,3.0,0.0,12.0
GOLT1B,2.0,1.0,0.0,2.0,0.0,12.0
AP4B1,0.0,3.0,0.0,3.0,0.0,12.0
CDK2AP2,2.0,2.0,0.0,1.0,0.0,12.0
ARHGAP12,0.0,4.0,0.0,2.0,0.0,12.0
CFTR,0.0,1.0,0.0,5.0,0.0,12.0
CFL2,0.0,2.0,0.0,4.0,0.0,12.0
FBXL20,0.0,3.0,0.0,3.0,0.0,12.0
GP9,0.0,1.0,0.0,5.0,0.0,12.0
AGPAT5,0.0,3.0,1.0,2.0,0.0,12.0
FDXR,0.0,1.0,0.0,5.0,0.0,12.0
ELP2,0.0,5.0,0.0,1.0,0.0,12.0
ATOSA,0.0,4.0,0.0,2.0,0.0,12.0
CLIC5,0.0,2.0,0.0,4.0,0.0,12.0
ADSL,0.0,4.0,0.0,2.0,0.0,12.0
CLK4,2.0,2.0,0.0,1.0,0.0,12.0
GOT2,0.0,1.0,1.0,4.0,0.0,12.0
DRG2,0.0,2.0,1.0,3.0,0.0,12.0
AGBL3,0.0,1.0,0.0,5.0,0.0,12.0
CRYBG1,0.0,6.0,0.0,0.0,0.0,12.0
COQ10B,0.0,5.0,0.0,1.0,0.0,12.0
CLIC2,0.0,0.0,1.0,5.0,0.0,12.0
HIBCH,1.0,3.0,1.0,0.0,0.0,11.0
KRT4,1.0,0.0,1.0,3.0,0.0,11.0
DOCK8,1.0,2.0,0.0,1.0,2.0,11.0
ST8SIA6,1.0,1.0,0.0,3.0,0.0,11.0
DDX46,1.0,4.0,0.0,0.0,0.0,11.0
CMBL,1.0,4.0,0.0,0.0,0.0,11.0
CCDC115,1.0,4.0,0.0,0.0,0.0,11.0
BANK1,0.0,3.0,0.0,2.0,1.0,11.0
YAE1,1.0,2.0,0.0,2.0,0.0,11.0
CLIC1,1.0,1.0,0.0,3.0,0.0,11.0
NTAN1,1.0,2.0,1.0,1.0,0.0,11.0
TEP1,1.0,4.0,0.0,0.0,0.0,11.0
TRPC6,1.0,0.0,0.0,4.0,0.0,11.0
ZNF473,1.0,4.0,0.0,0.0,0.0,11.0
STEAP3,1.0,0.0,0.0,4.0,0.0,11.0
SDSL,1.0,4.0,0.0,0.0,0.0,11.0
SND1,1.0,2.0,0.0,2.0,0.0,11.0
MYH6,1.0,2.0,0.0,2.0,0.0,11.0
NTN5,1.0,0.0,0.0,4.0,0.0,11.0
AQP8,0.0,3.0,1.0,1.0,1.0,11.0
CEP19,1.0,3.0,0.0,1.0,0.0,11.0
ZBTB16,0.0,1.0,0.0,3.0,3.0,11.0
MMEL1,3.0,1.0,0.0,0.0,0.0,11.0
NKX2-2,1.0,1.0,0.0,3.0,0.0,11.0
L3MBTL3,1.0,4.0,0.0,0.0,0.0,11.0
CHMP5,1.0,4.0,0.0,0.0,0.0,11.0
SRRD,1.0,2.0,0.0,2.0,0.0,11.0
CLN5,1.0,4.0,0.0,0.0,0.0,11.0
KRTCAP2,3.0,1.0,0.0,0.0,0.0,11.0
XPO6,1.0,3.0,0.0,1.0,0.0,11.0
GAS2,1.0,1.0,2.0,1.0,0.0,11.0
ZNF239,1.0,2.0,0.0,2.0,0.0,11.0
HMGN5,1.0,2.0,0.0,2.0,0.0,11.0
CEP290,1.0,2.0,0.0,2.0,0.0,11.0
ETAA1,1.0,2.0,0.0,2.0,0.0,11.0
PGGHG,1.0,3.0,1.0,0.0,0.0,11.0
ACOX1,1.0,2.0,0.0,2.0,0.0,11.0
PER2,1.0,2.0,0.0,2.0,0.0,11.0
ACOT11,1.0,4.0,0.0,0.0,0.0,11.0
ASB4,1.0,1.0,0.0,3.0,0.0,11.0
AMBRA1,0.0,1.0,1.0,2.0,3.0,11.0
KRI1,1.0,3.0,0.0,1.0,0.0,11.0
TUB,1.0,3.0,0.0,1.0,0.0,11.0
KSR1,1.0,3.0,0.0,1.0,0.0,11.0
RLN1,1.0,1.0,0.0,3.0,0.0,11.0
TTYH3,3.0,1.0,0.0,0.0,0.0,11.0
GALNTL5,1.0,1.0,0.0,3.0,0.0,11.0
MLLT6,1.0,3.0,0.0,1.0,0.0,11.0
ARHGAP15,1.0,3.0,0.0,1.0,0.0,11.0
MYCBP,1.0,2.0,1.0,1.0,0.0,11.0
MYH14,1.0,1.0,1.0,2.0,0.0,11.0
IL1RL2,0.0,3.0,0.0,1.0,3.0,11.0
SLC25A24,1.0,1.0,0.0,3.0,0.0,11.0
DDX41,1.0,2.0,1.0,1.0,0.0,11.0
KPTN,1.0,3.0,0.0,1.0,0.0,11.0
RASA4,1.0,2.0,0.0,2.0,0.0,11.0
MYDGF,1.0,4.0,0.0,0.0,0.0,11.0
SNX27,0.0,1.0,0.0,4.0,1.0,11.0
KTI12,1.0,2.0,0.0,2.0,0.0,11.0
TM6SF1,1.0,4.0,0.0,0.0,0.0,11.0
ADAM7,3.0,0.0,0.0,1.0,0.0,11.0
SH3BGRL3,1.0,4.0,0.0,0.0,0.0,11.0
PATZ1,0.0,3.0,1.0,0.0,3.0,11.0
ABCC2,1.0,1.0,2.0,1.0,0.0,11.0
ABCC5,1.0,2.0,0.0,2.0,0.0,11.0
CES2,1.0,0.0,0.0,4.0,0.0,11.0
LETM2,1.0,3.0,0.0,1.0,0.0,11.0
LETM1,1.0,2.0,0.0,2.0,0.0,11.0
ARL8B,1.0,1.0,0.0,3.0,0.0,11.0
DPP3,1.0,0.0,1.0,3.0,0.0,11.0
PI4K2B,1.0,4.0,0.0,0.0,0.0,11.0
STARD7,1.0,3.0,0.0,1.0,0.0,11.0
CHIC1,1.0,4.0,0.0,0.0,0.0,11.0
DYNLRB1,1.0,3.0,0.0,1.0,0.0,11.0
FXN,1.0,1.0,1.0,2.0,0.0,11.0
TTC9C,1.0,3.0,0.0,1.0,0.0,11.0
ZNF330,1.0,2.0,0.0,2.0,0.0,11.0
C9ORF152,3.0,1.0,0.0,0.0,0.0,11.0
C1QBP,1.0,3.0,1.0,0.0,0.0,11.0
ZNF329,1.0,4.0,0.0,0.0,0.0,11.0
MPL,0.0,2.0,0.0,3.0,1.0,11.0
DYNLT3,1.0,2.0,0.0,2.0,0.0,11.0
PAXIP1,1.0,2.0,0.0,1.0,2.0,11.0
MPHOSPH9,1.0,4.0,0.0,0.0,0.0,11.0
C9,1.0,0.0,0.0,4.0,0.0,11.0
HOXC6,3.0,1.0,0.0,0.0,0.0,11.0
TXK,0.0,4.0,1.0,0.0,1.0,11.0
TJP3,1.0,1.0,0.0,3.0,0.0,11.0
SNRNP27,1.0,3.0,0.0,1.0,0.0,11.0
PIBF1,0.0,4.0,0.0,1.0,1.0,11.0
WDR77,1.0,2.0,0.0,2.0,0.0,11.0
LIN28A,1.0,0.0,0.0,4.0,0.0,11.0
PARM1,1.0,2.0,1.0,1.0,0.0,11.0
PHRF1,1.0,4.0,0.0,0.0,0.0,11.0
RSPRY1,1.0,2.0,0.0,2.0,0.0,11.0
PFDN5,1.0,4.0,0.0,0.0,0.0,11.0
SMPD1,1.0,1.0,0.0,3.0,0.0,11.0
HSCB,1.0,3.0,0.0,1.0,0.0,11.0
MRPL10,1.0,2.0,0.0,2.0,0.0,11.0
FAM185A,1.0,2.0,0.0,2.0,0.0,11.0
PPP6R1,1.0,2.0,0.0,2.0,0.0,11.0
C14ORF28,1.0,4.0,0.0,0.0,0.0,11.0
S1PR4,1.0,2.0,0.0,2.0,0.0,11.0
TUSC2,0.0,4.0,0.0,1.0,1.0,11.0
CDK16,1.0,2.0,0.0,2.0,0.0,11.0
SMOX,1.0,2.0,1.0,1.0,0.0,11.0
DHX33,1.0,2.0,0.0,2.0,0.0,11.0
SDF2,1.0,3.0,0.0,1.0,0.0,11.0
HSF2,1.0,2.0,1.0,1.0,0.0,11.0
SNIP1,3.0,1.0,0.0,0.0,0.0,11.0
CSRP2,1.0,3.0,0.0,1.0,0.0,11.0
MTUS1,1.0,3.0,0.0,1.0,0.0,11.0
SUMF1,1.0,2.0,0.0,2.0,0.0,11.0
LILRB2,0.0,2.0,0.0,2.0,3.0,11.0
NGDN,1.0,3.0,0.0,1.0,0.0,11.0
LIMA1,1.0,4.0,0.0,0.0,0.0,11.0
SUPT7L,1.0,2.0,0.0,2.0,0.0,11.0
PRPSAP1,3.0,0.0,0.0,1.0,0.0,11.0
HSPBAP1,1.0,2.0,0.0,2.0,0.0,11.0
NOP53,1.0,3.0,1.0,0.0,0.0,11.0
CMKLR1,1.0,3.0,1.0,0.0,0.0,11.0
LARP1,1.0,2.0,1.0,1.0,0.0,11.0
BBS10,1.0,3.0,0.0,1.0,0.0,11.0
LATS1,1.0,1.0,0.0,3.0,0.0,11.0
PIGH,1.0,2.0,0.0,2.0,0.0,11.0
PVT1,1.0,4.0,0.0,0.0,0.0,11.0
MOK,1.0,2.0,0.0,2.0,0.0,11.0
SGSM3,1.0,3.0,0.0,1.0,0.0,11.0
CDCA7L,1.0,1.0,0.0,3.0,0.0,11.0
CYB5R3,1.0,3.0,0.0,1.0,0.0,11.0
GAD1,1.0,0.0,0.0,4.0,0.0,11.0
LINC01160,1.0,4.0,0.0,0.0,0.0,11.0
RAP1GDS1,1.0,1.0,1.0,2.0,0.0,11.0
NMU,1.0,3.0,0.0,1.0,0.0,11.0
PIGB,1.0,1.0,1.0,2.0,0.0,11.0
ALOX15,1.0,3.0,0.0,1.0,0.0,11.0
C8ORF33,3.0,1.0,0.0,0.0,0.0,11.0
ICE1,1.0,4.0,0.0,0.0,0.0,11.0
CAMKMT,1.0,1.0,0.0,3.0,0.0,11.0
GAK,1.0,1.0,0.0,3.0,0.0,11.0
ATP6V1G2,1.0,0.0,0.0,4.0,0.0,11.0
PRG3,1.0,2.0,0.0,2.0,0.0,11.0
BRD3,1.0,4.0,0.0,0.0,0.0,11.0
NEUROD1,1.0,0.0,0.0,4.0,0.0,11.0
ADAM15,1.0,2.0,0.0,2.0,0.0,11.0
TFPT,1.0,1.0,0.0,3.0,0.0,11.0
KIR2DL2,1.0,3.0,1.0,0.0,0.0,11.0
ZNF207,1.0,3.0,1.0,0.0,0.0,11.0
FUOM,1.0,2.0,0.0,2.0,0.0,11.0
KIR2DS1,1.0,1.0,1.0,2.0,0.0,11.0
YIPF3,3.0,1.0,0.0,0.0,0.0,11.0
CERS4,1.0,2.0,1.0,1.0,0.0,11.0
LDLRAD4,1.0,2.0,0.0,2.0,0.0,11.0
PPP1R7,1.0,1.0,2.0,1.0,0.0,11.0
WIPI2,1.0,2.0,0.0,2.0,0.0,11.0
CXXC5,1.0,2.0,0.0,2.0,0.0,11.0
CHD2,1.0,3.0,0.0,1.0,0.0,11.0
TIRAP,0.0,4.0,0.0,1.0,1.0,11.0
TAX1BP1,1.0,1.0,1.0,2.0,0.0,11.0
FAM216A,1.0,3.0,0.0,1.0,0.0,11.0
HOXA10,1.0,2.0,1.0,1.0,0.0,11.0
CDC42SE2,1.0,4.0,0.0,0.0,0.0,11.0
TLR9,0.0,4.0,0.0,1.0,1.0,11.0
PRDM8,1.0,1.0,0.0,3.0,0.0,11.0
RNASEH2B,1.0,2.0,0.0,2.0,0.0,11.0
MRPL57,1.0,0.0,1.0,3.0,0.0,11.0
NIBAN3,1.0,4.0,0.0,0.0,0.0,11.0
WNT2B,1.0,0.0,0.0,4.0,0.0,11.0
KIR2DL5A,1.0,2.0,1.0,1.0,0.0,11.0
MVB12A,1.0,0.0,0.0,4.0,0.0,11.0
C15ORF48,1.0,3.0,0.0,1.0,0.0,11.0
KIR2DL3,1.0,2.0,1.0,1.0,0.0,11.0
SYNCRIP,1.0,2.0,2.0,0.0,0.0,11.0
BRD7,0.0,0.0,1.0,3.0,3.0,11.0
RTN4RL1,1.0,2.0,0.0,2.0,0.0,11.0
ERLEC1,1.0,3.0,0.0,1.0,0.0,11.0
SMDT1,1.0,4.0,0.0,0.0,0.0,11.0
PNPLA1,1.0,4.0,0.0,0.0,0.0,11.0
SLCO4C1,1.0,1.0,0.0,3.0,0.0,11.0
MICU3,3.0,1.0,0.0,0.0,0.0,11.0
CHRNE,1.0,3.0,0.0,1.0,0.0,11.0
CDHR1,1.0,1.0,0.0,3.0,0.0,11.0
ABHD4,1.0,4.0,0.0,0.0,0.0,11.0
GNPNAT1,1.0,2.0,0.0,2.0,0.0,11.0
PSMC3IP,1.0,3.0,0.0,1.0,0.0,11.0
ZNF799,1.0,4.0,0.0,0.0,0.0,11.0
CITED4,1.0,3.0,0.0,1.0,0.0,11.0
OXR1,1.0,3.0,0.0,1.0,0.0,11.0
MANEA,1.0,2.0,0.0,2.0,0.0,11.0
EFEMP1,1.0,0.0,0.0,4.0,0.0,11.0
GTF3C4,3.0,1.0,0.0,0.0,0.0,11.0
SPOUT1,1.0,4.0,0.0,0.0,0.0,11.0
CCDC86,1.0,2.0,0.0,2.0,0.0,11.0
AP1S3,1.0,1.0,0.0,3.0,0.0,11.0
TMEM107,1.0,3.0,0.0,1.0,0.0,11.0
STRADB,1.0,3.0,0.0,1.0,0.0,11.0
CPNE8,1.0,3.0,0.0,1.0,0.0,11.0
FEZ2,1.0,2.0,1.0,1.0,0.0,11.0
NCR3,0.0,3.0,1.0,1.0,1.0,11.0
PLAAT4,1.0,3.0,0.0,1.0,0.0,11.0
REPS1,1.0,2.0,0.0,2.0,0.0,11.0
IREB2,1.0,2.0,0.0,2.0,0.0,11.0
MAP3K20,1.0,3.0,0.0,1.0,0.0,11.0
FES,1.0,3.0,0.0,1.0,0.0,11.0
STS,1.0,2.0,0.0,2.0,0.0,11.0
ARG1,1.0,0.0,0.0,3.0,2.0,11.0
SANBR,3.0,0.0,0.0,0.0,2.0,11.0
IPP,1.0,2.0,1.0,1.0,0.0,11.0
IPO11,1.0,3.0,0.0,1.0,0.0,11.0
TOP3B,1.0,4.0,0.0,0.0,0.0,11.0
KCNG1,1.0,1.0,0.0,3.0,0.0,11.0
PKD1,1.0,1.0,0.0,3.0,0.0,11.0
SHARPIN,1.0,2.0,0.0,2.0,0.0,11.0
LUC7L3,1.0,2.0,1.0,1.0,0.0,11.0
ZIK1,3.0,1.0,0.0,0.0,0.0,11.0
SLC18A2,1.0,2.0,1.0,1.0,0.0,11.0
TDP1,1.0,2.0,0.0,2.0,0.0,11.0
RIF1,1.0,3.0,0.0,0.0,2.0,11.0
PDX1,1.0,0.0,0.0,4.0,0.0,11.0
KCNK13,1.0,2.0,0.0,2.0,0.0,11.0
RC3H2,0.0,2.0,0.0,0.0,7.0,11.0
UBQLN1,1.0,1.0,0.0,3.0,0.0,11.0
COLGALT2,1.0,3.0,0.0,1.0,0.0,11.0
BNIP2,1.0,1.0,1.0,2.0,0.0,11.0
ADNP,1.0,4.0,0.0,0.0,0.0,11.0
C5ORF34,1.0,3.0,0.0,1.0,0.0,11.0
PDSS1,1.0,4.0,0.0,0.0,0.0,11.0
POLDIP2,1.0,3.0,0.0,1.0,0.0,11.0
NDUFAF1,1.0,3.0,1.0,0.0,0.0,11.0
NDUFA9,1.0,2.0,0.0,2.0,0.0,11.0
AGXT,1.0,1.0,0.0,3.0,0.0,11.0
GLYCTK,1.0,3.0,0.0,1.0,0.0,11.0
GMEB1,1.0,3.0,1.0,0.0,0.0,11.0
GMEB2,1.0,4.0,0.0,0.0,0.0,11.0
POGLUT3,1.0,1.0,0.0,3.0,0.0,11.0
CPSF4,1.0,4.0,0.0,0.0,0.0,11.0
TBRG1,1.0,2.0,0.0,2.0,0.0,11.0
DLL4,0.0,1.0,0.0,3.0,3.0,11.0
OLFM4,1.0,2.0,0.0,2.0,0.0,11.0
GNAO1,1.0,2.0,0.0,2.0,0.0,11.0
IRF5,1.0,2.0,1.0,1.0,0.0,11.0
KANSL3,1.0,2.0,0.0,2.0,0.0,11.0
CLDN11,3.0,0.0,0.0,1.0,0.0,11.0
CIB1,1.0,3.0,0.0,1.0,0.0,11.0
B3GALNT1,1.0,2.0,1.0,1.0,0.0,11.0
CASS4,1.0,4.0,0.0,0.0,0.0,11.0
PSMG1,1.0,2.0,1.0,1.0,0.0,11.0
MERTK,0.0,4.0,1.0,0.0,1.0,11.0
MBOAT1,1.0,3.0,0.0,1.0,0.0,11.0
TNK2,1.0,3.0,0.0,1.0,0.0,11.0
COX7B,1.0,1.0,0.0,3.0,0.0,11.0
CCDC51,1.0,4.0,0.0,0.0,0.0,11.0
NCAM1,1.0,1.0,0.0,3.0,0.0,11.0
THADA,1.0,4.0,0.0,0.0,0.0,11.0
ZSCAN21,1.0,3.0,1.0,0.0,0.0,11.0
GPR137B,1.0,2.0,2.0,0.0,0.0,11.0
NARF,1.0,3.0,1.0,0.0,0.0,11.0
CP,1.0,0.0,1.0,3.0,0.0,11.0
TSPAN3,1.0,2.0,0.0,2.0,0.0,11.0
MCM9,1.0,3.0,0.0,1.0,0.0,11.0
EIF5A,1.0,1.0,0.0,3.0,0.0,11.0
SEPHS1,1.0,1.0,1.0,2.0,0.0,11.0
JADE3,1.0,3.0,0.0,1.0,0.0,11.0
ELP3,1.0,2.0,0.0,2.0,0.0,11.0
SIK3,1.0,2.0,0.0,2.0,0.0,11.0
MDK,0.0,0.0,0.0,3.0,5.0,11.0
ABHD15,1.0,3.0,0.0,1.0,0.0,11.0
SAR1A,1.0,3.0,0.0,1.0,0.0,11.0
CTRC,1.0,3.0,0.0,1.0,0.0,11.0
UNC13D,1.0,1.0,0.0,2.0,2.0,11.0
SPICE1,1.0,3.0,0.0,1.0,0.0,11.0
ATL1,1.0,4.0,0.0,0.0,0.0,11.0
OSBPL2,1.0,4.0,0.0,0.0,0.0,11.0
SPCS1,1.0,0.0,0.0,4.0,0.0,11.0
FCHO1,0.0,0.0,1.0,3.0,3.0,11.0
MFSD14B,3.0,1.0,0.0,0.0,0.0,11.0
TSGA10,1.0,2.0,0.0,2.0,0.0,11.0
CASK,1.0,2.0,0.0,2.0,0.0,11.0
SBF2,1.0,2.0,0.0,2.0,0.0,11.0
ENSA,1.0,2.0,1.0,1.0,0.0,11.0
TAPT1,1.0,3.0,0.0,1.0,0.0,11.0
PDIA4,1.0,3.0,0.0,1.0,0.0,11.0
GRPEL1,1.0,4.0,0.0,0.0,0.0,11.0
BCLAF1,1.0,4.0,0.0,0.0,0.0,11.0
C3ORF38,1.0,2.0,0.0,2.0,0.0,11.0
REXO2,1.0,1.0,0.0,3.0,0.0,11.0
SIRT6,1.0,3.0,1.0,0.0,0.0,11.0
JTB,1.0,4.0,0.0,0.0,0.0,11.0
SIDT2,1.0,2.0,0.0,2.0,0.0,11.0
SPN,0.0,2.0,0.0,0.0,7.0,11.0
TOGARAM2,3.0,1.0,0.0,0.0,0.0,11.0
GRINA,1.0,3.0,0.0,1.0,0.0,11.0
TOB2,1.0,3.0,0.0,1.0,0.0,11.0
FBH1,1.0,3.0,0.0,1.0,0.0,11.0
CHST7,1.0,4.0,0.0,0.0,0.0,11.0
JMJD4,1.0,1.0,0.0,3.0,0.0,11.0
GRIA3,1.0,4.0,0.0,0.0,0.0,11.0
TCEANC2,1.0,1.0,0.0,3.0,0.0,11.0
UQCR11,1.0,3.0,0.0,1.0,0.0,11.0
SIGLEC17P,1.0,4.0,0.0,0.0,0.0,11.0
DNAJA4,1.0,2.0,0.0,2.0,0.0,11.0
SIRPG,1.0,2.0,0.0,1.0,2.0,11.0
EIF2D,1.0,2.0,1.0,1.0,0.0,11.0
SYVN1,0.0,2.0,0.0,3.0,1.0,11.0
SPC24,1.0,2.0,0.0,2.0,0.0,11.0
RFX3,1.0,3.0,0.0,1.0,0.0,11.0
EPS15L1,1.0,1.0,0.0,3.0,0.0,11.0
NKIRAS1,1.0,1.0,0.0,3.0,0.0,11.0
POU2F1,1.0,2.0,0.0,2.0,0.0,11.0
AKAP1,1.0,2.0,1.0,1.0,0.0,11.0
VDAC3,1.0,1.0,1.0,2.0,0.0,11.0
PAIP2,1.0,2.0,0.0,2.0,0.0,11.0
UTP25,1.0,2.0,1.0,1.0,0.0,11.0
AK3,1.0,3.0,0.0,1.0,0.0,11.0
LPP-AS2,3.0,1.0,0.0,0.0,0.0,11.0
SLC25A13,1.0,2.0,0.0,2.0,0.0,11.0
CENPK,1.0,1.0,0.0,3.0,0.0,11.0
POLR2M,1.0,4.0,0.0,0.0,0.0,11.0
RBBP6,1.0,2.0,0.0,2.0,0.0,11.0
MYO1G,1.0,4.0,0.0,0.0,0.0,11.0
AKAP8L,1.0,1.0,1.0,2.0,0.0,11.0
HECW2,1.0,2.0,0.0,2.0,0.0,11.0
LPCAT4,1.0,3.0,0.0,1.0,0.0,11.0
CENPS,1.0,2.0,1.0,1.0,0.0,11.0
GGT5,1.0,2.0,1.0,1.0,0.0,11.0
ARMH1,1.0,4.0,0.0,0.0,0.0,11.0
POLRMT,1.0,2.0,1.0,1.0,0.0,11.0
HASPIN,1.0,3.0,0.0,1.0,0.0,11.0
PAFAH1B2,1.0,3.0,0.0,1.0,0.0,11.0
PDZK1IP1,1.0,4.0,0.0,0.0,0.0,11.0
PITHD1,1.0,4.0,0.0,0.0,0.0,11.0
PIM3,1.0,4.0,0.0,0.0,0.0,11.0
DCUN1D4,1.0,2.0,0.0,2.0,0.0,11.0
NUCKS1,1.0,3.0,0.0,1.0,0.0,11.0
AKIRIN2,0.0,3.0,0.0,2.0,1.0,11.0
LRRC15,1.0,2.0,0.0,2.0,0.0,11.0
PINX1,1.0,3.0,0.0,1.0,0.0,11.0
HAUS6,1.0,1.0,0.0,3.0,0.0,11.0
SLC25A11,1.0,1.0,1.0,2.0,0.0,11.0
COL19A1,3.0,1.0,0.0,0.0,0.0,11.0
AK5,1.0,3.0,0.0,1.0,0.0,11.0
KCTD1,1.0,1.0,0.0,3.0,0.0,11.0
LRRC17,1.0,1.0,0.0,3.0,0.0,11.0
C6ORF120,1.0,1.0,0.0,3.0,0.0,11.0
PPAN,1.0,4.0,0.0,0.0,0.0,11.0
PIWIL4,1.0,1.0,0.0,3.0,0.0,11.0
COL24A1,1.0,2.0,0.0,2.0,0.0,11.0
ZBTB9,1.0,3.0,0.0,1.0,0.0,11.0
DCPS,1.0,2.0,0.0,2.0,0.0,11.0
UST,1.0,2.0,0.0,2.0,0.0,11.0
RNF38,1.0,2.0,0.0,2.0,0.0,11.0
POP5,1.0,3.0,0.0,1.0,0.0,11.0
PAGR1,1.0,1.0,0.0,3.0,0.0,11.0
HEXIM2,1.0,4.0,0.0,0.0,0.0,11.0
NXF1,1.0,3.0,0.0,1.0,0.0,11.0
ESCO2,1.0,1.0,0.0,3.0,0.0,11.0
CHPT1,1.0,1.0,1.0,2.0,0.0,11.0
VAC14,1.0,2.0,0.0,2.0,0.0,11.0
RINT1,1.0,3.0,0.0,1.0,0.0,11.0
TMC7,1.0,3.0,0.0,1.0,0.0,11.0
CEP120,1.0,1.0,0.0,3.0,0.0,11.0
SELENOW,1.0,2.0,1.0,1.0,0.0,11.0
SCML2,1.0,2.0,0.0,2.0,0.0,11.0
AKR1C2,1.0,2.0,0.0,2.0,0.0,11.0
DDAH2,1.0,2.0,0.0,2.0,0.0,11.0
AKR1B15,1.0,4.0,0.0,0.0,0.0,11.0
POMP,1.0,4.0,0.0,0.0,0.0,11.0
HCFC2,1.0,1.0,0.0,3.0,0.0,11.0
LPCAT2,1.0,1.0,0.0,3.0,0.0,11.0
ERC2,1.0,1.0,0.0,3.0,0.0,11.0
HAMP,1.0,3.0,1.0,0.0,0.0,11.0
ERBIN,1.0,0.0,1.0,3.0,0.0,11.0
LRRC59,1.0,4.0,0.0,0.0,0.0,11.0
CRAMP1,1.0,4.0,0.0,0.0,0.0,11.0
ZNF629,1.0,3.0,1.0,0.0,0.0,11.0
TMEM266,2.0,2.0,0.0,0.0,0.0,10.0
KMT2B,0.0,0.0,0.0,5.0,0.0,10.0
RSPO1,0.0,2.0,0.0,3.0,0.0,10.0
MTF1,0.0,3.0,0.0,2.0,0.0,10.0
MTCP1,0.0,5.0,0.0,0.0,0.0,10.0
MTF2,0.0,2.0,0.0,3.0,0.0,10.0
FAM168B,0.0,5.0,0.0,0.0,0.0,10.0
RTCB,2.0,0.0,2.0,0.0,0.0,10.0
MYL6,0.0,3.0,0.0,2.0,0.0,10.0
MYF6,0.0,3.0,0.0,2.0,0.0,10.0
SERPINB13,0.0,1.0,0.0,4.0,0.0,10.0
FAM174B,2.0,2.0,0.0,0.0,0.0,10.0
PELO,0.0,4.0,0.0,1.0,0.0,10.0
MTM1,0.0,3.0,0.0,2.0,0.0,10.0
KLHL8,0.0,5.0,0.0,0.0,0.0,10.0
KLHL9,0.0,0.0,0.0,5.0,0.0,10.0
CSNK1G1,0.0,4.0,0.0,1.0,0.0,10.0
ZDHHC4,0.0,5.0,0.0,0.0,0.0,10.0
KLK10,0.0,0.0,0.0,5.0,0.0,10.0
MYEOV,0.0,1.0,0.0,4.0,0.0,10.0
PRPF3,0.0,5.0,0.0,0.0,0.0,10.0
CIDEB,0.0,4.0,0.0,1.0,0.0,10.0
PRPF19,0.0,2.0,1.0,2.0,0.0,10.0
SLC46A1,0.0,1.0,0.0,4.0,0.0,10.0
AMFR,0.0,2.0,0.0,3.0,0.0,10.0
AMZ1,0.0,3.0,0.0,2.0,0.0,10.0
TTL,0.0,3.0,0.0,2.0,0.0,10.0
CTNNBL1,0.0,3.0,1.0,1.0,0.0,10.0
YEATS4,0.0,1.0,1.0,3.0,0.0,10.0
JPH3,0.0,2.0,0.0,3.0,0.0,10.0
JPH2,0.0,1.0,0.0,4.0,0.0,10.0
CIBAR1,0.0,3.0,0.0,2.0,0.0,10.0
ZDHHC5,0.0,2.0,0.0,3.0,0.0,10.0
DNAJB11,0.0,4.0,0.0,1.0,0.0,10.0
NAP1L4,0.0,3.0,1.0,1.0,0.0,10.0
ZBTB45,0.0,4.0,0.0,1.0,0.0,10.0
SLC6A2,0.0,2.0,0.0,3.0,0.0,10.0
ACE,0.0,3.0,1.0,1.0,0.0,10.0
PROM1,0.0,2.0,1.0,2.0,0.0,10.0
PGM1,0.0,1.0,0.0,4.0,0.0,10.0
RTKN,0.0,3.0,0.0,2.0,0.0,10.0
SETD1A,0.0,1.0,0.0,4.0,0.0,10.0
TIMM23,0.0,3.0,2.0,0.0,0.0,10.0
KHDRBS3,0.0,2.0,0.0,3.0,0.0,10.0
KRIT1,0.0,4.0,0.0,1.0,0.0,10.0
IZUMO4,0.0,1.0,0.0,4.0,0.0,10.0
PGK2,0.0,2.0,0.0,3.0,0.0,10.0
TBC1D16,0.0,2.0,0.0,3.0,0.0,10.0
PRMT6,0.0,2.0,0.0,3.0,0.0,10.0
CLEC6A,2.0,1.0,0.0,1.0,0.0,10.0
CIAO3,0.0,5.0,0.0,0.0,0.0,10.0
TMEM39A,0.0,5.0,0.0,0.0,0.0,10.0
KRT19,0.0,1.0,0.0,4.0,0.0,10.0
THSD1,0.0,0.0,0.0,5.0,0.0,10.0
TAF6L,0.0,2.0,1.0,2.0,0.0,10.0
IWS1,0.0,4.0,0.0,1.0,0.0,10.0
FBXL4,0.0,2.0,0.0,3.0,0.0,10.0
KRT2,0.0,3.0,0.0,2.0,0.0,10.0
PEPD,0.0,5.0,0.0,0.0,0.0,10.0
SLC6A6,0.0,4.0,0.0,1.0,0.0,10.0
CABLES2,0.0,3.0,0.0,2.0,0.0,10.0
IVD,0.0,4.0,1.0,0.0,0.0,10.0
FBXL8,0.0,2.0,0.0,3.0,0.0,10.0
THUMPD2,0.0,3.0,0.0,2.0,0.0,10.0
NAV2,0.0,3.0,0.0,2.0,0.0,10.0
FBXO22,0.0,2.0,0.0,3.0,0.0,10.0
SSU72,0.0,3.0,0.0,2.0,0.0,10.0
FBXL19,0.0,2.0,0.0,3.0,0.0,10.0
TTLL5,0.0,1.0,0.0,4.0,0.0,10.0
KHDRBS1,1.0,1.0,1.0,1.0,1.0,10.0
CACNA1A,0.0,2.0,0.0,3.0,0.0,10.0
JHY,0.0,3.0,0.0,2.0,0.0,10.0
ZBTB5,0.0,1.0,0.0,4.0,0.0,10.0
PGAP3,0.0,5.0,0.0,0.0,0.0,10.0
MYL2,0.0,2.0,1.0,2.0,0.0,10.0
CTPS2,0.0,4.0,1.0,0.0,0.0,10.0
MYH3,0.0,4.0,0.0,1.0,0.0,10.0
MTARC2,0.0,3.0,0.0,2.0,0.0,10.0
SLK,0.0,3.0,1.0,1.0,0.0,10.0
KDM8,0.0,1.0,0.0,4.0,0.0,10.0
TTC21B,0.0,4.0,0.0,1.0,0.0,10.0
ACKR2,0.0,2.0,0.0,3.0,0.0,10.0
KIAA0586,0.0,3.0,0.0,2.0,0.0,10.0
KDSR,0.0,3.0,1.0,1.0,0.0,10.0
MYL12A,0.0,2.0,0.0,3.0,0.0,10.0
FAM13B,0.0,4.0,0.0,1.0,0.0,10.0
ZDHHC7,0.0,4.0,0.0,1.0,0.0,10.0
TTLL3,0.0,2.0,0.0,3.0,0.0,10.0
KPNA5,0.0,4.0,0.0,1.0,0.0,10.0
PGD,0.0,2.0,1.0,2.0,0.0,10.0
TBC1D17,0.0,3.0,0.0,2.0,0.0,10.0
CTR9,0.0,2.0,0.0,3.0,0.0,10.0
FBXL15,0.0,2.0,0.0,3.0,0.0,10.0
ZC2HC1A,0.0,5.0,0.0,0.0,0.0,10.0
MT1H,0.0,3.0,0.0,2.0,0.0,10.0
ARL6IP6,0.0,2.0,0.0,3.0,0.0,10.0
MTMR3,0.0,5.0,0.0,0.0,0.0,10.0
FBF1,0.0,3.0,0.0,2.0,0.0,10.0
MZF1,0.0,2.0,0.0,3.0,0.0,10.0
ATP1A1,0.0,3.0,1.0,1.0,0.0,10.0
KCNJ15,0.0,4.0,0.0,1.0,0.0,10.0
DNAJC24,0.0,2.0,0.0,3.0,0.0,10.0
CTBS,0.0,4.0,0.0,1.0,0.0,10.0
PSCA,0.0,2.0,0.0,3.0,0.0,10.0
TSPYL1,0.0,5.0,0.0,0.0,0.0,10.0
KLB,0.0,1.0,0.0,4.0,0.0,10.0
TICRR,0.0,5.0,0.0,0.0,0.0,10.0
ABHD8,0.0,3.0,0.0,2.0,0.0,10.0
ZCCHC24,0.0,2.0,0.0,3.0,0.0,10.0
N6AMT1,0.0,3.0,0.0,2.0,0.0,10.0
RNF4,0.0,3.0,0.0,2.0,0.0,10.0
PRR3,2.0,2.0,0.0,0.0,0.0,10.0
TTC39C,2.0,1.0,0.0,1.0,0.0,10.0
TBC1D2B,0.0,5.0,0.0,0.0,0.0,10.0
KIF3C,0.0,4.0,0.0,1.0,0.0,10.0
NAA16,2.0,1.0,0.0,1.0,0.0,10.0
DNAJC2,0.0,3.0,0.0,2.0,0.0,10.0
CLDN4,0.0,2.0,0.0,3.0,0.0,10.0
CLCA1,2.0,2.0,0.0,0.0,0.0,10.0
MUC12,0.0,0.0,0.0,5.0,0.0,10.0
ZCRB1,0.0,4.0,0.0,1.0,0.0,10.0
DOK4,0.0,2.0,0.0,3.0,0.0,10.0
CACNA2D1,0.0,4.0,0.0,1.0,0.0,10.0
PENK,0.0,0.0,0.0,5.0,0.0,10.0
TTC4,0.0,4.0,0.0,1.0,0.0,10.0
PFDN4,0.0,4.0,1.0,0.0,0.0,10.0
MUC21,0.0,0.0,0.0,5.0,0.0,10.0
MUC3A,0.0,0.0,0.0,5.0,0.0,10.0
SSX2,0.0,0.0,0.0,5.0,0.0,10.0
PF4V1,0.0,0.0,0.0,5.0,0.0,10.0
ABI3BP,0.0,3.0,0.0,2.0,0.0,10.0
SLC7A8,0.0,3.0,0.0,2.0,0.0,10.0
PDZD8,0.0,4.0,0.0,1.0,0.0,10.0
DPCD,0.0,4.0,1.0,0.0,0.0,10.0
MYOG,0.0,3.0,1.0,1.0,0.0,10.0
SST,0.0,1.0,0.0,4.0,0.0,10.0
TMEM30A,0.0,2.0,0.0,3.0,0.0,10.0
SSX3,0.0,0.0,0.0,5.0,0.0,10.0
RNPC3,0.0,4.0,0.0,1.0,0.0,10.0
CD200R1L,0.0,5.0,0.0,0.0,0.0,10.0
KCNMB2,0.0,2.0,0.0,3.0,0.0,10.0
MYRF,2.0,2.0,0.0,0.0,0.0,10.0
ZC3HC1,0.0,3.0,0.0,2.0,0.0,10.0
KCNK2,0.0,2.0,0.0,3.0,0.0,10.0
SLC5A6,0.0,3.0,0.0,2.0,0.0,10.0
RTCA,0.0,4.0,1.0,0.0,0.0,10.0
ZBED1,0.0,2.0,0.0,3.0,0.0,10.0
PEX16,0.0,4.0,0.0,1.0,0.0,10.0
KCNK12,0.0,5.0,0.0,0.0,0.0,10.0
MUCL1,0.0,0.0,0.0,5.0,0.0,10.0
C14ORF132,0.0,5.0,0.0,0.0,0.0,10.0
KIF5A,0.0,2.0,0.0,3.0,0.0,10.0
DPF3,0.0,0.0,0.0,5.0,0.0,10.0
MYO5C,0.0,1.0,1.0,3.0,0.0,10.0
SLC9A5,0.0,3.0,0.0,2.0,0.0,10.0
CLEC10A,0.0,3.0,0.0,2.0,0.0,10.0
MUC5B,0.0,0.0,0.0,5.0,0.0,10.0
ABHD5,0.0,2.0,0.0,3.0,0.0,10.0
MYO1F,2.0,2.0,0.0,0.0,0.0,10.0
ATRIP,0.0,0.0,0.0,5.0,0.0,10.0
KATNA1,0.0,4.0,1.0,0.0,0.0,10.0
KAT6B,0.0,3.0,0.0,2.0,0.0,10.0
RNF40,0.0,2.0,0.0,3.0,0.0,10.0
KLHL13,0.0,0.0,0.0,5.0,0.0,10.0
ZC3H12C,0.0,5.0,0.0,0.0,0.0,10.0
FARSA,0.0,2.0,0.0,3.0,0.0,10.0
RNF217,0.0,4.0,0.0,1.0,0.0,10.0
RNF216,0.0,2.0,0.0,3.0,0.0,10.0
ZBTB4,0.0,4.0,0.0,1.0,0.0,10.0
KIF13A,0.0,5.0,0.0,0.0,0.0,10.0
KLHL2,0.0,2.0,0.0,3.0,0.0,10.0
KANSL1,0.0,3.0,0.0,2.0,0.0,10.0
PRPF8,0.0,4.0,0.0,1.0,0.0,10.0
KLHL22,0.0,2.0,0.0,3.0,0.0,10.0
CIITA,0.0,1.0,0.0,4.0,0.0,10.0
SUPT5H,0.0,1.0,0.0,4.0,0.0,10.0
PRPF4B,0.0,4.0,0.0,1.0,0.0,10.0
PRSS21,0.0,1.0,0.0,4.0,0.0,10.0
KLHL3,0.0,2.0,0.0,3.0,0.0,10.0
NAGS,0.0,1.0,0.0,4.0,0.0,10.0
PES1,0.0,4.0,0.0,1.0,0.0,10.0
PRPF40A,0.0,1.0,0.0,4.0,0.0,10.0
THOC5,0.0,3.0,0.0,2.0,0.0,10.0
SERPINB12,0.0,2.0,0.0,3.0,0.0,10.0
SSH3,0.0,2.0,0.0,3.0,0.0,10.0
CD151,0.0,3.0,0.0,1.0,2.0,10.0
SSH1,0.0,2.0,0.0,3.0,0.0,10.0
PELI2,0.0,5.0,0.0,0.0,0.0,10.0
FAM83G,0.0,3.0,0.0,2.0,0.0,10.0
NADSYN1,0.0,2.0,0.0,3.0,0.0,10.0
CKAP2,2.0,2.0,0.0,0.0,0.0,10.0
PRPSAP2,0.0,3.0,1.0,1.0,0.0,10.0
CSTF2T,2.0,0.0,0.0,2.0,0.0,10.0
AMOT,0.0,2.0,0.0,3.0,0.0,10.0
PRXL2C,0.0,5.0,0.0,0.0,0.0,10.0
MYO1B,0.0,1.0,0.0,4.0,0.0,10.0
ABRAXAS1,0.0,1.0,0.0,4.0,0.0,10.0
SLC52A2,0.0,4.0,0.0,1.0,0.0,10.0
CITED1,0.0,3.0,0.0,2.0,0.0,10.0
KBTBD8,0.0,2.0,0.0,3.0,0.0,10.0
ACAT1,0.0,1.0,1.0,3.0,0.0,10.0
ZBTB20,0.0,4.0,0.0,1.0,0.0,10.0
ZBTB22,2.0,1.0,0.0,1.0,0.0,10.0
MTSS2,2.0,2.0,0.0,0.0,0.0,10.0
MTSS1,0.0,5.0,0.0,0.0,0.0,10.0
KBTBD6,0.0,2.0,0.0,3.0,0.0,10.0
YME1L1,0.0,1.0,2.0,2.0,0.0,10.0
KBTBD3,0.0,4.0,0.0,1.0,0.0,10.0
KBTBD11,0.0,5.0,0.0,0.0,0.0,10.0
KAZN,0.0,2.0,0.0,3.0,0.0,10.0
YKT6,0.0,0.0,1.0,4.0,0.0,10.0
SSX1,0.0,0.0,0.0,5.0,0.0,10.0
AMT,0.0,1.0,0.0,4.0,0.0,10.0
KATNBL1,0.0,4.0,0.0,1.0,0.0,10.0
NACC2,2.0,2.0,0.0,0.0,0.0,10.0
KIF18A,0.0,3.0,0.0,2.0,0.0,10.0
PECR,2.0,2.0,0.0,0.0,0.0,10.0
MYO18A,0.0,4.0,1.0,0.0,0.0,10.0
SERPINB7,0.0,3.0,0.0,2.0,0.0,10.0
CTDSPL,0.0,4.0,0.0,1.0,0.0,10.0
RRP12,0.0,2.0,0.0,3.0,0.0,10.0
MSTO1,0.0,4.0,0.0,1.0,0.0,10.0
POLB,0.0,3.0,0.0,2.0,0.0,10.0
COMMD2,0.0,3.0,0.0,2.0,0.0,10.0
C21ORF91,0.0,5.0,0.0,0.0,0.0,10.0
POLE,0.0,4.0,0.0,1.0,0.0,10.0
POLE2,0.0,1.0,1.0,3.0,0.0,10.0
UBTF,0.0,2.0,1.0,2.0,0.0,10.0
POLE4,0.0,2.0,0.0,3.0,0.0,10.0
USP4,0.0,0.0,0.0,5.0,0.0,10.0
SLC16A2,0.0,3.0,0.0,2.0,0.0,10.0
COMMD1,0.0,3.0,0.0,2.0,0.0,10.0
SLC16A5,0.0,3.0,0.0,2.0,0.0,10.0
LYPD6B,0.0,1.0,0.0,4.0,0.0,10.0
POLR1A,0.0,1.0,0.0,4.0,0.0,10.0
COL9A3,0.0,1.0,1.0,3.0,0.0,10.0
RPL36AL,0.0,0.0,0.0,5.0,0.0,10.0
EPHX2,0.0,3.0,0.0,2.0,0.0,10.0
CPVL,0.0,2.0,1.0,2.0,0.0,10.0
LY6K,0.0,1.0,0.0,4.0,0.0,10.0
C5ORF47,0.0,2.0,0.0,3.0,0.0,10.0
EEF2KMT,0.0,2.0,0.0,3.0,0.0,10.0
CCIN,0.0,2.0,0.0,3.0,0.0,10.0
SLC17A5,0.0,2.0,0.0,3.0,0.0,10.0
SLC17A6,0.0,1.0,0.0,4.0,0.0,10.0
SHC3,0.0,1.0,2.0,2.0,0.0,10.0
PKP2,0.0,4.0,0.0,1.0,0.0,10.0
USP34,0.0,3.0,0.0,2.0,0.0,10.0
CLIP4,0.0,4.0,0.0,1.0,0.0,10.0
MAD2L2,0.0,2.0,0.0,2.0,2.0,10.0
ARHGAP26,0.0,5.0,0.0,0.0,0.0,10.0
PLA2G4C,0.0,4.0,0.0,1.0,0.0,10.0
UFL1,0.0,3.0,0.0,1.0,2.0,10.0
ADRA1A,0.0,2.0,0.0,3.0,0.0,10.0
MAGOH,0.0,1.0,1.0,3.0,0.0,10.0
COPS6,0.0,1.0,0.0,4.0,0.0,10.0
CPOX,0.0,3.0,1.0,1.0,0.0,10.0
CCDC88C,0.0,3.0,0.0,2.0,0.0,10.0
MAGEL2,2.0,2.0,0.0,0.0,0.0,10.0
UEVLD,0.0,5.0,0.0,0.0,0.0,10.0
TMED7,0.0,3.0,0.0,2.0,0.0,10.0
MAGEC1,0.0,2.0,0.0,3.0,0.0,10.0
MIIP,0.0,2.0,0.0,3.0,0.0,10.0
COPG1,0.0,2.0,0.0,3.0,0.0,10.0
PNPO,2.0,2.0,0.0,0.0,0.0,10.0
MINDY2,0.0,4.0,0.0,1.0,0.0,10.0
MAGEA4,0.0,1.0,0.0,4.0,0.0,10.0
MINPP1,0.0,3.0,1.0,1.0,0.0,10.0
ARHGAP9,0.0,4.0,0.0,1.0,0.0,10.0
EPB41L4A,0.0,4.0,0.0,1.0,0.0,10.0
POGLUT1,0.0,3.0,1.0,1.0,0.0,10.0
UCKL1,2.0,2.0,0.0,0.0,0.0,10.0
MIR124-1HG,0.0,5.0,0.0,0.0,0.0,10.0
EPN1,0.0,2.0,0.0,3.0,0.0,10.0
ADI1,0.0,5.0,0.0,0.0,0.0,10.0
UBE3A,0.0,1.0,1.0,3.0,0.0,10.0
SLC19A1,0.0,1.0,0.0,4.0,0.0,10.0
LRRC42,0.0,4.0,0.0,1.0,0.0,10.0
LRRC41,0.0,0.0,0.0,5.0,0.0,10.0
PORCN,0.0,4.0,0.0,1.0,0.0,10.0
POSTN,0.0,1.0,0.0,4.0,0.0,10.0
POT1,0.0,3.0,0.0,2.0,0.0,10.0
C1QTNF1,0.0,3.0,0.0,2.0,0.0,10.0
CRACDL,0.0,3.0,0.0,2.0,0.0,10.0
PIP5K1A,0.0,0.0,0.0,5.0,0.0,10.0
AKR7A2,0.0,1.0,2.0,2.0,0.0,10.0
BAG5,0.0,4.0,0.0,1.0,0.0,10.0
LRRC28,0.0,4.0,0.0,1.0,0.0,10.0
BAHCC1,0.0,1.0,0.0,4.0,0.0,10.0
SH3GL2,0.0,1.0,0.0,4.0,0.0,10.0
CRBN,0.0,3.0,1.0,1.0,0.0,10.0
SLC23A2,2.0,0.0,0.0,2.0,0.0,10.0
TMA7,0.0,5.0,0.0,0.0,0.0,10.0
CCL18,0.0,4.0,0.0,1.0,0.0,10.0
LRP5,0.0,0.0,0.0,5.0,0.0,10.0
ERI1,0.0,3.0,0.0,2.0,0.0,10.0
POU3F1,0.0,1.0,0.0,4.0,0.0,10.0
VCPKMT,0.0,3.0,0.0,2.0,0.0,10.0
EEF1A2,0.0,1.0,0.0,4.0,0.0,10.0
LRIF1,0.0,3.0,0.0,2.0,0.0,10.0
VAMP3,0.0,2.0,0.0,3.0,0.0,10.0
LRRC7,0.0,2.0,0.0,3.0,0.0,10.0
AKAP6,0.0,5.0,0.0,0.0,0.0,10.0
AK2,0.0,2.0,1.0,2.0,0.0,10.0
SLC19A2,2.0,2.0,0.0,0.0,0.0,10.0
POLR2G,0.0,1.0,0.0,4.0,0.0,10.0
POLR2J,0.0,1.0,0.0,4.0,0.0,10.0
COL5A2,0.0,2.0,0.0,3.0,0.0,10.0
AIRE,0.0,0.0,0.0,3.0,4.0,10.0
UBE2U,0.0,2.0,0.0,3.0,0.0,10.0
LSR,0.0,3.0,0.0,2.0,0.0,10.0
AJAP1,0.0,2.0,0.0,3.0,0.0,10.0
ERCC2,0.0,0.0,0.0,5.0,0.0,10.0
LSM10,0.0,4.0,0.0,1.0,0.0,10.0
UBE2O,0.0,2.0,0.0,3.0,0.0,10.0
COL3A1,0.0,1.0,0.0,4.0,0.0,10.0
COL4A4,0.0,2.0,0.0,3.0,0.0,10.0
LRRN3,2.0,2.0,0.0,0.0,0.0,10.0
TMC8,0.0,2.0,0.0,3.0,0.0,10.0
LRRK1,2.0,1.0,0.0,1.0,0.0,10.0
POMC,0.0,1.0,0.0,4.0,0.0,10.0
AKAP10,0.0,3.0,0.0,2.0,0.0,10.0
AKAP12,0.0,0.0,0.0,5.0,0.0,10.0
ERF,0.0,3.0,0.0,2.0,0.0,10.0
COL4A3,0.0,1.0,0.0,4.0,0.0,10.0
POMGNT2,0.0,3.0,0.0,2.0,0.0,10.0
COPZ1,0.0,3.0,0.0,2.0,0.0,10.0
C2CD2L,0.0,5.0,0.0,0.0,0.0,10.0
EOGT,2.0,1.0,0.0,1.0,0.0,10.0
TMEM158,0.0,5.0,0.0,0.0,0.0,10.0
MCC,0.0,1.0,0.0,4.0,0.0,10.0
C4A,0.0,0.0,2.0,3.0,0.0,10.0
MBTD1,2.0,2.0,0.0,0.0,0.0,10.0
MEP1B,0.0,4.0,0.0,1.0,0.0,10.0
COX6B2,0.0,1.0,1.0,3.0,0.0,10.0
MBL2,0.0,0.0,0.0,5.0,0.0,10.0
MESP2,0.0,2.0,0.0,3.0,0.0,10.0
MBD5,0.0,2.0,0.0,3.0,0.0,10.0
EIF3M,0.0,1.0,1.0,3.0,0.0,10.0
MBD2,0.0,3.0,0.0,2.0,0.0,10.0
METAP1,0.0,3.0,0.0,2.0,0.0,10.0
COX5B,0.0,1.0,0.0,4.0,0.0,10.0
C3ORF70,0.0,5.0,0.0,0.0,0.0,10.0
EIF3D,0.0,0.0,0.0,5.0,0.0,10.0
METRNL,0.0,4.0,0.0,1.0,0.0,10.0
RPP25L,2.0,2.0,0.0,0.0,0.0,10.0
PLPP3,0.0,4.0,0.0,1.0,0.0,10.0
SIRT3,0.0,3.0,0.0,2.0,0.0,10.0
TMEM129,0.0,1.0,0.0,4.0,0.0,10.0
MASTL,0.0,3.0,0.0,2.0,0.0,10.0
UQCRB,0.0,4.0,0.0,1.0,0.0,10.0
EIF2AK1,0.0,2.0,1.0,2.0,0.0,10.0
TMEM127,0.0,3.0,0.0,2.0,0.0,10.0
SINHCAF,0.0,4.0,1.0,0.0,0.0,10.0
C4B,0.0,2.0,0.0,3.0,0.0,10.0
UNKL,0.0,3.0,0.0,2.0,0.0,10.0
ELAVL2,0.0,0.0,0.0,5.0,0.0,10.0
MED16,0.0,2.0,0.0,3.0,0.0,10.0
SIK1,0.0,5.0,0.0,0.0,0.0,10.0
PLEKHG4,2.0,1.0,0.0,1.0,0.0,10.0
ELOA2,0.0,1.0,0.0,4.0,0.0,10.0
ELL2,0.0,4.0,0.0,1.0,0.0,10.0
ELFN1,0.0,5.0,0.0,0.0,0.0,10.0
PLEKHM1,0.0,2.0,0.0,3.0,0.0,10.0
SIK2,0.0,4.0,0.0,1.0,0.0,10.0
MDH2,0.0,2.0,1.0,2.0,0.0,10.0
PLEKHM3,0.0,5.0,0.0,0.0,0.0,10.0
MEF2A,0.0,4.0,0.0,1.0,0.0,10.0
TMEM134,0.0,3.0,0.0,2.0,0.0,10.0
UMOD,0.0,2.0,0.0,3.0,0.0,10.0
ATG9B,2.0,0.0,0.0,2.0,0.0,10.0
MCRS1,0.0,1.0,0.0,4.0,0.0,10.0
MCRIP2,0.0,4.0,0.0,1.0,0.0,10.0
RPRM,0.0,2.0,0.0,3.0,0.0,10.0
EIF5B,0.0,0.0,0.0,5.0,0.0,10.0
ELP4,0.0,4.0,0.0,1.0,0.0,10.0
EIF4H,0.0,1.0,1.0,3.0,0.0,10.0
CPB2,0.0,2.0,0.0,3.0,0.0,10.0
PLGRKT,0.0,3.0,0.0,2.0,0.0,10.0
SIGLEC12,0.0,2.0,0.0,3.0,0.0,10.0
TMEM160,0.0,5.0,0.0,0.0,0.0,10.0
MICALL1,0.0,3.0,1.0,1.0,0.0,10.0
METTL5,0.0,2.0,0.0,3.0,0.0,10.0
STXBP1,2.0,1.0,0.0,1.0,0.0,10.0
EGLN1,0.0,3.0,0.0,2.0,0.0,10.0
B3GAT1,0.0,4.0,0.0,1.0,0.0,10.0
MGAT4C,0.0,1.0,0.0,4.0,0.0,10.0
MAP3K21,0.0,5.0,0.0,0.0,0.0,10.0
USP17L2,0.0,1.0,0.0,4.0,0.0,10.0
MAP3K11,0.0,2.0,0.0,3.0,0.0,10.0
B3GNT3,0.0,1.0,0.0,4.0,0.0,10.0
STRBP,0.0,3.0,0.0,2.0,0.0,10.0
PMPCA,0.0,3.0,0.0,2.0,0.0,10.0
MGLL,0.0,4.0,0.0,1.0,0.0,10.0
MAP1LC3A,0.0,2.0,0.0,3.0,0.0,10.0
MAP1B,0.0,1.0,0.0,4.0,0.0,10.0
MIA2,0.0,2.0,0.0,3.0,0.0,10.0
MAOA,0.0,2.0,0.0,3.0,0.0,10.0
C2CD5,0.0,4.0,0.0,1.0,0.0,10.0
ENTHD1,0.0,2.0,0.0,3.0,0.0,10.0
MIB1,0.0,1.0,0.0,4.0,0.0,10.0
SLC10A1,0.0,1.0,1.0,3.0,0.0,10.0
MICA,0.0,0.0,3.0,1.0,2.0,10.0
SHOC2,0.0,4.0,0.0,1.0,0.0,10.0
ENTR1,0.0,3.0,1.0,1.0,0.0,10.0
MICAL3,0.0,5.0,0.0,0.0,0.0,10.0
MAP7,0.0,1.0,1.0,3.0,0.0,10.0
MFSD6,0.0,3.0,0.0,2.0,0.0,10.0
USP13,0.0,1.0,0.0,4.0,0.0,10.0
PLXDC1,0.0,3.0,0.0,2.0,0.0,10.0
MARS2,0.0,1.0,0.0,4.0,0.0,10.0
SIGLEC1,0.0,3.0,0.0,2.0,0.0,10.0
PLCE1,0.0,2.0,0.0,3.0,0.0,10.0
COX17,0.0,4.0,0.0,1.0,0.0,10.0
MFAP3L,0.0,0.0,0.0,5.0,0.0,10.0
COX15,0.0,3.0,1.0,1.0,0.0,10.0
AGPAT1,0.0,3.0,1.0,1.0,0.0,10.0
COX10,0.0,2.0,0.0,3.0,0.0,10.0
MAPT,0.0,0.0,0.0,5.0,0.0,10.0
MAPRE3,0.0,1.0,0.0,4.0,0.0,10.0
EID1,0.0,2.0,1.0,2.0,0.0,10.0
SIX3,0.0,3.0,0.0,2.0,0.0,10.0
EI24,0.0,3.0,0.0,2.0,0.0,10.0
EHD2,0.0,3.0,0.0,2.0,0.0,10.0
CPNE2,0.0,5.0,0.0,0.0,0.0,10.0
AEN,0.0,4.0,0.0,1.0,0.0,10.0
MAPK7,0.0,0.0,0.0,5.0,0.0,10.0
MAPK4,0.0,0.0,0.0,5.0,0.0,10.0
SHTN1,0.0,3.0,0.0,2.0,0.0,10.0
ADTRP,0.0,5.0,0.0,0.0,0.0,10.0
USP11,0.0,1.0,2.0,2.0,0.0,10.0
TMEM120B,0.0,4.0,0.0,1.0,0.0,10.0
BAIAP2,0.0,1.0,0.0,4.0,0.0,10.0
LRFN4,0.0,3.0,0.0,2.0,0.0,10.0
TM9SF2,2.0,1.0,1.0,0.0,0.0,10.0
PHF5A,0.0,4.0,0.0,1.0,0.0,10.0
LETMD1,0.0,2.0,0.0,3.0,0.0,10.0
EXOC6,0.0,3.0,0.0,2.0,0.0,10.0
LEPROT,0.0,3.0,1.0,1.0,0.0,10.0
LEO1,0.0,0.0,0.0,5.0,0.0,10.0
PHKA2,0.0,5.0,0.0,0.0,0.0,10.0
MRPL32,0.0,3.0,0.0,2.0,0.0,10.0
WIF1,0.0,2.0,0.0,3.0,0.0,10.0
MRPL35,0.0,2.0,0.0,3.0,0.0,10.0
C18ORF32,2.0,1.0,0.0,1.0,0.0,10.0
MRPL36,0.0,2.0,0.0,3.0,0.0,10.0
MRPL39,0.0,3.0,0.0,2.0,0.0,10.0
CA12,0.0,1.0,0.0,4.0,0.0,10.0
LDOC1,0.0,1.0,0.0,4.0,0.0,10.0
DUSP14,0.0,4.0,0.0,1.0,0.0,10.0
MRPL45,0.0,1.0,0.0,4.0,0.0,10.0
PHF8,0.0,2.0,0.0,3.0,0.0,10.0
EXOSC6,0.0,1.0,0.0,3.0,2.0,10.0
MRPL47,0.0,3.0,0.0,2.0,0.0,10.0
PRDM2,0.0,5.0,0.0,0.0,0.0,10.0
EXT2,0.0,4.0,0.0,1.0,0.0,10.0
DUSP11,0.0,3.0,1.0,1.0,0.0,10.0
LCORL,0.0,3.0,0.0,2.0,0.0,10.0
EYA1,2.0,2.0,0.0,0.0,0.0,10.0
MRPL23,0.0,2.0,0.0,3.0,0.0,10.0
EXOC4,0.0,5.0,0.0,0.0,0.0,10.0
PHLDB1,0.0,2.0,1.0,2.0,0.0,10.0
CNN2,0.0,3.0,0.0,2.0,0.0,10.0
TMEM200A,0.0,5.0,0.0,0.0,0.0,10.0
DYNC2H1,0.0,1.0,0.0,4.0,0.0,10.0
PHYHD1,2.0,2.0,0.0,0.0,0.0,10.0
EVC2,2.0,1.0,0.0,1.0,0.0,10.0
LILRA5,0.0,4.0,0.0,1.0,0.0,10.0
LILRA4,0.0,2.0,0.0,3.0,0.0,10.0
LILRA3,0.0,3.0,0.0,2.0,0.0,10.0
LILRA2,0.0,4.0,0.0,1.0,0.0,10.0
PHTF1,2.0,2.0,0.0,0.0,0.0,10.0
LIAT1,0.0,4.0,0.0,1.0,0.0,10.0
PHPT1,0.0,3.0,0.0,1.0,2.0,10.0
LGALS2,0.0,2.0,0.0,3.0,0.0,10.0
TULP3,0.0,2.0,0.0,3.0,0.0,10.0
LHX1,0.0,0.0,0.0,5.0,0.0,10.0
CNN1,0.0,2.0,0.0,3.0,0.0,10.0
SFXN1,0.0,4.0,0.0,1.0,0.0,10.0
RPF2,0.0,4.0,0.0,1.0,0.0,10.0
C9ORF85,0.0,4.0,0.0,1.0,0.0,10.0
LGR5,0.0,2.0,0.0,3.0,0.0,10.0
WDR91,0.0,5.0,0.0,0.0,0.0,10.0
CA1,0.0,2.0,0.0,3.0,0.0,10.0
SLC35C1,0.0,2.0,0.0,3.0,0.0,10.0
LCN12,0.0,4.0,0.0,1.0,0.0,10.0
EYA4,0.0,3.0,0.0,2.0,0.0,10.0
LIMK2,0.0,4.0,0.0,1.0,0.0,10.0
WNT16,0.0,1.0,1.0,3.0,0.0,10.0
ALX3,0.0,1.0,0.0,4.0,0.0,10.0
CLVS2,0.0,2.0,0.0,3.0,0.0,10.0
TMEM218,0.0,5.0,0.0,0.0,0.0,10.0
SLC38A6,0.0,5.0,0.0,0.0,0.0,10.0
WWC3,0.0,4.0,1.0,0.0,0.0,10.0
TBC1D13,0.0,3.0,0.0,2.0,0.0,10.0
MS4A7,0.0,2.0,0.0,3.0,0.0,10.0
CA8,0.0,2.0,0.0,3.0,0.0,10.0
CLTCL1,0.0,2.0,0.0,3.0,0.0,10.0
KRTAP4-7,0.0,5.0,0.0,0.0,0.0,10.0
CLSTN1,0.0,2.0,0.0,3.0,0.0,10.0
TAFAZZIN,0.0,3.0,0.0,2.0,0.0,10.0
XIRP2,0.0,3.0,0.0,2.0,0.0,10.0
CLPTM1,0.0,1.0,1.0,1.0,4.0,10.0
MSL3,0.0,3.0,0.0,2.0,0.0,10.0
XPNPEP2,0.0,3.0,0.0,2.0,0.0,10.0
AMD1,0.0,3.0,1.0,1.0,0.0,10.0
XPO5,0.0,3.0,0.0,2.0,0.0,10.0
SEZ6L,0.0,2.0,0.0,3.0,0.0,10.0
XPO7,0.0,4.0,0.0,1.0,0.0,10.0
XRCC1,2.0,0.0,1.0,1.0,0.0,10.0
CLK3,0.0,4.0,0.0,1.0,0.0,10.0
XRCC2,2.0,1.0,0.0,1.0,0.0,10.0
CLYBL,0.0,4.0,0.0,1.0,0.0,10.0
CS,0.0,0.0,1.0,4.0,0.0,10.0
RSKR,0.0,0.0,0.0,5.0,0.0,10.0
SFR1,0.0,4.0,0.0,1.0,0.0,10.0
WNT2,0.0,2.0,0.0,3.0,0.0,10.0
WNT3,0.0,1.0,0.0,4.0,0.0,10.0
LCAT,0.0,3.0,0.0,2.0,0.0,10.0
LBX2,0.0,0.0,0.0,5.0,0.0,10.0
CRYGA,0.0,1.0,0.0,4.0,0.0,10.0
CNBP,0.0,2.0,1.0,2.0,0.0,10.0
CRYGD,0.0,2.0,1.0,2.0,0.0,10.0
WNT6,0.0,1.0,0.0,4.0,0.0,10.0
PRELID3A,0.0,1.0,0.0,4.0,0.0,10.0
LARGE2,0.0,1.0,0.0,4.0,0.0,10.0
MRPS30,0.0,2.0,1.0,2.0,0.0,10.0
ACRBP,0.0,2.0,0.0,3.0,0.0,10.0
SFPQ,0.0,3.0,0.0,2.0,0.0,10.0
CMSS1,2.0,1.0,0.0,1.0,0.0,10.0
ALOXE3,2.0,0.0,0.0,2.0,0.0,10.0
FAHD2A,2.0,2.0,0.0,0.0,0.0,10.0
TAGLN,0.0,3.0,0.0,2.0,0.0,10.0
LAMB2,0.0,1.0,0.0,4.0,0.0,10.0
SLC38A1,0.0,4.0,0.0,1.0,0.0,10.0
LAMA2,0.0,0.0,1.0,4.0,0.0,10.0
FAM111A,0.0,4.0,0.0,1.0,0.0,10.0
PRIMPOL,0.0,1.0,0.0,4.0,0.0,10.0
RRP8,0.0,2.0,0.0,3.0,0.0,10.0
WDR75,2.0,2.0,0.0,0.0,0.0,10.0
LRCH1,0.0,5.0,0.0,0.0,0.0,10.0
COA3,0.0,3.0,0.0,2.0,0.0,10.0
SLC25A31,0.0,1.0,0.0,4.0,0.0,10.0
ADARB1,0.0,3.0,0.0,2.0,0.0,10.0
MMP15,0.0,1.0,1.0,3.0,0.0,10.0
VNN3P,0.0,4.0,0.0,1.0,0.0,10.0
STBD1,0.0,3.0,0.0,2.0,0.0,10.0
LIPA,0.0,3.0,0.0,0.0,4.0,10.0
PIK3C2B,0.0,2.0,0.0,3.0,0.0,10.0
VPS18,0.0,2.0,0.0,3.0,0.0,10.0
ADAM33,0.0,1.0,0.0,4.0,0.0,10.0
VPS28,0.0,3.0,0.0,2.0,0.0,10.0
MMP3,0.0,1.0,1.0,3.0,0.0,10.0
VPS33A,0.0,1.0,0.0,4.0,0.0,10.0
MMP7,0.0,2.0,1.0,2.0,0.0,10.0
PPM1D,0.0,1.0,1.0,3.0,0.0,10.0
MMP8,0.0,2.0,1.0,2.0,0.0,10.0
PIGY,0.0,3.0,0.0,2.0,0.0,10.0
ADAM28,0.0,3.0,0.0,2.0,0.0,10.0
PPM1H,0.0,5.0,0.0,0.0,0.0,10.0
VPS39,0.0,1.0,0.0,4.0,0.0,10.0
ADAM23,0.0,3.0,0.0,2.0,0.0,10.0
PIGU,2.0,0.0,0.0,2.0,0.0,10.0
VPS52,0.0,3.0,0.0,2.0,0.0,10.0
SLC25A44,0.0,4.0,0.0,1.0,0.0,10.0
LIX1L,0.0,5.0,0.0,0.0,0.0,10.0
SUGT1,0.0,3.0,0.0,2.0,0.0,10.0
MME,0.0,2.0,0.0,3.0,0.0,10.0
LONRF3,0.0,5.0,0.0,0.0,0.0,10.0
ERO1A,0.0,2.0,1.0,2.0,0.0,10.0
PILRB,0.0,3.0,1.0,1.0,0.0,10.0
ESAM,0.0,4.0,0.0,1.0,0.0,10.0
ARHGAP22,0.0,3.0,0.0,2.0,0.0,10.0
CRELD2,0.0,3.0,0.0,2.0,0.0,10.0
CRH,0.0,1.0,0.0,4.0,0.0,10.0
ESM1,2.0,1.0,0.0,1.0,0.0,10.0
COL11A1,0.0,1.0,0.0,4.0,0.0,10.0
MLF2,0.0,3.0,1.0,1.0,0.0,10.0
EDEM3,0.0,3.0,0.0,2.0,0.0,10.0
CCL8,0.0,4.0,1.0,0.0,0.0,10.0
PPIE,0.0,0.0,2.0,3.0,0.0,10.0
LNX2,0.0,4.0,0.0,1.0,0.0,10.0
COG6,0.0,3.0,0.0,2.0,0.0,10.0
PPCDC,0.0,4.0,0.0,1.0,0.0,10.0
PPDPF,2.0,2.0,0.0,0.0,0.0,10.0
EDA2R,0.0,4.0,0.0,1.0,0.0,10.0
LMNB2,0.0,5.0,0.0,0.0,0.0,10.0
MLXIPL,0.0,2.0,0.0,3.0,0.0,10.0
ETFB,0.0,2.0,1.0,2.0,0.0,10.0
COG2,0.0,3.0,0.0,2.0,0.0,10.0
SLC25A28,0.0,4.0,0.0,1.0,0.0,10.0
PIGT,0.0,2.0,0.0,3.0,0.0,10.0
COA1,0.0,0.0,0.0,5.0,0.0,10.0
SLC30A6,0.0,4.0,0.0,1.0,0.0,10.0
VRK2,0.0,3.0,1.0,1.0,0.0,10.0
TLR6,0.0,3.0,0.0,2.0,0.0,10.0
SGPL1,0.0,4.0,0.0,1.0,0.0,10.0
SGO2,0.0,4.0,0.0,1.0,0.0,10.0
WDR13,2.0,1.0,1.0,0.0,0.0,10.0
TLR5,0.0,4.0,0.0,1.0,0.0,10.0
TMEM184C,2.0,2.0,0.0,0.0,0.0,10.0
CROT,0.0,4.0,0.0,1.0,0.0,10.0
ACTR1A,0.0,0.0,1.0,4.0,0.0,10.0
TXN2,0.0,2.0,2.0,1.0,0.0,10.0
C1ORF162,0.0,4.0,0.0,1.0,0.0,10.0
TMEM19,0.0,3.0,0.0,2.0,0.0,10.0
TLN2,0.0,2.0,0.0,3.0,0.0,10.0
CCS,0.0,1.0,1.0,3.0,0.0,10.0
WDR4,0.0,5.0,0.0,0.0,0.0,10.0
TAL2,0.0,5.0,0.0,0.0,0.0,10.0
ACTR10,0.0,1.0,0.0,4.0,0.0,10.0
DYRK1A,0.0,0.0,1.0,4.0,0.0,10.0
WDR46,0.0,3.0,0.0,2.0,0.0,10.0
PTBP1,0.0,3.0,1.0,1.0,0.0,10.0
PPP2R3A,0.0,1.0,1.0,3.0,0.0,10.0
PPP2R3B,0.0,0.0,1.0,4.0,0.0,10.0
ALG5,0.0,2.0,1.0,2.0,0.0,10.0
TLK2,0.0,4.0,0.0,1.0,0.0,10.0
CCP110,0.0,1.0,0.0,4.0,0.0,10.0
PIGA,0.0,2.0,1.0,2.0,0.0,10.0
PPP1R1A,0.0,3.0,0.0,2.0,0.0,10.0
CNTNAP1,0.0,4.0,0.0,1.0,0.0,10.0
EBF3,0.0,4.0,0.0,1.0,0.0,10.0
TM2D1,2.0,1.0,1.0,0.0,0.0,10.0
TAT,0.0,2.0,0.0,3.0,0.0,10.0
PPP1R12B,0.0,3.0,0.0,2.0,0.0,10.0
ADAM18,0.0,2.0,0.0,3.0,0.0,10.0
SULT1A1,0.0,1.0,1.0,3.0,0.0,10.0
MOB1A,0.0,4.0,0.0,1.0,0.0,10.0
MOB3A,0.0,3.0,0.0,2.0,0.0,10.0
EAF2,0.0,5.0,0.0,0.0,0.0,10.0
EAF1,0.0,1.0,1.0,3.0,0.0,10.0
PIGO,0.0,3.0,0.0,2.0,0.0,10.0
PIGC,0.0,2.0,1.0,2.0,0.0,10.0
WARS2,0.0,1.0,0.0,4.0,0.0,10.0
ACVRL1,0.0,3.0,0.0,2.0,0.0,10.0
PIGN,0.0,2.0,1.0,2.0,0.0,10.0
CCNT2,0.0,2.0,0.0,3.0,0.0,10.0
CNTN4,0.0,2.0,0.0,3.0,0.0,10.0
PIGM,0.0,2.0,0.0,3.0,0.0,10.0
CCNY,0.0,4.0,0.0,1.0,0.0,10.0
WASL,0.0,0.0,0.0,5.0,0.0,10.0
ARHGAP21,0.0,4.0,0.0,1.0,0.0,10.0
ACTRT3,0.0,2.0,0.0,3.0,0.0,10.0
SSB,0.0,2.0,1.0,2.0,0.0,10.0
MRPL13,0.0,2.0,0.0,3.0,0.0,10.0
FSCN3,0.0,2.0,0.0,3.0,0.0,10.0
PCBP4,0.0,2.0,0.0,3.0,0.0,10.0
HYAL2,0.0,3.0,0.0,2.0,0.0,10.0
NOC4L,0.0,5.0,0.0,0.0,0.0,10.0
RAB9B,0.0,0.0,0.0,5.0,0.0,10.0
TRIM4,0.0,0.0,0.0,5.0,0.0,10.0
SAMD9,0.0,4.0,0.0,1.0,0.0,10.0
FUBP1,0.0,2.0,0.0,3.0,0.0,10.0
DERA,0.0,3.0,0.0,2.0,0.0,10.0
SPAG8,0.0,3.0,0.0,2.0,0.0,10.0
ZNF296,0.0,3.0,0.0,2.0,0.0,10.0
HTR7,0.0,4.0,1.0,0.0,0.0,10.0
DET1,0.0,2.0,0.0,3.0,0.0,10.0
NOL12,0.0,4.0,0.0,1.0,0.0,10.0
GUCY1A2,0.0,2.0,0.0,3.0,0.0,10.0
SDHC,0.0,3.0,0.0,2.0,0.0,10.0
RHOT1,0.0,2.0,0.0,3.0,0.0,10.0
ZNF318,0.0,5.0,0.0,0.0,0.0,10.0
NOL6,0.0,2.0,0.0,3.0,0.0,10.0
ASMTL,0.0,2.0,2.0,1.0,0.0,10.0
RABIF,0.0,4.0,0.0,1.0,0.0,10.0
NOL9,0.0,5.0,0.0,0.0,0.0,10.0
HYAL3,0.0,4.0,0.0,1.0,0.0,10.0
HYCC1,0.0,5.0,0.0,0.0,0.0,10.0
SMPD2,0.0,3.0,0.0,2.0,0.0,10.0
DGAT1,0.0,3.0,0.0,2.0,0.0,10.0
S100A12,0.0,2.0,0.0,3.0,0.0,10.0
OPN3,0.0,4.0,0.0,1.0,0.0,10.0
FSD1L,0.0,5.0,0.0,0.0,0.0,10.0
CAV2,0.0,2.0,0.0,3.0,0.0,10.0
RAB44,0.0,0.0,0.0,5.0,0.0,10.0
ICMT,0.0,2.0,1.0,2.0,0.0,10.0
GTF3C6,0.0,3.0,0.0,2.0,0.0,10.0
AS3MT,2.0,1.0,0.0,1.0,0.0,10.0
ICAM4,0.0,2.0,1.0,2.0,0.0,10.0
OPCML,0.0,2.0,0.0,3.0,0.0,10.0
ABCB6,0.0,2.0,1.0,2.0,0.0,10.0
IBTK,2.0,2.0,0.0,0.0,0.0,10.0
TRIM45,0.0,4.0,0.0,1.0,0.0,10.0
NNMT,0.0,1.0,0.0,4.0,0.0,10.0
IARS2,0.0,2.0,0.0,3.0,0.0,10.0
NNT,0.0,3.0,1.0,1.0,0.0,10.0
GTPBP4,0.0,4.0,1.0,0.0,0.0,10.0
RAB6B,0.0,2.0,0.0,3.0,0.0,10.0
REG1B,0.0,2.0,0.0,3.0,0.0,10.0
HYI,0.0,4.0,0.0,1.0,0.0,10.0
PC,0.0,4.0,0.0,1.0,0.0,10.0
AP1AR,0.0,5.0,0.0,0.0,0.0,10.0
RACK1,0.0,3.0,0.0,2.0,0.0,10.0
CAPZA1,0.0,0.0,0.0,5.0,0.0,10.0
NPAT,0.0,2.0,1.0,2.0,0.0,10.0
ATP5F1D,0.0,2.0,0.0,3.0,0.0,10.0
HSD11B2,0.0,2.0,0.0,3.0,0.0,10.0
SYNE1,0.0,5.0,0.0,0.0,0.0,10.0
NPEPL1,0.0,4.0,0.0,1.0,0.0,10.0
HS6ST1,0.0,5.0,0.0,0.0,0.0,10.0
ANKRD33B,0.0,4.0,0.0,1.0,0.0,10.0
GABBR2,0.0,1.0,0.0,4.0,0.0,10.0
TET2,0.0,3.0,0.0,2.0,0.0,10.0
NPHP3,0.0,4.0,0.0,1.0,0.0,10.0
HTATIP2,0.0,2.0,0.0,3.0,0.0,10.0
GYS1,0.0,2.0,0.0,3.0,0.0,10.0
SDC3,0.0,4.0,0.0,1.0,0.0,10.0
ZNF354A,0.0,2.0,0.0,3.0,0.0,10.0
SDC2,0.0,1.0,0.0,4.0,0.0,10.0
HRG,0.0,2.0,0.0,3.0,0.0,10.0
ZNF362,0.0,5.0,0.0,0.0,0.0,10.0
CETN3,0.0,3.0,1.0,1.0,0.0,10.0
GABPA,2.0,0.0,0.0,2.0,0.0,10.0
CBLC,0.0,1.0,1.0,3.0,0.0,10.0
TEX101,0.0,0.0,0.0,5.0,0.0,10.0
HSD17B3,0.0,1.0,0.0,4.0,0.0,10.0
HSD17B4,0.0,4.0,1.0,0.0,0.0,10.0
SDCCAG8,0.0,3.0,0.0,2.0,0.0,10.0
CYB561,0.0,4.0,0.0,1.0,0.0,10.0
CYB5A,0.0,4.0,1.0,0.0,0.0,10.0
RAD23B,0.0,1.0,1.0,3.0,0.0,10.0
ASB10,0.0,0.0,0.0,5.0,0.0,10.0
ANKRD22,0.0,2.0,1.0,2.0,0.0,10.0
HSPA4,0.0,1.0,1.0,3.0,0.0,10.0
FXR1,0.0,3.0,0.0,2.0,0.0,10.0
ZNF331,0.0,2.0,0.0,3.0,0.0,10.0
SPP2,0.0,1.0,0.0,4.0,0.0,10.0
NOTUM,0.0,2.0,0.0,3.0,0.0,10.0
RNASE1,0.0,3.0,0.0,2.0,0.0,10.0
FXYD5,0.0,4.0,0.0,1.0,0.0,10.0
ZNF33A,0.0,1.0,0.0,4.0,0.0,10.0
S100G,0.0,3.0,1.0,1.0,0.0,10.0
GXYLT1,0.0,5.0,0.0,0.0,0.0,10.0
RECQL,0.0,3.0,0.0,2.0,0.0,10.0
FZD3,0.0,1.0,1.0,3.0,0.0,10.0
TP53TG1,0.0,4.0,0.0,1.0,0.0,10.0
PAX3,0.0,0.0,0.0,5.0,0.0,10.0
IDE,0.0,2.0,1.0,2.0,0.0,10.0
NME3,0.0,4.0,0.0,1.0,0.0,10.0
CBR4,0.0,4.0,0.0,1.0,0.0,10.0
SEC31A,0.0,1.0,1.0,3.0,0.0,10.0
GSS,0.0,3.0,1.0,1.0,0.0,10.0
SRP19,0.0,1.0,1.0,3.0,0.0,10.0
GORASP1,0.0,3.0,0.0,2.0,0.0,10.0
IGF2BP3,0.0,3.0,0.0,2.0,0.0,10.0
FOXA2,0.0,1.0,0.0,4.0,0.0,10.0
TFB2M,0.0,3.0,0.0,2.0,0.0,10.0
CHAF1A,0.0,3.0,0.0,2.0,0.0,10.0
FOXA3,0.0,3.0,0.0,2.0,0.0,10.0
NIPA1,0.0,4.0,0.0,1.0,0.0,10.0
PCDHB14,0.0,2.0,0.0,3.0,0.0,10.0
ANKRD12,0.0,4.0,0.0,1.0,0.0,10.0
RYK,0.0,4.0,1.0,0.0,0.0,10.0
IFT88,0.0,3.0,0.0,2.0,0.0,10.0
NIPBL,0.0,4.0,0.0,1.0,0.0,10.0
NIPSNAP1,0.0,4.0,1.0,0.0,0.0,10.0
NIPSNAP2,0.0,4.0,1.0,0.0,0.0,10.0
NIPSNAP3B,0.0,3.0,0.0,2.0,0.0,10.0
PCDHB10,0.0,1.0,0.0,4.0,0.0,10.0
ANKRD10,2.0,2.0,0.0,0.0,0.0,10.0
TOR1AIP2,0.0,3.0,0.0,2.0,0.0,10.0
CASC3,0.0,3.0,1.0,1.0,0.0,10.0
FOLR3,0.0,1.0,0.0,4.0,0.0,10.0
CHAT,0.0,5.0,0.0,0.0,0.0,10.0
GSN-AS1,0.0,0.0,0.0,5.0,0.0,10.0
NHLRC1,0.0,3.0,0.0,2.0,0.0,10.0
GSC,0.0,1.0,0.0,4.0,0.0,10.0
NHLRC3,0.0,3.0,0.0,2.0,0.0,10.0
R3HDM1,2.0,0.0,0.0,2.0,0.0,10.0
SEC63,2.0,1.0,1.0,0.0,0.0,10.0
NHSL2,2.0,2.0,0.0,0.0,0.0,10.0
NICOL1,0.0,2.0,0.0,3.0,0.0,10.0
RAB11FIP3,0.0,4.0,0.0,1.0,0.0,10.0
RAB11FIP4,0.0,5.0,0.0,0.0,0.0,10.0
CDX4,0.0,0.0,0.0,5.0,0.0,10.0
APBA1,0.0,2.0,0.0,3.0,0.0,10.0
RNF115,0.0,1.0,0.0,4.0,0.0,10.0
OTULIN,0.0,2.0,0.0,3.0,0.0,10.0
CHCHD3,0.0,2.0,1.0,2.0,0.0,10.0
CHCHD2,0.0,2.0,0.0,3.0,0.0,10.0
CAMTA1,0.0,1.0,0.0,4.0,0.0,10.0
SAP130,0.0,2.0,0.0,3.0,0.0,10.0
IGFLR1,0.0,3.0,1.0,1.0,0.0,10.0
FNIP2,0.0,4.0,0.0,1.0,0.0,10.0
FOXD3,0.0,0.0,0.0,5.0,0.0,10.0
TOR1B,0.0,3.0,0.0,2.0,0.0,10.0
RAB40B,2.0,0.0,0.0,2.0,0.0,10.0
SEC14L2,0.0,0.0,0.0,5.0,0.0,10.0
GTF2A1L,0.0,0.0,0.0,5.0,0.0,10.0
RAB38,0.0,0.0,1.0,4.0,0.0,10.0
APOLD1,0.0,5.0,0.0,0.0,0.0,10.0
RAB39A,0.0,2.0,0.0,3.0,0.0,10.0
DGCR8,0.0,2.0,0.0,3.0,0.0,10.0
RENBP,0.0,2.0,1.0,2.0,0.0,10.0
TRIM68,0.0,4.0,0.0,1.0,0.0,10.0
TFAP2D,0.0,3.0,0.0,2.0,0.0,10.0
GTF2F1,0.0,1.0,1.0,3.0,0.0,10.0
ZNF264,0.0,0.0,0.0,5.0,0.0,10.0
DGKG,0.0,3.0,0.0,2.0,0.0,10.0
FRMD8,0.0,3.0,0.0,2.0,0.0,10.0
GOLGA7,0.0,2.0,0.0,3.0,0.0,10.0
OPRM1,0.0,3.0,0.0,2.0,0.0,10.0
CDIP1,0.0,5.0,0.0,0.0,0.0,10.0
PCDH9,0.0,3.0,0.0,2.0,0.0,10.0
IDUA,0.0,3.0,0.0,2.0,0.0,10.0
NME1,0.0,2.0,1.0,2.0,0.0,10.0
ZNF273,0.0,2.0,0.0,3.0,0.0,10.0
ABCB7,0.0,4.0,0.0,1.0,0.0,10.0
RYR3,0.0,3.0,0.0,2.0,0.0,10.0
IFITM10,2.0,0.0,0.0,2.0,0.0,10.0
SNAPC2,0.0,4.0,0.0,1.0,0.0,10.0
FPGS,0.0,2.0,0.0,3.0,0.0,10.0
FOXF1,0.0,0.0,0.0,5.0,0.0,10.0
CGN,0.0,2.0,0.0,3.0,0.0,10.0
BRS3,2.0,2.0,0.0,0.0,0.0,10.0
SEC23IP,0.0,2.0,1.0,2.0,0.0,10.0
NKTR,0.0,4.0,0.0,1.0,0.0,10.0
SNAI3,0.0,4.0,0.0,1.0,0.0,10.0
CGGBP1,0.0,2.0,2.0,1.0,0.0,10.0
CAPN12,0.0,3.0,0.0,2.0,0.0,10.0
CEACAM21,0.0,4.0,0.0,0.0,2.0,10.0
SEC23A,0.0,0.0,0.0,5.0,0.0,10.0
GSTM5,0.0,4.0,0.0,1.0,0.0,10.0
RAB2B,0.0,3.0,0.0,2.0,0.0,10.0
GOLPH3,0.0,2.0,1.0,2.0,0.0,10.0
FOXK1,0.0,2.0,0.0,3.0,0.0,10.0
SEC22C,0.0,3.0,0.0,2.0,0.0,10.0
SEC22B,0.0,3.0,0.0,2.0,0.0,10.0
NLE1,0.0,5.0,0.0,0.0,0.0,10.0
RAB34,0.0,3.0,0.0,2.0,0.0,10.0
NLGN1,0.0,1.0,0.0,4.0,0.0,10.0
NPPA,0.0,2.0,0.0,3.0,0.0,10.0
RALGAPA1,0.0,5.0,0.0,0.0,0.0,10.0
TRIAP1,0.0,2.0,0.0,3.0,0.0,10.0
SAFB,0.0,2.0,0.0,3.0,0.0,10.0
OAZ2,0.0,3.0,1.0,1.0,0.0,10.0
SOBP,0.0,5.0,0.0,0.0,0.0,10.0
AASDHPPT,2.0,0.0,1.0,1.0,0.0,10.0
CDH6,0.0,1.0,0.0,4.0,0.0,10.0
NUDC,0.0,3.0,1.0,1.0,0.0,10.0
NUDCD1,0.0,2.0,0.0,3.0,0.0,10.0
NUDCD2,0.0,3.0,0.0,2.0,0.0,10.0
HEMGN,0.0,2.0,0.0,3.0,0.0,10.0
NUDCD3,2.0,1.0,1.0,0.0,0.0,10.0
RBKS,0.0,3.0,0.0,2.0,0.0,10.0
GEMIN6,0.0,1.0,0.0,4.0,0.0,10.0
TPRA1,0.0,5.0,0.0,0.0,0.0,10.0
SOCS4,0.0,2.0,1.0,2.0,0.0,10.0
SOCS5,0.0,0.0,0.0,2.0,6.0,10.0
GEMIN2,0.0,1.0,1.0,3.0,0.0,10.0
HEBP2,0.0,2.0,2.0,1.0,0.0,10.0
HEBP1,0.0,3.0,1.0,1.0,0.0,10.0
DDAH1,0.0,2.0,0.0,3.0,0.0,10.0
SPSB1,0.0,1.0,0.0,4.0,0.0,10.0
NUDT19,2.0,2.0,0.0,0.0,0.0,10.0
GJB5,0.0,2.0,0.0,3.0,0.0,10.0
TRANK1,0.0,5.0,0.0,0.0,0.0,10.0
ZNF669,0.0,2.0,0.0,3.0,0.0,10.0
SCN1A,2.0,2.0,0.0,0.0,0.0,10.0
SNX29,0.0,5.0,0.0,0.0,0.0,10.0
DDX18,0.0,5.0,0.0,0.0,0.0,10.0
ABAT,0.0,2.0,0.0,3.0,0.0,10.0
GK2,0.0,4.0,0.0,1.0,0.0,10.0
ASB6,0.0,2.0,0.0,3.0,0.0,10.0
ATP6V1C2,0.0,1.0,0.0,4.0,0.0,10.0
NTNG2,0.0,1.0,0.0,4.0,0.0,10.0
HFE,0.0,3.0,0.0,1.0,2.0,10.0
HEYL,0.0,0.0,0.0,5.0,0.0,10.0
TRAPPC11,0.0,3.0,0.0,2.0,0.0,10.0
OBSCN,2.0,1.0,0.0,1.0,0.0,10.0
CDH16,0.0,3.0,0.0,2.0,0.0,10.0
PAK5,0.0,0.0,0.0,5.0,0.0,10.0
CEP15,0.0,3.0,0.0,2.0,0.0,10.0
NTS,0.0,1.0,0.0,4.0,0.0,10.0
GCSAM,2.0,2.0,0.0,0.0,0.0,10.0
NTSR1,0.0,3.0,0.0,2.0,0.0,10.0
GJC1,0.0,3.0,0.0,2.0,0.0,10.0
HES6,0.0,4.0,0.0,1.0,0.0,10.0
DDA1,0.0,1.0,0.0,4.0,0.0,10.0
RBM14,0.0,2.0,1.0,2.0,0.0,10.0
AARD,2.0,1.0,0.0,1.0,0.0,10.0
GGCT,0.0,3.0,0.0,2.0,0.0,10.0
GFRA1,0.0,4.0,0.0,1.0,0.0,10.0
SCG2,0.0,2.0,0.0,3.0,0.0,10.0
GFRA2,0.0,3.0,0.0,2.0,0.0,10.0
SCG3,0.0,0.0,0.0,5.0,0.0,10.0
PAFAH1B3,0.0,4.0,0.0,1.0,0.0,10.0
HBD,0.0,0.0,1.0,4.0,0.0,10.0
TDRP,2.0,2.0,0.0,0.0,0.0,10.0
ZNF627,0.0,5.0,0.0,0.0,0.0,10.0
HAX1,0.0,3.0,0.0,2.0,0.0,10.0
GGCX,0.0,1.0,0.0,4.0,0.0,10.0
RBM15,2.0,2.0,0.0,0.0,0.0,10.0
SOX18,0.0,5.0,0.0,0.0,0.0,10.0
HARS1,0.0,2.0,0.0,3.0,0.0,10.0
RBM4B,2.0,2.0,0.0,0.0,0.0,10.0
DCHS1,2.0,2.0,0.0,0.0,0.0,10.0
PAF1,0.0,1.0,0.0,4.0,0.0,10.0
PACSIN1,0.0,1.0,0.0,4.0,0.0,10.0
NUTF2,2.0,1.0,0.0,1.0,0.0,10.0
HAGH,0.0,5.0,0.0,0.0,0.0,10.0
GH1,0.0,0.0,0.0,5.0,0.0,10.0
HCAR2,0.0,3.0,0.0,2.0,0.0,10.0
ZNF662,2.0,0.0,0.0,2.0,0.0,10.0
HCFC1R1,2.0,0.0,1.0,1.0,0.0,10.0
DCTN3,0.0,1.0,0.0,4.0,0.0,10.0
HDGF,0.0,2.0,0.0,3.0,0.0,10.0
SOHLH2,0.0,0.0,0.0,5.0,0.0,10.0
SPRYD4,0.0,5.0,0.0,0.0,0.0,10.0
SORBS1,2.0,0.0,0.0,2.0,0.0,10.0
NUDT3,0.0,4.0,1.0,0.0,0.0,10.0
GEN1,0.0,3.0,0.0,2.0,0.0,10.0
DCAF17,0.0,2.0,0.0,3.0,0.0,10.0
NUDT4,0.0,2.0,1.0,2.0,0.0,10.0
AQP4,0.0,2.0,0.0,3.0,0.0,10.0
RINL,0.0,3.0,0.0,2.0,0.0,10.0
ASB9,0.0,1.0,0.0,4.0,0.0,10.0
NUDT9,0.0,3.0,0.0,2.0,0.0,10.0
OAF,0.0,3.0,0.0,2.0,0.0,10.0
TNFAIP8L1,0.0,4.0,0.0,1.0,0.0,10.0
BOLA3,0.0,5.0,0.0,0.0,0.0,10.0
CDH4,0.0,1.0,0.0,4.0,0.0,10.0
SOX3,0.0,0.0,0.0,5.0,0.0,10.0
GFM2,0.0,3.0,0.0,2.0,0.0,10.0
NXPH3,0.0,3.0,0.0,2.0,0.0,10.0
NT5DC2,0.0,1.0,0.0,4.0,0.0,10.0
NT5C3B,2.0,1.0,0.0,1.0,0.0,10.0
ZNF765,0.0,2.0,0.0,3.0,0.0,10.0
PAPPA2,0.0,3.0,0.0,2.0,0.0,10.0
TERF2,0.0,3.0,1.0,1.0,0.0,10.0
SNRPD3,0.0,2.0,1.0,2.0,0.0,10.0
HNRNPU,0.0,1.0,1.0,3.0,0.0,10.0
HNRNPR,0.0,1.0,2.0,2.0,0.0,10.0
GABRQ,0.0,1.0,0.0,4.0,0.0,10.0
TMUB2,0.0,5.0,0.0,0.0,0.0,10.0
NRCAM,2.0,2.0,0.0,0.0,0.0,10.0
GAD2,0.0,2.0,0.0,3.0,0.0,10.0
CER1,0.0,3.0,0.0,2.0,0.0,10.0
RAP2C,0.0,3.0,1.0,1.0,0.0,10.0
GLUD1,0.0,4.0,1.0,0.0,0.0,10.0
HNRNPA2B1,0.0,2.0,0.0,3.0,0.0,10.0
ZNF438,0.0,0.0,0.0,5.0,0.0,10.0
PAPOLG,0.0,5.0,0.0,0.0,0.0,10.0
RAPGEF2,0.0,3.0,1.0,1.0,0.0,10.0
SNRPN,0.0,3.0,1.0,1.0,0.0,10.0
SPTLC2,0.0,2.0,0.0,3.0,0.0,10.0
OGA,0.0,4.0,0.0,1.0,0.0,10.0
NRK,2.0,1.0,0.0,1.0,0.0,10.0
SCARA3,0.0,2.0,0.0,3.0,0.0,10.0
GABRG2,0.0,2.0,0.0,3.0,0.0,10.0
PAQR4,2.0,2.0,0.0,0.0,0.0,10.0
CDCA7,0.0,2.0,1.0,2.0,0.0,10.0
HOXA5,0.0,3.0,0.0,2.0,0.0,10.0
BHLHA15,0.0,2.0,0.0,3.0,0.0,10.0
PARS2,0.0,1.0,0.0,4.0,0.0,10.0
NPTN,0.0,1.0,1.0,3.0,0.0,10.0
SAMD4B,0.0,4.0,0.0,1.0,0.0,10.0
CYGB,0.0,2.0,0.0,3.0,0.0,10.0
APPBP2,0.0,5.0,0.0,0.0,0.0,10.0
PARP4,0.0,1.0,0.0,4.0,0.0,10.0
PARP3,0.0,4.0,0.0,0.0,2.0,10.0
HP,0.0,2.0,0.0,3.0,0.0,10.0
H1-3,0.0,3.0,0.0,2.0,0.0,10.0
HOXD13,0.0,2.0,0.0,3.0,0.0,10.0
TREML4,0.0,4.0,0.0,1.0,0.0,10.0
ZNF395,0.0,3.0,0.0,2.0,0.0,10.0
SNRNP40,2.0,1.0,0.0,1.0,0.0,10.0
PARN,0.0,1.0,0.0,4.0,0.0,10.0
NR1I2,0.0,1.0,1.0,3.0,0.0,10.0
HOXB1,0.0,4.0,0.0,1.0,0.0,10.0
HOXA7,0.0,3.0,0.0,2.0,0.0,10.0
H1-6,0.0,0.0,0.0,5.0,0.0,10.0
GAL3ST4,2.0,2.0,0.0,0.0,0.0,10.0
ODF2,0.0,1.0,0.0,4.0,0.0,10.0
NT5C2,0.0,4.0,0.0,1.0,0.0,10.0
ZNF708,0.0,1.0,0.0,4.0,0.0,10.0
TRAPPC6B,0.0,1.0,0.0,4.0,0.0,10.0
CEP57L1,0.0,3.0,0.0,2.0,0.0,10.0
CDH7,0.0,3.0,0.0,2.0,0.0,10.0
TRAPPC3,0.0,1.0,1.0,3.0,0.0,10.0
NSMCE2,0.0,2.0,0.0,3.0,0.0,10.0
RLIM,0.0,4.0,0.0,1.0,0.0,10.0
CYP2B6,0.0,0.0,3.0,2.0,0.0,10.0
CDCP1,0.0,2.0,0.0,3.0,0.0,10.0
GASK1B,0.0,3.0,0.0,2.0,0.0,10.0
TENT4B,0.0,5.0,0.0,0.0,0.0,10.0
GLRX5,0.0,5.0,0.0,0.0,0.0,10.0
ASB5,0.0,1.0,0.0,4.0,0.0,10.0
ZNF516,0.0,4.0,0.0,1.0,0.0,10.0
SCARF1,0.0,5.0,0.0,0.0,0.0,10.0
CARD19,0.0,3.0,0.0,2.0,0.0,10.0
TRAPPC2L,0.0,1.0,0.0,4.0,0.0,10.0
SACM1L,2.0,1.0,0.0,1.0,0.0,10.0
SNX24,0.0,2.0,0.0,3.0,0.0,10.0
BOD1,0.0,3.0,0.0,2.0,0.0,10.0
GBP3,0.0,4.0,0.0,1.0,0.0,10.0
RCC1,0.0,1.0,1.0,3.0,0.0,10.0
CYP2A6,2.0,0.0,0.0,2.0,0.0,10.0
PAM16,0.0,4.0,0.0,1.0,0.0,10.0
ZNF490,0.0,2.0,0.0,3.0,0.0,10.0
HMGN4,0.0,1.0,1.0,3.0,0.0,10.0
HMGN1,0.0,3.0,1.0,1.0,0.0,10.0
CYP4A11,0.0,2.0,2.0,1.0,0.0,10.0
ASB2,0.0,2.0,0.0,3.0,0.0,10.0
RCCD1,0.0,2.0,0.0,3.0,0.0,10.0
PANK3,2.0,2.0,0.0,0.0,0.0,10.0
RARG,0.0,2.0,1.0,2.0,0.0,10.0
RARRES1,0.0,2.0,0.0,3.0,0.0,10.0
ZNF711,0.0,5.0,0.0,0.0,0.0,10.0
GALNT7,0.0,1.0,0.0,4.0,0.0,10.0
ZNF710,0.0,4.0,0.0,1.0,0.0,10.0
HMG20B,0.0,2.0,1.0,2.0,0.0,10.0
CEP78,0.0,3.0,0.0,2.0,0.0,10.0
PAN2,0.0,2.0,0.0,3.0,0.0,10.0
CELF1,0.0,4.0,0.0,1.0,0.0,10.0
ZNF483,0.0,5.0,0.0,0.0,0.0,10.0
PAMR1,0.0,1.0,0.0,4.0,0.0,10.0
SNX11,0.0,5.0,0.0,0.0,0.0,10.0
GALT,0.0,2.0,0.0,3.0,0.0,10.0
TMEM88,0.0,4.0,0.0,1.0,0.0,10.0
HADHA,0.0,2.0,1.0,2.0,0.0,10.0
CDK12,0.0,3.0,0.0,2.0,0.0,10.0
DMRT1,0.0,0.0,0.0,5.0,0.0,10.0
SPHK2,0.0,1.0,0.0,4.0,0.0,10.0
FER,2.0,0.0,0.0,2.0,0.0,10.0
TAF1D,0.0,0.0,0.0,5.0,0.0,10.0
IMPA1,0.0,3.0,1.0,1.0,0.0,10.0
IL17RB,0.0,4.0,0.0,1.0,0.0,10.0
GPS1,0.0,1.0,0.0,4.0,0.0,10.0
ABHD12,0.0,2.0,0.0,3.0,0.0,10.0
APEX2,0.0,3.0,0.0,2.0,0.0,10.0
GPR143,0.0,3.0,0.0,2.0,0.0,10.0
TCF20,0.0,2.0,0.0,3.0,0.0,10.0
SMIM19,0.0,4.0,0.0,1.0,0.0,10.0
INTS11,0.0,5.0,0.0,0.0,0.0,10.0
ZPBP2,0.0,1.0,0.0,4.0,0.0,10.0
PCNT,0.0,2.0,0.0,3.0,0.0,10.0
SMIM15,0.0,0.0,0.0,5.0,0.0,10.0
TRNT1,0.0,5.0,0.0,0.0,0.0,10.0
NEU4,0.0,2.0,0.0,3.0,0.0,10.0
NCR1,1.0,1.0,1.0,1.0,1.0,10.0
ASXL3,0.0,0.0,0.0,5.0,0.0,10.0
NDUFAF3,0.0,3.0,0.0,2.0,0.0,10.0
SEMA3B,0.0,2.0,0.0,3.0,0.0,10.0
PUS1,0.0,4.0,1.0,0.0,0.0,10.0
ATP9A,0.0,5.0,0.0,0.0,0.0,10.0
APLF,0.0,1.0,0.0,3.0,2.0,10.0
PURG,0.0,5.0,0.0,0.0,0.0,10.0
DACH1,0.0,3.0,0.0,2.0,0.0,10.0
PVALB,0.0,3.0,0.0,2.0,0.0,10.0
NEUROG1,0.0,1.0,0.0,4.0,0.0,10.0
ZFP64,0.0,4.0,1.0,0.0,0.0,10.0
IKZF3,1.0,2.0,0.0,0.0,3.0,10.0
GPR6,0.0,3.0,0.0,2.0,0.0,10.0
GPR55,0.0,3.0,0.0,2.0,0.0,10.0
RGL2,0.0,3.0,0.0,2.0,0.0,10.0
IK,0.0,4.0,0.0,1.0,0.0,10.0
DHX9,0.0,2.0,1.0,2.0,0.0,10.0
APLP1,0.0,0.0,0.0,5.0,0.0,10.0
PDE12,0.0,3.0,0.0,2.0,0.0,10.0
ASXL2,0.0,2.0,0.0,3.0,0.0,10.0
INSM1,0.0,2.0,0.0,3.0,0.0,10.0
GRAMD1A,0.0,4.0,0.0,1.0,0.0,10.0
TRMT6,2.0,1.0,0.0,1.0,0.0,10.0
TRPV4,0.0,4.0,0.0,1.0,0.0,10.0
ZFP3,0.0,1.0,0.0,4.0,0.0,10.0
ZNF136,0.0,2.0,0.0,3.0,0.0,10.0
BEND5,2.0,2.0,0.0,0.0,0.0,10.0
IRX3,0.0,2.0,0.0,3.0,0.0,10.0
CDPF1,0.0,4.0,0.0,1.0,0.0,10.0
NF1,0.0,3.0,0.0,2.0,0.0,10.0
CDK13,0.0,2.0,0.0,3.0,0.0,10.0
DANCR,0.0,4.0,0.0,1.0,0.0,10.0
PTGIS,0.0,3.0,0.0,2.0,0.0,10.0
FIG4,0.0,3.0,0.0,2.0,0.0,10.0
NEUROG3,0.0,0.0,0.0,5.0,0.0,10.0
SRSF11,0.0,3.0,0.0,2.0,0.0,10.0
DLC1,0.0,1.0,1.0,3.0,0.0,10.0
SRSF2,0.0,2.0,1.0,2.0,0.0,10.0
ILF2,0.0,0.0,1.0,4.0,0.0,10.0
ZFP69,0.0,4.0,0.0,1.0,0.0,10.0
ISLR,0.0,3.0,0.0,2.0,0.0,10.0
RHO,0.0,1.0,0.0,4.0,0.0,10.0
FLAD1,0.0,0.0,0.0,5.0,0.0,10.0
TROAP,0.0,2.0,0.0,3.0,0.0,10.0
ABCG8,0.0,1.0,0.0,4.0,0.0,10.0
CUTC,0.0,4.0,0.0,1.0,0.0,10.0
TBCA,0.0,4.0,0.0,1.0,0.0,10.0
NDUFA11,0.0,3.0,0.0,2.0,0.0,10.0
BMF,0.0,3.0,0.0,2.0,0.0,10.0
ZMYND15,0.0,5.0,0.0,0.0,0.0,10.0
SEMA5B,0.0,0.0,0.0,5.0,0.0,10.0
DLX5,0.0,1.0,0.0,4.0,0.0,10.0
GPR35,0.0,4.0,0.0,1.0,0.0,10.0
FKBPL,0.0,3.0,0.0,2.0,0.0,10.0
CUTALP,0.0,3.0,0.0,2.0,0.0,10.0
FGF14,0.0,1.0,0.0,4.0,0.0,10.0
OSTM1,0.0,3.0,1.0,1.0,0.0,10.0
CHMP6,0.0,1.0,0.0,4.0,0.0,10.0
FKBP6,0.0,3.0,0.0,2.0,0.0,10.0
ZMYM5,0.0,5.0,0.0,0.0,0.0,10.0
GRAMD1B,0.0,5.0,0.0,0.0,0.0,10.0
FGD5,0.0,2.0,0.0,3.0,0.0,10.0
ARSJ,0.0,1.0,0.0,4.0,0.0,10.0
NDST3,0.0,5.0,0.0,0.0,0.0,10.0
CUTA,2.0,2.0,0.0,0.0,0.0,10.0
FKBP1B,0.0,1.0,1.0,2.0,2.0,10.0
TRPM1,0.0,1.0,0.0,4.0,0.0,10.0
IPO7,0.0,4.0,1.0,0.0,0.0,10.0
DLX1,0.0,3.0,0.0,2.0,0.0,10.0
RFT1,0.0,1.0,0.0,4.0,0.0,10.0
TCEA2,0.0,5.0,0.0,0.0,0.0,10.0
ARFIP1,0.0,3.0,2.0,0.0,0.0,10.0
PDCD2,0.0,3.0,1.0,1.0,0.0,10.0
APOD,0.0,2.0,0.0,3.0,0.0,10.0
SZT2,0.0,4.0,0.0,1.0,0.0,10.0
TNFSF12,2.0,1.0,0.0,1.0,0.0,10.0
TNR,0.0,3.0,0.0,2.0,0.0,10.0
ORM2,0.0,0.0,1.0,4.0,0.0,10.0
DLK1,0.0,1.0,0.0,4.0,0.0,10.0
ILDR1,0.0,3.0,0.0,2.0,0.0,10.0
ZNF106,0.0,4.0,0.0,1.0,0.0,10.0
CHMP2B,0.0,0.0,0.0,5.0,0.0,10.0
PUM2,0.0,2.0,1.0,2.0,0.0,10.0
ORM1,0.0,2.0,0.0,3.0,0.0,10.0
CC2D1A,0.0,4.0,0.0,1.0,0.0,10.0
PTMA,0.0,1.0,1.0,3.0,0.0,10.0
SPATS2,2.0,2.0,0.0,0.0,0.0,10.0
RHBDF1,0.0,4.0,0.0,1.0,0.0,10.0
FLII,0.0,4.0,1.0,0.0,0.0,10.0
TNFRSF8,0.0,4.0,0.0,1.0,0.0,10.0
GPC4,0.0,2.0,0.0,3.0,0.0,10.0
DMAC1,0.0,3.0,0.0,2.0,0.0,10.0
TMEM70,0.0,2.0,0.0,3.0,0.0,10.0
CD300C,0.0,3.0,1.0,1.0,0.0,10.0
IL20RB,0.0,1.0,0.0,3.0,2.0,10.0
CHMP3,0.0,1.0,0.0,4.0,0.0,10.0
SRSF5,0.0,4.0,1.0,0.0,0.0,10.0
SYCP1,0.0,0.0,0.0,5.0,0.0,10.0
GPR161,0.0,5.0,0.0,0.0,0.0,10.0
SENP1,0.0,1.0,0.0,4.0,0.0,10.0
NGLY1,0.0,1.0,0.0,4.0,0.0,10.0
ZYG11B,0.0,4.0,0.0,1.0,0.0,10.0
OTUD6B,2.0,1.0,0.0,1.0,0.0,10.0
TFF1,0.0,2.0,0.0,3.0,0.0,10.0
PYGL,0.0,3.0,0.0,2.0,0.0,10.0
NFKBIL1,0.0,4.0,0.0,1.0,0.0,10.0
PTCD2,0.0,4.0,0.0,1.0,0.0,10.0
PTGDR2,0.0,3.0,0.0,2.0,0.0,10.0
ATAD1,0.0,5.0,0.0,0.0,0.0,10.0
FBXO34,0.0,4.0,1.0,0.0,0.0,10.0
PTGDS,0.0,2.0,0.0,3.0,0.0,10.0
PTBP3,0.0,3.0,1.0,1.0,0.0,10.0
INPP5A,0.0,5.0,0.0,0.0,0.0,10.0
NFIX,0.0,1.0,1.0,3.0,0.0,10.0
SPINK1,0.0,2.0,0.0,3.0,0.0,10.0
TFG,0.0,2.0,1.0,2.0,0.0,10.0
TAF1C,0.0,0.0,0.0,5.0,0.0,10.0
FBXO41,0.0,2.0,0.0,3.0,0.0,10.0
PTGER1,0.0,2.0,0.0,3.0,0.0,10.0
TNFSF13,0.0,2.0,0.0,2.0,2.0,10.0
INO80,0.0,3.0,0.0,2.0,0.0,10.0
CTSV,0.0,1.0,0.0,4.0,0.0,10.0
SMOC2,0.0,2.0,1.0,2.0,0.0,10.0
IGLL5,0.0,1.0,0.0,4.0,0.0,10.0
NFYB,0.0,0.0,1.0,4.0,0.0,10.0
SEL1L,0.0,3.0,0.0,2.0,0.0,10.0
SEPHS2,0.0,1.0,1.0,3.0,0.0,10.0
ZFAND6,0.0,1.0,1.0,3.0,0.0,10.0
REXO4,0.0,4.0,0.0,1.0,0.0,10.0
TSHZ1,0.0,2.0,1.0,2.0,0.0,10.0
PTDSS2,0.0,5.0,0.0,0.0,0.0,10.0
RNF139,0.0,2.0,0.0,3.0,0.0,10.0
CHERP,0.0,4.0,1.0,0.0,0.0,10.0
SARNP,0.0,4.0,0.0,1.0,0.0,10.0
TRMT2A,0.0,4.0,0.0,1.0,0.0,10.0
PDE5A,0.0,2.0,0.0,2.0,2.0,10.0
TMEM42,0.0,5.0,0.0,0.0,0.0,10.0
RWDD4,0.0,5.0,0.0,0.0,0.0,10.0
FBXO38,0.0,2.0,1.0,1.0,2.0,10.0
BLOC1S6,1.0,1.0,0.0,2.0,1.0,10.0
GPATCH11,0.0,5.0,0.0,0.0,0.0,10.0
TAF1B,0.0,0.0,0.0,5.0,0.0,10.0
FBXW10,0.0,0.0,0.0,5.0,0.0,10.0
CDRT4,0.0,5.0,0.0,0.0,0.0,10.0
ITGBL1,0.0,0.0,0.0,5.0,0.0,10.0
TMEM43,0.0,4.0,0.0,1.0,0.0,10.0
IGSF8,0.0,3.0,0.0,2.0,0.0,10.0
NCAPH2,0.0,3.0,0.0,0.0,4.0,10.0
PTPRD,0.0,0.0,0.0,5.0,0.0,10.0
ITFG2,0.0,1.0,0.0,3.0,2.0,10.0
CHRM5,0.0,2.0,0.0,3.0,0.0,10.0
NCDN,0.0,2.0,1.0,2.0,0.0,10.0
CDK14,0.0,3.0,1.0,1.0,0.0,10.0
ATP2B2,0.0,1.0,0.0,4.0,0.0,10.0
SMO,0.0,3.0,0.0,2.0,0.0,10.0
SMNDC1,0.0,3.0,2.0,0.0,0.0,10.0
GPR85,0.0,5.0,0.0,0.0,0.0,10.0
BDKRB2,0.0,1.0,0.0,4.0,0.0,10.0
IST1,0.0,4.0,0.0,1.0,0.0,10.0
CHST6,0.0,1.0,0.0,4.0,0.0,10.0
APOL3,0.0,4.0,1.0,0.0,0.0,10.0
IGSF6,0.0,5.0,0.0,0.0,0.0,10.0
ING3,0.0,2.0,0.0,3.0,0.0,10.0
NFE2L3,0.0,4.0,0.0,1.0,0.0,10.0
SYTL1,0.0,1.0,0.0,4.0,0.0,10.0
APOBEC1,0.0,4.0,0.0,1.0,0.0,10.0
GPATCH4,0.0,3.0,0.0,2.0,0.0,10.0
CD5L,2.0,2.0,0.0,0.0,0.0,10.0
DAPK2,0.0,4.0,0.0,1.0,0.0,10.0
CALML4,0.0,5.0,0.0,0.0,0.0,10.0
SRP72,0.0,2.0,1.0,2.0,0.0,10.0
FCGR3A,0.0,1.0,1.0,2.0,2.0,10.0
PTPN21,0.0,2.0,0.0,3.0,0.0,10.0
CTTN,0.0,2.0,0.0,3.0,0.0,10.0
NFIA,0.0,2.0,0.0,3.0,0.0,10.0
SYCP3,0.0,2.0,0.0,3.0,0.0,10.0
APBB2,0.0,2.0,1.0,2.0,0.0,10.0
CD82,0.0,4.0,1.0,0.0,0.0,10.0
SAP18,0.0,2.0,0.0,3.0,0.0,10.0
PDZD11,1.0,1.0,0.0,2.0,0.0,9.0
WDR3,1.0,1.0,1.0,1.0,0.0,9.0
PARD3B,1.0,1.0,0.0,2.0,0.0,9.0
KCNQ1,1.0,1.0,0.0,2.0,0.0,9.0
CRTAP,1.0,2.0,0.0,1.0,0.0,9.0
HOXB4,1.0,1.0,0.0,2.0,0.0,9.0
TMEM183A,1.0,2.0,0.0,1.0,0.0,9.0
ANKRD50,1.0,3.0,0.0,0.0,0.0,9.0
USP30,1.0,1.0,0.0,2.0,0.0,9.0
SNRNP35,1.0,2.0,0.0,1.0,0.0,9.0
VPS36,1.0,1.0,0.0,2.0,0.0,9.0
TADA1,1.0,2.0,0.0,1.0,0.0,9.0
LYZL4,1.0,2.0,0.0,1.0,0.0,9.0
GABRB2,1.0,2.0,0.0,1.0,0.0,9.0
HOXB2,1.0,3.0,0.0,0.0,0.0,9.0
MCOLN3,1.0,1.0,0.0,2.0,0.0,9.0
STX2,1.0,2.0,0.0,1.0,0.0,9.0
WDR37,1.0,3.0,0.0,0.0,0.0,9.0
CTDSP1,1.0,2.0,0.0,1.0,0.0,9.0
CACNG8,1.0,1.0,0.0,2.0,0.0,9.0
CEP83,1.0,2.0,0.0,1.0,0.0,9.0
CYP4F3,1.0,2.0,0.0,1.0,0.0,9.0
P3H4,1.0,0.0,0.0,3.0,0.0,9.0
UNC93B1,1.0,3.0,0.0,0.0,0.0,9.0
NDUFB4,1.0,1.0,0.0,2.0,0.0,9.0
LINC01588,1.0,3.0,0.0,0.0,0.0,9.0
RAPGEF6,1.0,3.0,0.0,0.0,0.0,9.0
VSTM4,1.0,2.0,0.0,1.0,0.0,9.0
RPRD1A,1.0,3.0,0.0,0.0,0.0,9.0
TXNDC12,1.0,1.0,0.0,2.0,0.0,9.0
VTCN1,0.0,0.0,0.0,3.0,3.0,9.0
BCL2L2,1.0,1.0,0.0,2.0,0.0,9.0
VWA1,1.0,0.0,0.0,3.0,0.0,9.0
SGPP2,1.0,2.0,0.0,1.0,0.0,9.0
HNRNPM,1.0,3.0,0.0,0.0,0.0,9.0
TACC2,3.0,0.0,0.0,0.0,0.0,9.0
ZIC2,1.0,1.0,0.0,2.0,0.0,9.0
SGTA,1.0,3.0,0.0,0.0,0.0,9.0
NDUFAF7,1.0,2.0,0.0,1.0,0.0,9.0
ZHX1,1.0,3.0,0.0,0.0,0.0,9.0
BTN1A1,0.0,3.0,0.0,1.0,1.0,9.0
INPPL1,1.0,2.0,0.0,1.0,0.0,9.0
SPPL3,0.0,3.0,0.0,1.0,1.0,9.0
SPEG,1.0,0.0,0.0,3.0,0.0,9.0
NDUFAF4,1.0,3.0,0.0,0.0,0.0,9.0
COMTD1,3.0,0.0,0.0,0.0,0.0,9.0
GABRD,1.0,2.0,0.0,1.0,0.0,9.0
ZNF419,1.0,2.0,0.0,1.0,0.0,9.0
ZNF420,1.0,0.0,0.0,3.0,0.0,9.0
INTS7,1.0,2.0,0.0,1.0,0.0,9.0
INTS6,1.0,2.0,1.0,0.0,0.0,9.0
UBXN1,1.0,1.0,0.0,2.0,0.0,9.0
RMI2,1.0,0.0,0.0,3.0,0.0,9.0
WDR11,1.0,2.0,1.0,0.0,0.0,9.0
SLC25A45,1.0,1.0,0.0,2.0,0.0,9.0
DAZAP1,1.0,1.0,1.0,1.0,0.0,9.0
PIF1,1.0,2.0,0.0,1.0,0.0,9.0
HMGN3,3.0,0.0,0.0,0.0,0.0,9.0
VPS54,1.0,3.0,0.0,0.0,0.0,9.0
ACVR1C,1.0,2.0,0.0,1.0,0.0,9.0
BDP1,1.0,2.0,0.0,1.0,0.0,9.0
SLC28A2,1.0,2.0,0.0,1.0,0.0,9.0
KCNJ14,1.0,3.0,0.0,0.0,0.0,9.0
POLD4,1.0,0.0,0.0,3.0,0.0,9.0
ZKSCAN1,1.0,1.0,0.0,2.0,0.0,9.0
MNT,1.0,2.0,0.0,1.0,0.0,9.0
CYP17A1,1.0,2.0,0.0,1.0,0.0,9.0
CARS2,1.0,0.0,0.0,3.0,0.0,9.0
CEP170,1.0,3.0,0.0,0.0,0.0,9.0
ABCA3,1.0,3.0,0.0,0.0,0.0,9.0
NUDT21,1.0,0.0,1.0,2.0,0.0,9.0
SENP8,1.0,0.0,0.0,3.0,0.0,9.0
AIG1,1.0,3.0,0.0,0.0,0.0,9.0
NCAN,1.0,0.0,0.0,3.0,0.0,9.0
ADGRG3,0.0,2.0,0.0,2.0,1.0,9.0
DNAAF9,1.0,2.0,0.0,1.0,0.0,9.0
HDAC11,1.0,0.0,0.0,3.0,0.0,9.0
TACR1,0.0,1.0,0.0,3.0,1.0,9.0
TMBIM6,1.0,2.0,0.0,1.0,0.0,9.0
DNAI4,1.0,1.0,0.0,2.0,0.0,9.0
JDP2,1.0,3.0,0.0,0.0,0.0,9.0
DCAF16,1.0,1.0,0.0,2.0,0.0,9.0
LRRC2,1.0,1.0,0.0,2.0,0.0,9.0
THAP12,1.0,2.0,1.0,0.0,0.0,9.0
PTER,1.0,2.0,0.0,1.0,0.0,9.0
ERGIC1,1.0,3.0,0.0,0.0,0.0,9.0
EPM2AIP1,1.0,0.0,0.0,3.0,0.0,9.0
TMCO1,1.0,1.0,0.0,2.0,0.0,9.0
PDHB,1.0,0.0,1.0,2.0,0.0,9.0
PDE1B,1.0,1.0,0.0,2.0,0.0,9.0
POU2F3,1.0,1.0,0.0,2.0,0.0,9.0
DNAAF1,1.0,3.0,0.0,0.0,0.0,9.0
ATP5IF1,1.0,1.0,1.0,1.0,0.0,9.0
MISP,1.0,3.0,0.0,0.0,0.0,9.0
MITD1,1.0,2.0,0.0,1.0,0.0,9.0
FCRL3,2.0,1.0,0.0,0.0,1.0,9.0
GDPD3,1.0,3.0,0.0,0.0,0.0,9.0
BOK,1.0,1.0,0.0,2.0,0.0,9.0
GID4,1.0,2.0,0.0,1.0,0.0,9.0
LYVE1,1.0,2.0,0.0,1.0,0.0,9.0
LSG1,1.0,3.0,0.0,0.0,0.0,9.0
USPL1,1.0,2.0,0.0,1.0,0.0,9.0
POLR3C,1.0,2.0,0.0,1.0,0.0,9.0
CTSO,1.0,2.0,0.0,1.0,0.0,9.0
LSM6,1.0,2.0,0.0,1.0,0.0,9.0
UNC119B,1.0,2.0,0.0,1.0,0.0,9.0
MED12,1.0,0.0,1.0,2.0,0.0,9.0
OSBPL3,1.0,2.0,0.0,1.0,0.0,9.0
LSM2,1.0,0.0,0.0,3.0,0.0,9.0
SH3YL1,1.0,1.0,0.0,2.0,0.0,9.0
SLC1A3,1.0,2.0,1.0,0.0,0.0,9.0
TMEM170A,1.0,2.0,0.0,1.0,0.0,9.0
RBMS1,1.0,1.0,1.0,1.0,0.0,9.0
CENPH,1.0,2.0,0.0,1.0,0.0,9.0
NXPE3,1.0,3.0,0.0,0.0,0.0,9.0
TRAF3IP1,1.0,2.0,0.0,1.0,0.0,9.0
DCLRE1C,0.0,2.0,0.0,2.0,1.0,9.0
FBXO40,1.0,0.0,0.0,3.0,0.0,9.0
PTCH1,1.0,2.0,0.0,1.0,0.0,9.0
ANO1,1.0,0.0,0.0,3.0,0.0,9.0
LRRC8E,1.0,2.0,0.0,1.0,0.0,9.0
COL5A3,1.0,1.0,0.0,2.0,0.0,9.0
STK25,1.0,2.0,1.0,0.0,0.0,9.0
CR1L,1.0,2.0,0.0,1.0,0.0,9.0
HBG2,1.0,1.0,0.0,2.0,0.0,9.0
TSHZ3,1.0,1.0,1.0,1.0,0.0,9.0
AQP2,1.0,0.0,0.0,3.0,0.0,9.0
AMY2A,1.0,3.0,0.0,0.0,0.0,9.0
BYSL,1.0,3.0,0.0,0.0,0.0,9.0
MDN1,1.0,3.0,0.0,0.0,0.0,9.0
COBL,1.0,2.0,0.0,1.0,0.0,9.0
APOBR,1.0,2.0,0.0,1.0,0.0,9.0
COLEC11,1.0,0.0,0.0,3.0,0.0,9.0
HIGD1C,1.0,1.0,0.0,2.0,0.0,9.0
BOD1L1,1.0,2.0,0.0,1.0,0.0,9.0
UBLCP1,1.0,2.0,0.0,1.0,0.0,9.0
COG5,1.0,1.0,0.0,2.0,0.0,9.0
CIRBP,1.0,3.0,0.0,0.0,0.0,9.0
LMCD1,1.0,3.0,0.0,0.0,0.0,9.0
MMACHC,1.0,2.0,0.0,1.0,0.0,9.0
DBNDD2,1.0,2.0,0.0,1.0,0.0,9.0
FAR1,1.0,3.0,0.0,0.0,0.0,9.0
GLG1,1.0,2.0,0.0,1.0,0.0,9.0
BCL9,1.0,2.0,0.0,1.0,0.0,9.0
MKLN1,1.0,2.0,0.0,1.0,0.0,9.0
CELF4,3.0,0.0,0.0,0.0,0.0,9.0
ECPAS,1.0,1.0,0.0,2.0,0.0,9.0
GLIS1,1.0,2.0,0.0,1.0,0.0,9.0
TSPO2,1.0,2.0,0.0,1.0,0.0,9.0
PPIL2,1.0,1.0,0.0,2.0,0.0,9.0
USP44,0.0,0.0,0.0,3.0,3.0,9.0
CEP43,1.0,1.0,0.0,2.0,0.0,9.0
FANCM,1.0,1.0,0.0,2.0,0.0,9.0
GAS5,1.0,2.0,0.0,1.0,0.0,9.0
ECE1,1.0,0.0,0.0,3.0,0.0,9.0
LINGO1,1.0,1.0,0.0,2.0,0.0,9.0
CEP57,1.0,1.0,0.0,2.0,0.0,9.0
ADCK2,1.0,3.0,0.0,0.0,0.0,9.0
CBFA2T2,1.0,3.0,0.0,0.0,0.0,9.0
OCEL1,1.0,1.0,0.0,2.0,0.0,9.0
EDC4,1.0,1.0,0.0,2.0,0.0,9.0
TMEM45A,3.0,0.0,0.0,0.0,0.0,9.0
APOC4,1.0,1.0,0.0,2.0,0.0,9.0
SAPCD2,1.0,2.0,0.0,1.0,0.0,9.0
GDA,1.0,1.0,0.0,2.0,0.0,9.0
SOAT2,1.0,3.0,0.0,0.0,0.0,9.0
CCL23,1.0,2.0,0.0,1.0,0.0,9.0
CDK2AP1,1.0,2.0,1.0,0.0,0.0,9.0
ERN2,1.0,3.0,0.0,0.0,0.0,9.0
FAT1,1.0,3.0,0.0,0.0,0.0,9.0
FECH,1.0,1.0,1.0,1.0,0.0,9.0
MDH1B,1.0,2.0,0.0,1.0,0.0,9.0
TNFRSF13B,0.0,4.0,0.0,0.0,1.0,9.0
MED28,1.0,1.0,0.0,2.0,0.0,9.0
IRF6,1.0,2.0,0.0,1.0,0.0,9.0
SLFN13,1.0,3.0,0.0,0.0,0.0,9.0
KAT7,0.0,3.0,0.0,1.0,1.0,9.0
CRIM1,1.0,3.0,0.0,0.0,0.0,9.0
IRF2BP1,1.0,2.0,0.0,1.0,0.0,9.0
HGD,1.0,1.0,0.0,2.0,0.0,9.0
SNX6,1.0,2.0,0.0,1.0,0.0,9.0
EPHB6,1.0,2.0,0.0,1.0,0.0,9.0
LYAR,1.0,3.0,0.0,0.0,0.0,9.0
SLC25A20,1.0,1.0,0.0,2.0,0.0,9.0
CDH15,1.0,0.0,1.0,2.0,0.0,9.0
CCM2,1.0,2.0,0.0,1.0,0.0,9.0
HOXC8,1.0,1.0,0.0,2.0,0.0,9.0
ZNF195,1.0,3.0,0.0,0.0,0.0,9.0
MIPEP,1.0,1.0,1.0,1.0,0.0,9.0
SPART,1.0,2.0,0.0,1.0,0.0,9.0
NMRAL1,1.0,3.0,0.0,0.0,0.0,9.0
ARFGAP1,1.0,0.0,0.0,3.0,0.0,9.0
CCT6A,1.0,1.0,1.0,1.0,0.0,9.0
AMMECR1,1.0,2.0,1.0,0.0,0.0,9.0
IL19,1.0,3.0,0.0,0.0,0.0,9.0
FAHD1,1.0,3.0,0.0,0.0,0.0,9.0
DSTN,1.0,2.0,1.0,0.0,0.0,9.0
GTF3C5,1.0,3.0,0.0,0.0,0.0,9.0
NME8,1.0,2.0,0.0,1.0,0.0,9.0
PRG4,1.0,3.0,0.0,0.0,0.0,9.0
WRAP73,1.0,3.0,0.0,0.0,0.0,9.0
FSHB,1.0,2.0,0.0,1.0,0.0,9.0
MRRF,1.0,1.0,0.0,2.0,0.0,9.0
ARL4D,1.0,2.0,0.0,1.0,0.0,9.0
NOP14,1.0,1.0,0.0,2.0,0.0,9.0
TTC33,1.0,2.0,1.0,0.0,0.0,9.0
ATXN3L,1.0,0.0,0.0,3.0,0.0,9.0
GOLGA4,1.0,3.0,0.0,0.0,0.0,9.0
SELENOM,1.0,3.0,0.0,0.0,0.0,9.0
SFI1,1.0,1.0,0.0,2.0,0.0,9.0
TBC1D12,1.0,2.0,0.0,1.0,0.0,9.0
SCAMP1,1.0,1.0,0.0,2.0,0.0,9.0
AP3B1,0.0,1.0,1.0,1.0,3.0,9.0
KIF9,1.0,2.0,0.0,1.0,0.0,9.0
BTAF1,1.0,0.0,0.0,3.0,0.0,9.0
FRMD4B,1.0,3.0,0.0,0.0,0.0,9.0
SYF2,1.0,1.0,0.0,2.0,0.0,9.0
ENSG00000286190,3.0,0.0,0.0,0.0,0.0,9.0
DFFB,1.0,0.0,1.0,2.0,0.0,9.0
DFFA,1.0,2.0,0.0,1.0,0.0,9.0
ABRA,1.0,3.0,0.0,0.0,0.0,9.0
C2CD4B,1.0,3.0,0.0,0.0,0.0,9.0
DUSP12,1.0,1.0,1.0,1.0,0.0,9.0
SLC35E4,1.0,3.0,0.0,0.0,0.0,9.0
PHF7,1.0,1.0,0.0,2.0,0.0,9.0
REEP4,1.0,3.0,0.0,0.0,0.0,9.0
NEK9,1.0,3.0,0.0,0.0,0.0,9.0
WNT10A,1.0,0.0,0.0,3.0,0.0,9.0
ENY2,1.0,1.0,0.0,2.0,0.0,9.0
ENTREP3,1.0,2.0,0.0,1.0,0.0,9.0
PCGF3,1.0,1.0,0.0,2.0,0.0,9.0
ANKLE2,1.0,3.0,0.0,0.0,0.0,9.0
IL22,1.0,3.0,0.0,0.0,0.0,9.0
GUCA2B,1.0,3.0,0.0,0.0,0.0,9.0
KIAA1958,1.0,3.0,0.0,0.0,0.0,9.0
AP1M2,1.0,0.0,0.0,3.0,0.0,9.0
SLC35G1,1.0,3.0,0.0,0.0,0.0,9.0
GRB7,1.0,3.0,0.0,0.0,0.0,9.0
LBH,1.0,1.0,1.0,1.0,0.0,9.0
MRPS14,1.0,1.0,0.0,2.0,0.0,9.0
RFPL3,1.0,2.0,0.0,1.0,0.0,9.0
CFAP68,1.0,1.0,0.0,2.0,0.0,9.0
NOA1,1.0,3.0,0.0,0.0,0.0,9.0
TEX9,1.0,2.0,0.0,1.0,0.0,9.0
LARP7,1.0,2.0,0.0,1.0,0.0,9.0
ASNSD1,1.0,2.0,0.0,1.0,0.0,9.0
ULBP1,0.0,0.0,1.0,3.0,1.0,9.0
MAN2B2,1.0,3.0,0.0,0.0,0.0,9.0
KIF1B,1.0,1.0,0.0,2.0,0.0,9.0
EFR3A,1.0,2.0,0.0,1.0,0.0,9.0
ZPBP,1.0,0.0,0.0,3.0,0.0,9.0
KIFC2,1.0,0.0,0.0,3.0,0.0,9.0
TIMM21,1.0,1.0,0.0,2.0,0.0,9.0
SMUG1,1.0,3.0,0.0,0.0,0.0,9.0
DHRS7B,1.0,1.0,0.0,2.0,0.0,9.0
ZNF862,1.0,2.0,0.0,1.0,0.0,9.0
ACE2,1.0,1.0,1.0,1.0,0.0,9.0
SEC61A1,1.0,1.0,0.0,2.0,0.0,9.0
FNIP1,0.0,2.0,0.0,2.0,1.0,9.0
IGFBPL1,1.0,2.0,0.0,1.0,0.0,9.0
SMTN,1.0,1.0,0.0,2.0,0.0,9.0
CHFR,1.0,0.0,0.0,3.0,0.0,9.0
STX8,1.0,2.0,0.0,1.0,0.0,9.0
FAM167A,1.0,2.0,0.0,1.0,0.0,9.0
ABCB8,1.0,1.0,0.0,2.0,0.0,9.0
CAMSAP2,1.0,1.0,0.0,2.0,0.0,9.0
DHRS7,1.0,2.0,0.0,1.0,0.0,9.0
SIX1,1.0,2.0,0.0,1.0,0.0,9.0
DRAM2,1.0,2.0,0.0,1.0,0.0,9.0
CD79A,0.0,3.0,0.0,1.0,1.0,9.0
AFF4,1.0,3.0,0.0,0.0,0.0,9.0
TMEM248,1.0,1.0,0.0,2.0,0.0,9.0
CASD1,1.0,3.0,0.0,0.0,0.0,9.0
KLK14,1.0,3.0,0.0,0.0,0.0,9.0
TOM1L2,1.0,1.0,0.0,2.0,0.0,9.0
DHODH,1.0,2.0,0.0,1.0,0.0,9.0
TMEM9,1.0,3.0,0.0,0.0,0.0,9.0
SMPD3,1.0,1.0,0.0,2.0,0.0,9.0
KLHL25,0.0,0.0,0.0,3.0,3.0,9.0
KLHL32,1.0,2.0,0.0,1.0,0.0,9.0
MTRF1L,1.0,0.0,0.0,3.0,0.0,9.0
C4ORF46,1.0,3.0,0.0,0.0,0.0,9.0
IKZF5,1.0,3.0,0.0,0.0,0.0,9.0
CAMLG,1.0,2.0,1.0,0.0,0.0,9.0
AP3D1,0.0,2.0,0.0,1.0,3.0,9.0
OTOF,1.0,2.0,0.0,1.0,0.0,9.0
MSI2,1.0,3.0,0.0,0.0,0.0,9.0
COQ3,1.0,3.0,0.0,0.0,0.0,9.0
TOX2,1.0,3.0,0.0,0.0,0.0,9.0
NFATC2IP,1.0,2.0,0.0,1.0,0.0,9.0
CCDC28A,1.0,2.0,0.0,1.0,0.0,9.0
FOXRED1,1.0,3.0,0.0,0.0,0.0,9.0
ZNRF3,1.0,0.0,0.0,3.0,0.0,9.0
ARFGAP3,1.0,1.0,0.0,2.0,0.0,9.0
TNS4,1.0,2.0,0.0,1.0,0.0,9.0
DGKE,1.0,2.0,0.0,1.0,0.0,9.0
RSRC2,1.0,2.0,0.0,1.0,0.0,9.0
CAB39L,1.0,1.0,0.0,2.0,0.0,9.0
KRT78,1.0,3.0,0.0,0.0,0.0,9.0
SKIC3,1.0,2.0,0.0,1.0,0.0,9.0
ZAN,1.0,3.0,0.0,0.0,0.0,9.0
RHOBTB1,1.0,1.0,0.0,2.0,0.0,9.0
ACAD9,1.0,2.0,1.0,0.0,0.0,9.0
FAM210A,1.0,3.0,0.0,0.0,0.0,9.0
ARHGAP42,1.0,3.0,0.0,0.0,0.0,9.0
CSRP3,1.0,2.0,0.0,1.0,0.0,9.0
RESF1,1.0,3.0,0.0,0.0,0.0,9.0
IFT52,1.0,2.0,0.0,1.0,0.0,9.0
SETD4,1.0,3.0,0.0,0.0,0.0,9.0
AP4S1,1.0,2.0,0.0,1.0,0.0,9.0
PGLYRP2,1.0,2.0,0.0,0.0,2.0,9.0
CFAP410,1.0,1.0,0.0,2.0,0.0,9.0
MRPS25,1.0,1.0,0.0,2.0,0.0,9.0
STON1,1.0,1.0,0.0,2.0,0.0,9.0
SART1,0.0,3.0,0.0,0.0,3.0,9.0
LILRB1,0.0,1.0,0.0,1.0,5.0,9.0
RAG2,0.0,2.0,0.0,0.0,5.0,9.0
OSGIN2,1.0,3.0,0.0,0.0,0.0,9.0
CALML5,1.0,2.0,0.0,1.0,0.0,9.0
PLCXD2,1.0,3.0,0.0,0.0,0.0,9.0
SPINK5,0.0,2.0,0.0,1.0,3.0,9.0
C19ORF38,1.0,2.0,0.0,1.0,0.0,9.0
MEP1A,1.0,2.0,0.0,1.0,0.0,9.0
PTPRF,1.0,3.0,0.0,0.0,0.0,9.0
ABCB11,1.0,0.0,1.0,2.0,0.0,9.0
PLA2G2D,0.0,2.0,0.0,1.0,3.0,9.0
PPP6R3,1.0,0.0,0.0,3.0,0.0,9.0
DELE1,1.0,2.0,0.0,1.0,0.0,9.0
UFC1,1.0,1.0,0.0,2.0,0.0,9.0
ZNF347,1.0,0.0,0.0,3.0,0.0,9.0
WDR89,1.0,3.0,0.0,0.0,0.0,9.0
ASB11,1.0,0.0,0.0,3.0,0.0,9.0
GPRIN3,1.0,3.0,0.0,0.0,0.0,9.0
CRYBA4,1.0,1.0,0.0,2.0,0.0,9.0
IMMP2L,1.0,1.0,0.0,2.0,0.0,9.0
CNKSR2,3.0,0.0,0.0,0.0,0.0,9.0
MBNL2,1.0,0.0,1.0,2.0,0.0,9.0
TTC22,1.0,1.0,0.0,2.0,0.0,9.0
SLC7A3,1.0,3.0,0.0,0.0,0.0,9.0
PTPN9,1.0,3.0,0.0,0.0,0.0,9.0
CES5A,1.0,1.0,0.0,2.0,0.0,9.0
LIN9,1.0,2.0,0.0,1.0,0.0,9.0
MCF2L-AS1,3.0,0.0,0.0,0.0,0.0,9.0
CPSF3,1.0,2.0,1.0,0.0,0.0,9.0
SPTY2D1,1.0,2.0,0.0,1.0,0.0,9.0
UPF2,1.0,2.0,0.0,1.0,0.0,9.0
DNASE1L3,1.0,3.0,0.0,0.0,0.0,9.0
ACTL6B,0.0,1.0,0.0,2.0,3.0,9.0
CNR1,1.0,2.0,0.0,1.0,0.0,9.0
CPEB2,1.0,2.0,0.0,1.0,0.0,9.0
GPR88,1.0,0.0,0.0,3.0,0.0,9.0
PARPBP,1.0,1.0,0.0,2.0,0.0,9.0
SQOR,1.0,3.0,0.0,0.0,0.0,9.0
P2RX6,1.0,0.0,0.0,3.0,0.0,9.0
CSPG4,1.0,0.0,0.0,3.0,0.0,9.0
CSTF3,1.0,1.0,0.0,2.0,0.0,9.0
SLC30A9,1.0,2.0,1.0,0.0,0.0,9.0
HPRT1,0.0,1.0,1.0,2.0,1.0,9.0
CPS1,1.0,0.0,0.0,3.0,0.0,9.0
PCOLCE2,1.0,3.0,0.0,0.0,0.0,9.0
EMG1,1.0,3.0,0.0,0.0,0.0,9.0
EVA1B,1.0,2.0,0.0,1.0,0.0,9.0
CNNM4,1.0,3.0,0.0,0.0,0.0,9.0
CCDC90B,1.0,2.0,0.0,1.0,0.0,9.0
FZD9,0.0,0.0,1.0,3.0,1.0,9.0
PLEKHF2,1.0,1.0,0.0,2.0,0.0,9.0
TRIM35,1.0,3.0,0.0,0.0,0.0,9.0
TBC1D10B,1.0,1.0,0.0,2.0,0.0,9.0
SHLD2,1.0,2.0,0.0,0.0,2.0,9.0
OXTR,1.0,1.0,0.0,2.0,0.0,9.0
HSF4,1.0,1.0,0.0,2.0,0.0,9.0
TAGLN3,1.0,3.0,0.0,0.0,0.0,9.0
TNNI2,1.0,3.0,0.0,0.0,0.0,9.0
GUSB,1.0,2.0,0.0,1.0,0.0,9.0
ONECUT1,0.0,0.0,0.0,4.0,1.0,9.0
PLOD3,1.0,1.0,0.0,2.0,0.0,9.0
ACTL10,1.0,3.0,0.0,0.0,0.0,9.0
TNNI3,1.0,1.0,0.0,2.0,0.0,9.0
AVEN,1.0,2.0,0.0,1.0,0.0,9.0
IL5RA,1.0,2.0,0.0,1.0,0.0,9.0
PRDM14,1.0,0.0,0.0,3.0,0.0,9.0
DUSP19,1.0,2.0,0.0,1.0,0.0,9.0
FXYD4,1.0,2.0,0.0,1.0,0.0,9.0
DUSP22,1.0,1.0,0.0,0.0,4.0,9.0
BFSP1,1.0,2.0,0.0,1.0,0.0,9.0
MFAP4,0.0,3.0,0.0,1.0,0.0,8.0
OTUD3,0.0,0.0,0.0,4.0,0.0,8.0
OTOA,0.0,2.0,0.0,2.0,0.0,8.0
ATP5MC2,0.0,2.0,0.0,2.0,0.0,8.0
STYX,0.0,4.0,0.0,0.0,0.0,8.0
MID1,0.0,3.0,0.0,1.0,0.0,8.0
NXPE4,0.0,3.0,0.0,1.0,0.0,8.0
ATN1,0.0,1.0,0.0,3.0,0.0,8.0
TNNT2,0.0,2.0,1.0,1.0,0.0,8.0
OGFR,0.0,4.0,0.0,0.0,0.0,8.0
TPRN,0.0,0.0,0.0,4.0,0.0,8.0
DBN1,0.0,3.0,0.0,1.0,0.0,8.0
ATP6AP1,0.0,1.0,0.0,3.0,0.0,8.0
TNFSF8,1.0,1.0,0.0,0.0,3.0,8.0
STXBP2,0.0,0.0,0.0,4.0,0.0,8.0
MGAM,0.0,2.0,0.0,2.0,0.0,8.0
AGMAT,2.0,0.0,0.0,1.0,0.0,8.0
C5ORF63,0.0,2.0,0.0,2.0,0.0,8.0
SHROOM1,0.0,2.0,0.0,2.0,0.0,8.0
CCDC185,0.0,3.0,0.0,1.0,0.0,8.0
TNNT1,0.0,3.0,0.0,1.0,0.0,8.0
OVGP1,2.0,1.0,0.0,0.0,0.0,8.0
ELL3,0.0,3.0,0.0,1.0,0.0,8.0
SYT8,0.0,2.0,0.0,2.0,0.0,8.0
UBR1,0.0,0.0,0.0,4.0,0.0,8.0
MEX3C,0.0,3.0,0.0,1.0,0.0,8.0
PKDCC,0.0,2.0,0.0,2.0,0.0,8.0
CZIB,0.0,3.0,0.0,1.0,0.0,8.0
OTUB2,0.0,1.0,0.0,3.0,0.0,8.0
TOM1,0.0,0.0,0.0,4.0,0.0,8.0
OLFML3,0.0,2.0,0.0,2.0,0.0,8.0
CCDC59,0.0,4.0,0.0,0.0,0.0,8.0
AP5M1,0.0,3.0,0.0,1.0,0.0,8.0
TOMM7,0.0,4.0,0.0,0.0,0.0,8.0
OLA1,0.0,2.0,0.0,2.0,0.0,8.0
STX7,0.0,2.0,0.0,2.0,0.0,8.0
ARHGAP31,0.0,4.0,0.0,0.0,0.0,8.0
MINK1,0.0,1.0,0.0,3.0,0.0,8.0
UBR7,0.0,4.0,0.0,0.0,0.0,8.0
ELMO1,0.0,3.0,0.0,1.0,0.0,8.0
AGBL5,0.0,2.0,0.0,2.0,0.0,8.0
SBNO1,0.0,3.0,0.0,1.0,0.0,8.0
ORC3,0.0,3.0,0.0,1.0,0.0,8.0
TMEM164,0.0,2.0,0.0,2.0,0.0,8.0
TOMM34,0.0,0.0,1.0,3.0,0.0,8.0
PLBD2,0.0,3.0,0.0,1.0,0.0,8.0
OLAH,0.0,2.0,0.0,2.0,0.0,8.0
OTUD7B,0.0,1.0,0.0,3.0,0.0,8.0
STYXL1,0.0,4.0,0.0,0.0,0.0,8.0
AQP1,0.0,0.0,1.0,3.0,0.0,8.0
AIRIM,0.0,3.0,0.0,1.0,0.0,8.0
AOC1,0.0,1.0,0.0,3.0,0.0,8.0
AZIN1,0.0,1.0,1.0,2.0,0.0,8.0
TOE1,0.0,2.0,0.0,2.0,0.0,8.0
C5AR2,0.0,2.0,0.0,2.0,0.0,8.0
AP5S1,0.0,4.0,0.0,0.0,0.0,8.0
CCDC186,0.0,3.0,0.0,1.0,0.0,8.0
DCAF5,0.0,2.0,0.0,2.0,0.0,8.0
UGT2B28,0.0,2.0,0.0,2.0,0.0,8.0
APRT,0.0,2.0,0.0,2.0,0.0,8.0
MINDY4,0.0,2.0,0.0,2.0,0.0,8.0
MED18,0.0,1.0,0.0,3.0,0.0,8.0
OCRL,0.0,3.0,0.0,1.0,0.0,8.0
PLA2G6,0.0,2.0,0.0,2.0,0.0,8.0
SAP25,0.0,0.0,0.0,4.0,0.0,8.0
MFSD14A,0.0,2.0,0.0,2.0,0.0,8.0
PLAA,0.0,2.0,1.0,1.0,0.0,8.0
DAGLB,0.0,3.0,0.0,1.0,0.0,8.0
CYP4F22,0.0,0.0,0.0,4.0,0.0,8.0
PLAAT1,0.0,2.0,0.0,2.0,0.0,8.0
MIEF1,0.0,4.0,0.0,0.0,0.0,8.0
MEGF8,2.0,1.0,0.0,0.0,0.0,8.0
EFEMP2,0.0,2.0,0.0,2.0,0.0,8.0
SCAI,0.0,4.0,0.0,0.0,0.0,8.0
SIGLEC14,0.0,2.0,0.0,2.0,0.0,8.0
AGTR2,0.0,2.0,1.0,1.0,0.0,8.0
AGGF1,0.0,2.0,0.0,2.0,0.0,8.0
PKP3,2.0,1.0,0.0,0.0,0.0,8.0
MEPE,0.0,1.0,0.0,3.0,0.0,8.0
DBT,0.0,2.0,0.0,2.0,0.0,8.0
CPAMD8,0.0,1.0,0.0,3.0,0.0,8.0
PLCL2,0.0,2.0,0.0,1.0,2.0,8.0
MEPCE,0.0,3.0,0.0,1.0,0.0,8.0
OMP,0.0,1.0,0.0,3.0,0.0,8.0
PLEKHA2,0.0,3.0,0.0,1.0,0.0,8.0
CCDC22,0.0,1.0,0.0,3.0,0.0,8.0
OBSL1,0.0,1.0,0.0,3.0,0.0,8.0
PLEC,0.0,2.0,0.0,2.0,0.0,8.0
AHCYL2,0.0,3.0,0.0,1.0,0.0,8.0
ODF1,0.0,1.0,0.0,3.0,0.0,8.0
METTL17,0.0,3.0,0.0,1.0,0.0,8.0
SYTL4,0.0,0.0,0.0,4.0,0.0,8.0
P2RX2,0.0,0.0,0.0,4.0,0.0,8.0
CCDC180,0.0,4.0,0.0,0.0,0.0,8.0
P2RX3,0.0,2.0,0.0,2.0,0.0,8.0
MIAT,2.0,1.0,0.0,0.0,0.0,8.0
SYT10,0.0,0.0,0.0,4.0,0.0,8.0
ORAI3,0.0,4.0,0.0,0.0,0.0,8.0
TP53I11,0.0,2.0,0.0,2.0,0.0,8.0
APH1A,0.0,1.0,0.0,3.0,0.0,8.0
SCAMP1-AS1,0.0,4.0,0.0,0.0,0.0,8.0
ELAC1,0.0,3.0,0.0,1.0,0.0,8.0
ANO8,0.0,1.0,0.0,3.0,0.0,8.0
AGRP,0.0,4.0,0.0,0.0,0.0,8.0
ELF2,0.0,2.0,0.0,2.0,0.0,8.0
TPP1,0.0,2.0,0.0,2.0,0.0,8.0
DAPK3,0.0,2.0,0.0,2.0,0.0,8.0
APCDD1L,0.0,0.0,0.0,4.0,0.0,8.0
P3H2,0.0,2.0,0.0,2.0,0.0,8.0
OSGEPL1,0.0,2.0,0.0,2.0,0.0,8.0
ATMIN,0.0,4.0,0.0,0.0,0.0,8.0
AP3S2,0.0,3.0,0.0,1.0,0.0,8.0
ANP32E,0.0,2.0,0.0,2.0,0.0,8.0
ORC4,0.0,0.0,1.0,3.0,0.0,8.0
APOA5,0.0,1.0,0.0,3.0,0.0,8.0
UCMA,0.0,1.0,0.0,3.0,0.0,8.0
OVOL2,0.0,2.0,0.0,2.0,0.0,8.0
APPL1,0.0,3.0,0.0,1.0,0.0,8.0
CCDC3,0.0,2.0,0.0,2.0,0.0,8.0
MED31,0.0,2.0,0.0,2.0,0.0,8.0
PLAG1,2.0,1.0,0.0,0.0,0.0,8.0
CCDC18,0.0,2.0,0.0,2.0,0.0,8.0
EIF1B,0.0,2.0,2.0,0.0,0.0,8.0
SIGLEC9,0.0,2.0,0.0,2.0,0.0,8.0
TAC1,0.0,1.0,0.0,3.0,0.0,8.0
CASQ2,0.0,2.0,0.0,2.0,0.0,8.0
ELF3,0.0,3.0,0.0,1.0,0.0,8.0
MGAT5B,0.0,2.0,0.0,2.0,0.0,8.0
OSBPL10,0.0,3.0,0.0,1.0,0.0,8.0
CYTH2,0.0,2.0,1.0,1.0,0.0,8.0
MIF4GD,0.0,1.0,2.0,1.0,0.0,8.0
UBE3D,0.0,3.0,0.0,1.0,0.0,8.0
AGTPBP1,0.0,2.0,0.0,2.0,0.0,8.0
UBTD2,0.0,4.0,0.0,0.0,0.0,8.0
PLAC1,0.0,4.0,0.0,0.0,0.0,8.0
OSCAR,0.0,2.0,0.0,2.0,0.0,8.0
CYREN,0.0,2.0,0.0,2.0,0.0,8.0
STXBP5,0.0,1.0,1.0,2.0,0.0,8.0
ANXA7,0.0,0.0,1.0,3.0,0.0,8.0
SHC2,0.0,0.0,2.0,2.0,0.0,8.0
TPCN1,0.0,4.0,0.0,0.0,0.0,8.0
DCAF11,0.0,2.0,0.0,2.0,0.0,8.0
TMEM41B,0.0,3.0,0.0,1.0,0.0,8.0
SYP,0.0,1.0,0.0,3.0,0.0,8.0
PFKL,0.0,2.0,0.0,2.0,0.0,8.0
DHX40,0.0,4.0,0.0,0.0,0.0,8.0
PCDHGB5,0.0,3.0,0.0,1.0,0.0,8.0
DHX38,0.0,3.0,0.0,1.0,0.0,8.0
DPH1,0.0,1.0,0.0,3.0,0.0,8.0
DPH6,0.0,1.0,0.0,3.0,0.0,8.0
CACNA2D3,0.0,3.0,0.0,1.0,0.0,8.0
DHX36,0.0,3.0,0.0,1.0,0.0,8.0
TTC39B,0.0,4.0,0.0,0.0,0.0,8.0
SELE,0.0,1.0,0.0,3.0,0.0,8.0
DHX29,0.0,4.0,0.0,0.0,0.0,8.0
TRMT2B,0.0,2.0,0.0,2.0,0.0,8.0
NFRKB,0.0,2.0,0.0,2.0,0.0,8.0
TMEM81,0.0,4.0,0.0,0.0,0.0,8.0
NFX1,0.0,4.0,0.0,0.0,0.0,8.0
MTRR,0.0,1.0,0.0,3.0,0.0,8.0
DPP9,0.0,4.0,0.0,0.0,0.0,8.0
NFYC,0.0,1.0,0.0,3.0,0.0,8.0
TRMT112,0.0,2.0,0.0,2.0,0.0,8.0
CSRNP2,0.0,3.0,0.0,1.0,0.0,8.0
TTC9B,0.0,4.0,0.0,0.0,0.0,8.0
MTMR9,0.0,2.0,0.0,2.0,0.0,8.0
TRMT5,0.0,4.0,0.0,0.0,0.0,8.0
DIABLO,0.0,0.0,1.0,3.0,0.0,8.0
SELENOI,0.0,2.0,0.0,2.0,0.0,8.0
NEU2,0.0,2.0,0.0,2.0,0.0,8.0
RUVBL2,0.0,1.0,0.0,3.0,0.0,8.0
CXADR,0.0,0.0,0.0,3.0,2.0,8.0
CST8,0.0,1.0,0.0,3.0,0.0,8.0
CAMK1G,0.0,3.0,0.0,1.0,0.0,8.0
TTC27,0.0,4.0,0.0,0.0,0.0,8.0
NEO1,0.0,3.0,0.0,1.0,0.0,8.0
DOCK11,0.0,2.0,0.0,1.0,2.0,8.0
DOCK3,0.0,2.0,0.0,2.0,0.0,8.0
NES,0.0,2.0,0.0,2.0,0.0,8.0
AMMECR1L,0.0,3.0,0.0,1.0,0.0,8.0
DICER1,0.0,2.0,0.0,2.0,0.0,8.0
PEX10,0.0,1.0,0.0,3.0,0.0,8.0
NEU3,0.0,1.0,0.0,3.0,0.0,8.0
TTC32,0.0,3.0,0.0,1.0,0.0,8.0
PEX12,0.0,1.0,0.0,3.0,0.0,8.0
NEURL1B,0.0,3.0,0.0,1.0,0.0,8.0
NEURL2,0.0,2.0,0.0,2.0,0.0,8.0
RTEL1,0.0,3.0,0.0,1.0,0.0,8.0
TRMT61A,0.0,2.0,0.0,2.0,0.0,8.0
NEXN,0.0,4.0,0.0,0.0,0.0,8.0
NGRN,0.0,3.0,1.0,0.0,0.0,8.0
CAMP,0.0,1.0,0.0,3.0,0.0,8.0
PGS1,0.0,4.0,0.0,0.0,0.0,8.0
TRMT10B,0.0,2.0,0.0,2.0,0.0,8.0
MT1G,0.0,3.0,0.0,1.0,0.0,8.0
DGKI,0.0,3.0,0.0,1.0,0.0,8.0
SETD2,0.0,3.0,0.0,1.0,0.0,8.0
PGLYRP4,0.0,3.0,0.0,1.0,0.0,8.0
SETD5,0.0,1.0,0.0,3.0,0.0,8.0
PGM2,0.0,2.0,0.0,2.0,0.0,8.0
NKAP,0.0,1.0,0.0,1.0,4.0,8.0
MT-CO2,0.0,0.0,0.0,4.0,0.0,8.0
RYR2,0.0,2.0,0.0,2.0,0.0,8.0
MT-CO1,0.0,0.0,0.0,4.0,0.0,8.0
CABIN1,0.0,2.0,0.0,2.0,0.0,8.0
MSX2,0.0,2.0,0.0,2.0,0.0,8.0
NKRF,0.0,4.0,0.0,0.0,0.0,8.0
AMDHD2,0.0,2.0,0.0,2.0,0.0,8.0
TAFA4,0.0,1.0,0.0,3.0,0.0,8.0
NKX2-3,0.0,1.0,0.0,1.0,4.0,8.0
MSRB3,0.0,2.0,0.0,2.0,0.0,8.0
DSC2,2.0,0.0,0.0,1.0,0.0,8.0
NKX2-5,0.0,2.0,0.0,2.0,0.0,8.0
PGRMC2,0.0,2.0,2.0,0.0,0.0,8.0
SEC22A,0.0,1.0,0.0,3.0,0.0,8.0
RSPH9,0.0,3.0,0.0,1.0,0.0,8.0
CABYR,0.0,1.0,0.0,3.0,0.0,8.0
ARHGAP10,0.0,1.0,0.0,3.0,0.0,8.0
RSPO3,0.0,0.0,0.0,4.0,0.0,8.0
CSPG5,0.0,2.0,0.0,2.0,0.0,8.0
DPT,2.0,0.0,0.0,1.0,0.0,8.0
MTMR10,0.0,4.0,0.0,0.0,0.0,8.0
DHRS11,0.0,4.0,0.0,0.0,0.0,8.0
TRMO,0.0,3.0,0.0,1.0,0.0,8.0
TTI2,0.0,2.0,0.0,2.0,0.0,8.0
CACNA1D,0.0,1.0,0.0,3.0,0.0,8.0
DPYSL3,0.0,0.0,0.0,4.0,0.0,8.0
DPYSL4,0.0,2.0,0.0,2.0,0.0,8.0
NID1,0.0,2.0,0.0,2.0,0.0,8.0
SUPT3H,0.0,3.0,0.0,1.0,0.0,8.0
MTFR2,0.0,3.0,0.0,1.0,0.0,8.0
TTLL10,0.0,1.0,0.0,3.0,0.0,8.0
MTFMT,0.0,0.0,0.0,4.0,0.0,8.0
PCDHB6,0.0,4.0,0.0,0.0,0.0,8.0
PGAP1,0.0,0.0,2.0,2.0,0.0,8.0
MTDH,0.0,3.0,1.0,0.0,0.0,8.0
NIN,0.0,1.0,1.0,2.0,0.0,8.0
AMER1,0.0,0.0,0.0,4.0,0.0,8.0
MTBP,0.0,2.0,0.0,2.0,0.0,8.0
TRPC7,0.0,0.0,0.0,4.0,0.0,8.0
NEK1,0.0,2.0,0.0,2.0,0.0,8.0
NEIL3,0.0,2.0,0.0,2.0,0.0,8.0
CST9L,0.0,1.0,0.0,3.0,0.0,8.0
MED14,0.0,2.0,0.0,2.0,0.0,8.0
TMEM37,0.0,2.0,0.0,2.0,0.0,8.0
NCR2,0.0,0.0,1.0,3.0,0.0,8.0
TSPAN9,0.0,4.0,0.0,0.0,0.0,8.0
TMEM51,0.0,1.0,0.0,3.0,0.0,8.0
CTHRC1,0.0,2.0,0.0,2.0,0.0,8.0
ATXN10,0.0,2.0,1.0,1.0,0.0,8.0
CUEDC2,0.0,2.0,1.0,1.0,0.0,8.0
DMC1,0.0,2.0,0.0,2.0,0.0,8.0
ANKH,0.0,4.0,0.0,0.0,0.0,8.0
NDP,0.0,3.0,0.0,1.0,0.0,8.0
DLX6,0.0,2.0,0.0,2.0,0.0,8.0
NAAA,0.0,4.0,0.0,0.0,0.0,8.0
AMPH,0.0,0.0,0.0,4.0,0.0,8.0
PCYT1A,0.0,3.0,0.0,1.0,0.0,8.0
NAA40,0.0,3.0,0.0,1.0,0.0,8.0
NAA25,0.0,4.0,0.0,0.0,0.0,8.0
NDUFA3,0.0,2.0,0.0,2.0,0.0,8.0
DLL3,0.0,0.0,0.0,4.0,0.0,8.0
TRPV6,0.0,1.0,0.0,3.0,0.0,8.0
PDRG1,0.0,3.0,0.0,1.0,0.0,8.0
ANKDD1B,0.0,1.0,0.0,3.0,0.0,8.0
SV2A,0.0,1.0,3.0,0.0,0.0,8.0
NAGK,0.0,2.0,0.0,2.0,0.0,8.0
PDGFRL,0.0,3.0,0.0,1.0,0.0,8.0
TSKU,0.0,1.0,0.0,3.0,0.0,8.0
NBDY,0.0,4.0,0.0,0.0,0.0,8.0
NAXE,0.0,4.0,0.0,0.0,0.0,8.0
TSNAX,0.0,1.0,1.0,2.0,0.0,8.0
PDF,0.0,2.0,1.0,1.0,0.0,8.0
CALCRL,0.0,4.0,0.0,0.0,0.0,8.0
CALCOCO1,0.0,0.0,0.0,4.0,0.0,8.0
SENP7,0.0,3.0,0.0,1.0,0.0,8.0
CALCB,0.0,3.0,0.0,1.0,0.0,8.0
CALD1,0.0,0.0,0.0,4.0,0.0,8.0
NAGLU,0.0,1.0,0.0,3.0,0.0,8.0
CTTNBP2,0.0,4.0,0.0,0.0,0.0,8.0
DNAJB14,0.0,2.0,0.0,2.0,0.0,8.0
SENP2,0.0,2.0,0.0,2.0,0.0,8.0
PDE1A,0.0,1.0,0.0,3.0,0.0,8.0
CCDC103,0.0,2.0,0.0,2.0,0.0,8.0
NCKAP1,0.0,0.0,0.0,4.0,0.0,8.0
NCL,0.0,2.0,1.0,1.0,0.0,8.0
PDCD6,0.0,2.0,1.0,1.0,0.0,8.0
NAGPA,0.0,4.0,0.0,0.0,0.0,8.0
RTN3,0.0,2.0,1.0,1.0,0.0,8.0
MYT1L,0.0,3.0,0.0,1.0,0.0,8.0
MYT1,0.0,3.0,0.0,1.0,0.0,8.0
SEMA3C,0.0,2.0,0.0,2.0,0.0,8.0
NDUFV1,0.0,1.0,0.0,3.0,0.0,8.0
AMN,0.0,2.0,0.0,2.0,0.0,8.0
NDUFV3,0.0,2.0,0.0,2.0,0.0,8.0
NEAT1,0.0,3.0,0.0,1.0,0.0,8.0
MYO10,0.0,3.0,0.0,1.0,0.0,8.0
MYNN,0.0,2.0,0.0,2.0,0.0,8.0
PEG3,0.0,1.0,0.0,3.0,0.0,8.0
ATXN3,0.0,1.0,0.0,3.0,0.0,8.0
PCNP,0.0,3.0,1.0,0.0,0.0,8.0
TMEM267,0.0,4.0,0.0,0.0,0.0,8.0
DLEU2,0.0,1.0,0.0,3.0,0.0,8.0
MYL3,0.0,1.0,0.0,3.0,0.0,8.0
TRPM6,0.0,2.0,0.0,2.0,0.0,8.0
CALN1,0.0,2.0,0.0,2.0,0.0,8.0
DIS3L2,0.0,4.0,0.0,0.0,0.0,8.0
DNPH1,0.0,3.0,1.0,0.0,0.0,8.0
CWF19L1,0.0,2.0,0.0,2.0,0.0,8.0
DNTTIP1,0.0,3.0,0.0,1.0,0.0,8.0
MYL10,0.0,2.0,0.0,2.0,0.0,8.0
DIRAS2,0.0,3.0,0.0,1.0,0.0,8.0
TMEM60,0.0,2.0,0.0,2.0,0.0,8.0
DND1,0.0,2.0,0.0,2.0,0.0,8.0
NDUFAF6,0.0,3.0,0.0,1.0,0.0,8.0
CACNG7,0.0,1.0,0.0,3.0,0.0,8.0
TSPYL5,0.0,3.0,0.0,1.0,0.0,8.0
TMEM59,0.0,0.0,1.0,3.0,0.0,8.0
NDUFB2,0.0,2.0,0.0,2.0,0.0,8.0
TMEM33,0.0,2.0,0.0,2.0,0.0,8.0
DLGAP1,0.0,2.0,0.0,2.0,0.0,8.0
ATP13A5,0.0,1.0,0.0,3.0,0.0,8.0
TRPV1,0.0,2.0,1.0,1.0,0.0,8.0
MYOM1,0.0,3.0,0.0,1.0,0.0,8.0
RTL8C,0.0,3.0,0.0,1.0,0.0,8.0
MYO9A,0.0,3.0,0.0,1.0,0.0,8.0
SEMA3F,0.0,3.0,1.0,0.0,0.0,8.0
NDUFB7,0.0,2.0,0.0,2.0,0.0,8.0
CCAR1,0.0,4.0,0.0,0.0,0.0,8.0
SERPINA4,0.0,1.0,0.0,3.0,0.0,8.0
NDUFB9,0.0,2.0,0.0,2.0,0.0,8.0
PCSK1,0.0,2.0,0.0,2.0,0.0,8.0
NDUFC2,0.0,0.0,1.0,3.0,0.0,8.0
ATP1B4,0.0,2.0,0.0,2.0,0.0,8.0
MYO3B,0.0,4.0,0.0,0.0,0.0,8.0
DLG1,0.0,0.0,0.0,3.0,2.0,8.0
MSLN,0.0,1.0,0.0,3.0,0.0,8.0
MSL1,0.0,3.0,0.0,1.0,0.0,8.0
PADI2,0.0,3.0,0.0,1.0,0.0,8.0
ANKRD6,0.0,3.0,0.0,1.0,0.0,8.0
DDX39B,0.0,1.0,0.0,3.0,0.0,8.0
EBP,2.0,0.0,0.0,1.0,0.0,8.0
MMP23B,0.0,0.0,1.0,3.0,0.0,8.0
TRAPPC6A,0.0,1.0,0.0,3.0,0.0,8.0
NSMAF,0.0,2.0,1.0,1.0,0.0,8.0
ECD,0.0,3.0,1.0,0.0,0.0,8.0
CRLF3,0.0,4.0,0.0,0.0,0.0,8.0
TXNL1,0.0,1.0,1.0,2.0,0.0,8.0
NSMCE4A,0.0,1.0,0.0,3.0,0.0,8.0
CRLF2,0.0,4.0,0.0,0.0,0.0,8.0
NSMF,0.0,3.0,0.0,1.0,0.0,8.0
NSRP1,0.0,3.0,0.0,1.0,0.0,8.0
ATP6V1E2,0.0,0.0,0.0,4.0,0.0,8.0
ECRG4,2.0,1.0,0.0,0.0,0.0,8.0
CRISP3,2.0,0.0,0.0,1.0,0.0,8.0
ATP11A,0.0,3.0,0.0,1.0,0.0,8.0
ALDH4A1,0.0,0.0,1.0,3.0,0.0,8.0
MLYCD,0.0,3.0,0.0,1.0,0.0,8.0
NT5C,0.0,2.0,1.0,1.0,0.0,8.0
MLXIP,0.0,3.0,0.0,1.0,0.0,8.0
CRIPTO,0.0,0.0,0.0,4.0,0.0,8.0
DDX43,0.0,0.0,0.0,4.0,0.0,8.0
SCNN1A,0.0,1.0,0.0,3.0,0.0,8.0
SCNN1B,0.0,0.0,0.0,4.0,0.0,8.0
MOAP1,0.0,4.0,0.0,0.0,0.0,8.0
CYP19A1,0.0,2.0,0.0,2.0,0.0,8.0
ALG10,0.0,2.0,0.0,2.0,0.0,8.0
SGTB,0.0,4.0,0.0,0.0,0.0,8.0
PAPSS1,0.0,3.0,1.0,0.0,0.0,8.0
PIGP,0.0,1.0,0.0,3.0,0.0,8.0
PIGQ,0.0,1.0,0.0,3.0,0.0,8.0
EAPP,0.0,1.0,0.0,3.0,0.0,8.0
SCO2,0.0,2.0,0.0,2.0,0.0,8.0
PIGS,0.0,2.0,0.0,2.0,0.0,8.0
ANKRD49,0.0,3.0,0.0,1.0,0.0,8.0
MMS19,0.0,3.0,1.0,0.0,0.0,8.0
NRM,0.0,3.0,0.0,1.0,0.0,8.0
NRN1L,0.0,2.0,0.0,2.0,0.0,8.0
EBF2,0.0,3.0,0.0,1.0,0.0,8.0
ARC,0.0,2.0,0.0,2.0,0.0,8.0
CYP2A13,0.0,0.0,2.0,2.0,0.0,8.0
NRSN1,0.0,1.0,0.0,3.0,0.0,8.0
MND1,0.0,3.0,0.0,1.0,0.0,8.0
C7ORF50,0.0,4.0,0.0,0.0,0.0,8.0
PAN3,0.0,1.0,0.0,3.0,0.0,8.0
EDARADD,0.0,3.0,0.0,1.0,0.0,8.0
CRIP2,0.0,3.0,0.0,1.0,0.0,8.0
SEC16A,0.0,2.0,0.0,2.0,0.0,8.0
DDR2,0.0,4.0,0.0,0.0,0.0,8.0
TMEM171,0.0,3.0,0.0,1.0,0.0,8.0
SCLT1,2.0,0.0,0.0,1.0,0.0,8.0
TRAF7,0.0,3.0,0.0,1.0,0.0,8.0
AKIP1,0.0,3.0,0.0,1.0,0.0,8.0
PAGE1,0.0,1.0,0.0,3.0,0.0,8.0
CRABP2,0.0,2.0,0.0,2.0,0.0,8.0
CRABP1,0.0,0.0,2.0,2.0,0.0,8.0
UBE2D4,0.0,0.0,0.0,4.0,0.0,8.0
SALL1,0.0,0.0,0.0,4.0,0.0,8.0
DCSTAMP,0.0,4.0,0.0,0.0,0.0,8.0
DCP2,0.0,1.0,0.0,3.0,0.0,8.0
AKAP3,0.0,2.0,0.0,2.0,0.0,8.0
PITPNM2,2.0,1.0,0.0,0.0,0.0,8.0
AKAP13,0.0,1.0,0.0,3.0,0.0,8.0
DCN,0.0,1.0,1.0,2.0,0.0,8.0
DCLRE1A,0.0,2.0,0.0,2.0,0.0,8.0
SYNM,0.0,3.0,0.0,1.0,0.0,8.0
AK4,0.0,4.0,0.0,0.0,0.0,8.0
ANO10,0.0,3.0,0.0,1.0,0.0,8.0
ANO3,0.0,2.0,0.0,2.0,0.0,8.0
CAVIN3,0.0,2.0,0.0,2.0,0.0,8.0
AKR1B1,0.0,2.0,0.0,2.0,0.0,8.0
AKR1C4,0.0,1.0,0.0,3.0,0.0,8.0
UBAC1,0.0,2.0,1.0,1.0,0.0,8.0
CYP2D6,0.0,2.0,1.0,1.0,0.0,8.0
ALDH1L1,0.0,0.0,0.0,4.0,0.0,8.0
TYR,0.0,1.0,0.0,3.0,0.0,8.0
NTNG1,0.0,1.0,0.0,3.0,0.0,8.0
EDF1,0.0,4.0,0.0,0.0,0.0,8.0
TRAPPC12,0.0,3.0,0.0,1.0,0.0,8.0
DDN,0.0,4.0,0.0,0.0,0.0,8.0
ALDH1B1,0.0,3.0,0.0,1.0,0.0,8.0
MKRN3,0.0,1.0,0.0,3.0,0.0,8.0
EDN3,0.0,0.0,0.0,4.0,0.0,8.0
NUCB2,0.0,1.0,0.0,3.0,0.0,8.0
TRAK2,0.0,3.0,1.0,0.0,0.0,8.0
ALDH1A3,0.0,1.0,0.0,3.0,0.0,8.0
MKKS,0.0,1.0,0.0,3.0,0.0,8.0
MIX23,2.0,0.0,0.0,1.0,0.0,8.0
NUDT11,0.0,3.0,0.0,1.0,0.0,8.0
TYW3,0.0,2.0,0.0,2.0,0.0,8.0
PIN4,0.0,2.0,0.0,2.0,0.0,8.0
ANKRD7,0.0,2.0,0.0,2.0,0.0,8.0
CYP2J2,2.0,0.0,0.0,1.0,0.0,8.0
RPUSD1,0.0,2.0,0.0,2.0,0.0,8.0
MON1A,0.0,3.0,0.0,1.0,0.0,8.0
TRAV8-3,0.0,4.0,0.0,0.0,0.0,8.0
SCOC-AS1,2.0,1.0,0.0,0.0,0.0,8.0
NR6A1,0.0,2.0,0.0,2.0,0.0,8.0
MRPS35,0.0,1.0,1.0,2.0,0.0,8.0
MRPS27,0.0,1.0,0.0,3.0,0.0,8.0
CRYM,0.0,3.0,0.0,1.0,0.0,8.0
MRPS23,0.0,2.0,0.0,2.0,0.0,8.0
PHF14,0.0,3.0,0.0,0.0,2.0,8.0
ALOX12,0.0,2.0,0.0,2.0,0.0,8.0
TMEM216,0.0,2.0,0.0,2.0,0.0,8.0
SDK1,0.0,1.0,0.0,3.0,0.0,8.0
DESI2,0.0,2.0,0.0,2.0,0.0,8.0
DES,0.0,0.0,0.0,4.0,0.0,8.0
NODAL,0.0,2.0,0.0,2.0,0.0,8.0
CA4,0.0,3.0,0.0,1.0,0.0,8.0
MRPL58,0.0,1.0,1.0,2.0,0.0,8.0
DUS1L,2.0,1.0,0.0,0.0,0.0,8.0
CA3,0.0,1.0,1.0,2.0,0.0,8.0
TRIM39,0.0,3.0,0.0,1.0,0.0,8.0
MRPL52,0.0,2.0,0.0,2.0,0.0,8.0
NOL4L,0.0,3.0,0.0,1.0,0.0,8.0
DEPP1,0.0,2.0,0.0,2.0,0.0,8.0
S100A5,0.0,1.0,1.0,2.0,0.0,8.0
MRPL44,0.0,2.0,0.0,2.0,0.0,8.0
TMOD2,0.0,4.0,0.0,0.0,0.0,8.0
SYN1,0.0,2.0,0.0,2.0,0.0,8.0
MRPS7,0.0,1.0,0.0,3.0,0.0,8.0
SUN1,2.0,1.0,0.0,0.0,0.0,8.0
NLK,0.0,3.0,1.0,0.0,0.0,8.0
MSH5,0.0,0.0,0.0,4.0,0.0,8.0
MSH3,0.0,1.0,0.0,3.0,0.0,8.0
NLRC3,0.0,2.0,0.0,1.0,2.0,8.0
TMEM220,2.0,1.0,0.0,0.0,0.0,8.0
ARHGAP18,0.0,4.0,0.0,0.0,0.0,8.0
NLRP1,0.0,4.0,0.0,0.0,0.0,8.0
NLRP10,0.0,1.0,0.0,3.0,0.0,8.0
NLRP12,0.0,3.0,0.0,1.0,0.0,8.0
NLRP2,0.0,2.0,1.0,1.0,0.0,8.0
MRPS9,0.0,1.0,0.0,3.0,0.0,8.0
CA6,2.0,1.0,0.0,0.0,0.0,8.0
PHETA2,0.0,2.0,0.0,2.0,0.0,8.0
PCDHA11,0.0,1.0,0.0,3.0,0.0,8.0
SF3B5,0.0,3.0,0.0,1.0,0.0,8.0
TMIGD1,0.0,2.0,0.0,2.0,0.0,8.0
SFMBT1,0.0,3.0,1.0,0.0,0.0,8.0
MRTFB,0.0,4.0,0.0,0.0,0.0,8.0
NME4,0.0,1.0,1.0,2.0,0.0,8.0
SDS,0.0,3.0,1.0,0.0,0.0,8.0
MRPL40,0.0,1.0,0.0,3.0,0.0,8.0
NOS2,0.0,0.0,1.0,3.0,0.0,8.0
DENND4B,0.0,3.0,0.0,1.0,0.0,8.0
NR0B1,0.0,3.0,0.0,1.0,0.0,8.0
NPRL3,0.0,1.0,1.0,2.0,0.0,8.0
NPTX1,0.0,1.0,0.0,3.0,0.0,8.0
NBEAL1,0.0,4.0,0.0,0.0,0.0,8.0
MPPED2,0.0,1.0,0.0,3.0,0.0,8.0
MPPE1,0.0,4.0,0.0,0.0,0.0,8.0
MPP7,0.0,4.0,0.0,0.0,0.0,8.0
NPW,0.0,1.0,0.0,3.0,0.0,8.0
ATP6V1G3,0.0,2.0,0.0,2.0,0.0,8.0
PARP16,0.0,1.0,0.0,3.0,0.0,8.0
CYLC2,0.0,1.0,0.0,3.0,0.0,8.0
MPZL1,0.0,2.0,0.0,2.0,0.0,8.0
PARP10,0.0,1.0,0.0,3.0,0.0,8.0
NR2C2,0.0,3.0,0.0,1.0,0.0,8.0
SULT1B1,2.0,1.0,0.0,0.0,0.0,8.0
CRP,0.0,3.0,0.0,1.0,0.0,8.0
PARD6A,0.0,3.0,0.0,1.0,0.0,8.0
TMEM185A,0.0,3.0,0.0,1.0,0.0,8.0
PAQR6,0.0,4.0,0.0,0.0,0.0,8.0
DEFA1B,0.0,1.0,0.0,3.0,0.0,8.0
DEFA1,0.0,0.0,0.0,4.0,0.0,8.0
RRP7A,0.0,4.0,0.0,0.0,0.0,8.0
MPZL2,0.0,3.0,1.0,0.0,0.0,8.0
TMPRSS15,0.0,2.0,0.0,2.0,0.0,8.0
MRPL16,0.0,1.0,0.0,3.0,0.0,8.0
PAX9,0.0,2.0,0.0,2.0,0.0,8.0
TUBG2,2.0,0.0,0.0,1.0,0.0,8.0
DUSP9,0.0,1.0,0.0,3.0,0.0,8.0
TRIM36,0.0,1.0,0.0,3.0,0.0,8.0
NOVA1,0.0,2.0,0.0,2.0,0.0,8.0
MRPL21,0.0,2.0,0.0,2.0,0.0,8.0
TMPRSS3,0.0,3.0,0.0,1.0,0.0,8.0
MRPL2,0.0,2.0,0.0,2.0,0.0,8.0
SFTPA2,0.0,1.0,0.0,3.0,0.0,8.0
TUFM,0.0,1.0,0.0,3.0,0.0,8.0
NPPC,0.0,4.0,0.0,0.0,0.0,8.0
MRPL11,0.0,2.0,0.0,2.0,0.0,8.0
MRNIP,0.0,1.0,0.0,3.0,0.0,8.0
MRM2,0.0,3.0,1.0,0.0,0.0,8.0
NPEPPS,0.0,2.0,1.0,1.0,0.0,8.0
TRIM2,0.0,4.0,0.0,0.0,0.0,8.0
NPHP4,0.0,3.0,0.0,1.0,0.0,8.0
C9ORF40,0.0,4.0,0.0,0.0,0.0,8.0
TRIM16,0.0,1.0,1.0,2.0,0.0,8.0
SCYL3,0.0,4.0,0.0,0.0,0.0,8.0
MPV17,0.0,1.0,1.0,2.0,0.0,8.0
SLC25A12,0.0,2.0,0.0,2.0,0.0,8.0
JPT2,0.0,4.0,0.0,0.0,0.0,8.0
PTHLH,0.0,2.0,0.0,2.0,0.0,8.0
ZFP91,0.0,4.0,0.0,0.0,0.0,8.0
RNF185,0.0,1.0,0.0,3.0,0.0,8.0
FFAR2,0.0,3.0,0.0,1.0,0.0,8.0
IQSEC3,0.0,1.0,0.0,3.0,0.0,8.0
IRAG1,0.0,2.0,0.0,2.0,0.0,8.0
ZFP90,0.0,4.0,0.0,0.0,0.0,8.0
FETUB,0.0,4.0,0.0,0.0,0.0,8.0
IRAK4,0.0,1.0,0.0,3.0,0.0,8.0
IRF1-AS1,0.0,4.0,0.0,0.0,0.0,8.0
FEM1A,0.0,2.0,0.0,2.0,0.0,8.0
CHST3,0.0,3.0,0.0,1.0,0.0,8.0
IRS4,0.0,0.0,0.0,4.0,0.0,8.0
PTGFRN,0.0,3.0,0.0,1.0,0.0,8.0
PTGES3,0.0,2.0,1.0,1.0,0.0,8.0
PTGES2,0.0,2.0,0.0,2.0,0.0,8.0
BUD13,0.0,4.0,0.0,0.0,0.0,8.0
ZFTA,0.0,3.0,0.0,1.0,0.0,8.0
ZFP1,0.0,2.0,0.0,2.0,0.0,8.0
ARRDC4,0.0,4.0,0.0,0.0,0.0,8.0
SRRT,0.0,3.0,0.0,1.0,0.0,8.0
INPP5F,0.0,2.0,2.0,0.0,0.0,8.0
FGGY,0.0,4.0,0.0,0.0,0.0,8.0
FGFR1OP2,0.0,3.0,0.0,1.0,0.0,8.0
RNF169,0.0,3.0,0.0,1.0,0.0,8.0
INTS13,0.0,1.0,0.0,3.0,0.0,8.0
CHRNA9,0.0,3.0,0.0,1.0,0.0,8.0
INTS3,0.0,2.0,0.0,2.0,0.0,8.0
PTOV1,0.0,3.0,1.0,0.0,0.0,8.0
ABCG4,0.0,2.0,0.0,2.0,0.0,8.0
ABCG5,0.0,0.0,1.0,3.0,0.0,8.0
INTS9,2.0,0.0,0.0,1.0,0.0,8.0
ZFX,0.0,1.0,0.0,3.0,0.0,8.0
FGF12,0.0,0.0,0.0,4.0,0.0,8.0
FGD2,0.0,3.0,0.0,1.0,0.0,8.0
ABHD14A,0.0,3.0,0.0,1.0,0.0,8.0
ABHD14B,0.0,4.0,0.0,0.0,0.0,8.0
BTG3,0.0,2.0,0.0,2.0,0.0,8.0
SRY,0.0,2.0,0.0,2.0,0.0,8.0
SLU7,0.0,3.0,0.0,1.0,0.0,8.0
FBXO17,0.0,0.0,0.0,4.0,0.0,8.0
ITPRID2,0.0,2.0,1.0,1.0,0.0,8.0
PSTPIP1,0.0,2.0,1.0,1.0,0.0,8.0
PSTK,0.0,4.0,0.0,0.0,0.0,8.0
SSBP3,0.0,2.0,0.0,2.0,0.0,8.0
SLMAP,0.0,3.0,0.0,1.0,0.0,8.0
FBXL18,0.0,1.0,0.0,3.0,0.0,8.0
PSORS1C2,0.0,4.0,0.0,0.0,0.0,8.0
JAKMIP1,2.0,0.0,0.0,1.0,0.0,8.0
FBXL13,0.0,1.0,0.0,3.0,0.0,8.0
THAP11,0.0,4.0,0.0,0.0,0.0,8.0
ZDHHC6,2.0,0.0,0.0,1.0,0.0,8.0
FBN2,0.0,2.0,0.0,2.0,0.0,8.0
FBLN5,0.0,2.0,0.0,2.0,0.0,8.0
FBXO28,0.0,4.0,0.0,0.0,0.0,8.0
FBXO39,0.0,2.0,1.0,1.0,0.0,8.0
ISL1,0.0,2.0,0.0,2.0,0.0,8.0
FBXO42,0.0,3.0,0.0,1.0,0.0,8.0
CHST4,0.0,1.0,0.0,3.0,0.0,8.0
BZW1,0.0,3.0,0.0,1.0,0.0,8.0
ZFHX2,0.0,0.0,0.0,4.0,0.0,8.0
ISY1,0.0,3.0,0.0,1.0,0.0,8.0
FCN3,0.0,1.0,0.0,3.0,0.0,8.0
FCN2,0.0,0.0,0.0,4.0,0.0,8.0
FCMR,0.0,1.0,1.0,2.0,0.0,8.0
RNF187,0.0,4.0,0.0,0.0,0.0,8.0
FCHO2,0.0,2.0,0.0,2.0,0.0,8.0
FCER1A,0.0,2.0,0.0,2.0,0.0,8.0
ITGAD,0.0,1.0,0.0,3.0,0.0,8.0
FBXW8,0.0,0.0,0.0,4.0,0.0,8.0
FBXW12,0.0,0.0,0.0,4.0,0.0,8.0
CD2AP,0.0,0.0,1.0,2.0,2.0,8.0
PTCRA,0.0,3.0,0.0,1.0,0.0,8.0
FHIP2B,0.0,3.0,0.0,1.0,0.0,8.0
INO80D,0.0,1.0,0.0,3.0,0.0,8.0
BCLAF3,0.0,4.0,0.0,0.0,0.0,8.0
IGKV4-1,0.0,1.0,0.0,3.0,0.0,8.0
ZNF185,0.0,1.0,0.0,3.0,0.0,8.0
IGLL1,0.0,3.0,0.0,1.0,0.0,8.0
IGLV2-14,0.0,0.0,0.0,4.0,0.0,8.0
CHGB,0.0,2.0,0.0,2.0,0.0,8.0
ZNF184,0.0,3.0,0.0,1.0,0.0,8.0
IGLV3-25,0.0,1.0,0.0,3.0,0.0,8.0
ZNF177,0.0,3.0,0.0,1.0,0.0,8.0
CHIC2,0.0,2.0,1.0,1.0,0.0,8.0
FNDC4,0.0,1.0,0.0,3.0,0.0,8.0
FNDC3A,0.0,3.0,0.0,1.0,0.0,8.0
CHKB,0.0,3.0,0.0,1.0,0.0,8.0
SRP9,0.0,2.0,0.0,2.0,0.0,8.0
SMIM5,0.0,4.0,0.0,0.0,0.0,8.0
PWP2,0.0,3.0,1.0,0.0,0.0,8.0
ZNF143,0.0,3.0,0.0,1.0,0.0,8.0
IGLC2,0.0,0.0,1.0,3.0,0.0,8.0
IGKV3-20,0.0,1.0,0.0,3.0,0.0,8.0
FMNL3,0.0,4.0,0.0,0.0,0.0,8.0
CD7,0.0,1.0,2.0,0.0,2.0,8.0
SMPDL3B,0.0,4.0,0.0,0.0,0.0,8.0
IGHG1,0.0,3.0,0.0,1.0,0.0,8.0
TFCP2,0.0,3.0,1.0,0.0,0.0,8.0
RAB11FIP1,0.0,4.0,0.0,0.0,0.0,8.0
RNF121,0.0,2.0,0.0,2.0,0.0,8.0
CHD1L,0.0,2.0,1.0,1.0,0.0,8.0
ARTN,0.0,2.0,0.0,2.0,0.0,8.0
RNF125,0.0,3.0,0.0,1.0,0.0,8.0
ZNF202,0.0,4.0,0.0,0.0,0.0,8.0
QSOX2,0.0,3.0,0.0,1.0,0.0,8.0
RNF126,0.0,2.0,0.0,2.0,0.0,8.0
TBCD,0.0,3.0,0.0,1.0,0.0,8.0
QRSL1,0.0,3.0,0.0,1.0,0.0,8.0
IGKV1-5,0.0,0.0,0.0,4.0,0.0,8.0
IGKV1D-33,0.0,1.0,0.0,3.0,0.0,8.0
PVRIG,0.0,3.0,0.0,0.0,2.0,8.0
FMNL1,0.0,2.0,0.0,2.0,0.0,8.0
INO80B,0.0,0.0,0.0,4.0,0.0,8.0
CD302,0.0,2.0,0.0,2.0,0.0,8.0
PTPRN2,0.0,1.0,0.0,3.0,0.0,8.0
ILK,0.0,1.0,1.0,2.0,0.0,8.0
SRRM1,0.0,2.0,1.0,1.0,0.0,8.0
ARSF,0.0,0.0,0.0,4.0,0.0,8.0
ILVBL,0.0,3.0,1.0,0.0,0.0,8.0
IMP3,0.0,0.0,1.0,3.0,0.0,8.0
IMP4,0.0,3.0,0.0,1.0,0.0,8.0
RNF157,2.0,1.0,0.0,0.0,0.0,8.0
ZMIZ2,0.0,4.0,0.0,0.0,0.0,8.0
BTBD6,0.0,1.0,0.0,3.0,0.0,8.0
TBC1D8,0.0,3.0,0.0,1.0,0.0,8.0
INHBB,0.0,3.0,0.0,1.0,0.0,8.0
INHBE,0.0,2.0,0.0,2.0,0.0,8.0
ARSD,0.0,2.0,0.0,2.0,0.0,8.0
SMC1B,0.0,3.0,0.0,1.0,0.0,8.0
ILDR2,0.0,3.0,0.0,0.0,2.0,8.0
FIRRE,2.0,0.0,0.0,1.0,0.0,8.0
ZNF134,0.0,2.0,1.0,1.0,0.0,8.0
ARSI,0.0,1.0,0.0,3.0,0.0,8.0
BEGAIN,0.0,2.0,0.0,2.0,0.0,8.0
PUS7L,0.0,1.0,0.0,3.0,0.0,8.0
IL1RL1,0.0,0.0,1.0,3.0,0.0,8.0
PUDP,0.0,4.0,0.0,0.0,0.0,8.0
ABCC8,0.0,1.0,0.0,3.0,0.0,8.0
IL22RA1,0.0,2.0,0.0,2.0,0.0,8.0
IL23R,0.0,1.0,0.0,0.0,6.0,8.0
ZMYND19,0.0,3.0,0.0,1.0,0.0,8.0
IL27,0.0,1.0,0.0,0.0,6.0,8.0
SMG8,0.0,4.0,0.0,0.0,0.0,8.0
SMG7,0.0,2.0,0.0,2.0,0.0,8.0
FKBP3,0.0,2.0,1.0,1.0,0.0,8.0
FKBP10,2.0,1.0,0.0,0.0,0.0,8.0
FJX1,2.0,0.0,0.0,1.0,0.0,8.0
CHN1,0.0,1.0,0.0,3.0,0.0,8.0
ATG10,0.0,3.0,0.0,1.0,0.0,8.0
JOSD2,0.0,2.0,0.0,2.0,0.0,8.0
FAM120AOS,0.0,4.0,0.0,0.0,0.0,8.0
SLC5A11,0.0,4.0,0.0,0.0,0.0,8.0
YTHDF1,0.0,4.0,0.0,0.0,0.0,8.0
KLF3-AS1,0.0,4.0,0.0,0.0,0.0,8.0
TBC1D20,0.0,1.0,0.0,3.0,0.0,8.0
FAM184A,2.0,0.0,0.0,1.0,0.0,8.0
RO60,0.0,3.0,1.0,0.0,0.0,8.0
PRR14,0.0,4.0,0.0,0.0,0.0,8.0
ROBO1,0.0,1.0,0.0,3.0,0.0,8.0
KLHDC8A,0.0,3.0,0.0,1.0,0.0,8.0
ROBO2,0.0,1.0,0.0,3.0,0.0,8.0
KLHL10,0.0,2.0,0.0,2.0,0.0,8.0
PRPS2,0.0,4.0,0.0,0.0,0.0,8.0
SLC4A4,0.0,3.0,0.0,1.0,0.0,8.0
CLEC1A,0.0,3.0,0.0,1.0,0.0,8.0
PRPH,0.0,1.0,0.0,3.0,0.0,8.0
PRPF6,0.0,4.0,0.0,0.0,0.0,8.0
TIGAR,0.0,1.0,0.0,3.0,0.0,8.0
TIE1,0.0,0.0,1.0,3.0,0.0,8.0
ST6GAL2,0.0,1.0,0.0,3.0,0.0,8.0
RNPEPL1,0.0,4.0,0.0,0.0,0.0,8.0
TIAM2,0.0,0.0,0.0,4.0,0.0,8.0
PRRG1,0.0,2.0,0.0,2.0,0.0,8.0
BCL2L10,0.0,1.0,0.0,3.0,0.0,8.0
FAM220A,0.0,4.0,0.0,0.0,0.0,8.0
PRRC2B,0.0,4.0,0.0,0.0,0.0,8.0
KIR2DL4,0.0,2.0,1.0,1.0,0.0,8.0
TICAM2,0.0,0.0,0.0,4.0,0.0,8.0
CLEC12A,0.0,1.0,0.0,3.0,0.0,8.0
KISS1R,0.0,2.0,0.0,2.0,0.0,8.0
FAM20B,0.0,3.0,0.0,1.0,0.0,8.0
KIZ,0.0,2.0,0.0,2.0,0.0,8.0
SSX4,0.0,2.0,0.0,2.0,0.0,8.0
ACAP2,0.0,4.0,0.0,0.0,0.0,8.0
KLC2,0.0,2.0,0.0,2.0,0.0,8.0
KLC4,0.0,2.0,0.0,2.0,0.0,8.0
BCAT2,0.0,3.0,0.0,1.0,0.0,8.0
KLHL35,0.0,2.0,1.0,1.0,0.0,8.0
ZBTB11,0.0,4.0,0.0,0.0,0.0,8.0
FAM13A,0.0,3.0,0.0,1.0,0.0,8.0
C16ORF74,0.0,1.0,0.0,3.0,0.0,8.0
XYLB,0.0,3.0,1.0,0.0,0.0,8.0
ST8SIA2,0.0,2.0,0.0,2.0,0.0,8.0
KREMEN1,0.0,1.0,0.0,3.0,0.0,8.0
FAM133B,0.0,3.0,0.0,1.0,0.0,8.0
SLC41A3,0.0,4.0,0.0,0.0,0.0,8.0
KRT13,0.0,1.0,0.0,3.0,0.0,8.0
PRMT2,0.0,4.0,0.0,0.0,0.0,8.0
FAM131A,0.0,1.0,0.0,3.0,0.0,8.0
PRM2,0.0,2.0,0.0,2.0,0.0,8.0
SLC39A8,0.0,2.0,1.0,1.0,0.0,8.0
TIMM50,0.0,3.0,0.0,1.0,0.0,8.0
ATG16L1,0.0,3.0,0.0,1.0,0.0,8.0
ACO1,0.0,2.0,1.0,1.0,0.0,8.0
ATG3,0.0,1.0,0.0,3.0,0.0,8.0
ROR1,0.0,3.0,1.0,0.0,0.0,8.0
TIMM13,0.0,4.0,0.0,0.0,0.0,8.0
KLHL41,0.0,0.0,0.0,4.0,0.0,8.0
FAM149B1,0.0,3.0,0.0,1.0,0.0,8.0
FAM174C,0.0,0.0,0.0,4.0,0.0,8.0
YIPF1,2.0,1.0,0.0,0.0,0.0,8.0
SLC49A3,0.0,3.0,0.0,1.0,0.0,8.0
PROZ,0.0,0.0,0.0,4.0,0.0,8.0
C15ORF40,2.0,0.0,0.0,1.0,0.0,8.0
ACBD5,0.0,3.0,0.0,1.0,0.0,8.0
YEATS2,0.0,1.0,0.0,3.0,0.0,8.0
YBX2,0.0,3.0,0.0,1.0,0.0,8.0
FAM168A,0.0,4.0,0.0,0.0,0.0,8.0
KMO,0.0,3.0,0.0,1.0,0.0,8.0
PROKR2,0.0,4.0,0.0,0.0,0.0,8.0
ST6GALNAC6,0.0,2.0,0.0,2.0,0.0,8.0
TIMM10B,0.0,3.0,1.0,0.0,0.0,8.0
KMT5C,0.0,2.0,0.0,1.0,2.0,8.0
FAM153A,0.0,4.0,0.0,0.0,0.0,8.0
ACAA1,0.0,3.0,0.0,1.0,0.0,8.0
KIF2B,0.0,2.0,0.0,2.0,0.0,8.0
JPH1,0.0,2.0,0.0,2.0,0.0,8.0
KCNIP3,0.0,0.0,0.0,4.0,0.0,8.0
FANCC,0.0,1.0,0.0,3.0,0.0,8.0
SLC9B2,0.0,4.0,0.0,0.0,0.0,8.0
CLCN1,2.0,1.0,0.0,0.0,0.0,8.0
RNF24,0.0,3.0,0.0,1.0,0.0,8.0
KCNJ3,0.0,2.0,0.0,2.0,0.0,8.0
CLCN5,0.0,4.0,0.0,0.0,0.0,8.0
ARPC1B,0.0,1.0,0.0,3.0,0.0,8.0
ZC3HAV1L,0.0,3.0,0.0,1.0,0.0,8.0
SLC8B1,2.0,1.0,0.0,0.0,0.0,8.0
FAM8A1,0.0,3.0,1.0,0.0,0.0,8.0
SLC8A2,0.0,2.0,0.0,2.0,0.0,8.0
PSG1,0.0,2.0,0.0,2.0,0.0,8.0
CD200R1,0.0,3.0,0.0,1.0,0.0,8.0
KCNQ5,0.0,3.0,1.0,0.0,0.0,8.0
PSD4,0.0,3.0,0.0,1.0,0.0,8.0
SSR2,0.0,2.0,0.0,2.0,0.0,8.0
SLCO1C1,0.0,2.0,0.0,2.0,0.0,8.0
TBC1D24,0.0,3.0,0.0,1.0,0.0,8.0
CLASP2,0.0,3.0,0.0,1.0,0.0,8.0
JPT1,0.0,3.0,0.0,1.0,0.0,8.0
ZDHHC3,0.0,1.0,0.0,3.0,0.0,8.0
KANK1,0.0,3.0,0.0,1.0,0.0,8.0
CILK1,0.0,1.0,0.0,3.0,0.0,8.0
KAT14,0.0,2.0,0.0,2.0,0.0,8.0
KAT8,0.0,1.0,0.0,3.0,0.0,8.0
ARPIN,0.0,2.0,0.0,2.0,0.0,8.0
ZDHHC2,0.0,2.0,0.0,2.0,0.0,8.0
KBTBD13,0.0,1.0,0.0,3.0,0.0,8.0
C11ORF24,0.0,2.0,0.0,2.0,0.0,8.0
CIZ1,2.0,1.0,0.0,0.0,0.0,8.0
FANCF,0.0,0.0,1.0,3.0,0.0,8.0
KCNC2,0.0,2.0,0.0,2.0,0.0,8.0
KCND3,0.0,1.0,0.0,3.0,0.0,8.0
CKMT1B,2.0,0.0,0.0,1.0,0.0,8.0
PSD2,0.0,3.0,0.0,1.0,0.0,8.0
KCTD15,0.0,2.0,0.0,2.0,0.0,8.0
CD164,0.0,4.0,0.0,0.0,0.0,8.0
ARMCX1,2.0,1.0,0.0,0.0,0.0,8.0
ZBTB7B,0.0,1.0,0.0,0.0,6.0,8.0
KIAA1143,0.0,2.0,0.0,2.0,0.0,8.0
ZBTB49,0.0,2.0,0.0,2.0,0.0,8.0
PRSS3,0.0,2.0,0.0,2.0,0.0,8.0
RNF6,0.0,1.0,1.0,2.0,0.0,8.0
ZBTB43,0.0,2.0,0.0,2.0,0.0,8.0
PRSS2,0.0,0.0,0.0,4.0,0.0,8.0
FAM234B,0.0,4.0,0.0,0.0,0.0,8.0
ABR,0.0,2.0,1.0,1.0,0.0,8.0
FAM234A,0.0,4.0,0.0,0.0,0.0,8.0
CLDN3,0.0,0.0,0.0,4.0,0.0,8.0
C12ORF76,0.0,3.0,1.0,0.0,0.0,8.0
PRSS12,0.0,1.0,0.0,3.0,0.0,8.0
KIF21A,0.0,2.0,0.0,2.0,0.0,8.0
KIF26A,0.0,1.0,0.0,3.0,0.0,8.0
FAM3A,0.0,2.0,0.0,2.0,0.0,8.0
PRSS44P,0.0,1.0,0.0,3.0,0.0,8.0
ZC3H6,0.0,3.0,0.0,1.0,0.0,8.0
C12ORF60,0.0,0.0,0.0,4.0,0.0,8.0
KCTD20,0.0,2.0,0.0,2.0,0.0,8.0
KCTD3,0.0,3.0,1.0,0.0,0.0,8.0
ZC3H15,0.0,1.0,0.0,3.0,0.0,8.0
FAM83H,0.0,2.0,0.0,2.0,0.0,8.0
SLC7A2,0.0,3.0,0.0,1.0,0.0,8.0
KDELR3,0.0,1.0,0.0,3.0,0.0,8.0
FAM83B,0.0,0.0,0.0,4.0,0.0,8.0
PRUNE2,0.0,3.0,0.0,1.0,0.0,8.0
FAM81A,2.0,1.0,0.0,0.0,0.0,8.0
FAM76B,0.0,2.0,1.0,1.0,0.0,8.0
CLDN18,0.0,2.0,0.0,2.0,0.0,8.0
C12ORF57,0.0,4.0,0.0,0.0,0.0,8.0
KDM5C,0.0,1.0,0.0,3.0,0.0,8.0
THUMPD1,0.0,4.0,0.0,0.0,0.0,8.0
ZC3H10,0.0,3.0,0.0,1.0,0.0,8.0
CHCHD1,0.0,2.0,0.0,2.0,0.0,8.0
SMTNL2,0.0,2.0,0.0,2.0,0.0,8.0
FOXB1,0.0,4.0,0.0,0.0,0.0,8.0
GIT2,0.0,2.0,0.0,2.0,0.0,8.0
TDRD12,0.0,2.0,0.0,2.0,0.0,8.0
GIGYF2,0.0,4.0,0.0,0.0,0.0,8.0
GIGYF1,0.0,1.0,0.0,3.0,0.0,8.0
ZNF660,0.0,0.0,0.0,4.0,0.0,8.0
HABP4,0.0,1.0,0.0,3.0,0.0,8.0
HACD3,0.0,2.0,0.0,2.0,0.0,8.0
RBMXL2,0.0,1.0,0.0,3.0,0.0,8.0
CENPB,0.0,2.0,2.0,0.0,0.0,8.0
SOX15,0.0,2.0,0.0,2.0,0.0,8.0
GGTA1,0.0,2.0,0.0,2.0,0.0,8.0
RBMX,0.0,2.0,0.0,2.0,0.0,8.0
HAO1,0.0,1.0,0.0,3.0,0.0,8.0
ZNF652,2.0,1.0,0.0,0.0,0.0,8.0
CENPI,0.0,2.0,0.0,2.0,0.0,8.0
HAPSTR1,2.0,1.0,0.0,0.0,0.0,8.0
GIPC1,0.0,3.0,0.0,1.0,0.0,8.0
AARS2,0.0,1.0,0.0,3.0,0.0,8.0
HAUS4,0.0,1.0,0.0,3.0,0.0,8.0
SPRING1,0.0,3.0,0.0,1.0,0.0,8.0
SP7,0.0,0.0,0.0,4.0,0.0,8.0
CELA2A,0.0,3.0,0.0,1.0,0.0,8.0
SP4,0.0,3.0,0.0,1.0,0.0,8.0
SPR,0.0,1.0,0.0,3.0,0.0,8.0
CELA3B,0.0,2.0,0.0,2.0,0.0,8.0
GLRX3,0.0,3.0,1.0,0.0,0.0,8.0
GLRX2,0.0,3.0,1.0,0.0,0.0,8.0
RIC8A,0.0,3.0,1.0,0.0,0.0,8.0
CELF5,0.0,4.0,0.0,0.0,0.0,8.0
RIDA,0.0,2.0,1.0,1.0,0.0,8.0
SOX8,2.0,0.0,0.0,1.0,0.0,8.0
ZNF680,0.0,1.0,0.0,3.0,0.0,8.0
ZNF671,0.0,3.0,0.0,1.0,0.0,8.0
GJD2,0.0,1.0,0.0,3.0,0.0,8.0
GJB4,0.0,1.0,0.0,3.0,0.0,8.0
ASGR2,0.0,2.0,0.0,2.0,0.0,8.0
HAUS7,0.0,3.0,0.0,1.0,0.0,8.0
H1-7,0.0,0.0,0.0,4.0,0.0,8.0
HEATR5B,0.0,4.0,0.0,0.0,0.0,8.0
BPI,0.0,2.0,0.0,2.0,0.0,8.0
SPSB2,0.0,1.0,0.0,3.0,0.0,8.0
HEG1,0.0,4.0,0.0,0.0,0.0,8.0
SPSB3,0.0,2.0,0.0,2.0,0.0,8.0
ZNF571,0.0,4.0,0.0,0.0,0.0,8.0
ASB7,0.0,1.0,0.0,3.0,0.0,8.0
HENMT1,0.0,2.0,0.0,2.0,0.0,8.0
RBFOX1,0.0,0.0,0.0,4.0,0.0,8.0
GDAP2,2.0,1.0,0.0,0.0,0.0,8.0
GDAP1,2.0,0.0,0.0,1.0,0.0,8.0
CEP131,0.0,0.0,0.0,4.0,0.0,8.0
SPSB4,0.0,1.0,0.0,3.0,0.0,8.0
GCOM1,0.0,4.0,0.0,0.0,0.0,8.0
GCNT7,0.0,0.0,0.0,4.0,0.0,8.0
TELO2,0.0,2.0,0.0,2.0,0.0,8.0
RIOK3,0.0,2.0,0.0,2.0,0.0,8.0
ZNF573,0.0,4.0,0.0,0.0,0.0,8.0
TBL3,0.0,2.0,0.0,2.0,0.0,8.0
RBM12,0.0,4.0,0.0,0.0,0.0,8.0
AARSD1,0.0,3.0,0.0,1.0,0.0,8.0
RIMS4,0.0,2.0,0.0,2.0,0.0,8.0
ZNF598,0.0,4.0,0.0,0.0,0.0,8.0
HCAR3,0.0,4.0,0.0,0.0,0.0,8.0
ZNF593,0.0,3.0,0.0,1.0,0.0,8.0
SOWAHA,0.0,2.0,0.0,2.0,0.0,8.0
BOLL,0.0,1.0,0.0,3.0,0.0,8.0
ZNF584,0.0,4.0,0.0,0.0,0.0,8.0
CDH24,0.0,0.0,0.0,4.0,0.0,8.0
TECTB,0.0,2.0,0.0,2.0,0.0,8.0
SORBS3,0.0,3.0,0.0,1.0,0.0,8.0
HDAC8,0.0,0.0,0.0,4.0,0.0,8.0
TEDC1,0.0,2.0,0.0,2.0,0.0,8.0
RIOK2,0.0,2.0,0.0,2.0,0.0,8.0
ZNF580,2.0,1.0,0.0,0.0,0.0,8.0
RCVRN,0.0,1.0,0.0,3.0,0.0,8.0
GML,0.0,2.0,0.0,2.0,0.0,8.0
RAB21,0.0,1.0,0.0,3.0,0.0,8.0
GPRIN1,0.0,0.0,0.0,4.0,0.0,8.0
GPR101,0.0,2.0,0.0,2.0,0.0,8.0
RHNO1,0.0,1.0,0.0,3.0,0.0,8.0
GPX7,0.0,0.0,1.0,3.0,0.0,8.0
GPX8,2.0,0.0,1.0,0.0,0.0,8.0
TCEAL1,0.0,1.0,0.0,3.0,0.0,8.0
CDO1,0.0,0.0,0.0,4.0,0.0,8.0
GRHPR,0.0,0.0,0.0,4.0,0.0,8.0
SPMAP1,0.0,3.0,0.0,1.0,0.0,8.0
RFK,0.0,2.0,1.0,1.0,0.0,8.0
GPBAR1,0.0,4.0,0.0,0.0,0.0,8.0
GRIN2C,0.0,1.0,0.0,3.0,0.0,8.0
CDR2,0.0,4.0,0.0,0.0,0.0,8.0
ZNRF2,0.0,0.0,0.0,4.0,0.0,8.0
ZNRD2,0.0,3.0,0.0,1.0,0.0,8.0
ZNHIT6,0.0,3.0,0.0,1.0,0.0,8.0
SPDL1,0.0,3.0,0.0,1.0,0.0,8.0
GPR12,0.0,2.0,0.0,2.0,0.0,8.0
GRM6,0.0,1.0,0.0,3.0,0.0,8.0
GPR132,0.0,4.0,0.0,0.0,0.0,8.0
ZZEF1,0.0,4.0,0.0,0.0,0.0,8.0
ZYX,0.0,3.0,0.0,1.0,0.0,8.0
GPR160,0.0,3.0,0.0,1.0,0.0,8.0
ASZ1,0.0,0.0,0.0,4.0,0.0,8.0
ZW10,0.0,2.0,0.0,2.0,0.0,8.0
A4GALT,0.0,1.0,0.0,3.0,0.0,8.0
GPR22,0.0,2.0,0.0,2.0,0.0,8.0
SPG21,0.0,4.0,0.0,0.0,0.0,8.0
CDK5RAP2,0.0,2.0,0.0,2.0,0.0,8.0
CDK5RAP3,0.0,3.0,0.0,1.0,0.0,8.0
RGS13,0.0,2.0,0.0,2.0,0.0,8.0
CDKAL1,0.0,3.0,0.0,1.0,0.0,8.0
GPR137,0.0,4.0,0.0,0.0,0.0,8.0
TBXT,0.0,0.0,0.0,4.0,0.0,8.0
GPR89B,1.0,1.0,0.0,0.0,3.0,8.0
GRK4,0.0,2.0,0.0,2.0,0.0,8.0
BIRC7,0.0,1.0,0.0,3.0,0.0,8.0
GMPPA,0.0,2.0,0.0,2.0,0.0,8.0
GTF2F2,0.0,1.0,0.0,3.0,0.0,8.0
SPAST,0.0,3.0,0.0,1.0,0.0,8.0
GOLGA1,0.0,3.0,0.0,1.0,0.0,8.0
GTF3C1,0.0,2.0,0.0,2.0,0.0,8.0
CEACAM7,0.0,1.0,0.0,3.0,0.0,8.0
GTSF1,0.0,2.0,0.0,2.0,0.0,8.0
BMPR1B,0.0,1.0,0.0,3.0,0.0,8.0
ZNF777,0.0,3.0,0.0,1.0,0.0,8.0
REC8,0.0,0.0,0.0,4.0,0.0,8.0
ZNF766,0.0,2.0,0.0,2.0,0.0,8.0
RDX,0.0,1.0,0.0,3.0,0.0,8.0
TCP11,0.0,1.0,0.0,3.0,0.0,8.0
ASL,0.0,2.0,1.0,1.0,0.0,8.0
SPACA3,0.0,4.0,0.0,0.0,0.0,8.0
CDH9,0.0,2.0,0.0,2.0,0.0,8.0
RDH14,0.0,3.0,0.0,1.0,0.0,8.0
REM1,0.0,3.0,0.0,1.0,0.0,8.0
GOLGA8B,0.0,4.0,0.0,0.0,0.0,8.0
REV1,0.0,3.0,0.0,1.0,0.0,8.0
GOLGB1,0.0,0.0,0.0,4.0,0.0,8.0
ZNF91,0.0,3.0,0.0,1.0,0.0,8.0
ZNF879,0.0,3.0,0.0,1.0,0.0,8.0
AAMDC,0.0,1.0,0.0,3.0,0.0,8.0
RETREG2,0.0,3.0,0.0,1.0,0.0,8.0
GSG1,0.0,2.0,0.0,2.0,0.0,8.0
ASPHD2,0.0,3.0,0.0,1.0,0.0,8.0
GP2,0.0,1.0,0.0,3.0,0.0,8.0
GOSR1,0.0,1.0,0.0,3.0,0.0,8.0
GORASP2,0.0,3.0,0.0,1.0,0.0,8.0
GSTA3,0.0,0.0,1.0,3.0,0.0,8.0
GSTM2,0.0,2.0,0.0,2.0,0.0,8.0
GON4L,0.0,4.0,0.0,0.0,0.0,8.0
GSTO2,0.0,2.0,0.0,2.0,0.0,8.0
REPS2,0.0,2.0,0.0,2.0,0.0,8.0
BIN3,0.0,3.0,0.0,1.0,0.0,8.0
GCNT2,0.0,4.0,0.0,0.0,0.0,8.0
ZNF534,0.0,0.0,0.0,4.0,0.0,8.0
HGH1,0.0,4.0,0.0,0.0,0.0,8.0
HTR1F,0.0,3.0,0.0,1.0,0.0,8.0
TEX261,0.0,2.0,0.0,2.0,0.0,8.0
ABCB4,0.0,1.0,1.0,2.0,0.0,8.0
RABGEF1,0.0,3.0,0.0,1.0,0.0,8.0
BRIX1,0.0,2.0,0.0,2.0,0.0,8.0
ZNF292,2.0,1.0,0.0,0.0,0.0,8.0
RABEP1,0.0,1.0,0.0,3.0,0.0,8.0
TEX30,0.0,3.0,0.0,1.0,0.0,8.0
BET1L,0.0,2.0,0.0,2.0,0.0,8.0
ZNF280C,2.0,1.0,0.0,0.0,0.0,8.0
TFAM,0.0,4.0,0.0,0.0,0.0,8.0
IBA57,0.0,3.0,0.0,1.0,0.0,8.0
CDC40,0.0,0.0,0.0,4.0,0.0,8.0
BRK1,0.0,2.0,0.0,2.0,0.0,8.0
FTCD,0.0,1.0,0.0,3.0,0.0,8.0
FSTL5,0.0,2.0,0.0,2.0,0.0,8.0
CFAP43,0.0,1.0,0.0,3.0,0.0,8.0
RNASE3,0.0,1.0,0.0,3.0,0.0,8.0
ICAM5,0.0,2.0,0.0,2.0,0.0,8.0
HTR1D,0.0,3.0,0.0,1.0,0.0,8.0
FYTTD1,0.0,3.0,0.0,1.0,0.0,8.0
HSPA14,0.0,0.0,0.0,4.0,0.0,8.0
CFAP20,0.0,4.0,0.0,0.0,0.0,8.0
CFAP206,0.0,2.0,0.0,2.0,0.0,8.0
CFAP20DC,0.0,4.0,0.0,0.0,0.0,8.0
RAD23A,0.0,2.0,0.0,2.0,0.0,8.0
TEX13B,0.0,1.0,0.0,3.0,0.0,8.0
HSPB6,0.0,1.0,0.0,3.0,0.0,8.0
HSPB8,0.0,2.0,0.0,2.0,0.0,8.0
TEX15,0.0,2.0,0.0,2.0,0.0,8.0
TBKBP1,0.0,2.0,0.0,2.0,0.0,8.0
ZNF324,0.0,1.0,0.0,3.0,0.0,8.0
TEX19,0.0,1.0,0.0,3.0,0.0,8.0
SNHG6,0.0,3.0,1.0,0.0,0.0,8.0
TEX2,0.0,3.0,0.0,1.0,0.0,8.0
ICAM3,0.0,3.0,0.0,1.0,0.0,8.0
ZNF277,0.0,2.0,1.0,1.0,0.0,8.0
CEP164,0.0,3.0,0.0,1.0,0.0,8.0
RNF11,0.0,1.0,0.0,3.0,0.0,8.0
SNAP29,0.0,2.0,0.0,2.0,0.0,8.0
FOXJ2,0.0,4.0,0.0,0.0,0.0,8.0
BRMS1L,0.0,1.0,0.0,3.0,0.0,8.0
BRPF1,0.0,0.0,0.0,4.0,0.0,8.0
FOXI1,0.0,4.0,0.0,0.0,0.0,8.0
FOXH1,0.0,2.0,0.0,2.0,0.0,8.0
IFT140,0.0,3.0,0.0,1.0,0.0,8.0
IFT22,2.0,1.0,0.0,0.0,0.0,8.0
RAB26,0.0,1.0,0.0,3.0,0.0,8.0
IFT27,0.0,1.0,0.0,3.0,0.0,8.0
IFT57,0.0,3.0,0.0,1.0,0.0,8.0
IFT70A,0.0,2.0,0.0,2.0,0.0,8.0
IFT74,0.0,2.0,0.0,2.0,0.0,8.0
CGRRF1,2.0,0.0,0.0,1.0,0.0,8.0
IFT81,0.0,3.0,0.0,1.0,0.0,8.0
CGB3,0.0,0.0,0.0,4.0,0.0,8.0
FOXO6,0.0,0.0,0.0,4.0,0.0,8.0
ID4,0.0,0.0,0.0,4.0,0.0,8.0
SRP14,0.0,1.0,0.0,3.0,0.0,8.0
IDH3G,0.0,4.0,0.0,0.0,0.0,8.0
RAB40C,0.0,2.0,0.0,2.0,0.0,8.0
RAB3GAP2,0.0,3.0,0.0,1.0,0.0,8.0
RAB3C,0.0,1.0,0.0,3.0,0.0,8.0
RAB3B,0.0,0.0,1.0,3.0,0.0,8.0
ZNF257,0.0,0.0,0.0,4.0,0.0,8.0
RAB39B,0.0,1.0,0.0,3.0,0.0,8.0
ZNF24,0.0,1.0,1.0,2.0,0.0,8.0
FRG1,0.0,1.0,1.0,2.0,0.0,8.0
IFIT1B,0.0,3.0,0.0,1.0,0.0,8.0
RAB37,0.0,1.0,0.0,3.0,0.0,8.0
RAB36,0.0,1.0,0.0,3.0,0.0,8.0
FPR3,0.0,3.0,0.0,1.0,0.0,8.0
FPGT,0.0,2.0,0.0,2.0,0.0,8.0
RAB35,0.0,1.0,0.0,3.0,0.0,8.0
BRI3BP,0.0,4.0,0.0,0.0,0.0,8.0
HSD3B2,0.0,3.0,0.0,1.0,0.0,8.0
HSD17B8,0.0,3.0,0.0,1.0,0.0,8.0
SNX12,0.0,3.0,0.0,1.0,0.0,8.0
GAPT,0.0,3.0,0.0,0.0,2.0,8.0
GANC,0.0,4.0,0.0,0.0,0.0,8.0
HLCS,0.0,3.0,1.0,0.0,0.0,8.0
GALNT8,0.0,0.0,0.0,4.0,0.0,8.0
RARRES2,0.0,0.0,0.0,4.0,0.0,8.0
GALNT16,0.0,1.0,0.0,3.0,0.0,8.0
BRCA2,0.0,1.0,1.0,2.0,0.0,8.0
GALNT15,0.0,0.0,0.0,4.0,0.0,8.0
RAPH1,0.0,4.0,0.0,0.0,0.0,8.0
CEP85,0.0,4.0,0.0,0.0,0.0,8.0
HMGXB3,0.0,2.0,0.0,2.0,0.0,8.0
SPTBN4,0.0,1.0,0.0,3.0,0.0,8.0
HMHB1,0.0,1.0,1.0,2.0,0.0,8.0
HMX3,2.0,1.0,0.0,0.0,0.0,8.0
HNF1A,0.0,2.0,0.0,2.0,0.0,8.0
GAREM1,0.0,3.0,0.0,1.0,0.0,8.0
RASAL1,0.0,2.0,0.0,2.0,0.0,8.0
G6PC1,0.0,0.0,0.0,4.0,0.0,8.0
HLA-DQA2,0.0,0.0,0.0,3.0,2.0,8.0
HHAT,0.0,1.0,0.0,3.0,0.0,8.0
SPTB,0.0,2.0,0.0,2.0,0.0,8.0
RASSF3,0.0,3.0,0.0,1.0,0.0,8.0
HID1,2.0,1.0,0.0,0.0,0.0,8.0
GCG,0.0,0.0,0.0,4.0,0.0,8.0
SNX25,0.0,4.0,0.0,0.0,0.0,8.0
CEP192,0.0,2.0,0.0,2.0,0.0,8.0
CDH12,0.0,2.0,0.0,2.0,0.0,8.0
HINT3,2.0,0.0,0.0,1.0,0.0,8.0
GBA2,0.0,4.0,0.0,0.0,0.0,8.0
RASL10A,0.0,3.0,0.0,1.0,0.0,8.0
ABCA2,2.0,1.0,0.0,0.0,0.0,8.0
SNX18,0.0,3.0,0.0,1.0,0.0,8.0
RASGEF1A,2.0,1.0,0.0,0.0,0.0,8.0
HLA-DOB,0.0,2.0,0.0,1.0,2.0,8.0
CEP89,0.0,3.0,0.0,1.0,0.0,8.0
HNRNPA3P1,0.0,0.0,3.0,1.0,0.0,8.0
CEPT1,0.0,2.0,0.0,2.0,0.0,8.0
RAP1GAP,0.0,1.0,0.0,3.0,0.0,8.0
ABCB10,0.0,4.0,0.0,0.0,0.0,8.0
HPDL,0.0,1.0,0.0,3.0,0.0,8.0
GABRA2,0.0,2.0,0.0,2.0,0.0,8.0
ASB16,0.0,1.0,0.0,3.0,0.0,8.0
HPS3,0.0,4.0,0.0,0.0,0.0,8.0
HPX,0.0,0.0,0.0,4.0,0.0,8.0
ASB14,0.0,1.0,0.0,3.0,0.0,8.0
TET1,0.0,1.0,0.0,3.0,0.0,8.0
HS2ST1,0.0,3.0,1.0,0.0,0.0,8.0
HS3ST3A1,0.0,4.0,0.0,0.0,0.0,8.0
ZNF350,0.0,1.0,0.0,3.0,0.0,8.0
HSBP1,0.0,3.0,0.0,1.0,0.0,8.0
HSBP1L1,2.0,1.0,0.0,0.0,0.0,8.0
GABARAP,0.0,1.0,0.0,3.0,0.0,8.0
GAA,0.0,2.0,0.0,2.0,0.0,8.0
GABRA5,0.0,2.0,0.0,2.0,0.0,8.0
HOXD11,0.0,4.0,0.0,0.0,0.0,8.0
TERF2IP,0.0,1.0,2.0,1.0,0.0,8.0
HORMAD1,0.0,2.0,0.0,2.0,0.0,8.0
HNRNPH2,0.0,3.0,1.0,0.0,0.0,8.0
HNRNPUL2,0.0,3.0,1.0,0.0,0.0,8.0
BRD4,0.0,1.0,0.0,0.0,6.0,8.0
HOMER2,0.0,4.0,0.0,0.0,0.0,8.0
HOMER3,0.0,1.0,0.0,3.0,0.0,8.0
HOOK2,0.0,2.0,0.0,2.0,0.0,8.0
GABRB3,0.0,3.0,0.0,1.0,0.0,8.0
BRD9,0.0,2.0,0.0,2.0,0.0,8.0
HOXA2,0.0,1.0,0.0,3.0,0.0,8.0
SNRPB,0.0,0.0,0.0,4.0,0.0,8.0
ZNF418,0.0,1.0,0.0,3.0,0.0,8.0
GABRB1,0.0,0.0,1.0,3.0,0.0,8.0
SNRPA,0.0,3.0,0.0,1.0,0.0,8.0
HOXC10,0.0,4.0,0.0,0.0,0.0,8.0
KRT73,0.0,3.0,0.0,1.0,0.0,8.0
DAGLA,0.0,3.0,0.0,1.0,0.0,8.0
LRP12,0.0,3.0,0.0,1.0,0.0,8.0
SIRT5,0.0,4.0,0.0,0.0,0.0,8.0
CCNK,0.0,1.0,0.0,3.0,0.0,8.0
SLC25A5,1.0,1.0,0.0,1.0,1.0,8.0
MARCHF7,0.0,3.0,0.0,0.0,2.0,8.0
C1ORF43,0.0,2.0,0.0,2.0,0.0,8.0
VSTM2B,0.0,4.0,0.0,0.0,0.0,8.0
BAP1,0.0,0.0,0.0,4.0,0.0,8.0
VTA1,0.0,2.0,0.0,2.0,0.0,8.0
ADAM11,0.0,2.0,0.0,2.0,0.0,8.0
COMMD8,0.0,2.0,0.0,2.0,0.0,8.0
ADAD1,0.0,1.0,0.0,3.0,0.0,8.0
CNTNAP2,0.0,1.0,0.0,3.0,0.0,8.0
WAPL,0.0,3.0,0.0,1.0,0.0,8.0
VPS4A,0.0,2.0,0.0,2.0,0.0,8.0
ACVR2B,0.0,2.0,0.0,2.0,0.0,8.0
SIRT4,0.0,2.0,0.0,2.0,0.0,8.0
RPL13P5,0.0,4.0,0.0,0.0,0.0,8.0
SLC26A6,0.0,3.0,0.0,1.0,0.0,8.0
SLC26A8,0.0,1.0,0.0,3.0,0.0,8.0
PLS1,0.0,3.0,0.0,1.0,0.0,8.0
SLC26A9,0.0,0.0,0.0,4.0,0.0,8.0
CNTN3,0.0,2.0,0.0,2.0,0.0,8.0
WBP1,0.0,3.0,0.0,1.0,0.0,8.0
MARK2,0.0,0.0,0.0,4.0,0.0,8.0
ACVR1B,0.0,3.0,0.0,1.0,0.0,8.0
COA5,2.0,0.0,0.0,1.0,0.0,8.0
VPS45,0.0,1.0,0.0,3.0,0.0,8.0
MC1R,0.0,1.0,0.0,3.0,0.0,8.0
BAIAP3,0.0,3.0,0.0,1.0,0.0,8.0
AFDN,0.0,2.0,0.0,2.0,0.0,8.0
VIPR2,0.0,3.0,0.0,1.0,0.0,8.0
LMNB1,0.0,1.0,0.0,3.0,0.0,8.0
AFF1,0.0,4.0,0.0,0.0,0.0,8.0
UROD,0.0,2.0,1.0,1.0,0.0,8.0
COG4,0.0,2.0,0.0,2.0,0.0,8.0
CCN4,0.0,2.0,1.0,1.0,0.0,8.0
COG1,0.0,0.0,0.0,4.0,0.0,8.0
PPIH,0.0,0.0,1.0,3.0,0.0,8.0
LLGL1,2.0,1.0,0.0,0.0,0.0,8.0
LLCFC1,0.0,3.0,0.0,1.0,0.0,8.0
ETFDH,0.0,3.0,1.0,0.0,0.0,8.0
VPS37D,0.0,1.0,0.0,3.0,0.0,8.0
LIPT2-AS1,0.0,4.0,0.0,0.0,0.0,8.0
SLC25A36,0.0,4.0,0.0,0.0,0.0,8.0
PLXNA1,0.0,4.0,0.0,0.0,0.0,8.0
VPREB1,0.0,2.0,1.0,1.0,0.0,8.0
SLC25A37,0.0,0.0,0.0,4.0,0.0,8.0
BANF1,0.0,1.0,1.0,2.0,0.0,8.0
COASY,0.0,2.0,0.0,2.0,0.0,8.0
VPS33B,0.0,2.0,1.0,1.0,0.0,8.0
MARCHF2,0.0,2.0,1.0,1.0,0.0,8.0
ARHGEF16,0.0,2.0,0.0,2.0,0.0,8.0
ADAM30,0.0,0.0,0.0,4.0,0.0,8.0
WBP2,0.0,3.0,0.0,1.0,0.0,8.0
ENO3,0.0,3.0,0.0,1.0,0.0,8.0
AFG3L2,0.0,4.0,0.0,0.0,0.0,8.0
SLC34A2,0.0,2.0,0.0,2.0,0.0,8.0
LIMS2,0.0,3.0,0.0,1.0,0.0,8.0
CNNM3,2.0,1.0,0.0,0.0,0.0,8.0
EN1,0.0,3.0,0.0,1.0,0.0,8.0
MATN3,0.0,2.0,0.0,2.0,0.0,8.0
EVC,0.0,2.0,0.0,2.0,0.0,8.0
EML5,2.0,1.0,0.0,0.0,0.0,8.0
EML3,0.0,3.0,0.0,1.0,0.0,8.0
MBD6,0.0,1.0,0.0,3.0,0.0,8.0
COX6A2,0.0,1.0,0.0,3.0,0.0,8.0
RPH3A,0.0,1.0,0.0,3.0,0.0,8.0
LILRA1,0.0,1.0,1.0,2.0,0.0,8.0
ATG4B,0.0,2.0,0.0,2.0,0.0,8.0
ACTR5,0.0,2.0,0.0,2.0,0.0,8.0
LIAS,0.0,1.0,0.0,3.0,0.0,8.0
PLOD1,0.0,3.0,0.0,1.0,0.0,8.0
RPP30,0.0,2.0,0.0,2.0,0.0,8.0
LHX4,0.0,1.0,0.0,3.0,0.0,8.0
PPP6R2,0.0,1.0,0.0,3.0,0.0,8.0
RPGR,0.0,4.0,0.0,0.0,0.0,8.0
CNKSR3,0.0,2.0,0.0,2.0,0.0,8.0
WDR83OS,0.0,2.0,1.0,1.0,0.0,8.0
PPWD1,0.0,2.0,0.0,2.0,0.0,8.0
TMEM132A,0.0,2.0,0.0,2.0,0.0,8.0
MBTPS2,0.0,1.0,0.0,3.0,0.0,8.0
C19ORF53,2.0,1.0,0.0,0.0,0.0,8.0
PLPP5,0.0,4.0,0.0,0.0,0.0,8.0
CNPPD1,0.0,3.0,0.0,1.0,0.0,8.0
WDR73,0.0,4.0,0.0,0.0,0.0,8.0
SLC28A3,0.0,3.0,0.0,1.0,0.0,8.0
TATDN3,0.0,1.0,0.0,3.0,0.0,8.0
MARVELD3,0.0,3.0,0.0,1.0,0.0,8.0
UQCRC2,0.0,1.0,0.0,3.0,0.0,8.0
TLNRD1,0.0,4.0,0.0,0.0,0.0,8.0
ENKUR,0.0,1.0,0.0,3.0,0.0,8.0
TLL1,0.0,3.0,0.0,1.0,0.0,8.0
WDR45,0.0,0.0,0.0,4.0,0.0,8.0
C1ORF115,0.0,2.0,0.0,2.0,0.0,8.0
WDR45B,0.0,3.0,0.0,1.0,0.0,8.0
WDR47,0.0,4.0,0.0,0.0,0.0,8.0
PLPPR2,0.0,3.0,0.0,1.0,0.0,8.0
WDR48,0.0,1.0,0.0,3.0,0.0,8.0
SLC2A5,0.0,0.0,0.0,4.0,0.0,8.0
CNR2,0.0,3.0,0.0,1.0,0.0,8.0
MAST2,0.0,4.0,0.0,0.0,0.0,8.0
SLC2A9,0.0,1.0,0.0,3.0,0.0,8.0
MAST3,0.0,3.0,0.0,1.0,0.0,8.0
WDR6,0.0,3.0,0.0,1.0,0.0,8.0
TMEM131,0.0,4.0,0.0,0.0,0.0,8.0
WDR62,0.0,4.0,0.0,0.0,0.0,8.0
LINC00242,0.0,0.0,0.0,4.0,0.0,8.0
UQCR10,0.0,3.0,0.0,1.0,0.0,8.0
PPEF2,0.0,3.0,0.0,1.0,0.0,8.0
LNPEP,0.0,2.0,0.0,2.0,0.0,8.0
SLC25A21,0.0,2.0,0.0,2.0,0.0,8.0
ARHGEF10,0.0,2.0,0.0,2.0,0.0,8.0
POLR1H,0.0,0.0,0.0,4.0,0.0,8.0
SLC17A3,0.0,3.0,0.0,1.0,0.0,8.0
LY6G6D,0.0,2.0,0.0,2.0,0.0,8.0
ADIPOR2,0.0,3.0,0.0,1.0,0.0,8.0
PNMA8A,0.0,4.0,0.0,0.0,0.0,8.0
ADIPOR1,0.0,3.0,0.0,1.0,0.0,8.0
CCDC88B,0.0,2.0,0.0,1.0,2.0,8.0
TMEFF2,0.0,3.0,0.0,1.0,0.0,8.0
LUM,0.0,1.0,0.0,3.0,0.0,8.0
LUC7L2,0.0,3.0,0.0,1.0,0.0,8.0
LUC7L,0.0,4.0,0.0,0.0,0.0,8.0
C1QTNF6,0.0,0.0,0.0,4.0,0.0,8.0
SLAMF9,0.0,3.0,0.0,0.0,2.0,8.0
TMEM104,0.0,1.0,0.0,3.0,0.0,8.0
EPX,0.0,2.0,0.0,2.0,0.0,8.0
ADHFE1,0.0,3.0,0.0,1.0,0.0,8.0
STON2,0.0,2.0,0.0,2.0,0.0,8.0
ADH5,0.0,1.0,1.0,2.0,0.0,8.0
ENTREP2,0.0,1.0,0.0,3.0,0.0,8.0
ERCC6L,0.0,3.0,0.0,1.0,0.0,8.0
PNKD,0.0,4.0,0.0,0.0,0.0,8.0
ENTPD6,0.0,3.0,0.0,1.0,0.0,8.0
POLR3GL,0.0,3.0,0.0,1.0,0.0,8.0
POLR3K,0.0,4.0,0.0,0.0,0.0,8.0
COL9A2,0.0,0.0,1.0,3.0,0.0,8.0
MAGEE1,2.0,1.0,0.0,0.0,0.0,8.0
MAGED4B,0.0,0.0,0.0,4.0,0.0,8.0
LYPD4,0.0,1.0,0.0,3.0,0.0,8.0
MADD,0.0,0.0,0.0,4.0,0.0,8.0
EPB42,0.0,3.0,0.0,1.0,0.0,8.0
MAEA,0.0,2.0,1.0,1.0,0.0,8.0
POLA2,0.0,2.0,0.0,2.0,0.0,8.0
MACROD2,0.0,0.0,0.0,4.0,0.0,8.0
POGK,0.0,4.0,0.0,0.0,0.0,8.0
TMCO6,0.0,3.0,0.0,1.0,0.0,8.0
USP37,0.0,1.0,0.0,3.0,0.0,8.0
M6PR,0.0,2.0,0.0,2.0,0.0,8.0
C21ORF62,0.0,3.0,0.0,1.0,0.0,8.0
COMMD10,0.0,1.0,0.0,3.0,0.0,8.0
B4GAT1,0.0,0.0,0.0,4.0,0.0,8.0
POC1A,0.0,3.0,0.0,1.0,0.0,8.0
USP29,0.0,2.0,0.0,2.0,0.0,8.0
POLM,0.0,3.0,0.0,1.0,0.0,8.0
ARHGAP8,2.0,0.0,0.0,1.0,0.0,8.0
MAGEA9,0.0,0.0,0.0,4.0,0.0,8.0
CCHCR1,0.0,2.0,0.0,2.0,0.0,8.0
MAGEB2,0.0,2.0,0.0,2.0,0.0,8.0
STK4,0.0,2.0,0.0,2.0,0.0,8.0
B4GALNT2,0.0,2.0,0.0,2.0,0.0,8.0
LYPLA1,0.0,1.0,1.0,2.0,0.0,8.0
LYPD8,0.0,1.0,0.0,3.0,0.0,8.0
COL4A5,0.0,0.0,0.0,4.0,0.0,8.0
LRRK2,0.0,4.0,0.0,0.0,0.0,8.0
CORO7,0.0,3.0,0.0,1.0,0.0,8.0
ADCYAP1,0.0,1.0,0.0,3.0,0.0,8.0
MAP3K6,0.0,2.0,0.0,2.0,0.0,8.0
COL21A1,0.0,0.0,0.0,4.0,0.0,8.0
ARHGAP44,0.0,1.0,0.0,3.0,0.0,8.0
MAP4K2,0.0,1.0,0.0,3.0,0.0,8.0
VDAC1,0.0,1.0,0.0,3.0,0.0,8.0
MAP4K3,0.0,1.0,0.0,3.0,0.0,8.0
LRIG3,0.0,3.0,0.0,1.0,0.0,8.0
LRIG2,0.0,4.0,0.0,0.0,0.0,8.0
TMA16,0.0,4.0,0.0,0.0,0.0,8.0
COQ8A,2.0,0.0,0.0,1.0,0.0,8.0
LRATD2,0.0,2.0,0.0,2.0,0.0,8.0
ERP29,0.0,4.0,0.0,0.0,0.0,8.0
MANBAL,0.0,4.0,0.0,0.0,0.0,8.0
MAP7D2,0.0,0.0,0.0,4.0,0.0,8.0
LPAR5,0.0,1.0,0.0,3.0,0.0,8.0
CCDC80,0.0,2.0,0.0,2.0,0.0,8.0
ESCO1,0.0,3.0,0.0,1.0,0.0,8.0
ESF1,0.0,4.0,0.0,0.0,0.0,8.0
VENTX,0.0,2.0,0.0,2.0,0.0,8.0
SLC25A18,0.0,3.0,0.0,1.0,0.0,8.0
LORICRIN,0.0,2.0,0.0,2.0,0.0,8.0
PLXNB2,0.0,4.0,0.0,0.0,0.0,8.0
LONP2,0.0,3.0,0.0,1.0,0.0,8.0
STX18,0.0,1.0,0.0,3.0,0.0,8.0
LRP2,0.0,2.0,0.0,2.0,0.0,8.0
ERGIC3,2.0,0.0,1.0,0.0,0.0,8.0
CCL15,0.0,0.0,2.0,2.0,0.0,8.0
ARHGEF12,0.0,1.0,0.0,3.0,0.0,8.0
LRRFIP2,0.0,2.0,1.0,1.0,0.0,8.0
STK3,0.0,1.0,0.0,3.0,0.0,8.0
ERCC8,0.0,0.0,1.0,3.0,0.0,8.0
ERG,0.0,4.0,0.0,0.0,0.0,8.0
MAP10,0.0,3.0,0.0,1.0,0.0,8.0
LRRC75B,0.0,3.0,0.0,1.0,0.0,8.0
MAP1A,0.0,2.0,0.0,2.0,0.0,8.0
B3GNT9,0.0,1.0,0.0,3.0,0.0,8.0
POMT2,0.0,0.0,0.0,4.0,0.0,8.0
ARHGEF11,0.0,4.0,0.0,0.0,0.0,8.0
LRRC4C,0.0,3.0,0.0,1.0,0.0,8.0
TMC1,0.0,4.0,0.0,0.0,0.0,8.0
LRRC47,0.0,4.0,0.0,0.0,0.0,8.0
COL25A1,0.0,1.0,0.0,3.0,0.0,8.0
LRRC40,0.0,3.0,0.0,1.0,0.0,8.0
LRRC3B,0.0,3.0,0.0,1.0,0.0,8.0
VAPB,0.0,4.0,0.0,0.0,0.0,8.0
C2ORF69,0.0,4.0,0.0,0.0,0.0,8.0
SLC22A3,0.0,2.0,0.0,2.0,0.0,8.0
VASH2,0.0,2.0,0.0,2.0,0.0,8.0
ADGRE3,0.0,3.0,0.0,1.0,0.0,8.0
LRRC20,0.0,3.0,0.0,1.0,0.0,8.0
MAP3K13,0.0,2.0,0.0,2.0,0.0,8.0
LGR6,0.0,2.0,0.0,2.0,0.0,8.0
MARCHF8,0.0,4.0,0.0,0.0,0.0,8.0
UNC5B,0.0,3.0,0.0,1.0,0.0,8.0
MEA1,0.0,3.0,0.0,1.0,0.0,8.0
CMTM2,0.0,1.0,0.0,3.0,0.0,8.0
UNC5A,0.0,0.0,0.0,4.0,0.0,8.0
EZHIP,0.0,1.0,0.0,3.0,0.0,8.0
CLSTN2,0.0,2.0,0.0,2.0,0.0,8.0
MCF2L,0.0,3.0,0.0,1.0,0.0,8.0
WHAMM,0.0,4.0,0.0,0.0,0.0,8.0
MDFI,0.0,2.0,0.0,2.0,0.0,8.0
SIL1,0.0,2.0,0.0,2.0,0.0,8.0
EXOC5,0.0,2.0,1.0,1.0,0.0,8.0
ACOT8,2.0,0.0,0.0,1.0,0.0,8.0
FABP3,0.0,2.0,0.0,2.0,0.0,8.0
ME3,0.0,2.0,0.0,2.0,0.0,8.0
LAGE3,0.0,4.0,0.0,0.0,0.0,8.0
WNT8B,0.0,1.0,0.0,3.0,0.0,8.0
PREP,2.0,0.0,0.0,1.0,0.0,8.0
ARL1,0.0,3.0,1.0,0.0,0.0,8.0
ARL4A,0.0,3.0,0.0,1.0,0.0,8.0
TKFC,0.0,1.0,0.0,3.0,0.0,8.0
TMEM132E,0.0,4.0,0.0,0.0,0.0,8.0
CNGA4,0.0,1.0,0.0,3.0,0.0,8.0
EXPH5,0.0,1.0,0.0,3.0,0.0,8.0
FABP7,0.0,2.0,1.0,1.0,0.0,8.0
EXOC6B,0.0,4.0,0.0,0.0,0.0,8.0
SLC35F6,0.0,3.0,0.0,1.0,0.0,8.0
ELOVL3,0.0,3.0,0.0,1.0,0.0,8.0
PRDM4,0.0,3.0,0.0,1.0,0.0,8.0
TARS3,2.0,1.0,0.0,0.0,0.0,8.0
ACP1,0.0,1.0,1.0,2.0,0.0,8.0
COX8C,0.0,1.0,0.0,3.0,0.0,8.0
EXTL2,0.0,3.0,0.0,1.0,0.0,8.0
C4BPB,0.0,2.0,0.0,2.0,0.0,8.0
FAM110B,0.0,3.0,0.0,1.0,0.0,8.0
PLET1,0.0,0.0,0.0,4.0,0.0,8.0
ARL15,0.0,2.0,0.0,2.0,0.0,8.0
LAMC3,0.0,1.0,0.0,3.0,0.0,8.0
ACOX2,0.0,1.0,0.0,3.0,0.0,8.0
LEMD3,2.0,1.0,0.0,0.0,0.0,8.0
ACP6,0.0,3.0,0.0,1.0,0.0,8.0
FAIM,0.0,2.0,0.0,2.0,0.0,8.0
TKT,0.0,2.0,0.0,2.0,0.0,8.0
MDGA1,0.0,2.0,0.0,2.0,0.0,8.0
FAF2,0.0,2.0,0.0,2.0,0.0,8.0
FAF1,0.0,2.0,0.0,2.0,0.0,8.0
L3MBTL1,0.0,1.0,0.0,3.0,0.0,8.0
CCDC77,0.0,2.0,0.0,2.0,0.0,8.0
PRELP,0.0,2.0,0.0,2.0,0.0,8.0
KY,0.0,2.0,0.0,2.0,0.0,8.0
LAD1,0.0,4.0,0.0,0.0,0.0,8.0
STAR,0.0,2.0,1.0,1.0,0.0,8.0
XK,0.0,2.0,1.0,1.0,0.0,8.0
XPA,0.0,2.0,0.0,2.0,0.0,8.0
SLC35E1,0.0,3.0,0.0,1.0,0.0,8.0
WNT7B,0.0,1.0,0.0,3.0,0.0,8.0
ACSL3,0.0,1.0,0.0,3.0,0.0,8.0
WT1-AS,0.0,0.0,0.0,4.0,0.0,8.0
BBS9,0.0,3.0,0.0,1.0,0.0,8.0
CLP1,2.0,0.0,0.0,1.0,0.0,8.0
CMTR1,0.0,3.0,0.0,1.0,0.0,8.0
MED11,0.0,2.0,0.0,2.0,0.0,8.0
EXO5,0.0,3.0,0.0,1.0,0.0,8.0
WDTC1,0.0,1.0,0.0,3.0,0.0,8.0
CLN3,0.0,3.0,0.0,1.0,0.0,8.0
ARL5B,0.0,3.0,0.0,1.0,0.0,8.0
EXOSC10,2.0,1.0,0.0,0.0,0.0,8.0
L1CAM,0.0,2.0,0.0,2.0,0.0,8.0
SIGMAR1,0.0,3.0,1.0,0.0,0.0,8.0
FAM120A,0.0,4.0,0.0,0.0,0.0,8.0
WWC1,0.0,1.0,0.0,3.0,0.0,8.0
L1TD1,0.0,0.0,0.0,4.0,0.0,8.0
SLC35E3,0.0,3.0,0.0,1.0,0.0,8.0
MC4R,0.0,1.0,0.0,3.0,0.0,8.0
RP2,0.0,1.0,1.0,2.0,0.0,8.0
MCUB,0.0,2.0,0.0,2.0,0.0,8.0
ARIH2OS,0.0,4.0,0.0,0.0,0.0,8.0
COX7C,0.0,0.0,0.0,4.0,0.0,8.0
FAAP24,0.0,2.0,0.0,2.0,0.0,8.0
WWC2,0.0,2.0,0.0,2.0,0.0,8.0
MCUR1,0.0,3.0,0.0,1.0,0.0,8.0
ARK2C,0.0,4.0,0.0,0.0,0.0,8.0
SLC35C2,0.0,3.0,0.0,1.0,0.0,8.0
EXOC2,0.0,3.0,0.0,1.0,0.0,8.0
WNK1,1.0,2.0,0.0,0.0,1.0,8.0
UPF3A,0.0,1.0,2.0,1.0,0.0,8.0
DCTD,1.0,1.0,1.0,0.0,0.0,7.0
UGDH,1.0,1.0,0.0,1.0,0.0,7.0
LRRC23,1.0,1.0,0.0,1.0,0.0,7.0
COQ4,1.0,2.0,0.0,0.0,0.0,7.0
CCDC167,1.0,2.0,0.0,0.0,0.0,7.0
B3GAT3,1.0,1.0,0.0,1.0,0.0,7.0
BICD1,1.0,1.0,0.0,1.0,0.0,7.0
NIT2,1.0,0.0,1.0,1.0,0.0,7.0
TBCEL,1.0,2.0,0.0,0.0,0.0,7.0
SNAP47,1.0,1.0,1.0,0.0,0.0,7.0
RYR1,1.0,1.0,0.0,1.0,0.0,7.0
NUFIP1,1.0,2.0,0.0,0.0,0.0,7.0
TMEM97,1.0,2.0,0.0,0.0,0.0,7.0
BCCIP,1.0,2.0,0.0,0.0,0.0,7.0
CCL11,1.0,1.0,0.0,1.0,0.0,7.0
TFB1M,1.0,0.0,0.0,2.0,0.0,7.0
HCN1,1.0,2.0,0.0,0.0,0.0,7.0
PCDHAC1,1.0,0.0,0.0,2.0,0.0,7.0
LRRC14,1.0,0.0,0.0,2.0,0.0,7.0
TMBIM4,1.0,2.0,0.0,0.0,0.0,7.0
LRRC30,1.0,2.0,0.0,0.0,0.0,7.0
CDADC1,1.0,2.0,0.0,0.0,0.0,7.0
BAG6,0.0,2.0,0.0,1.0,1.0,7.0
C2ORF76,1.0,2.0,0.0,0.0,0.0,7.0
TLE5,1.0,1.0,0.0,1.0,0.0,7.0
CSPP1,1.0,1.0,0.0,1.0,0.0,7.0
ESYT2,1.0,2.0,0.0,0.0,0.0,7.0
CHI3L2,1.0,1.0,0.0,1.0,0.0,7.0
DHX32,1.0,0.0,0.0,2.0,0.0,7.0
MLLT10,1.0,0.0,1.0,1.0,0.0,7.0
GPLD1,1.0,0.0,0.0,2.0,0.0,7.0
PPCS,1.0,2.0,0.0,0.0,0.0,7.0
TRMT44,1.0,2.0,0.0,0.0,0.0,7.0
IGSF10,1.0,2.0,0.0,0.0,0.0,7.0
MRPL1,1.0,0.0,0.0,2.0,0.0,7.0
RNF148,1.0,2.0,0.0,0.0,0.0,7.0
TBC1D22B,1.0,0.0,0.0,2.0,0.0,7.0
ART1,1.0,1.0,0.0,1.0,0.0,7.0
NFAM1,0.0,1.0,0.0,2.0,1.0,7.0
IGBP1,0.0,3.0,0.0,0.0,1.0,7.0
PWWP2A,1.0,2.0,0.0,0.0,0.0,7.0
DTWD1,1.0,1.0,0.0,1.0,0.0,7.0
SLC37A1,1.0,1.0,0.0,1.0,0.0,7.0
NEXMIF,1.0,2.0,0.0,0.0,0.0,7.0
BEND3,1.0,2.0,0.0,0.0,0.0,7.0
LMF1,1.0,1.0,0.0,1.0,0.0,7.0
PVR,1.0,0.0,0.0,2.0,0.0,7.0
MMAA,1.0,2.0,0.0,0.0,0.0,7.0
MED9,1.0,0.0,0.0,2.0,0.0,7.0
APOF,1.0,2.0,0.0,0.0,0.0,7.0
CCDC62,1.0,1.0,0.0,1.0,0.0,7.0
TNNI1,1.0,2.0,0.0,0.0,0.0,7.0
HACE1,1.0,1.0,0.0,1.0,0.0,7.0
EHBP1,1.0,2.0,0.0,0.0,0.0,7.0
ESPN,1.0,2.0,0.0,0.0,0.0,7.0
ZNF597,1.0,1.0,0.0,1.0,0.0,7.0
BRWD1,1.0,2.0,0.0,0.0,0.0,7.0
DGKQ,1.0,0.0,0.0,2.0,0.0,7.0
ADGRB2,1.0,1.0,0.0,1.0,0.0,7.0
RIN1,1.0,0.0,0.0,2.0,0.0,7.0
SPRTN,1.0,1.0,0.0,1.0,0.0,7.0
C3ORF18,1.0,2.0,0.0,0.0,0.0,7.0
SMPDL3A,1.0,1.0,0.0,1.0,0.0,7.0
UMODL1,1.0,1.0,0.0,1.0,0.0,7.0
GPSM3,1.0,1.0,0.0,1.0,0.0,7.0
TMEM91,1.0,1.0,0.0,1.0,0.0,7.0
DPPA2,1.0,2.0,0.0,0.0,0.0,7.0
TRMT1,1.0,2.0,0.0,0.0,0.0,7.0
FNDC8,1.0,2.0,0.0,0.0,0.0,7.0
DPP8,1.0,1.0,0.0,1.0,0.0,7.0
SPRR2F,1.0,2.0,0.0,0.0,0.0,7.0
TNNC1,1.0,0.0,1.0,1.0,0.0,7.0
TTC7B,1.0,2.0,0.0,0.0,0.0,7.0
CCT5,1.0,1.0,0.0,1.0,0.0,7.0
DCAF6,1.0,0.0,0.0,2.0,0.0,7.0
RFX7,1.0,2.0,0.0,0.0,0.0,7.0
SOX12,0.0,2.0,0.0,0.0,3.0,7.0
AMIGO2,1.0,1.0,0.0,1.0,0.0,7.0
HAUS1,1.0,1.0,0.0,1.0,0.0,7.0
FSD1,1.0,2.0,0.0,0.0,0.0,7.0
PRPF31,1.0,2.0,0.0,0.0,0.0,7.0
HPF1,1.0,1.0,0.0,1.0,0.0,7.0
SPINDOC,1.0,2.0,0.0,0.0,0.0,7.0
NSUN2,1.0,2.0,0.0,0.0,0.0,7.0
CLRN3,1.0,1.0,0.0,1.0,0.0,7.0
ZNF365,1.0,2.0,0.0,0.0,0.0,7.0
AIDA,1.0,2.0,0.0,0.0,0.0,7.0
NPNT,1.0,2.0,0.0,0.0,0.0,7.0
CEP250,1.0,1.0,0.0,1.0,0.0,7.0
KRTAP2-4,1.0,1.0,0.0,1.0,0.0,7.0
RAI2,1.0,1.0,0.0,1.0,0.0,7.0
NSUN6,1.0,1.0,0.0,1.0,0.0,7.0
MAGEF1,1.0,1.0,1.0,0.0,0.0,7.0
PALM3,1.0,0.0,0.0,2.0,0.0,7.0
ADPRHL1,1.0,1.0,0.0,1.0,0.0,7.0
SPESP1,1.0,0.0,0.0,2.0,0.0,7.0
SDCBP2,1.0,0.0,1.0,1.0,0.0,7.0
MIER1,1.0,0.0,0.0,2.0,0.0,7.0
PLA2G2F,1.0,1.0,0.0,0.0,2.0,7.0
ZNF518B,1.0,2.0,0.0,0.0,0.0,7.0
PATJ,1.0,2.0,0.0,0.0,0.0,7.0
UNC13C,1.0,2.0,0.0,0.0,0.0,7.0
PAX1,1.0,1.0,0.0,1.0,0.0,7.0
FXYD7,1.0,2.0,0.0,0.0,0.0,7.0
USP20,1.0,0.0,0.0,2.0,0.0,7.0
LURAP1,1.0,2.0,0.0,0.0,0.0,7.0
ELOVL1,1.0,2.0,0.0,0.0,0.0,7.0
PKLR,1.0,0.0,0.0,2.0,0.0,7.0
UBP1,1.0,1.0,1.0,0.0,0.0,7.0
TRAPPC13,1.0,0.0,0.0,2.0,0.0,7.0
CLPX,1.0,1.0,1.0,0.0,0.0,7.0
PAPLN,1.0,1.0,0.0,1.0,0.0,7.0
DDX50,1.0,2.0,0.0,0.0,0.0,7.0
TTR,1.0,0.0,0.0,2.0,0.0,7.0
TIMM8B,1.0,2.0,0.0,0.0,0.0,7.0
MACROH2A1,1.0,1.0,0.0,1.0,0.0,7.0
CEP95,1.0,2.0,0.0,0.0,0.0,7.0
ARL5C,1.0,2.0,0.0,0.0,0.0,7.0
TMEM168,1.0,2.0,0.0,0.0,0.0,7.0
HNRNPH3,1.0,2.0,0.0,0.0,0.0,7.0
DEDD,1.0,0.0,0.0,2.0,0.0,7.0
NRARP,0.0,2.0,0.0,0.0,3.0,7.0
CLNK,0.0,2.0,0.0,1.0,1.0,7.0
ZNF48,1.0,2.0,0.0,0.0,0.0,7.0
SUCLA2,1.0,0.0,1.0,1.0,0.0,7.0
AREL1,1.0,1.0,0.0,1.0,0.0,7.0
UBR2,0.0,2.0,0.0,1.0,1.0,7.0
HOXC4,1.0,2.0,0.0,0.0,0.0,7.0
ANKRD44,1.0,2.0,0.0,0.0,0.0,7.0
PARP11,1.0,2.0,0.0,0.0,0.0,7.0
CES1,1.0,0.0,1.0,1.0,0.0,7.0
FAM131B,1.0,1.0,0.0,1.0,0.0,7.0
PKN1,0.0,0.0,0.0,3.0,1.0,7.0
RHBDD3,0.0,1.0,0.0,2.0,1.0,7.0
CCDC68,1.0,1.0,0.0,1.0,0.0,7.0
HPCAL4,1.0,2.0,0.0,0.0,0.0,7.0
CEP162,1.0,0.0,0.0,2.0,0.0,7.0
CDKL1,1.0,1.0,0.0,1.0,0.0,7.0
CCDC169,1.0,2.0,0.0,0.0,0.0,7.0
AK9,1.0,2.0,0.0,0.0,0.0,7.0
CCDC12,1.0,2.0,0.0,0.0,0.0,7.0
LRRFIP1,1.0,2.0,0.0,0.0,0.0,7.0
SYN3,1.0,1.0,0.0,1.0,0.0,7.0
HECA,1.0,2.0,0.0,0.0,0.0,7.0
SPECC1,1.0,2.0,0.0,0.0,0.0,7.0
SH3RF1,0.0,0.0,0.0,2.0,3.0,7.0
KLRC4,1.0,2.0,0.0,0.0,0.0,7.0
S100A13,1.0,1.0,0.0,1.0,0.0,7.0
TMEM243,1.0,2.0,0.0,0.0,0.0,7.0
SAG,1.0,2.0,0.0,0.0,0.0,7.0
EFHC1,1.0,1.0,0.0,1.0,0.0,7.0
SNCB,1.0,1.0,0.0,1.0,0.0,7.0
CDC20B,1.0,1.0,0.0,1.0,0.0,7.0
NMB,1.0,2.0,0.0,0.0,0.0,7.0
EFHC2,1.0,1.0,0.0,1.0,0.0,7.0
NLRP6,1.0,2.0,0.0,0.0,0.0,7.0
CAPN15,1.0,1.0,1.0,0.0,0.0,7.0
NLRP4,1.0,1.0,0.0,1.0,0.0,7.0
ATP8A2,1.0,1.0,0.0,1.0,0.0,7.0
PROX1,1.0,0.0,0.0,2.0,0.0,7.0
TRIM65,1.0,2.0,0.0,0.0,0.0,7.0
PROX2,1.0,2.0,0.0,0.0,0.0,7.0
ZNF250,1.0,2.0,0.0,0.0,0.0,7.0
SLC48A1,1.0,1.0,0.0,1.0,0.0,7.0
PISD,1.0,0.0,1.0,1.0,0.0,7.0
FAM118B,1.0,2.0,0.0,0.0,0.0,7.0
UTP6,1.0,0.0,0.0,2.0,0.0,7.0
FAM149A,1.0,0.0,0.0,2.0,0.0,7.0
EFCAB9,1.0,1.0,0.0,1.0,0.0,7.0
SESTD1,1.0,1.0,0.0,1.0,0.0,7.0
CCDC88A,1.0,1.0,1.0,0.0,0.0,7.0
PHB2,0.0,2.0,1.0,0.0,1.0,7.0
CYB561A3,1.0,2.0,0.0,0.0,0.0,7.0
SDHAF2,1.0,1.0,0.0,1.0,0.0,7.0
FUT10,1.0,2.0,0.0,0.0,0.0,7.0
SPEF1,1.0,1.0,0.0,1.0,0.0,7.0
NOP10,1.0,1.0,0.0,1.0,0.0,7.0
PLA2R1,1.0,2.0,0.0,0.0,0.0,7.0
TRAP1,1.0,2.0,0.0,0.0,0.0,7.0
APOBEC3A,1.0,2.0,0.0,0.0,0.0,7.0
HERPUD2,1.0,1.0,0.0,1.0,0.0,7.0
CCDC174,1.0,1.0,0.0,1.0,0.0,7.0
S100A2,1.0,0.0,0.0,2.0,0.0,7.0
MSANTD1,1.0,1.0,0.0,1.0,0.0,7.0
C2CD3,1.0,1.0,0.0,1.0,0.0,7.0
CXORF65,1.0,2.0,0.0,0.0,0.0,7.0
GDF11,1.0,1.0,1.0,0.0,0.0,7.0
UTP18,1.0,2.0,0.0,0.0,0.0,7.0
BRINP2,1.0,1.0,0.0,1.0,0.0,7.0
RNASEH1,1.0,1.0,1.0,0.0,0.0,7.0
CDH18,1.0,0.0,0.0,2.0,0.0,7.0
CA7,1.0,1.0,0.0,1.0,0.0,7.0
OSGEP,1.0,2.0,0.0,0.0,0.0,7.0
ARHGAP32,1.0,1.0,0.0,1.0,0.0,7.0
TMEM214,1.0,2.0,0.0,0.0,0.0,7.0
CYP39A1,1.0,2.0,0.0,0.0,0.0,7.0
PPP1R3C,1.0,1.0,0.0,1.0,0.0,7.0
SLC6A16,1.0,2.0,0.0,0.0,0.0,7.0
RTN4R,1.0,0.0,0.0,2.0,0.0,7.0
SVOP,1.0,1.0,0.0,1.0,0.0,7.0
CUEDC1,1.0,2.0,0.0,0.0,0.0,7.0
C1ORF216,1.0,1.0,0.0,1.0,0.0,7.0
MON1B,1.0,1.0,0.0,1.0,0.0,7.0
IRAK1BP1,1.0,2.0,0.0,0.0,0.0,7.0
BNC2,1.0,2.0,0.0,0.0,0.0,7.0
TMEM126B,1.0,1.0,0.0,1.0,0.0,7.0
ARFRP1,1.0,2.0,0.0,0.0,0.0,7.0
ZNF841,1.0,2.0,0.0,0.0,0.0,7.0
EIF1AD,1.0,1.0,0.0,1.0,0.0,7.0
MCMBP,1.0,1.0,0.0,1.0,0.0,7.0
DMRTB1,1.0,1.0,0.0,1.0,0.0,7.0
RPAP2,1.0,2.0,0.0,0.0,0.0,7.0
RIC1,1.0,0.0,0.0,2.0,0.0,7.0
NAALADL1,1.0,1.0,0.0,1.0,0.0,7.0
SLC27A4,1.0,0.0,0.0,2.0,0.0,7.0
TSEN15,1.0,0.0,0.0,2.0,0.0,7.0
ZDHHC20,1.0,0.0,0.0,2.0,0.0,7.0
SERHL2,1.0,1.0,0.0,1.0,0.0,7.0
KIAA1217,1.0,2.0,0.0,0.0,0.0,7.0
E4F1,1.0,1.0,0.0,1.0,0.0,7.0
CALHM2,1.0,2.0,0.0,0.0,0.0,7.0
GLRA3,1.0,2.0,0.0,0.0,0.0,7.0
NDNF,1.0,2.0,0.0,0.0,0.0,7.0
RNFT1,1.0,0.0,1.0,1.0,0.0,7.0
STX1B,1.0,0.0,2.0,0.0,0.0,7.0
WNK2,1.0,1.0,0.0,1.0,0.0,7.0
SEMA4F,1.0,1.0,0.0,1.0,0.0,7.0
KCTD13,1.0,2.0,0.0,0.0,0.0,7.0
ZFYVE19,1.0,2.0,0.0,0.0,0.0,7.0
MFAP1,1.0,0.0,1.0,1.0,0.0,7.0
TLX1,1.0,2.0,0.0,0.0,0.0,7.0
RFESD,1.0,1.0,0.0,1.0,0.0,7.0
PPP1R14B,1.0,2.0,0.0,0.0,0.0,7.0
ACYP1,1.0,1.0,1.0,0.0,0.0,7.0
ZFTRAF1,1.0,2.0,0.0,0.0,0.0,7.0
CD2BP2,1.0,0.0,0.0,2.0,0.0,7.0
DUSP13B,1.0,0.0,0.0,2.0,0.0,7.0
IQCB1,1.0,2.0,0.0,0.0,0.0,7.0
OR51B4,1.0,2.0,0.0,0.0,0.0,7.0
SSUH2,1.0,0.0,0.0,2.0,0.0,7.0
TBC1D7,1.0,0.0,0.0,2.0,0.0,7.0
RER1,1.0,1.0,1.0,0.0,0.0,7.0
C9ORF43,1.0,1.0,0.0,1.0,0.0,7.0
KCTD17,1.0,1.0,0.0,1.0,0.0,7.0
PRSS30P,1.0,2.0,0.0,0.0,0.0,7.0
KATNAL2,1.0,1.0,0.0,1.0,0.0,7.0
REN,1.0,0.0,1.0,1.0,0.0,7.0
CPLANE1,1.0,1.0,0.0,1.0,0.0,7.0
GPATCH2,1.0,1.0,0.0,1.0,0.0,7.0
PDE8A,1.0,2.0,0.0,0.0,0.0,7.0
CYSTM1,1.0,1.0,0.0,1.0,0.0,7.0
PHLDA3,1.0,1.0,0.0,1.0,0.0,7.0
AZIN2,1.0,2.0,0.0,0.0,0.0,7.0
PRX,1.0,1.0,0.0,1.0,0.0,7.0
ASPN,1.0,0.0,0.0,2.0,0.0,7.0
CAV3,1.0,1.0,0.0,1.0,0.0,7.0
SPAG1,1.0,2.0,0.0,0.0,0.0,7.0
TSPAN11,1.0,2.0,0.0,0.0,0.0,7.0
CECR2,1.0,2.0,0.0,0.0,0.0,7.0
MPP3,1.0,1.0,0.0,1.0,0.0,7.0
LIMS4,1.0,2.0,0.0,0.0,0.0,7.0
CIAO2B,1.0,2.0,0.0,0.0,0.0,7.0
SLC7A13,1.0,2.0,0.0,0.0,0.0,7.0
ANAPC13,1.0,0.0,0.0,2.0,0.0,7.0
GRM8,1.0,1.0,0.0,1.0,0.0,7.0
OXT,1.0,0.0,0.0,2.0,0.0,7.0
MPPED1,1.0,2.0,0.0,0.0,0.0,7.0
STARD6,1.0,1.0,0.0,1.0,0.0,7.0
MPRIP,1.0,2.0,0.0,0.0,0.0,7.0
CD24,1.0,0.0,0.0,1.0,2.0,7.0
ABLIM3,1.0,2.0,0.0,0.0,0.0,7.0
CNRIP1,1.0,2.0,0.0,0.0,0.0,7.0
FCGR1BP,1.0,1.0,0.0,1.0,0.0,7.0
SLC6A4,1.0,0.0,0.0,2.0,0.0,7.0
BMP7,1.0,1.0,0.0,1.0,0.0,7.0
NCEH1,1.0,2.0,0.0,0.0,0.0,7.0
SLC29A4,1.0,1.0,0.0,1.0,0.0,7.0
MRC1,1.0,1.0,0.0,1.0,0.0,7.0
BIRC6,1.0,1.0,0.0,1.0,0.0,7.0
BARX1,1.0,1.0,0.0,1.0,0.0,7.0
ZBTB8B,1.0,2.0,0.0,0.0,0.0,7.0
SULT1E1,1.0,1.0,0.0,1.0,0.0,7.0
FCGBP,1.0,2.0,0.0,0.0,0.0,7.0
METTL23,1.0,2.0,0.0,0.0,0.0,7.0
SIM1,1.0,2.0,0.0,0.0,0.0,7.0
KHDC4,1.0,1.0,0.0,1.0,0.0,7.0
TGM5,1.0,1.0,0.0,1.0,0.0,7.0
PHKA1,1.0,2.0,0.0,0.0,0.0,7.0
TVP23B,1.0,1.0,0.0,1.0,0.0,7.0
TSPAN6,1.0,2.0,0.0,0.0,0.0,7.0
C18ORF54,1.0,1.0,0.0,1.0,0.0,7.0
KALRN,1.0,0.0,0.0,2.0,0.0,7.0
CNST,1.0,2.0,0.0,0.0,0.0,7.0
MOB2,1.0,2.0,0.0,0.0,0.0,7.0
IPO4,1.0,2.0,0.0,0.0,0.0,7.0
GSTK1,1.0,1.0,1.0,0.0,0.0,7.0
LGI3,1.0,0.0,0.0,2.0,0.0,7.0
RETN,1.0,0.0,0.0,2.0,0.0,7.0
MEOX1,1.0,2.0,0.0,0.0,0.0,7.0
GPCPD1,1.0,1.0,0.0,1.0,0.0,7.0
CNEP1R1,1.0,2.0,0.0,0.0,0.0,7.0
MC3R,1.0,0.0,0.0,2.0,0.0,7.0
TG,1.0,2.0,0.0,0.0,0.0,7.0
CPLX4,1.0,2.0,0.0,0.0,0.0,7.0
MBOAT7,1.0,1.0,0.0,1.0,0.0,7.0
RPL23AP32,1.0,2.0,0.0,0.0,0.0,7.0
ARFIP2,1.0,2.0,0.0,0.0,0.0,7.0
MYOM2,1.0,1.0,0.0,1.0,0.0,7.0
PPIL1,1.0,0.0,0.0,2.0,0.0,7.0
TANC1,1.0,2.0,0.0,0.0,0.0,7.0
TBC1D25,1.0,1.0,0.0,1.0,0.0,7.0
CARNS1,1.0,2.0,0.0,0.0,0.0,7.0
RBSN,1.0,1.0,0.0,1.0,0.0,7.0
CRMP1,1.0,2.0,0.0,0.0,0.0,7.0
PCID2,0.0,3.0,0.0,0.0,1.0,7.0
PABPC3,1.0,2.0,0.0,0.0,0.0,7.0
KIR2DS4,1.0,0.0,1.0,1.0,0.0,7.0
C1ORF52,1.0,2.0,0.0,0.0,0.0,7.0
EXD2,1.0,2.0,0.0,0.0,0.0,7.0
SPATA2L,1.0,2.0,0.0,0.0,0.0,7.0
ASPHD1,1.0,2.0,0.0,0.0,0.0,7.0
TPRG1,1.0,2.0,0.0,0.0,0.0,7.0
PPIL3,1.0,0.0,0.0,2.0,0.0,7.0
ATG4D,1.0,1.0,0.0,1.0,0.0,7.0
PRAM1,0.0,2.0,1.0,0.0,1.0,7.0
ARMC10,1.0,2.0,0.0,0.0,0.0,7.0
PDSS2,1.0,2.0,0.0,0.0,0.0,7.0
FKTN,1.0,2.0,0.0,0.0,0.0,7.0
KIR3DS1,0.0,2.0,0.0,1.0,1.0,7.0
CNKSR1,1.0,1.0,0.0,1.0,0.0,7.0
LINS1,1.0,2.0,0.0,0.0,0.0,7.0
SLC9A6,1.0,1.0,1.0,0.0,0.0,7.0
OAZ1,1.0,0.0,0.0,2.0,0.0,7.0
EBPL,1.0,2.0,0.0,0.0,0.0,7.0
TMEM65,1.0,1.0,0.0,1.0,0.0,7.0
ZCCHC18,1.0,2.0,0.0,0.0,0.0,7.0
VPS13B,1.0,2.0,0.0,0.0,0.0,7.0
GORAB,1.0,1.0,0.0,1.0,0.0,7.0
SLC25A33,1.0,0.0,0.0,2.0,0.0,7.0
AMPD2,1.0,2.0,0.0,0.0,0.0,7.0
INIP,1.0,1.0,0.0,1.0,0.0,7.0
RESP18,1.0,2.0,0.0,0.0,0.0,7.0
KCTD11,1.0,2.0,0.0,0.0,0.0,7.0
CNGA1,1.0,2.0,0.0,0.0,0.0,7.0
TMEM53,1.0,1.0,0.0,1.0,0.0,7.0
SLC35F5,1.0,2.0,0.0,0.0,0.0,7.0
MC5R,1.0,0.0,0.0,2.0,0.0,7.0
ABCF1,1.0,2.0,0.0,0.0,0.0,7.0
GINM1,1.0,1.0,0.0,1.0,0.0,7.0
OR52A1,1.0,2.0,0.0,0.0,0.0,7.0
RFNG,1.0,1.0,0.0,1.0,0.0,7.0
CCNJ,1.0,2.0,0.0,0.0,0.0,7.0
TBCB,1.0,1.0,1.0,0.0,0.0,7.0
NAA10,1.0,2.0,0.0,0.0,0.0,7.0
TIPRL,1.0,2.0,0.0,0.0,0.0,7.0
BNIPL,1.0,2.0,0.0,0.0,0.0,7.0
PRDM5,1.0,1.0,0.0,1.0,0.0,7.0
CENATAC,1.0,2.0,0.0,0.0,0.0,7.0
DOP1B,1.0,2.0,0.0,0.0,0.0,7.0
PCSK5,1.0,1.0,0.0,1.0,0.0,7.0
ZMAT1,1.0,2.0,0.0,0.0,0.0,7.0
PUF60,1.0,2.0,0.0,0.0,0.0,7.0
GLMP,1.0,2.0,0.0,0.0,0.0,7.0
PUM1,1.0,0.0,1.0,1.0,0.0,7.0
C9ORF78,1.0,2.0,0.0,0.0,0.0,7.0
UNC50,1.0,2.0,0.0,0.0,0.0,7.0
SMCHD1,1.0,1.0,0.0,1.0,0.0,7.0
TOP1MT,1.0,2.0,0.0,0.0,0.0,7.0
PCNX2,1.0,0.0,0.0,2.0,0.0,7.0
TRO,1.0,2.0,0.0,0.0,0.0,7.0
PABIR1,1.0,1.0,0.0,1.0,0.0,7.0
FAM221A,1.0,1.0,0.0,1.0,0.0,7.0
SLC66A3,1.0,2.0,0.0,0.0,0.0,7.0
PTPRB,1.0,1.0,0.0,1.0,0.0,7.0
TMEM163,1.0,1.0,0.0,1.0,0.0,7.0
PLCD3,1.0,0.0,0.0,2.0,0.0,7.0
RASSF7,0.0,1.0,0.0,2.0,0.0,6.0
CDIN1,0.0,2.0,0.0,1.0,0.0,6.0
SACS,0.0,3.0,0.0,0.0,0.0,6.0
ATAD2,0.0,1.0,0.0,2.0,0.0,6.0
CEACAM5,0.0,1.0,0.0,2.0,0.0,6.0
PNO1,0.0,2.0,1.0,0.0,0.0,6.0
TCN1,0.0,2.0,0.0,1.0,0.0,6.0
ARHGAP5,0.0,2.0,0.0,1.0,0.0,6.0
AQR,0.0,2.0,0.0,1.0,0.0,6.0
PNMT,0.0,1.0,0.0,2.0,0.0,6.0
REXO1,0.0,3.0,0.0,0.0,0.0,6.0
COPB1,0.0,0.0,0.0,3.0,0.0,6.0
CDH10,0.0,0.0,0.0,3.0,0.0,6.0
CDK18,0.0,1.0,0.0,2.0,0.0,6.0
PLCXD1,0.0,2.0,0.0,1.0,0.0,6.0
TBX5,0.0,2.0,0.0,1.0,0.0,6.0
CEP72,0.0,1.0,0.0,2.0,0.0,6.0
CEP70,0.0,1.0,1.0,1.0,0.0,6.0
TENT5B,0.0,1.0,0.0,2.0,0.0,6.0
RGS4,0.0,2.0,0.0,1.0,0.0,6.0
RASEF,0.0,1.0,0.0,2.0,0.0,6.0
RASGRP3,0.0,0.0,0.0,3.0,0.0,6.0
PLEKHG3,0.0,3.0,0.0,0.0,0.0,6.0
ATP10B,0.0,3.0,0.0,0.0,0.0,6.0
RASD1,0.0,2.0,0.0,1.0,0.0,6.0
COPB2,0.0,0.0,1.0,2.0,0.0,6.0
PLEKHM2,0.0,2.0,0.0,1.0,0.0,6.0
COPE,0.0,1.0,0.0,2.0,0.0,6.0
RARS2,0.0,0.0,0.0,3.0,0.0,6.0
OXCT1,0.0,1.0,1.0,1.0,0.0,6.0
ARHGAP39,0.0,3.0,0.0,0.0,0.0,6.0
OTX2,0.0,0.0,0.0,3.0,0.0,6.0
TCIM,0.0,2.0,0.0,1.0,0.0,6.0
COX4I2,0.0,0.0,0.0,3.0,0.0,6.0
CCDC92,0.0,3.0,0.0,0.0,0.0,6.0
PANK2,0.0,2.0,0.0,1.0,0.0,6.0
RASL11B,0.0,2.0,1.0,0.0,0.0,6.0
PLEKHG2,0.0,2.0,0.0,1.0,0.0,6.0
ARHGAP6,0.0,2.0,0.0,1.0,0.0,6.0
RETSAT,0.0,1.0,0.0,2.0,0.0,6.0
POC1B,0.0,1.0,0.0,2.0,0.0,6.0
PLP1,0.0,3.0,0.0,0.0,0.0,6.0
OSBPL7,0.0,3.0,0.0,0.0,0.0,6.0
COPG2,0.0,1.0,0.0,2.0,0.0,6.0
PLEKHH1,0.0,0.0,0.0,3.0,0.0,6.0
TCFL5,0.0,3.0,0.0,0.0,0.0,6.0
CCDC71L,0.0,3.0,0.0,0.0,0.0,6.0
ASIC1,0.0,2.0,0.0,1.0,0.0,6.0
CYP2C18,0.0,3.0,0.0,0.0,0.0,6.0
TNFRSF6B,0.0,0.0,0.0,3.0,0.0,6.0
PMCH,0.0,3.0,0.0,0.0,0.0,6.0
PAFAH1B1,0.0,1.0,0.0,2.0,0.0,6.0
PABIR2,0.0,2.0,0.0,1.0,0.0,6.0
CPNE4,0.0,1.0,0.0,2.0,0.0,6.0
ASH1L,0.0,1.0,0.0,2.0,0.0,6.0
PLCD1,0.0,0.0,0.0,3.0,0.0,6.0
PMEPA1,0.0,2.0,0.0,1.0,0.0,6.0
RPP25,0.0,2.0,0.0,1.0,0.0,6.0
RIMOC1,0.0,1.0,0.0,2.0,0.0,6.0
PMF1,0.0,1.0,0.0,2.0,0.0,6.0
TMEM125,0.0,3.0,0.0,0.0,0.0,6.0
COQ5,0.0,2.0,1.0,0.0,0.0,6.0
RBM39,0.0,2.0,1.0,0.0,0.0,6.0
TMEM108,2.0,0.0,0.0,0.0,0.0,6.0
SAMD13,0.0,2.0,0.0,1.0,0.0,6.0
RIC8B,0.0,3.0,0.0,0.0,0.0,6.0
TNFRSF13C,0.0,1.0,0.0,1.0,2.0,6.0
RBM3,0.0,0.0,1.0,2.0,0.0,6.0
P4HA3,0.0,1.0,0.0,2.0,0.0,6.0
CENPX,0.0,0.0,1.0,2.0,0.0,6.0
RBM24,0.0,3.0,0.0,0.0,0.0,6.0
CELSR2,0.0,1.0,0.0,2.0,0.0,6.0
PAEP,0.0,0.0,0.0,3.0,0.0,6.0
CENPC,0.0,0.0,1.0,2.0,0.0,6.0
RBP4,0.0,0.0,0.0,3.0,0.0,6.0
OST4,0.0,3.0,0.0,0.0,0.0,6.0
RFX2,2.0,0.0,0.0,0.0,0.0,6.0
TDP2,0.0,3.0,0.0,0.0,0.0,6.0
SAMD11,0.0,3.0,0.0,0.0,0.0,6.0
RILPL1,0.0,1.0,0.0,2.0,0.0,6.0
RILPL2,0.0,3.0,0.0,0.0,0.0,6.0
TMEM121B,0.0,3.0,0.0,0.0,0.0,6.0
PLXNA2,0.0,3.0,0.0,0.0,0.0,6.0
RFX6,0.0,1.0,0.0,2.0,0.0,6.0
RBP7,0.0,1.0,0.0,2.0,0.0,6.0
CYP3A7,0.0,1.0,1.0,1.0,0.0,6.0
OSR1,0.0,1.0,0.0,2.0,0.0,6.0
RPS19BP1,0.0,2.0,0.0,1.0,0.0,6.0
CDK11A,0.0,3.0,0.0,0.0,0.0,6.0
CORO6,0.0,3.0,0.0,0.0,0.0,6.0
RBMX2,0.0,2.0,0.0,1.0,0.0,6.0
AQP11,0.0,1.0,0.0,2.0,0.0,6.0
RPP14,0.0,3.0,0.0,0.0,0.0,6.0
CORO2B,2.0,0.0,0.0,0.0,0.0,6.0
SAMD1,0.0,3.0,0.0,0.0,0.0,6.0
ASIC3,0.0,3.0,0.0,0.0,0.0,6.0
CYP4F11,0.0,0.0,1.0,2.0,0.0,6.0
APOL2,0.0,3.0,0.0,0.0,0.0,6.0
TARM1,0.0,1.0,0.0,1.0,2.0,6.0
CDH20,0.0,1.0,0.0,2.0,0.0,6.0
TEKT1,0.0,3.0,0.0,0.0,0.0,6.0
CYP7B1,0.0,1.0,0.0,2.0,0.0,6.0
TCP10L,0.0,2.0,0.0,1.0,0.0,6.0
CYYR1,0.0,2.0,0.0,1.0,0.0,6.0
RHOBTB2,0.0,1.0,0.0,2.0,0.0,6.0
SAMD5,0.0,2.0,0.0,1.0,0.0,6.0
ASPRV1,0.0,3.0,0.0,0.0,0.0,6.0
ASMT,0.0,0.0,0.0,3.0,0.0,6.0
RECK,0.0,1.0,0.0,2.0,0.0,6.0
RBFOX3,0.0,1.0,0.0,2.0,0.0,6.0
PLA2G5,0.0,2.0,0.0,0.0,2.0,6.0
TBX6,0.0,0.0,0.0,3.0,0.0,6.0
CCDC24,0.0,2.0,0.0,1.0,0.0,6.0
RIPOR1,0.0,3.0,0.0,0.0,0.0,6.0
TCOF1,0.0,3.0,0.0,0.0,0.0,6.0
PLIN3,0.0,1.0,0.0,2.0,0.0,6.0
PNLIPRP2,0.0,1.0,0.0,2.0,0.0,6.0
RHOT2,0.0,3.0,0.0,0.0,0.0,6.0
CYP2C19,0.0,0.0,2.0,1.0,0.0,6.0
RGN,0.0,2.0,0.0,1.0,0.0,6.0
TMEM154,0.0,3.0,0.0,0.0,0.0,6.0
TBX19,0.0,1.0,0.0,2.0,0.0,6.0
P2RY2,0.0,1.0,0.0,2.0,0.0,6.0
CDKL3,0.0,1.0,0.0,2.0,0.0,6.0
RCN3,0.0,1.0,0.0,2.0,0.0,6.0
PMPCB,0.0,2.0,1.0,0.0,0.0,6.0
COQ2,0.0,3.0,0.0,0.0,0.0,6.0
TMEM106B,0.0,2.0,0.0,1.0,0.0,6.0
RCOR3,0.0,3.0,0.0,0.0,0.0,6.0
RIBC1,0.0,1.0,0.0,2.0,0.0,6.0
TAS1R3,0.0,3.0,0.0,0.0,0.0,6.0
SAMD4A,0.0,2.0,0.0,1.0,0.0,6.0
ATL3,0.0,1.0,0.0,2.0,0.0,6.0
PNISR,0.0,2.0,0.0,1.0,0.0,6.0
RGL4,0.0,3.0,0.0,0.0,0.0,6.0
TAB3,0.0,1.0,0.0,2.0,0.0,6.0
CDK11B,0.0,2.0,0.0,1.0,0.0,6.0
CYP3A43,0.0,3.0,0.0,0.0,0.0,6.0
P2RY13,0.0,3.0,0.0,0.0,0.0,6.0
TAS2R14,0.0,0.0,0.0,3.0,0.0,6.0
P2RY11,0.0,2.0,0.0,1.0,0.0,6.0
CYP4X1,0.0,2.0,0.0,1.0,0.0,6.0
AQP7,0.0,3.0,0.0,0.0,0.0,6.0
TMCO4,0.0,2.0,0.0,1.0,0.0,6.0
CLMP,0.0,2.0,0.0,1.0,0.0,6.0
RAPGEF5,0.0,3.0,0.0,0.0,0.0,6.0
CCDC110,0.0,0.0,0.0,3.0,0.0,6.0
PDK3,0.0,0.0,1.0,2.0,0.0,6.0
PDK2,0.0,1.0,0.0,2.0,0.0,6.0
PDIK1L,0.0,3.0,0.0,0.0,0.0,6.0
RPH3AL,0.0,1.0,0.0,2.0,0.0,6.0
CTNNA3,0.0,2.0,0.0,1.0,0.0,6.0
CIMAP1B,0.0,1.0,0.0,2.0,0.0,6.0
RNF215,0.0,3.0,0.0,0.0,0.0,6.0
RSAD1,0.0,3.0,0.0,0.0,0.0,6.0
THAP4,2.0,0.0,0.0,0.0,0.0,6.0
PDIA3,0.0,0.0,0.0,3.0,0.0,6.0
RTN4RL2,0.0,1.0,0.0,2.0,0.0,6.0
RRP9,0.0,2.0,0.0,1.0,0.0,6.0
CCDC69,0.0,2.0,0.0,1.0,0.0,6.0
CTNS,0.0,2.0,0.0,1.0,0.0,6.0
RNF212B,0.0,0.0,0.0,3.0,0.0,6.0
CNPY2,0.0,1.0,1.0,1.0,0.0,6.0
ATP12A,0.0,2.0,0.0,1.0,0.0,6.0
CNPY3,0.0,2.0,0.0,1.0,0.0,6.0
ARPP19,0.0,2.0,1.0,0.0,0.0,6.0
CNNM2,0.0,2.0,0.0,1.0,0.0,6.0
CIPC,0.0,3.0,0.0,0.0,0.0,6.0
PPP4R3A,0.0,3.0,0.0,0.0,0.0,6.0
TMEM204,0.0,2.0,0.0,1.0,0.0,6.0
PSG11,0.0,1.0,0.0,2.0,0.0,6.0
CTAG1B,0.0,0.0,0.0,3.0,0.0,6.0
PSG4,0.0,1.0,0.0,2.0,0.0,6.0
RNF32,0.0,2.0,0.0,1.0,0.0,6.0
CLCNKA,0.0,3.0,0.0,0.0,0.0,6.0
PPY,0.0,3.0,0.0,0.0,0.0,6.0
CLCN7,0.0,3.0,0.0,0.0,0.0,6.0
CLCN4,0.0,3.0,0.0,0.0,0.0,6.0
PDPR,0.0,1.0,0.0,2.0,0.0,6.0
CTF1,0.0,0.0,0.0,3.0,0.0,6.0
TMEM203,0.0,2.0,0.0,1.0,0.0,6.0
RNF225,0.0,0.0,0.0,3.0,0.0,6.0
ARPC2,0.0,1.0,0.0,2.0,0.0,6.0
THBS3,0.0,1.0,0.0,2.0,0.0,6.0
RNF220,0.0,2.0,0.0,1.0,0.0,6.0
CTDNEP1,0.0,3.0,0.0,0.0,0.0,6.0
PDLIM3,0.0,0.0,0.0,3.0,0.0,6.0
CRYAA,0.0,3.0,0.0,0.0,0.0,6.0
PSPHP1,0.0,0.0,0.0,3.0,0.0,6.0
PSPN,0.0,0.0,0.0,3.0,0.0,6.0
PHLDB3,0.0,3.0,0.0,0.0,0.0,6.0
CTSF,0.0,2.0,0.0,1.0,0.0,6.0
ARRDC1,0.0,2.0,0.0,1.0,0.0,6.0
PPP1R2,0.0,3.0,0.0,0.0,0.0,6.0
ATP1B2,0.0,1.0,0.0,2.0,0.0,6.0
TMEM47,0.0,1.0,0.0,2.0,0.0,6.0
PDCD4-AS1,2.0,0.0,0.0,0.0,0.0,6.0
TGM1,0.0,1.0,0.0,2.0,0.0,6.0
CCDC14,0.0,3.0,0.0,0.0,0.0,6.0
PPP1R17,0.0,3.0,0.0,0.0,0.0,6.0
CCAR2,0.0,2.0,0.0,1.0,0.0,6.0
TBC1D5,0.0,2.0,0.0,1.0,0.0,6.0
PTH1R,0.0,1.0,0.0,2.0,0.0,6.0
TMEM52B,0.0,3.0,0.0,0.0,0.0,6.0
CNTN5,0.0,1.0,0.0,2.0,0.0,6.0
PPP1R14A,0.0,1.0,0.0,2.0,0.0,6.0
PCSK9,0.0,0.0,0.0,3.0,0.0,6.0
PCSK7,0.0,2.0,0.0,1.0,0.0,6.0
CD300E,0.0,0.0,1.0,2.0,0.0,6.0
PCSK6,0.0,2.0,0.0,1.0,0.0,6.0
CCNQ,0.0,3.0,0.0,0.0,0.0,6.0
PDCL,0.0,3.0,0.0,0.0,0.0,6.0
CCDC102A,0.0,2.0,0.0,1.0,0.0,6.0
CNTN2,0.0,2.0,0.0,1.0,0.0,6.0
TGS1,0.0,0.0,0.0,3.0,0.0,6.0
CCDC136,0.0,2.0,0.0,1.0,0.0,6.0
TMEM41A,0.0,3.0,0.0,0.0,0.0,6.0
PDE8B,0.0,2.0,0.0,1.0,0.0,6.0
CIAO1,0.0,1.0,0.0,2.0,0.0,6.0
CRTC3,0.0,1.0,0.0,2.0,0.0,6.0
ATP1A3,0.0,2.0,0.0,1.0,0.0,6.0
TAF5L,0.0,2.0,0.0,1.0,0.0,6.0
CHURC1,0.0,3.0,0.0,0.0,0.0,6.0
CRTC1,0.0,2.0,0.0,1.0,0.0,6.0
TATDN2,2.0,0.0,0.0,0.0,0.0,6.0
PTF1A,0.0,0.0,0.0,3.0,0.0,6.0
TLL2,0.0,1.0,0.0,2.0,0.0,6.0
PPP1R8,0.0,2.0,1.0,0.0,0.0,6.0
ATP1A4,0.0,1.0,0.0,2.0,0.0,6.0
PDE3A,0.0,0.0,0.0,3.0,0.0,6.0
ARHGEF5,0.0,3.0,0.0,0.0,0.0,6.0
ATP11C,0.0,3.0,0.0,0.0,0.0,6.0
ARHGEF28,0.0,3.0,0.0,0.0,0.0,6.0
CT75,2.0,0.0,0.0,0.0,0.0,6.0
PSD,0.0,3.0,0.0,0.0,0.0,6.0
TERB1,0.0,2.0,0.0,1.0,0.0,6.0
TBC1D22A,0.0,3.0,0.0,0.0,0.0,6.0
PGAP6,0.0,2.0,1.0,0.0,0.0,6.0
PROK2,0.0,3.0,0.0,0.0,0.0,6.0
TIMM9,0.0,3.0,0.0,0.0,0.0,6.0
TMEM242,0.0,3.0,0.0,0.0,0.0,6.0
PROM2,0.0,2.0,0.0,1.0,0.0,6.0
TBC1D2,0.0,1.0,0.0,2.0,0.0,6.0
ROPN1,0.0,3.0,0.0,0.0,0.0,6.0
CSDE1,0.0,1.0,1.0,1.0,0.0,6.0
CLEC3B,0.0,1.0,0.0,2.0,0.0,6.0
PROSER1,0.0,2.0,0.0,1.0,0.0,6.0
ROM1,0.0,2.0,0.0,1.0,0.0,6.0
ARL6IP4,0.0,3.0,0.0,0.0,0.0,6.0
CLVS1,0.0,2.0,0.0,1.0,0.0,6.0
PFN4,0.0,0.0,1.0,2.0,0.0,6.0
PRPH2,0.0,1.0,0.0,2.0,0.0,6.0
PFKFB2,0.0,1.0,0.0,2.0,0.0,6.0
PRG2,0.0,1.0,0.0,2.0,0.0,6.0
PRR14L,0.0,3.0,0.0,0.0,0.0,6.0
PRR15L,0.0,1.0,0.0,2.0,0.0,6.0
TMEM238,0.0,2.0,0.0,1.0,0.0,6.0
CLUAP1,0.0,2.0,0.0,1.0,0.0,6.0
PHAX,0.0,3.0,0.0,0.0,0.0,6.0
CLPP,0.0,0.0,0.0,3.0,0.0,6.0
PGPEP1,0.0,0.0,0.0,3.0,0.0,6.0
PRKCQ-AS1,2.0,0.0,0.0,0.0,0.0,6.0
CLIC6,0.0,2.0,0.0,1.0,0.0,6.0
PGM5,0.0,1.0,0.0,2.0,0.0,6.0
PRLHR,0.0,1.0,0.0,2.0,0.0,6.0
ARL6IP1,0.0,1.0,0.0,2.0,0.0,6.0
CSMD3,0.0,2.0,0.0,1.0,0.0,6.0
CLGN,0.0,2.0,0.0,1.0,0.0,6.0
CCT7,0.0,3.0,0.0,0.0,0.0,6.0
PGBD5,0.0,1.0,0.0,2.0,0.0,6.0
TMEM225,0.0,3.0,0.0,0.0,0.0,6.0
PHACTR1,0.0,3.0,0.0,0.0,0.0,6.0
PGGT1B,0.0,3.0,0.0,0.0,0.0,6.0
PRND,0.0,1.0,0.0,2.0,0.0,6.0
CSGALNACT2,0.0,2.0,0.0,1.0,0.0,6.0
TMEM229B,0.0,0.0,1.0,2.0,0.0,6.0
PHACTR4,0.0,3.0,0.0,0.0,0.0,6.0
PRODH2,0.0,1.0,0.0,2.0,0.0,6.0
PRR18,0.0,0.0,0.0,3.0,0.0,6.0
PFDN2,0.0,0.0,0.0,3.0,0.0,6.0
PDZRN3,0.0,1.0,0.0,2.0,0.0,6.0
TIFAB,0.0,3.0,0.0,0.0,0.0,6.0
PRCC,0.0,0.0,0.0,3.0,0.0,6.0
PRSS41,0.0,1.0,0.0,2.0,0.0,6.0
TMEM205,0.0,3.0,0.0,0.0,0.0,6.0
RNF43,0.0,0.0,0.0,3.0,0.0,6.0
RPE65,0.0,2.0,1.0,0.0,0.0,6.0
TBC1D10A,0.0,1.0,0.0,2.0,0.0,6.0
THRAP3,0.0,0.0,0.0,3.0,0.0,6.0
THPO,0.0,1.0,0.0,2.0,0.0,6.0
CD1E,0.0,2.0,0.0,1.0,0.0,6.0
PRAMEF2,0.0,2.0,0.0,1.0,0.0,6.0
ATP13A1,0.0,3.0,0.0,0.0,0.0,6.0
CRYBB3,0.0,2.0,0.0,1.0,0.0,6.0
CSTF1,0.0,2.0,0.0,1.0,0.0,6.0
RTL10,0.0,3.0,0.0,0.0,0.0,6.0
TLCD3A,0.0,3.0,0.0,0.0,0.0,6.0
CSTF2,0.0,1.0,0.0,2.0,0.0,6.0
TMEM272,2.0,0.0,0.0,0.0,0.0,6.0
THOC2,0.0,3.0,0.0,0.0,0.0,6.0
ATP13A4,0.0,1.0,0.0,2.0,0.0,6.0
CRYBG2,0.0,0.0,0.0,3.0,0.0,6.0
ARHGAP1,0.0,2.0,0.0,1.0,0.0,6.0
RNF8,0.0,1.0,0.0,1.0,2.0,6.0
PEX6,0.0,2.0,1.0,0.0,0.0,6.0
TIMP4,0.0,2.0,0.0,1.0,0.0,6.0
CRYL1,0.0,3.0,0.0,0.0,0.0,6.0
PHF2,0.0,2.0,0.0,1.0,0.0,6.0
TINAG,0.0,1.0,1.0,1.0,0.0,6.0
CMTM8,0.0,2.0,0.0,1.0,0.0,6.0
RNPEP,0.0,3.0,0.0,0.0,0.0,6.0
PRR7,0.0,1.0,0.0,0.0,4.0,6.0
CCDC124,0.0,2.0,0.0,1.0,0.0,6.0
CLDND2,0.0,0.0,0.0,3.0,0.0,6.0
ATG4A,0.0,1.0,0.0,2.0,0.0,6.0
TMEM258,0.0,2.0,0.0,1.0,0.0,6.0
PEX13,0.0,0.0,0.0,3.0,0.0,6.0
PHF6,0.0,0.0,0.0,3.0,0.0,6.0
PRRT3,0.0,2.0,0.0,1.0,0.0,6.0
PRSS1,0.0,1.0,0.0,2.0,0.0,6.0
CST4,0.0,2.0,0.0,1.0,0.0,6.0
RPAIN,0.0,1.0,0.0,2.0,0.0,6.0
RTF2,0.0,2.0,0.0,1.0,0.0,6.0
CHRNA7,0.0,1.0,0.0,2.0,0.0,6.0
CHRNA5,0.0,2.0,0.0,1.0,0.0,6.0
CD300LD,0.0,2.0,0.0,1.0,0.0,6.0
COL7A1,0.0,0.0,0.0,3.0,0.0,6.0
POLR3F,0.0,3.0,0.0,0.0,0.0,6.0
POLR3E,0.0,2.0,0.0,1.0,0.0,6.0
POLR3B,0.0,1.0,0.0,2.0,0.0,6.0
CBLN3,0.0,1.0,0.0,2.0,0.0,6.0
ATP5F1A,0.0,1.0,0.0,2.0,0.0,6.0
CCK,0.0,1.0,0.0,2.0,0.0,6.0
PJA2,0.0,2.0,0.0,1.0,0.0,6.0
COL6A1,0.0,0.0,0.0,3.0,0.0,6.0
CYB5B,0.0,2.0,0.0,1.0,0.0,6.0
PKD2,0.0,2.0,0.0,1.0,0.0,6.0
PAX7,0.0,0.0,0.0,3.0,0.0,6.0
RAD51D,0.0,0.0,0.0,3.0,0.0,6.0
RAD54B,0.0,3.0,0.0,0.0,0.0,6.0
RPS6KA6,0.0,1.0,0.0,2.0,0.0,6.0
PKHD1,0.0,3.0,0.0,0.0,0.0,6.0
COL6A5,0.0,1.0,0.0,2.0,0.0,6.0
TEX11,0.0,1.0,0.0,2.0,0.0,6.0
PAX2,0.0,1.0,0.0,2.0,0.0,6.0
CFAP126,2.0,0.0,0.0,0.0,0.0,6.0
TMPRSS12,0.0,2.0,0.0,1.0,0.0,6.0
RPS6KC1,0.0,2.0,1.0,0.0,0.0,6.0
TEX26,0.0,2.0,0.0,1.0,0.0,6.0
PCCB,0.0,1.0,1.0,1.0,0.0,6.0
POP4,0.0,2.0,0.0,1.0,0.0,6.0
CDC25B,0.0,2.0,0.0,1.0,0.0,6.0
POMK,0.0,0.0,0.0,3.0,0.0,6.0
RAB42,0.0,0.0,0.0,3.0,0.0,6.0
RND2,0.0,2.0,0.0,1.0,0.0,6.0
PCDH10,0.0,1.0,0.0,2.0,0.0,6.0
RND1,0.0,2.0,0.0,1.0,0.0,6.0
TMOD4,0.0,3.0,0.0,0.0,0.0,6.0
CFAP65,0.0,2.0,0.0,1.0,0.0,6.0
PITX2,0.0,1.0,0.0,2.0,0.0,6.0
CXORF58,0.0,3.0,0.0,0.0,0.0,6.0
TEX44,0.0,3.0,0.0,0.0,0.0,6.0
TBCK,0.0,3.0,0.0,0.0,0.0,6.0
PITRM1,0.0,1.0,0.0,2.0,0.0,6.0
RABEP2,0.0,3.0,0.0,0.0,0.0,6.0
CDC42BPB,0.0,3.0,0.0,0.0,0.0,6.0
PCBP3,0.0,3.0,0.0,0.0,0.0,6.0
CCDC172,0.0,2.0,0.0,1.0,0.0,6.0
RAD9B,0.0,0.0,0.0,3.0,0.0,6.0
COL8A1,0.0,2.0,0.0,1.0,0.0,6.0
CCNL1,0.0,2.0,0.0,1.0,0.0,6.0
TADA2A,0.0,0.0,0.0,3.0,0.0,6.0
RMND1,0.0,2.0,0.0,1.0,0.0,6.0
RANBP10,0.0,1.0,0.0,2.0,0.0,6.0
RANBP17,0.0,2.0,0.0,1.0,0.0,6.0
SAA3P,0.0,0.0,0.0,3.0,0.0,6.0
TMT1B,0.0,3.0,0.0,0.0,0.0,6.0
PARD6G,0.0,3.0,0.0,0.0,0.0,6.0
POLH,0.0,1.0,0.0,2.0,0.0,6.0
PAQR8,0.0,3.0,0.0,0.0,0.0,6.0
CYP11B2,0.0,2.0,0.0,1.0,0.0,6.0
CCDC97,0.0,3.0,0.0,0.0,0.0,6.0
PKNOX2,0.0,3.0,0.0,0.0,0.0,6.0
TMCO2,0.0,3.0,0.0,0.0,0.0,6.0
ASB18,0.0,0.0,0.0,3.0,0.0,6.0
PKP1,0.0,0.0,0.0,3.0,0.0,6.0
COMMD4,0.0,1.0,0.0,2.0,0.0,6.0
COMMD5,0.0,0.0,0.0,3.0,0.0,6.0
TMX1,0.0,1.0,1.0,1.0,0.0,6.0
TMX3,0.0,1.0,0.0,2.0,0.0,6.0
PAPOLA,0.0,1.0,0.0,2.0,0.0,6.0
CPSF6,0.0,1.0,2.0,0.0,0.0,6.0
PKMYT1,0.0,3.0,0.0,0.0,0.0,6.0
TMSB15A,0.0,0.0,0.0,3.0,0.0,6.0
TMSB10,0.0,2.0,0.0,1.0,0.0,6.0
POLR1HASP,0.0,1.0,0.0,2.0,0.0,6.0
TET3,0.0,2.0,0.0,1.0,0.0,6.0
ATF1,0.0,1.0,0.0,2.0,0.0,6.0
RAET1G,0.0,0.0,1.0,2.0,0.0,6.0
RAET1L,0.0,0.0,1.0,2.0,0.0,6.0
CCDC181,0.0,2.0,0.0,1.0,0.0,6.0
CDC42EP4,0.0,1.0,1.0,1.0,0.0,6.0
ASB12,0.0,0.0,0.0,3.0,0.0,6.0
COLEC10,0.0,0.0,0.0,3.0,0.0,6.0
RAMP2,0.0,2.0,0.0,1.0,0.0,6.0
PARVB,0.0,0.0,1.0,2.0,0.0,6.0
CES4A,0.0,2.0,0.0,1.0,0.0,6.0
PARVA,0.0,0.0,0.0,3.0,0.0,6.0
RALGAPA2,0.0,3.0,0.0,0.0,0.0,6.0
CYBRD1,0.0,1.0,0.0,2.0,0.0,6.0
RALY,0.0,0.0,0.0,3.0,0.0,6.0
RAMAC,0.0,2.0,0.0,1.0,0.0,6.0
PARP2,0.0,2.0,0.0,1.0,0.0,6.0
CFDP1,0.0,1.0,1.0,1.0,0.0,6.0
COL26A1,0.0,1.0,0.0,2.0,0.0,6.0
TAF13,0.0,0.0,0.0,3.0,0.0,6.0
ARX,0.0,1.0,0.0,2.0,0.0,6.0
ARSL,0.0,1.0,0.0,2.0,0.0,6.0
CHMP1B,0.0,2.0,0.0,1.0,0.0,6.0
CD320,1.0,1.0,0.0,0.0,1.0,6.0
PUS7,0.0,3.0,0.0,0.0,0.0,6.0
PPHLN1,0.0,0.0,0.0,3.0,0.0,6.0
PCDHGB7,0.0,1.0,0.0,2.0,0.0,6.0
TM7SF2,0.0,2.0,0.0,1.0,0.0,6.0
PPFIA3,0.0,3.0,0.0,0.0,0.0,6.0
TMEM74B,0.0,2.0,0.0,1.0,0.0,6.0
TMEM18,0.0,3.0,0.0,0.0,0.0,6.0
ART2BP,0.0,0.0,0.0,3.0,0.0,6.0
TFIP11,0.0,3.0,0.0,0.0,0.0,6.0
TMEM80,0.0,3.0,0.0,0.0,0.0,6.0
CD6,0.0,2.0,0.0,0.0,2.0,6.0
TFF2,0.0,0.0,0.0,3.0,0.0,6.0
PYGB,0.0,1.0,0.0,2.0,0.0,6.0
TM7SF3,0.0,2.0,0.0,1.0,0.0,6.0
RWDD3,0.0,1.0,0.0,2.0,0.0,6.0
PYHIN1,2.0,0.0,0.0,0.0,0.0,6.0
PCDHGC4,0.0,1.0,0.0,2.0,0.0,6.0
TMEM67,0.0,2.0,0.0,1.0,0.0,6.0
PCGF1,0.0,2.0,0.0,1.0,0.0,6.0
CCDC150,0.0,2.0,0.0,1.0,0.0,6.0
ARHGEF17,0.0,3.0,0.0,0.0,0.0,6.0
CC2D2A,0.0,2.0,0.0,1.0,0.0,6.0
PCOLCE,0.0,2.0,0.0,1.0,0.0,6.0
COA7,0.0,2.0,0.0,1.0,0.0,6.0
CHPF,0.0,3.0,0.0,0.0,0.0,6.0
PTPRG,0.0,0.0,0.0,3.0,0.0,6.0
CHP2,0.0,1.0,1.0,1.0,0.0,6.0
CUX2,0.0,2.0,0.0,1.0,0.0,6.0
PPL,0.0,0.0,0.0,3.0,0.0,6.0
PTTG1IP,0.0,2.0,0.0,1.0,0.0,6.0
ARSG,0.0,0.0,0.0,3.0,0.0,6.0
TAF1L,0.0,0.0,0.0,3.0,0.0,6.0
TMEM63C,2.0,0.0,0.0,0.0,0.0,6.0
CWF19L2,0.0,2.0,0.0,1.0,0.0,6.0
CWH43,0.0,2.0,0.0,1.0,0.0,6.0
TGFB1I1,0.0,1.0,0.0,2.0,0.0,6.0
ARSK,0.0,1.0,0.0,2.0,0.0,6.0
TGDS,0.0,2.0,0.0,1.0,0.0,6.0
PYM1,0.0,1.0,0.0,2.0,0.0,6.0
PYY,0.0,0.0,0.0,3.0,0.0,6.0
CHGA,0.0,3.0,0.0,0.0,0.0,6.0
PCDHA9,0.0,0.0,0.0,3.0,0.0,6.0
CBX1,0.0,1.0,1.0,1.0,0.0,6.0
CHAD,0.0,0.0,0.0,3.0,0.0,6.0
CLMN,0.0,2.0,0.0,1.0,0.0,6.0
PCDHB12,0.0,2.0,0.0,1.0,0.0,6.0
CGREF1,0.0,0.0,0.0,3.0,0.0,6.0
PCDHB11,0.0,2.0,0.0,1.0,0.0,6.0
TMEM176B,0.0,3.0,0.0,0.0,0.0,6.0
RAB25,0.0,0.0,0.0,3.0,0.0,6.0
RPUSD4,0.0,3.0,0.0,0.0,0.0,6.0
RAB17,0.0,1.0,0.0,2.0,0.0,6.0
POTEG,0.0,1.0,0.0,2.0,0.0,6.0
RPUSD2,0.0,1.0,0.0,2.0,0.0,6.0
PCDHA6,0.0,1.0,0.0,2.0,0.0,6.0
CRACR2A,0.0,2.0,0.0,1.0,0.0,6.0
POTEA,0.0,0.0,0.0,3.0,0.0,6.0
ARVCF,0.0,2.0,0.0,1.0,0.0,6.0
PCDHA3,0.0,2.0,0.0,1.0,0.0,6.0
PCDHA13,0.0,1.0,0.0,2.0,0.0,6.0
ATP2B3,0.0,0.0,0.0,3.0,0.0,6.0
PCDHB18P,0.0,0.0,0.0,3.0,0.0,6.0
QKI,0.0,1.0,0.0,2.0,0.0,6.0
TM9SF3,0.0,1.0,1.0,1.0,0.0,6.0
TMEM86B,0.0,2.0,0.0,1.0,0.0,6.0
CHDH,0.0,2.0,0.0,1.0,0.0,6.0
CCL26,0.0,3.0,0.0,0.0,0.0,6.0
TFE3,0.0,1.0,0.0,2.0,0.0,6.0
PCDHGA11,0.0,0.0,0.0,3.0,0.0,6.0
CREBZF,0.0,2.0,0.0,1.0,0.0,6.0
POU5F1P4,0.0,3.0,0.0,0.0,0.0,6.0
QTRT1,0.0,2.0,1.0,0.0,0.0,6.0
CBY2,0.0,3.0,0.0,0.0,0.0,6.0
POU3F3,0.0,2.0,0.0,1.0,0.0,6.0
R3HDM4,0.0,2.0,1.0,0.0,0.0,6.0
CCL21,0.0,1.0,0.0,1.0,2.0,6.0
ARV1,0.0,3.0,0.0,0.0,0.0,6.0
RAB11FIP2,0.0,2.0,0.0,1.0,0.0,6.0
TMEM92,0.0,3.0,0.0,0.0,0.0,6.0
CRCT1,0.0,1.0,1.0,1.0,0.0,6.0
POU3F4,0.0,0.0,0.0,3.0,0.0,6.0
CBY1,0.0,2.0,0.0,1.0,0.0,6.0
TMEM144,0.0,3.0,0.0,0.0,0.0,6.0
RGS9BP,0.0,2.0,0.0,1.0,0.0,6.0
DALRD3,0.0,2.0,0.0,1.0,0.0,6.0
FAM107A,0.0,0.0,0.0,3.0,0.0,6.0
XRCC3,0.0,0.0,0.0,3.0,0.0,6.0
FAM120B,0.0,1.0,0.0,2.0,0.0,6.0
C17ORF49,0.0,2.0,0.0,1.0,0.0,6.0
XPR1,0.0,3.0,0.0,0.0,0.0,6.0
XPOT,0.0,2.0,1.0,0.0,0.0,6.0
KRT85,0.0,0.0,0.0,3.0,0.0,6.0
BBX,0.0,3.0,0.0,0.0,0.0,6.0
SLC39A1,0.0,2.0,0.0,1.0,0.0,6.0
KRTAP17-1,0.0,2.0,0.0,1.0,0.0,6.0
KRTAP19-3,0.0,3.0,0.0,0.0,0.0,6.0
ACOT2,0.0,1.0,1.0,1.0,0.0,6.0
KRTAP29-1,0.0,0.0,0.0,3.0,0.0,6.0
STAG3L2,0.0,3.0,0.0,0.0,0.0,6.0
XAGE1B,0.0,0.0,0.0,3.0,0.0,6.0
ACOX3,0.0,2.0,0.0,1.0,0.0,6.0
KYAT3,0.0,3.0,0.0,0.0,0.0,6.0
SLC38A5,0.0,2.0,0.0,1.0,0.0,6.0
LACC1,0.0,3.0,0.0,0.0,0.0,6.0
LAGE3P1,0.0,3.0,0.0,0.0,0.0,6.0
LAMA1,0.0,1.0,0.0,2.0,0.0,6.0
WRNIP1,0.0,3.0,0.0,0.0,0.0,6.0
ACKR4,0.0,0.0,2.0,1.0,0.0,6.0
KRT33A,0.0,2.0,0.0,1.0,0.0,6.0
SLC39A6,0.0,1.0,0.0,1.0,2.0,6.0
FAM13A-AS1,0.0,1.0,0.0,2.0,0.0,6.0
BCAS3,0.0,2.0,0.0,1.0,0.0,6.0
YDJC,0.0,3.0,0.0,0.0,0.0,6.0
SLC45A4,0.0,2.0,0.0,1.0,0.0,6.0
KLRG2,0.0,3.0,0.0,0.0,0.0,6.0
BCAS2,0.0,1.0,0.0,2.0,0.0,6.0
BCAS1,0.0,2.0,0.0,1.0,0.0,6.0
SLC45A1,0.0,0.0,0.0,3.0,0.0,6.0
KMT5B,0.0,1.0,0.0,1.0,2.0,6.0
SLC44A3,0.0,2.0,0.0,1.0,0.0,6.0
ACIN1,0.0,1.0,0.0,2.0,0.0,6.0
KRT26,0.0,0.0,0.0,3.0,0.0,6.0
FAM135B,0.0,2.0,0.0,1.0,0.0,6.0
XYLT1,0.0,2.0,0.0,1.0,0.0,6.0
KRCC1,0.0,3.0,0.0,0.0,0.0,6.0
KREMEN2,0.0,1.0,0.0,2.0,0.0,6.0
C16ORF87,0.0,0.0,0.0,3.0,0.0,6.0
KRT15,0.0,1.0,0.0,2.0,0.0,6.0
KRT16,0.0,2.0,0.0,1.0,0.0,6.0
KRT222,0.0,3.0,0.0,0.0,0.0,6.0
XRN2,0.0,2.0,0.0,1.0,0.0,6.0
SLC38A10,0.0,2.0,0.0,1.0,0.0,6.0
WRAP53,0.0,0.0,0.0,3.0,0.0,6.0
C19ORF67,0.0,1.0,0.0,2.0,0.0,6.0
LAMP5,0.0,3.0,0.0,0.0,0.0,6.0
LELP1,0.0,3.0,0.0,0.0,0.0,6.0
LEMD1,0.0,1.0,0.0,2.0,0.0,6.0
WHRN,0.0,2.0,0.0,1.0,0.0,6.0
LENG9,0.0,3.0,0.0,0.0,0.0,6.0
EXOC7,0.0,1.0,0.0,2.0,0.0,6.0
WFIKKN2,2.0,0.0,0.0,0.0,0.0,6.0
WFDC1,0.0,2.0,0.0,1.0,0.0,6.0
LGALS4,0.0,1.0,0.0,2.0,0.0,6.0
LGALSL,0.0,2.0,0.0,1.0,0.0,6.0
SLC35B2,0.0,1.0,1.0,1.0,0.0,6.0
C19ORF25,0.0,3.0,0.0,0.0,0.0,6.0
LHB,0.0,1.0,0.0,2.0,0.0,6.0
LHFPL6,0.0,1.0,1.0,1.0,0.0,6.0
EWSR1,0.0,2.0,0.0,1.0,0.0,6.0
LHX2,0.0,0.0,0.0,3.0,0.0,6.0
SLC35A3,0.0,1.0,0.0,2.0,0.0,6.0
LHX6,0.0,1.0,0.0,2.0,0.0,6.0
LHX9,0.0,0.0,0.0,3.0,0.0,6.0
LILRA6,0.0,2.0,0.0,1.0,0.0,6.0
C19ORF48P,0.0,2.0,0.0,1.0,0.0,6.0
EVA1C,0.0,1.0,0.0,2.0,0.0,6.0
WIPF2,0.0,3.0,0.0,0.0,0.0,6.0
LEFTY2,0.0,0.0,0.0,3.0,0.0,6.0
LEFTY1,0.0,1.0,0.0,2.0,0.0,6.0
ACSL5,0.0,1.0,1.0,1.0,0.0,6.0
WNT9B,0.0,0.0,0.0,3.0,0.0,6.0
FADS3,0.0,0.0,0.0,3.0,0.0,6.0
FABP6,0.0,0.0,0.0,3.0,0.0,6.0
SLC37A4,0.0,2.0,1.0,0.0,0.0,6.0
WNT8A,0.0,0.0,0.0,3.0,0.0,6.0
SLC37A3,0.0,1.0,0.0,2.0,0.0,6.0
BBS2,0.0,2.0,0.0,1.0,0.0,6.0
LARP4,0.0,2.0,0.0,1.0,0.0,6.0
LASP1,0.0,2.0,0.0,1.0,0.0,6.0
F11,0.0,1.0,0.0,2.0,0.0,6.0
LEF1-AS1,2.0,0.0,0.0,0.0,0.0,6.0
LBHD1,0.0,0.0,0.0,3.0,0.0,6.0
LBP,0.0,2.0,0.0,1.0,0.0,6.0
LCMT1,0.0,1.0,1.0,1.0,0.0,6.0
EXOSC9,0.0,0.0,0.0,3.0,0.0,6.0
LDB2,0.0,1.0,0.0,2.0,0.0,6.0
LDHC,0.0,1.0,0.0,2.0,0.0,6.0
LDLRAD3,0.0,2.0,0.0,1.0,0.0,6.0
EXOSC1,0.0,0.0,0.0,3.0,0.0,6.0
STARD13,0.0,3.0,0.0,0.0,0.0,6.0
YIF1A,2.0,0.0,0.0,0.0,0.0,6.0
KLK3,0.0,0.0,0.0,3.0,0.0,6.0
KLK13,0.0,2.0,0.0,1.0,0.0,6.0
KLK11,0.0,1.0,0.0,2.0,0.0,6.0
ABHD6,0.0,1.0,0.0,2.0,0.0,6.0
SLCO1B3,0.0,1.0,0.0,2.0,0.0,6.0
FANCB,0.0,2.0,0.0,1.0,0.0,6.0
KCNK1,0.0,2.0,0.0,1.0,0.0,6.0
ABI2,0.0,1.0,0.0,2.0,0.0,6.0
BCL2L15,0.0,0.0,0.0,3.0,0.0,6.0
FAM98A,0.0,3.0,0.0,0.0,0.0,6.0
KCNMB3,0.0,1.0,0.0,2.0,0.0,6.0
FAM90A13,0.0,3.0,0.0,0.0,0.0,6.0
FAM90A1,0.0,2.0,0.0,1.0,0.0,6.0
KCNS3,0.0,1.0,0.0,2.0,0.0,6.0
KCNT2,0.0,3.0,0.0,0.0,0.0,6.0
SSTR1,0.0,2.0,0.0,1.0,0.0,6.0
FAM89A,0.0,2.0,0.0,1.0,0.0,6.0
ZC3H7B,0.0,3.0,0.0,0.0,0.0,6.0
ZC3H7A,0.0,3.0,0.0,0.0,0.0,6.0
SLC7A4,0.0,3.0,0.0,0.0,0.0,6.0
KCTD21,0.0,3.0,0.0,0.0,0.0,6.0
ZC3H12D,0.0,2.0,0.0,1.0,0.0,6.0
KDF1,0.0,2.0,0.0,1.0,0.0,6.0
KDM2A,0.0,1.0,0.0,2.0,0.0,6.0
KCNG2,0.0,1.0,0.0,2.0,0.0,6.0
KCNE5,0.0,1.0,0.0,2.0,0.0,6.0
C11ORF58,0.0,2.0,1.0,0.0,0.0,6.0
FAXDC2,0.0,1.0,0.0,2.0,0.0,6.0
FBXL22,0.0,0.0,0.0,3.0,0.0,6.0
JAGN1,0.0,3.0,0.0,0.0,0.0,6.0
FBXL17,0.0,1.0,0.0,2.0,0.0,6.0
FBXL16,0.0,0.0,0.0,3.0,0.0,6.0
ZDHHC8,0.0,1.0,0.0,2.0,0.0,6.0
JAM2,0.0,2.0,1.0,0.0,0.0,6.0
JMJD1C,0.0,1.0,0.0,2.0,0.0,6.0
JMJD7,0.0,0.0,0.0,3.0,0.0,6.0
JMJD8,2.0,0.0,0.0,0.0,0.0,6.0
KANK3,0.0,1.0,1.0,1.0,0.0,6.0
ZDHHC13,2.0,0.0,0.0,0.0,0.0,6.0
ZDHHC22,0.0,3.0,0.0,0.0,0.0,6.0
FASTKD5,0.0,2.0,0.0,1.0,0.0,6.0
SLFN5,0.0,2.0,0.0,1.0,0.0,6.0
KATNAL1,2.0,0.0,0.0,0.0,0.0,6.0
FAP,0.0,1.0,0.0,2.0,0.0,6.0
KCNA3,0.0,1.0,0.0,2.0,0.0,6.0
SLCO5A1,0.0,2.0,0.0,1.0,0.0,6.0
KCNB1,0.0,0.0,0.0,3.0,0.0,6.0
KCNC1,0.0,3.0,0.0,0.0,0.0,6.0
KDM4A,0.0,1.0,0.0,2.0,0.0,6.0
KDM4C,0.0,1.0,0.0,2.0,0.0,6.0
SSTR4,0.0,1.0,1.0,1.0,0.0,6.0
KLHDC9,0.0,3.0,0.0,0.0,0.0,6.0
SLC5A5,0.0,1.0,0.0,2.0,0.0,6.0
KLC3,0.0,1.0,0.0,2.0,0.0,6.0
KLF11,0.0,1.0,0.0,2.0,0.0,6.0
KLF12,0.0,3.0,0.0,0.0,0.0,6.0
KLF15,0.0,2.0,0.0,1.0,0.0,6.0
BCL11A,0.0,1.0,0.0,2.0,0.0,6.0
ACAT2,0.0,1.0,1.0,1.0,0.0,6.0
ST18,0.0,2.0,0.0,1.0,0.0,6.0
YLPM1,0.0,1.0,0.0,2.0,0.0,6.0
SLC4A5,0.0,2.0,0.0,1.0,0.0,6.0
KIRREL1,0.0,2.0,0.0,1.0,0.0,6.0
KLHL12,0.0,2.0,1.0,0.0,0.0,6.0
BCKDHB,0.0,1.0,1.0,1.0,0.0,6.0
KLHL20,0.0,0.0,0.0,3.0,0.0,6.0
FAM178B,0.0,1.0,0.0,2.0,0.0,6.0
SLC4A1,0.0,1.0,0.0,2.0,0.0,6.0
KLHL36,0.0,2.0,0.0,1.0,0.0,6.0
KLHL4,0.0,3.0,0.0,0.0,0.0,6.0
KLHL5,0.0,0.0,0.0,3.0,0.0,6.0
KLK1,0.0,0.0,0.0,3.0,0.0,6.0
ACAD8,0.0,1.0,1.0,1.0,0.0,6.0
ZBBX,0.0,3.0,0.0,0.0,0.0,6.0
SSTR5,0.0,2.0,0.0,1.0,0.0,6.0
KICS2,0.0,2.0,0.0,1.0,0.0,6.0
SLC6A9,0.0,3.0,0.0,0.0,0.0,6.0
FAM72A,0.0,1.0,0.0,2.0,0.0,6.0
FAM50A,0.0,3.0,0.0,0.0,0.0,6.0
FAM47A,0.0,3.0,0.0,0.0,0.0,6.0
KIAA0040,0.0,2.0,0.0,1.0,0.0,6.0
KIAA0232,0.0,3.0,0.0,0.0,0.0,6.0
KIAA0319,0.0,1.0,0.0,2.0,0.0,6.0
SLC6A3,0.0,3.0,0.0,0.0,0.0,6.0
ABO,0.0,2.0,0.0,1.0,0.0,6.0
ZBTB40,0.0,3.0,0.0,0.0,0.0,6.0
KIR3DL2,0.0,1.0,1.0,1.0,0.0,6.0
SLC6A18,0.0,2.0,0.0,1.0,0.0,6.0
SLC6A11,0.0,0.0,0.0,3.0,0.0,6.0
ZBTB3,0.0,1.0,0.0,2.0,0.0,6.0
ABRAXAS2,0.0,1.0,0.0,2.0,0.0,6.0
KIF26B,0.0,0.0,1.0,2.0,0.0,6.0
FAM222B,0.0,2.0,0.0,1.0,0.0,6.0
KIF5C,0.0,0.0,0.0,3.0,0.0,6.0
FAM217B,0.0,3.0,0.0,0.0,0.0,6.0
FAM210B,0.0,3.0,0.0,0.0,0.0,6.0
EVA1A,0.0,1.0,0.0,2.0,0.0,6.0
LINC00205,0.0,3.0,0.0,0.0,0.0,6.0
UNC5CL,0.0,1.0,0.0,2.0,0.0,6.0
STRA8,0.0,2.0,0.0,1.0,0.0,6.0
SLC13A3,0.0,1.0,0.0,2.0,0.0,6.0
USP31,0.0,3.0,0.0,0.0,0.0,6.0
MAG,0.0,0.0,0.0,3.0,0.0,6.0
ADORA3,0.0,2.0,1.0,0.0,0.0,6.0
MAGEA11,0.0,1.0,0.0,2.0,0.0,6.0
MAGEA12,0.0,0.0,0.0,3.0,0.0,6.0
MAGEA2,0.0,0.0,0.0,3.0,0.0,6.0
MAGEA3,0.0,0.0,0.0,3.0,0.0,6.0
MAGEA6,0.0,0.0,0.0,3.0,0.0,6.0
ADPGK,0.0,3.0,0.0,0.0,0.0,6.0
MAGEB1,0.0,1.0,0.0,2.0,0.0,6.0
USP26,0.0,1.0,0.0,2.0,0.0,6.0
C22ORF23,0.0,2.0,0.0,1.0,0.0,6.0
EPB41,0.0,0.0,1.0,2.0,0.0,6.0
MAGED2,0.0,1.0,0.0,2.0,0.0,6.0
MAGI3,0.0,2.0,0.0,1.0,0.0,6.0
ADPRS,0.0,3.0,0.0,0.0,0.0,6.0
MAIP1,0.0,3.0,0.0,0.0,0.0,6.0
MALAT1,0.0,2.0,0.0,1.0,0.0,6.0
USP19,0.0,0.0,0.0,3.0,0.0,6.0
MAMDC2,0.0,3.0,0.0,0.0,0.0,6.0
MAF1,0.0,0.0,0.0,3.0,0.0,6.0
MAEL,0.0,0.0,0.0,3.0,0.0,6.0
B4GALT4,0.0,1.0,0.0,2.0,0.0,6.0
ADNP2,0.0,3.0,0.0,0.0,0.0,6.0
USP51,2.0,0.0,0.0,0.0,0.0,6.0
ADIRF,0.0,0.0,0.0,3.0,0.0,6.0
USP49,0.0,1.0,0.0,2.0,0.0,6.0
LYNX1,0.0,3.0,0.0,0.0,0.0,6.0
LYPD1,0.0,1.0,0.0,2.0,0.0,6.0
LYPLA2,0.0,1.0,1.0,1.0,0.0,6.0
USP46,0.0,0.0,0.0,3.0,0.0,6.0
USP45,0.0,2.0,0.0,1.0,0.0,6.0
SLC16A4,0.0,1.0,0.0,2.0,0.0,6.0
B4GALT7,0.0,2.0,0.0,1.0,0.0,6.0
SLC15A1,0.0,3.0,0.0,0.0,0.0,6.0
LZIC,0.0,2.0,0.0,1.0,0.0,6.0
SLC16A11,0.0,2.0,0.0,1.0,0.0,6.0
STMN2,0.0,2.0,1.0,0.0,0.0,6.0
MAB21L1,0.0,1.0,0.0,2.0,0.0,6.0
MAB21L3,0.0,3.0,0.0,0.0,0.0,6.0
MAB21L4,0.0,2.0,0.0,1.0,0.0,6.0
STMN3,0.0,2.0,0.0,1.0,0.0,6.0
EPG5,0.0,2.0,0.0,1.0,0.0,6.0
EPC2,0.0,1.0,0.0,2.0,0.0,6.0
MAOB,0.0,0.0,0.0,3.0,0.0,6.0
C2ORF49,0.0,3.0,0.0,0.0,0.0,6.0
ACTL9,0.0,3.0,0.0,0.0,0.0,6.0
B3GNT6,0.0,0.0,0.0,3.0,0.0,6.0
UQCRH,0.0,1.0,0.0,2.0,0.0,6.0
ENKD1,0.0,1.0,0.0,2.0,0.0,6.0
UQCRC1,0.0,1.0,1.0,1.0,0.0,6.0
ENDOG,0.0,2.0,0.0,1.0,0.0,6.0
C3ORF52,0.0,3.0,0.0,0.0,0.0,6.0
SIRPB2,0.0,3.0,0.0,0.0,0.0,6.0
C3ORF62,0.0,0.0,0.0,3.0,0.0,6.0
AGAP2,0.0,2.0,0.0,1.0,0.0,6.0
UPK3B,0.0,2.0,1.0,0.0,0.0,6.0
MBIP,0.0,1.0,0.0,2.0,0.0,6.0
MBLAC2,0.0,3.0,0.0,0.0,0.0,6.0
SIPA1L2,0.0,2.0,0.0,1.0,0.0,6.0
MBOAT2,0.0,2.0,0.0,1.0,0.0,6.0
EMILIN1,0.0,3.0,0.0,0.0,0.0,6.0
EMID1,0.0,1.0,0.0,2.0,0.0,6.0
EMD,0.0,2.0,0.0,1.0,0.0,6.0
UNK,0.0,2.0,0.0,1.0,0.0,6.0
AGBL1,0.0,1.0,0.0,2.0,0.0,6.0
EMC4,0.0,3.0,0.0,0.0,0.0,6.0
EMC3,0.0,2.0,0.0,1.0,0.0,6.0
SIM2,0.0,3.0,0.0,0.0,0.0,6.0
UQCRHL,0.0,2.0,0.0,1.0,0.0,6.0
ENOX2,0.0,3.0,0.0,0.0,0.0,6.0
URB1,0.0,3.0,0.0,0.0,0.0,6.0
B3GALT2,0.0,2.0,0.0,1.0,0.0,6.0
B3GNT4,0.0,0.0,0.0,3.0,0.0,6.0
ENSG00000285976,0.0,0.0,0.0,3.0,0.0,6.0
ENSG00000284691,0.0,3.0,0.0,0.0,0.0,6.0
ENSG00000280119,2.0,0.0,0.0,0.0,0.0,6.0
STRN3,0.0,3.0,0.0,0.0,0.0,6.0
SKIC2,0.0,1.0,0.0,2.0,0.0,6.0
SKA3,0.0,1.0,0.0,2.0,0.0,6.0
ENSG00000267882,0.0,3.0,0.0,0.0,0.0,6.0
ADRM1,0.0,0.0,0.0,3.0,0.0,6.0
USO1,0.0,1.0,0.0,2.0,0.0,6.0
MARCHF5,0.0,3.0,0.0,0.0,0.0,6.0
USH2A,0.0,2.0,0.0,1.0,0.0,6.0
USF3,0.0,3.0,0.0,0.0,0.0,6.0
MAPK8IP1,0.0,1.0,0.0,1.0,2.0,6.0
AFAP1L2,0.0,1.0,0.0,2.0,0.0,6.0
AFF2,0.0,1.0,0.0,2.0,0.0,6.0
MAPRE1,0.0,0.0,1.0,2.0,0.0,6.0
MARCHF1,0.0,3.0,0.0,0.0,0.0,6.0
MARCHF3,0.0,3.0,0.0,0.0,0.0,6.0
SIRT7,0.0,2.0,0.0,1.0,0.0,6.0
LY6G6F-LY6G6D,0.0,0.0,0.0,3.0,0.0,6.0
B9D2,0.0,2.0,0.0,1.0,0.0,6.0
C1RL,0.0,3.0,0.0,0.0,0.0,6.0
EPN2,0.0,0.0,0.0,3.0,0.0,6.0
SLC26A1,0.0,2.0,0.0,1.0,0.0,6.0
VSIG10,0.0,1.0,0.0,2.0,0.0,6.0
ADAM21,0.0,1.0,0.0,2.0,0.0,6.0
LINC02297,0.0,3.0,0.0,0.0,0.0,6.0
C1ORF50,0.0,3.0,0.0,0.0,0.0,6.0
VPS35L,0.0,2.0,0.0,1.0,0.0,6.0
VPS35,0.0,2.0,0.0,1.0,0.0,6.0
VPS29,0.0,2.0,0.0,1.0,0.0,6.0
ADAM32,0.0,1.0,0.0,2.0,0.0,6.0
VPS26A,0.0,2.0,1.0,0.0,0.0,6.0
STAU1,0.0,2.0,1.0,0.0,0.0,6.0
SLC25A38,0.0,3.0,0.0,0.0,0.0,6.0
SLC25A35,0.0,3.0,0.0,0.0,0.0,6.0
ADARB2,0.0,1.0,0.0,2.0,0.0,6.0
SLC25A3,0.0,2.0,0.0,1.0,0.0,6.0
LLPH,0.0,3.0,0.0,0.0,0.0,6.0
BAIAP2L1,0.0,3.0,0.0,0.0,0.0,6.0
LMAN1L,0.0,1.0,0.0,2.0,0.0,6.0
LMAN2,0.0,0.0,0.0,3.0,0.0,6.0
ETFA,0.0,0.0,1.0,2.0,0.0,6.0
SLC25A27,0.0,3.0,0.0,0.0,0.0,6.0
VTI1A,0.0,2.0,0.0,1.0,0.0,6.0
ADA2,0.0,1.0,1.0,1.0,0.0,6.0
SLC26A2,0.0,2.0,0.0,1.0,0.0,6.0
LINC00847,0.0,3.0,0.0,0.0,0.0,6.0
WDR54,0.0,1.0,1.0,1.0,0.0,6.0
C19ORF84,0.0,0.0,0.0,3.0,0.0,6.0
BAZ2A,0.0,1.0,0.0,2.0,0.0,6.0
LINC00528,0.0,3.0,0.0,0.0,0.0,6.0
WDR41,0.0,3.0,0.0,0.0,0.0,6.0
WDR35,0.0,2.0,0.0,1.0,0.0,6.0
WDR31,0.0,0.0,0.0,3.0,0.0,6.0
SLC29A2,0.0,1.0,0.0,2.0,0.0,6.0
BARHL1,0.0,1.0,0.0,2.0,0.0,6.0
WDR24,0.0,2.0,0.0,1.0,0.0,6.0
VWCE,0.0,2.0,0.0,1.0,0.0,6.0
ACTR1B,0.0,1.0,0.0,2.0,0.0,6.0
ACTR3B,0.0,3.0,0.0,0.0,0.0,6.0
WDPCP,0.0,1.0,0.0,2.0,0.0,6.0
WDHD1,0.0,1.0,1.0,1.0,0.0,6.0
WDFY1,0.0,3.0,0.0,0.0,0.0,6.0
WBP2NL,0.0,2.0,0.0,1.0,0.0,6.0
C1ORF174,0.0,2.0,0.0,1.0,0.0,6.0
WASH3P,0.0,3.0,0.0,0.0,0.0,6.0
WAC-AS1,0.0,3.0,0.0,0.0,0.0,6.0
VIRMA,0.0,3.0,0.0,0.0,0.0,6.0
SLC25A25,0.0,2.0,0.0,1.0,0.0,6.0
VIL1,0.0,2.0,0.0,1.0,0.0,6.0
ADH4,0.0,3.0,0.0,0.0,0.0,6.0
LRRC58,0.0,2.0,0.0,1.0,0.0,6.0
ADGRL3,0.0,2.0,0.0,1.0,0.0,6.0
ADGRL4,0.0,2.0,0.0,1.0,0.0,6.0
STK24,0.0,1.0,1.0,1.0,0.0,6.0
UXT,0.0,1.0,0.0,2.0,0.0,6.0
SLC22A16,0.0,3.0,0.0,0.0,0.0,6.0
SLC22A15,0.0,2.0,0.0,1.0,0.0,6.0
SLC20A2,0.0,2.0,0.0,1.0,0.0,6.0
UTP4,0.0,3.0,0.0,0.0,0.0,6.0
SLC1A7,0.0,2.0,0.0,1.0,0.0,6.0
STK11IP,0.0,0.0,0.0,3.0,0.0,6.0
STK32A,0.0,2.0,0.0,1.0,0.0,6.0
ERCC4,0.0,2.0,0.0,1.0,0.0,6.0
ERC1,0.0,3.0,0.0,0.0,0.0,6.0
ERAS,0.0,3.0,0.0,0.0,0.0,6.0
EPS8L2,0.0,0.0,0.0,3.0,0.0,6.0
EPS8L1,0.0,1.0,0.0,2.0,0.0,6.0
LTBP2,0.0,2.0,0.0,1.0,0.0,6.0
LTBP4,0.0,1.0,0.0,2.0,0.0,6.0
LTF,0.0,2.0,0.0,1.0,0.0,6.0
LRRC49,0.0,0.0,0.0,3.0,0.0,6.0
ADGRF5,0.0,1.0,0.0,2.0,0.0,6.0
CATSPER1,0.0,1.0,0.0,2.0,0.0,6.0
LRFN5,0.0,2.0,0.0,1.0,0.0,6.0
VGLL1,0.0,1.0,0.0,2.0,0.0,6.0
LONP1,0.0,2.0,0.0,1.0,0.0,6.0
ADCK5,0.0,1.0,0.0,2.0,0.0,6.0
ERVFRD-1,0.0,2.0,0.0,1.0,0.0,6.0
ADGB,0.0,2.0,0.0,1.0,0.0,6.0
ADGRA2,0.0,2.0,0.0,1.0,0.0,6.0
VDAC2,0.0,1.0,0.0,2.0,0.0,6.0
LRFN2,0.0,3.0,0.0,0.0,0.0,6.0
LRFN3,0.0,3.0,0.0,0.0,0.0,6.0
SLC24A3,0.0,2.0,0.0,1.0,0.0,6.0
VARS2,0.0,0.0,0.0,3.0,0.0,6.0
SLC24A1,0.0,3.0,0.0,0.0,0.0,6.0
ERH,0.0,3.0,0.0,0.0,0.0,6.0
LRPPRC,0.0,2.0,0.0,1.0,0.0,6.0
VBP1,0.0,2.0,1.0,0.0,0.0,6.0
ADGRE1,0.0,2.0,0.0,1.0,0.0,6.0
ADGRE2,0.0,2.0,0.0,1.0,0.0,6.0
SLC22A5,0.0,0.0,0.0,3.0,0.0,6.0
VAT1L,0.0,3.0,0.0,0.0,0.0,6.0
VASN,0.0,0.0,0.0,3.0,0.0,6.0
IZUMO1,0.0,2.0,0.0,1.0,0.0,6.0
IYD,0.0,3.0,0.0,0.0,0.0,6.0
ITSN2,0.0,1.0,0.0,2.0,0.0,6.0
GAS8,0.0,2.0,0.0,1.0,0.0,6.0
ZNF559,0.0,3.0,0.0,0.0,0.0,6.0
ZNF556,0.0,1.0,0.0,2.0,0.0,6.0
GDF10,0.0,1.0,0.0,2.0,0.0,6.0
ZNF547,0.0,0.0,0.0,3.0,0.0,6.0
BICC1,0.0,2.0,0.0,1.0,0.0,6.0
GCNT4,0.0,0.0,0.0,3.0,0.0,6.0
GCNA,0.0,3.0,0.0,0.0,0.0,6.0
ZNF540,0.0,3.0,0.0,0.0,0.0,6.0
ZNF532,0.0,0.0,0.0,3.0,0.0,6.0
SNX4,0.0,2.0,1.0,0.0,0.0,6.0
SNX32,0.0,3.0,0.0,0.0,0.0,6.0
ZNF519,0.0,0.0,0.0,3.0,0.0,6.0
BPNT1,0.0,3.0,0.0,0.0,0.0,6.0
GCDH,0.0,2.0,1.0,0.0,0.0,6.0
GCC2,0.0,1.0,0.0,2.0,0.0,6.0
HIP1R,0.0,1.0,0.0,2.0,0.0,6.0
GATD3,0.0,2.0,1.0,0.0,0.0,6.0
HIPK3,0.0,2.0,0.0,1.0,0.0,6.0
ZNF512,0.0,3.0,0.0,0.0,0.0,6.0
SNX20,0.0,3.0,0.0,0.0,0.0,6.0
SNX2,0.0,2.0,0.0,1.0,0.0,6.0
ZNF565,0.0,3.0,0.0,0.0,0.0,6.0
ZNF569,0.0,3.0,0.0,0.0,0.0,6.0
ZNF57,0.0,3.0,0.0,0.0,0.0,6.0
SORCS3,0.0,2.0,0.0,1.0,0.0,6.0
SPRR3,0.0,2.0,0.0,1.0,0.0,6.0
ZNF638,0.0,2.0,0.0,1.0,0.0,6.0
HBA2,0.0,0.0,0.0,3.0,0.0,6.0
GGA3,0.0,2.0,0.0,1.0,0.0,6.0
ZNF610,0.0,0.0,0.0,3.0,0.0,6.0
ZNF608,0.0,3.0,0.0,0.0,0.0,6.0
GFOD3P,2.0,0.0,0.0,0.0,0.0,6.0
BORCS5,0.0,2.0,0.0,1.0,0.0,6.0
GFI1B,0.0,2.0,1.0,0.0,0.0,6.0
GFAP,0.0,1.0,0.0,2.0,0.0,6.0
HELQ,0.0,2.0,0.0,1.0,0.0,6.0
SPRY4,0.0,3.0,0.0,0.0,0.0,6.0
GEMIN7,0.0,2.0,0.0,1.0,0.0,6.0
HDGFL1,0.0,1.0,0.0,2.0,0.0,6.0
HDGFL3,0.0,2.0,1.0,0.0,0.0,6.0
HDHD2,0.0,2.0,0.0,1.0,0.0,6.0
BORCS8,0.0,2.0,0.0,1.0,0.0,6.0
HEATR1,0.0,3.0,0.0,0.0,0.0,6.0
SOCS7,0.0,3.0,0.0,0.0,0.0,6.0
HECW1,0.0,3.0,0.0,0.0,0.0,6.0
ZNF502,0.0,1.0,0.0,2.0,0.0,6.0
SPTBN2,0.0,0.0,1.0,2.0,0.0,6.0
FBXL6,0.0,3.0,0.0,0.0,0.0,6.0
SNX15,0.0,3.0,0.0,0.0,0.0,6.0
GADD45GIP1,0.0,1.0,0.0,2.0,0.0,6.0
ZNF426,0.0,1.0,1.0,1.0,0.0,6.0
SNRPC,0.0,2.0,0.0,1.0,0.0,6.0
ZNF425,0.0,0.0,0.0,3.0,0.0,6.0
HOXB13,0.0,1.0,0.0,2.0,0.0,6.0
ZNF410,0.0,1.0,2.0,0.0,0.0,6.0
SNRNP70,0.0,0.0,0.0,3.0,0.0,6.0
HOXC5,0.0,2.0,0.0,1.0,0.0,6.0
HOXD12,0.0,1.0,0.0,2.0,0.0,6.0
ZNF382,0.0,0.0,0.0,3.0,0.0,6.0
HPCA,0.0,2.0,0.0,1.0,0.0,6.0
GABRA4,0.0,1.0,1.0,1.0,0.0,6.0
HPN,0.0,1.0,0.0,2.0,0.0,6.0
HPS6,0.0,3.0,0.0,0.0,0.0,6.0
HR,0.0,1.0,0.0,2.0,0.0,6.0
HRC,0.0,0.0,0.0,3.0,0.0,6.0
HRH3,0.0,2.0,0.0,1.0,0.0,6.0
HRK,0.0,1.0,0.0,2.0,0.0,6.0
SRD5A1,0.0,1.0,1.0,1.0,0.0,6.0
HROB,0.0,1.0,0.0,2.0,0.0,6.0
HS1BP3,0.0,2.0,1.0,0.0,0.0,6.0
ZNF436-AS1,2.0,0.0,0.0,0.0,0.0,6.0
GAGE12F,0.0,0.0,0.0,3.0,0.0,6.0
HNRNPA3,0.0,2.0,0.0,1.0,0.0,6.0
ZNF475,0.0,3.0,0.0,0.0,0.0,6.0
GAS1,0.0,1.0,0.0,2.0,0.0,6.0
GARS1-DT,0.0,3.0,0.0,0.0,0.0,6.0
GARIN3,0.0,3.0,0.0,0.0,0.0,6.0
GARIN2,0.0,2.0,0.0,1.0,0.0,6.0
HLA-DQB2,0.0,0.0,0.0,2.0,2.0,6.0
HLA-DRB6,0.0,2.0,0.0,1.0,0.0,6.0
GALR2,0.0,3.0,0.0,0.0,0.0,6.0
GALR1,0.0,2.0,0.0,1.0,0.0,6.0
GALNTL6,0.0,0.0,0.0,3.0,0.0,6.0
GALNT5,0.0,0.0,0.0,3.0,0.0,6.0
GAGE12G,0.0,0.0,0.0,3.0,0.0,6.0
GALNT17,0.0,0.0,0.0,3.0,0.0,6.0
HMGB3P1,0.0,3.0,0.0,0.0,0.0,6.0
HMGCL,0.0,3.0,0.0,0.0,0.0,6.0
GALNT13,0.0,0.0,0.0,3.0,0.0,6.0
HMGCS2,0.0,2.0,0.0,1.0,0.0,6.0
SNU13,0.0,2.0,1.0,0.0,0.0,6.0
BRCC3,0.0,0.0,0.0,3.0,0.0,6.0
SNRPG,0.0,1.0,1.0,1.0,0.0,6.0
GAGE2A,0.0,0.0,0.0,3.0,0.0,6.0
ZNF641,0.0,2.0,0.0,1.0,0.0,6.0
HAS1,0.0,3.0,0.0,0.0,0.0,6.0
HARBI1,0.0,1.0,0.0,2.0,0.0,6.0
ZNF646,0.0,3.0,0.0,0.0,0.0,6.0
GPC2,0.0,2.0,0.0,1.0,0.0,6.0
GRIA2,0.0,0.0,0.0,3.0,0.0,6.0
A4GNT,0.0,0.0,0.0,3.0,0.0,6.0
BMP5,0.0,2.0,0.0,1.0,0.0,6.0
GRIK2,0.0,0.0,0.0,3.0,0.0,6.0
SPMIP5,0.0,0.0,0.0,3.0,0.0,6.0
SPMIP9,0.0,3.0,0.0,0.0,0.0,6.0
ZNRD2-DT,0.0,3.0,0.0,0.0,0.0,6.0
SPOCD1,0.0,0.0,0.0,3.0,0.0,6.0
GRM5,0.0,1.0,1.0,1.0,0.0,6.0
SPOCK1,2.0,0.0,0.0,0.0,0.0,6.0
AAGAB,0.0,2.0,0.0,1.0,0.0,6.0
SPATA3,0.0,1.0,0.0,2.0,0.0,6.0
GRWD1,0.0,2.0,0.0,1.0,0.0,6.0
ZNF878,0.0,3.0,0.0,0.0,0.0,6.0
GPAA1,0.0,0.0,0.0,3.0,0.0,6.0
GPA33,0.0,3.0,0.0,0.0,0.0,6.0
GP6,0.0,0.0,0.0,3.0,0.0,6.0
GSTA2,0.0,0.0,0.0,3.0,0.0,6.0
SPATA22,0.0,0.0,0.0,3.0,0.0,6.0
GSTCD,0.0,0.0,0.0,3.0,0.0,6.0
GREM1,0.0,2.0,0.0,1.0,0.0,6.0
ZSCAN1,0.0,0.0,0.0,3.0,0.0,6.0
GRB14,0.0,1.0,0.0,2.0,0.0,6.0
GPR50,0.0,2.0,0.0,1.0,0.0,6.0
GPR152,0.0,3.0,0.0,0.0,0.0,6.0
GPR158,0.0,2.0,0.0,1.0,0.0,6.0
GPR17,0.0,0.0,0.0,3.0,0.0,6.0
BLTP3A,0.0,3.0,0.0,0.0,0.0,6.0
GPR182,0.0,2.0,0.0,1.0,0.0,6.0
ZSWIM6,0.0,3.0,0.0,0.0,0.0,6.0
GPR37L1,0.0,1.0,0.0,2.0,0.0,6.0
ZSWIM1,0.0,3.0,0.0,0.0,0.0,6.0
ZSCAN9,0.0,1.0,1.0,1.0,0.0,6.0
ZSCAN32,0.0,1.0,0.0,2.0,0.0,6.0
GRAP,0.0,2.0,0.0,1.0,0.0,6.0
GPR83,0.0,2.0,0.0,1.0,0.0,6.0
GPRC5A,0.0,3.0,0.0,0.0,0.0,6.0
GPRC5B,0.0,3.0,0.0,0.0,0.0,6.0
GPR107,0.0,3.0,0.0,0.0,0.0,6.0
BMP1,0.0,2.0,0.0,1.0,0.0,6.0
GPN2,0.0,2.0,0.0,1.0,0.0,6.0
BLOC1S2,0.0,1.0,0.0,2.0,0.0,6.0
GPX6,0.0,0.0,1.0,2.0,0.0,6.0
BMP15,0.0,1.0,0.0,2.0,0.0,6.0
ZNF84,0.0,0.0,0.0,3.0,0.0,6.0
ZNF830,0.0,3.0,0.0,0.0,0.0,6.0
ZNF827,0.0,2.0,0.0,1.0,0.0,6.0
SPRN,0.0,1.0,0.0,2.0,0.0,6.0
GLE1,0.0,2.0,1.0,0.0,0.0,6.0
SOX6,0.0,2.0,0.0,1.0,0.0,6.0
GJC2,0.0,1.0,0.0,2.0,0.0,6.0
GJB1,0.0,1.0,0.0,2.0,0.0,6.0
GJA8,0.0,1.0,0.0,2.0,0.0,6.0
GJA3,0.0,1.0,0.0,2.0,0.0,6.0
ZNF667-AS1,2.0,0.0,0.0,0.0,0.0,6.0
GINS4,0.0,2.0,0.0,1.0,0.0,6.0
GIN1,0.0,2.0,0.0,1.0,0.0,6.0
GHRL,0.0,0.0,0.0,3.0,0.0,6.0
SP140L,0.0,3.0,0.0,0.0,0.0,6.0
HAAO,0.0,1.0,0.0,2.0,0.0,6.0
ZNF655,0.0,3.0,0.0,0.0,0.0,6.0
SOX17,0.0,0.0,0.0,3.0,0.0,6.0
HACL1,0.0,3.0,0.0,0.0,0.0,6.0
SOX13,1.0,0.0,0.0,0.0,3.0,6.0
HAND1,0.0,0.0,0.0,3.0,0.0,6.0
HAPLN1,0.0,1.0,0.0,2.0,0.0,6.0
HAPLN2,0.0,3.0,0.0,0.0,0.0,6.0
ZNF649,0.0,0.0,0.0,3.0,0.0,6.0
ZNF706,0.0,3.0,0.0,0.0,0.0,6.0
GLP1R,0.0,0.0,0.0,3.0,0.0,6.0
ZNF816,0.0,0.0,0.0,3.0,0.0,6.0
BMT2,0.0,2.0,0.0,1.0,0.0,6.0
BMP8B,0.0,2.0,0.0,1.0,0.0,6.0
SPANXA1,0.0,0.0,0.0,3.0,0.0,6.0
BMS1,0.0,3.0,0.0,0.0,0.0,6.0
GNL3L,0.0,3.0,0.0,0.0,0.0,6.0
SPACA9,0.0,3.0,0.0,0.0,0.0,6.0
ZNF778,0.0,0.0,0.0,3.0,0.0,6.0
ZNF77,0.0,2.0,0.0,1.0,0.0,6.0
GYS2,0.0,0.0,0.0,3.0,0.0,6.0
GNAZ,0.0,2.0,0.0,1.0,0.0,6.0
GNAS-AS1,2.0,0.0,0.0,0.0,0.0,6.0
GLRA1,0.0,0.0,0.0,3.0,0.0,6.0
GMPR2,0.0,1.0,1.0,1.0,0.0,6.0
BNC1,0.0,1.0,0.0,2.0,0.0,6.0
SPPL2B,0.0,3.0,0.0,0.0,0.0,6.0
GMIP,0.0,1.0,0.0,2.0,0.0,6.0
ZNF746,0.0,3.0,0.0,0.0,0.0,6.0
GLYR1,0.0,2.0,0.0,1.0,0.0,6.0
BICRA,0.0,3.0,0.0,0.0,0.0,6.0
GLRB,0.0,3.0,0.0,0.0,0.0,6.0
H2AP,0.0,3.0,0.0,0.0,0.0,6.0
HS3ST1,0.0,1.0,0.0,2.0,0.0,6.0
ZNF343,0.0,1.0,0.0,2.0,0.0,6.0
BFSP2,0.0,2.0,0.0,1.0,0.0,6.0
IGLV1-47,0.0,0.0,0.0,3.0,0.0,6.0
FLJ40288,0.0,1.0,0.0,2.0,0.0,6.0
ZNF10,0.0,2.0,0.0,1.0,0.0,6.0
IL20,0.0,1.0,0.0,2.0,0.0,6.0
SMIM12,0.0,2.0,1.0,0.0,0.0,6.0
IL24,0.0,2.0,0.0,1.0,0.0,6.0
SMIM1,0.0,0.0,0.0,3.0,0.0,6.0
SMG9,0.0,1.0,0.0,2.0,0.0,6.0
ZMYND11,0.0,2.0,1.0,0.0,0.0,6.0
SMG5,0.0,1.0,1.0,1.0,0.0,6.0
ZMYM6,0.0,2.0,0.0,1.0,0.0,6.0
ZMYM2,0.0,3.0,0.0,0.0,0.0,6.0
FITM2,0.0,3.0,0.0,0.0,0.0,6.0
FITM1,0.0,2.0,0.0,1.0,0.0,6.0
SMCR8,0.0,2.0,0.0,1.0,0.0,6.0
IL9R,0.0,1.0,0.0,2.0,0.0,6.0
FIP1L1,0.0,1.0,0.0,2.0,0.0,6.0
ILF3-DT,0.0,3.0,0.0,0.0,0.0,6.0
ZMYM1,0.0,2.0,0.0,1.0,0.0,6.0
IMPACT,0.0,2.0,0.0,1.0,0.0,6.0
IMPDH1,0.0,0.0,0.0,3.0,0.0,6.0
INA,0.0,2.0,0.0,1.0,0.0,6.0
FLNC,0.0,0.0,0.0,3.0,0.0,6.0
ZNF112,0.0,3.0,0.0,0.0,0.0,6.0
FLRT2,0.0,3.0,0.0,0.0,0.0,6.0
IGLV7-43,0.0,0.0,0.0,3.0,0.0,6.0
IGLV2-11,0.0,0.0,0.0,3.0,0.0,6.0
IGLV2-23,0.0,0.0,0.0,3.0,0.0,6.0
IGLV2-8,0.0,0.0,0.0,3.0,0.0,6.0
IGLV3-1,0.0,0.0,0.0,3.0,0.0,6.0
IGLV3-19,0.0,0.0,0.0,3.0,0.0,6.0
IGLV3-21,0.0,0.0,0.0,3.0,0.0,6.0
IGLV3-27,0.0,0.0,0.0,3.0,0.0,6.0
ZNF174,0.0,1.0,0.0,2.0,0.0,6.0
IGLV6-57,0.0,0.0,0.0,3.0,0.0,6.0
IGSF3,0.0,0.0,1.0,2.0,0.0,6.0
ZNF117,0.0,0.0,0.0,3.0,0.0,6.0
IGSF9,0.0,3.0,0.0,0.0,0.0,6.0
IGSF9B,0.0,3.0,0.0,0.0,0.0,6.0
SMN1,0.0,1.0,0.0,2.0,0.0,6.0
SMIM8,0.0,2.0,0.0,1.0,0.0,6.0
FMR1,0.0,3.0,0.0,0.0,0.0,6.0
ZNF146,0.0,1.0,1.0,1.0,0.0,6.0
FMNL2,0.0,2.0,0.0,1.0,0.0,6.0
SRPX,0.0,2.0,0.0,1.0,0.0,6.0
IL17RD,0.0,2.0,0.0,1.0,0.0,6.0
SRRM2,0.0,1.0,0.0,2.0,0.0,6.0
INF2,0.0,3.0,0.0,0.0,0.0,6.0
BTBD9,0.0,2.0,0.0,1.0,0.0,6.0
FBXW5,0.0,0.0,0.0,3.0,0.0,6.0
IRX5,0.0,3.0,0.0,0.0,0.0,6.0
FCSK,0.0,1.0,0.0,2.0,0.0,6.0
ISL2,0.0,2.0,0.0,1.0,0.0,6.0
SRSF8,0.0,1.0,0.0,2.0,0.0,6.0
FCRL2,0.0,3.0,0.0,0.0,0.0,6.0
FCHSD1,0.0,2.0,0.0,1.0,0.0,6.0
C10ORF67,0.0,1.0,0.0,2.0,0.0,6.0
ZFC3H1,0.0,3.0,0.0,0.0,0.0,6.0
FBXW9,0.0,0.0,0.0,3.0,0.0,6.0
BDH2,0.0,3.0,0.0,0.0,0.0,6.0
SMAD9,0.0,0.0,0.0,3.0,0.0,6.0
SLX4IP,0.0,0.0,0.0,3.0,0.0,6.0
FBXO46,0.0,2.0,0.0,1.0,0.0,6.0
FBXO45,0.0,3.0,0.0,0.0,0.0,6.0
FBXO44,0.0,0.0,0.0,3.0,0.0,6.0
ITIH2,0.0,0.0,0.0,3.0,0.0,6.0
FBXO31,0.0,0.0,0.0,3.0,0.0,6.0
FBXO27,0.0,0.0,0.0,3.0,0.0,6.0
FBXO10,0.0,0.0,0.0,3.0,0.0,6.0
ITPRIPL1,0.0,3.0,0.0,0.0,0.0,6.0
IRX1,0.0,1.0,1.0,1.0,0.0,6.0
IRF2BPL,0.0,3.0,0.0,0.0,0.0,6.0
ING4,0.0,1.0,1.0,1.0,0.0,6.0
FGFBP1,0.0,0.0,0.0,3.0,0.0,6.0
FHOD1,0.0,2.0,0.0,1.0,0.0,6.0
INHBC,0.0,2.0,0.0,1.0,0.0,6.0
ZKSCAN5,0.0,1.0,0.0,2.0,0.0,6.0
FHL5,0.0,2.0,0.0,1.0,0.0,6.0
INO80E,0.0,1.0,0.0,2.0,0.0,6.0
ZIC3,0.0,0.0,0.0,3.0,0.0,6.0
ZFYVE9,0.0,2.0,0.0,1.0,0.0,6.0
INSRR,0.0,0.0,0.0,3.0,0.0,6.0
INSYN1,2.0,0.0,0.0,0.0,0.0,6.0
SMARCAD1,0.0,2.0,0.0,1.0,0.0,6.0
ZFP42,0.0,0.0,0.0,3.0,0.0,6.0
IPO9,0.0,3.0,0.0,0.0,0.0,6.0
BUB1B-PAK6,0.0,0.0,0.0,3.0,0.0,6.0
IQCC,0.0,3.0,0.0,0.0,0.0,6.0
ZFR2,0.0,3.0,0.0,0.0,0.0,6.0
SMAP1,0.0,1.0,0.0,2.0,0.0,6.0
IQCH,0.0,1.0,0.0,2.0,0.0,6.0
FFAR4,0.0,3.0,0.0,0.0,0.0,6.0
FFAR3,0.0,1.0,1.0,1.0,0.0,6.0
FFAR1,0.0,0.0,0.0,3.0,0.0,6.0
IGLV1-51,0.0,0.0,0.0,3.0,0.0,6.0
IGLV1-40,0.0,0.0,0.0,3.0,0.0,6.0
HSPA12A,0.0,0.0,0.0,3.0,0.0,6.0
IGLC3,0.0,0.0,0.0,3.0,0.0,6.0
HYPK,0.0,3.0,0.0,0.0,0.0,6.0
SNHG10,0.0,3.0,0.0,0.0,0.0,6.0
FTH1P5,0.0,1.0,0.0,2.0,0.0,6.0
IBSP,0.0,0.0,0.0,3.0,0.0,6.0
ICA1L,0.0,1.0,0.0,2.0,0.0,6.0
ZNF28,0.0,0.0,0.0,3.0,0.0,6.0
FSTL4,0.0,3.0,0.0,0.0,0.0,6.0
SNED1,2.0,0.0,0.0,0.0,0.0,6.0
IDH3A,0.0,2.0,0.0,1.0,0.0,6.0
IDI2,0.0,3.0,0.0,0.0,0.0,6.0
BRME1,0.0,1.0,0.0,2.0,0.0,6.0
FRMPD1,0.0,2.0,0.0,1.0,0.0,6.0
IFFO1,0.0,3.0,0.0,0.0,0.0,6.0
ZNF263,0.0,3.0,0.0,0.0,0.0,6.0
SNAPC5,0.0,2.0,0.0,1.0,0.0,6.0
FREM2,0.0,3.0,0.0,0.0,0.0,6.0
SNAPC4,0.0,1.0,0.0,2.0,0.0,6.0
ZNF232,0.0,3.0,0.0,0.0,0.0,6.0
FOXS1,0.0,2.0,0.0,1.0,0.0,6.0
FOXRED2,0.0,3.0,0.0,0.0,0.0,6.0
FOXQ1,0.0,2.0,0.0,1.0,0.0,6.0
HYOU1,0.0,3.0,0.0,0.0,0.0,6.0
HYLS1,0.0,3.0,0.0,0.0,0.0,6.0
HYAL1,0.0,0.0,0.0,3.0,0.0,6.0
HSPG2,0.0,0.0,1.0,2.0,0.0,6.0
ZNF335,1.0,0.0,0.0,1.0,1.0,6.0
BFAR,0.0,3.0,0.0,0.0,0.0,6.0
SNHG8,0.0,3.0,0.0,0.0,0.0,6.0
ZNF326,0.0,2.0,0.0,1.0,0.0,6.0
FUT3,0.0,1.0,0.0,2.0,0.0,6.0
FUT2,0.0,2.0,1.0,0.0,0.0,6.0
HSPB3,0.0,1.0,0.0,2.0,0.0,6.0
HSPB9,0.0,0.0,0.0,3.0,0.0,6.0
FUT11,0.0,2.0,0.0,1.0,0.0,6.0
ZNF322,0.0,2.0,0.0,1.0,0.0,6.0
FTMT,0.0,0.0,0.0,3.0,0.0,6.0
ZNF320,0.0,0.0,0.0,3.0,0.0,6.0
ZNF32,0.0,3.0,0.0,0.0,0.0,6.0
HTR2A,0.0,0.0,0.0,3.0,0.0,6.0
HTR2B,0.0,3.0,0.0,0.0,0.0,6.0
FUNDC2,0.0,0.0,0.0,3.0,0.0,6.0
HTR5A,0.0,1.0,0.0,2.0,0.0,6.0
ZNF30,0.0,0.0,0.0,3.0,0.0,6.0
SNHG16,0.0,2.0,0.0,1.0,0.0,6.0
ZNF285,2.0,0.0,0.0,0.0,0.0,6.0
FOXP4,0.0,3.0,0.0,0.0,0.0,6.0
FOXN1,0.0,1.0,0.0,0.0,4.0,6.0
BRMS1,0.0,1.0,0.0,2.0,0.0,6.0
IGKV1D-16,0.0,0.0,0.0,3.0,0.0,6.0
IGHV4-39,0.0,0.0,0.0,3.0,0.0,6.0
IGHV4-59,0.0,0.0,0.0,3.0,0.0,6.0
ZNF200,0.0,3.0,0.0,0.0,0.0,6.0
IGKV1-12,0.0,0.0,0.0,3.0,0.0,6.0
IGKV1-16,0.0,0.0,0.0,3.0,0.0,6.0
IGKV1-17,0.0,0.0,0.0,3.0,0.0,6.0
IGKV1-33,0.0,0.0,0.0,3.0,0.0,6.0
IGKV1-39,0.0,0.0,0.0,3.0,0.0,6.0
IGKV1D-12,0.0,0.0,0.0,3.0,0.0,6.0
IGKV1D-39,0.0,0.0,0.0,3.0,0.0,6.0
IGHV3-7,0.0,0.0,0.0,3.0,0.0,6.0
IGKV2-28,0.0,0.0,0.0,3.0,0.0,6.0
IGKV2-30,0.0,0.0,0.0,3.0,0.0,6.0
IGKV2D-28,0.0,0.0,0.0,3.0,0.0,6.0
IGKV2D-30,0.0,0.0,0.0,3.0,0.0,6.0
IGKV2D-40,0.0,0.0,0.0,3.0,0.0,6.0
IGKV3-11,0.0,0.0,0.0,3.0,0.0,6.0
IGKV3-15,0.0,0.0,0.0,3.0,0.0,6.0
IGKV3D-20,0.0,0.0,0.0,3.0,0.0,6.0
IGKV5-2,0.0,0.0,0.0,3.0,0.0,6.0
IGHV4-34,0.0,0.0,0.0,3.0,0.0,6.0
IGHV3-53,0.0,0.0,0.0,3.0,0.0,6.0
FOXJ1,0.0,0.0,0.0,1.0,4.0,6.0
FNTB,0.0,2.0,0.0,1.0,0.0,6.0
IFNK,0.0,0.0,0.0,1.0,4.0,6.0
IFNL1,0.0,0.0,0.0,0.0,6.0,6.0
IFT172,0.0,2.0,0.0,1.0,0.0,6.0
FOXE1,0.0,0.0,0.0,3.0,0.0,6.0
IFT56,0.0,2.0,0.0,1.0,0.0,6.0
ZNF224,0.0,0.0,0.0,3.0,0.0,6.0
SMYD4,0.0,3.0,0.0,0.0,0.0,6.0
BRWD3,0.0,3.0,0.0,0.0,0.0,6.0
IGF2BP1,0.0,1.0,0.0,2.0,0.0,6.0
IGHV1-2,0.0,0.0,0.0,3.0,0.0,6.0
IGHV3-48,0.0,0.0,0.0,3.0,0.0,6.0
IGHV1-46,0.0,0.0,0.0,3.0,0.0,6.0
IGHV1-69,0.0,0.0,0.0,3.0,0.0,6.0
IGHV2-5,0.0,0.0,0.0,3.0,0.0,6.0
IGHV2-70,0.0,0.0,0.0,3.0,0.0,6.0
IGHV3-11,0.0,0.0,0.0,3.0,0.0,6.0
IGHV3-13,0.0,0.0,0.0,3.0,0.0,6.0
IGHV3-23,0.0,0.0,0.0,3.0,0.0,6.0
IGHV3-30,0.0,0.0,0.0,3.0,0.0,6.0
IGHV3-33,0.0,0.0,0.0,3.0,0.0,6.0
EMC2,0.0,2.0,0.0,1.0,0.0,6.0
LMX1B,0.0,3.0,0.0,0.0,0.0,6.0
DNAJC5,0.0,1.0,0.0,2.0,0.0,6.0
SEC16B,0.0,1.0,0.0,2.0,0.0,6.0
CAPN3,0.0,1.0,1.0,1.0,0.0,6.0
DTNBP1,0.0,3.0,0.0,0.0,0.0,6.0
DTNB,0.0,2.0,0.0,1.0,0.0,6.0
ALPI,0.0,0.0,0.0,3.0,0.0,6.0
MRTO4,0.0,3.0,0.0,0.0,0.0,6.0
DSP,0.0,2.0,0.0,1.0,0.0,6.0
NKX2-8,0.0,1.0,0.0,2.0,0.0,6.0
TRIM63,0.0,0.0,0.0,3.0,0.0,6.0
NKIRAS2,0.0,3.0,0.0,0.0,0.0,6.0
SYDE2,0.0,1.0,0.0,2.0,0.0,6.0
MS4A3,0.0,2.0,0.0,1.0,0.0,6.0
NKAPL,0.0,3.0,0.0,0.0,0.0,6.0
MS4A4A,0.0,2.0,1.0,0.0,0.0,6.0
NISCH,0.0,3.0,0.0,0.0,0.0,6.0
CA5A,0.0,0.0,0.0,3.0,0.0,6.0
ALMS1,0.0,1.0,0.0,2.0,0.0,6.0
TRBV12-3,0.0,0.0,0.0,3.0,0.0,6.0
DGAT2,0.0,3.0,0.0,0.0,0.0,6.0
TUBE1,0.0,1.0,0.0,2.0,0.0,6.0
DUS3L,0.0,3.0,0.0,0.0,0.0,6.0
TRIM50,0.0,2.0,0.0,1.0,0.0,6.0
MRPL55,0.0,0.0,0.0,3.0,0.0,6.0
MRPS10,0.0,1.0,0.0,2.0,0.0,6.0
TRIM52,0.0,2.0,0.0,1.0,0.0,6.0
DUOX1,0.0,1.0,0.0,2.0,0.0,6.0
NMBR,0.0,3.0,0.0,0.0,0.0,6.0
MRPS12,0.0,0.0,0.0,3.0,0.0,6.0
SYMPK,0.0,2.0,0.0,1.0,0.0,6.0
MRPS16,0.0,1.0,0.0,2.0,0.0,6.0
NME2,0.0,2.0,0.0,1.0,0.0,6.0
MRPS17,0.0,0.0,0.0,3.0,0.0,6.0
NMD3,0.0,2.0,1.0,0.0,0.0,6.0
TRIP4,0.0,0.0,0.0,3.0,0.0,6.0
MSANTD3,0.0,2.0,0.0,1.0,0.0,6.0
ANKRD1,0.0,0.0,0.0,3.0,0.0,6.0
NFS1,0.0,1.0,0.0,2.0,0.0,6.0
MT-CO3,0.0,0.0,0.0,3.0,0.0,6.0
CABP1,0.0,0.0,0.0,3.0,0.0,6.0
MT-ND2,0.0,1.0,0.0,2.0,0.0,6.0
CABP4,2.0,0.0,0.0,0.0,0.0,6.0
MT-RNR1,0.0,0.0,0.0,3.0,0.0,6.0
TRMT13,0.0,3.0,0.0,0.0,0.0,6.0
DHX35,0.0,2.0,0.0,1.0,0.0,6.0
MSANTD3-TMEFF1,0.0,0.0,0.0,3.0,0.0,6.0
MT-RNR2,0.0,0.0,0.0,3.0,0.0,6.0
CAMKV,0.0,2.0,0.0,1.0,0.0,6.0
TTLL6,0.0,0.0,0.0,3.0,0.0,6.0
NEUROD2,0.0,3.0,0.0,0.0,0.0,6.0
DRD4,0.0,1.0,0.0,2.0,0.0,6.0
CABS1,0.0,3.0,0.0,0.0,0.0,6.0
SETD9,0.0,0.0,0.0,3.0,0.0,6.0
NGEF,0.0,2.0,0.0,1.0,0.0,6.0
CAMSAP1,0.0,3.0,0.0,0.0,0.0,6.0
MST1R,0.0,2.0,0.0,1.0,0.0,6.0
NHP2,0.0,2.0,0.0,1.0,0.0,6.0
TTPAL,0.0,2.0,0.0,1.0,0.0,6.0
DHPS,0.0,0.0,0.0,2.0,2.0,6.0
NICN1,0.0,1.0,0.0,2.0,0.0,6.0
NID2,0.0,1.0,0.0,2.0,0.0,6.0
DHH,0.0,1.0,0.0,2.0,0.0,6.0
MSL2,0.0,2.0,0.0,1.0,0.0,6.0
NIPAL1,0.0,3.0,0.0,0.0,0.0,6.0
MSH4,0.0,0.0,0.0,3.0,0.0,6.0
ATXN7L3,0.0,2.0,0.0,1.0,0.0,6.0
AUNIP,0.0,1.0,0.0,2.0,0.0,6.0
AMBP,0.0,2.0,0.0,1.0,0.0,6.0
NIPAL2,0.0,2.0,0.0,1.0,0.0,6.0
MRPL38,0.0,1.0,0.0,2.0,0.0,6.0
DUSP23,0.0,3.0,0.0,0.0,0.0,6.0
SDR39U1,0.0,1.0,0.0,2.0,0.0,6.0
TRIM29,0.0,2.0,0.0,1.0,0.0,6.0
MORC4,0.0,2.0,0.0,1.0,0.0,6.0
C8ORF74,0.0,2.0,0.0,1.0,0.0,6.0
TRIM11,0.0,2.0,0.0,1.0,0.0,6.0
DYTN,0.0,0.0,0.0,3.0,0.0,6.0
C8ORF76,0.0,3.0,0.0,0.0,0.0,6.0
DEGS2,0.0,0.0,0.0,3.0,0.0,6.0
MOSPD2,0.0,2.0,0.0,1.0,0.0,6.0
NPAS1,0.0,2.0,0.0,1.0,0.0,6.0
ANKRD26,0.0,2.0,0.0,1.0,0.0,6.0
MOSPD3,0.0,3.0,0.0,0.0,0.0,6.0
ATRN,0.0,2.0,0.0,1.0,0.0,6.0
DENND10,0.0,3.0,0.0,0.0,0.0,6.0
NPAS3,0.0,1.0,0.0,2.0,0.0,6.0
MPC2,2.0,0.0,0.0,0.0,0.0,6.0
MORC3,0.0,3.0,0.0,0.0,0.0,6.0
SCYL2,0.0,3.0,0.0,0.0,0.0,6.0
TRHR,0.0,3.0,0.0,0.0,0.0,6.0
E2F5,0.0,1.0,0.0,2.0,0.0,6.0
TRHDE,0.0,1.0,0.0,2.0,0.0,6.0
NPTXR,0.0,2.0,0.0,1.0,0.0,6.0
TREX2,0.0,1.0,0.0,2.0,0.0,6.0
SGSM2,0.0,3.0,0.0,0.0,0.0,6.0
MOGAT2,0.0,3.0,0.0,0.0,0.0,6.0
NPY5R,0.0,0.0,0.0,3.0,0.0,6.0
C8B,0.0,0.0,0.0,3.0,0.0,6.0
ANKRD36C,0.0,2.0,0.0,1.0,0.0,6.0
SYNGAP1,0.0,2.0,0.0,1.0,0.0,6.0
MOB1B,0.0,2.0,0.0,1.0,0.0,6.0
TREML1,0.0,2.0,0.0,1.0,0.0,6.0
TRDMT1,0.0,2.0,0.0,1.0,0.0,6.0
TRBV7-9,0.0,0.0,0.0,3.0,0.0,6.0
NPAS2,0.0,1.0,0.0,2.0,0.0,6.0
MPDZ,0.0,3.0,0.0,0.0,0.0,6.0
MRPL30,0.0,1.0,0.0,2.0,0.0,6.0
DEPDC5,0.0,1.0,0.0,2.0,0.0,6.0
TRIM38,0.0,3.0,0.0,0.0,0.0,6.0
DENND6A,0.0,1.0,0.0,2.0,0.0,6.0
SDHAF3,0.0,1.0,0.0,2.0,0.0,6.0
MRM3,0.0,3.0,0.0,0.0,0.0,6.0
MROH1,2.0,0.0,0.0,0.0,0.0,6.0
NOMO3,0.0,3.0,0.0,0.0,0.0,6.0
DVL3,0.0,2.0,0.0,1.0,0.0,6.0
MPHOSPH10,0.0,3.0,0.0,0.0,0.0,6.0
NOL7,0.0,3.0,0.0,0.0,0.0,6.0
NOL10,0.0,3.0,0.0,0.0,0.0,6.0
SFT2D3,0.0,3.0,0.0,0.0,0.0,6.0
TRIM40,0.0,3.0,0.0,0.0,0.0,6.0
TRIM44,0.0,2.0,0.0,1.0,0.0,6.0
DUSP28,0.0,2.0,0.0,1.0,0.0,6.0
TUT1,0.0,3.0,0.0,0.0,0.0,6.0
SDHAF1,0.0,1.0,1.0,1.0,0.0,6.0
SGCE,0.0,1.0,0.0,2.0,0.0,6.0
CAPRIN2,0.0,2.0,0.0,1.0,0.0,6.0
NOSTRIN,0.0,2.0,0.0,1.0,0.0,6.0
DYNC2I2,0.0,1.0,0.0,2.0,0.0,6.0
SGF29,0.0,1.0,0.0,2.0,0.0,6.0
DENND2C,0.0,2.0,0.0,1.0,0.0,6.0
ALK,0.0,2.0,0.0,1.0,0.0,6.0
MPST,0.0,0.0,1.0,2.0,0.0,6.0
SDF2L1,0.0,3.0,0.0,0.0,0.0,6.0
NOX1,0.0,1.0,1.0,1.0,0.0,6.0
TWIST2,0.0,2.0,0.0,1.0,0.0,6.0
SGIP1,0.0,1.0,0.0,2.0,0.0,6.0
NOX4,0.0,0.0,2.0,1.0,0.0,6.0
NOXO1,0.0,3.0,0.0,0.0,0.0,6.0
MPIG6B,0.0,1.0,0.0,2.0,0.0,6.0
SELENON,0.0,3.0,0.0,0.0,0.0,6.0
DIDO1,0.0,3.0,0.0,0.0,0.0,6.0
MT1M,0.0,3.0,0.0,0.0,0.0,6.0
DNER,0.0,3.0,0.0,0.0,0.0,6.0
TSEN34,0.0,3.0,0.0,0.0,0.0,6.0
DMTF1,0.0,2.0,0.0,1.0,0.0,6.0
TTC14,0.0,3.0,0.0,0.0,0.0,6.0
DMXL1,0.0,3.0,0.0,0.0,0.0,6.0
MYO19,0.0,3.0,0.0,0.0,0.0,6.0
MYO1A,2.0,0.0,0.0,0.0,0.0,6.0
ANGPTL7,0.0,3.0,0.0,0.0,0.0,6.0
ANGPTL3,0.0,2.0,0.0,1.0,0.0,6.0
TSFM,0.0,0.0,0.0,3.0,0.0,6.0
NCBP3,0.0,2.0,0.0,1.0,0.0,6.0
SURF6,0.0,2.0,0.0,1.0,0.0,6.0
NCBP2AS2,0.0,3.0,0.0,0.0,0.0,6.0
SERPINA7,0.0,1.0,0.0,2.0,0.0,6.0
ATXN2L,0.0,3.0,0.0,0.0,0.0,6.0
TTC16,0.0,2.0,0.0,1.0,0.0,6.0
ATPSCKMT,0.0,2.0,0.0,1.0,0.0,6.0
CACNG5,0.0,2.0,0.0,1.0,0.0,6.0
TSC22D2,0.0,2.0,0.0,1.0,0.0,6.0
DMRTC1,0.0,0.0,0.0,3.0,0.0,6.0
DNM1L,0.0,1.0,1.0,1.0,0.0,6.0
ANKFY1,0.0,2.0,0.0,1.0,0.0,6.0
DMRT3,0.0,2.0,0.0,1.0,0.0,6.0
NCS1,0.0,1.0,0.0,2.0,0.0,6.0
SERPINB3,0.0,1.0,0.0,2.0,0.0,6.0
SERPINB5,0.0,1.0,0.0,2.0,0.0,6.0
MYH7,0.0,1.0,0.0,2.0,0.0,6.0
DMGDH,0.0,1.0,0.0,2.0,0.0,6.0
DOC2B,0.0,2.0,0.0,1.0,0.0,6.0
SEMA6C,0.0,1.0,0.0,2.0,0.0,6.0
MYH1,0.0,3.0,0.0,0.0,0.0,6.0
MYG1,0.0,1.0,0.0,2.0,0.0,6.0
NCBP1,0.0,1.0,1.0,1.0,0.0,6.0
AMOTL1,0.0,0.0,1.0,2.0,0.0,6.0
SEMA6B,0.0,3.0,0.0,0.0,0.0,6.0
SERINC3,0.0,0.0,1.0,2.0,0.0,6.0
NAA15,0.0,2.0,0.0,1.0,0.0,6.0
CALCOCO2,0.0,3.0,0.0,0.0,0.0,6.0
NAT10,0.0,3.0,0.0,0.0,0.0,6.0
DNAJC18,0.0,2.0,0.0,1.0,0.0,6.0
NAA60,0.0,3.0,0.0,0.0,0.0,6.0
DNAJC13,0.0,2.0,0.0,1.0,0.0,6.0
NAPG,0.0,0.0,0.0,3.0,0.0,6.0
DNAH12,0.0,0.0,0.0,3.0,0.0,6.0
SV2C,0.0,0.0,3.0,0.0,0.0,6.0
DNAJB5,0.0,2.0,0.0,1.0,0.0,6.0
DNAJB8,0.0,0.0,0.0,3.0,0.0,6.0
SERF1A,0.0,3.0,0.0,0.0,0.0,6.0
NADK,0.0,3.0,0.0,0.0,0.0,6.0
DNAJC10,0.0,1.0,0.0,2.0,0.0,6.0
DNAJC22,0.0,3.0,0.0,0.0,0.0,6.0
DNAJC28,0.0,2.0,0.0,1.0,0.0,6.0
AMPD1,0.0,1.0,0.0,2.0,0.0,6.0
TSNAXIP1,0.0,2.0,0.0,1.0,0.0,6.0
MZT1,0.0,1.0,0.0,2.0,0.0,6.0
SEPTIN2,0.0,2.0,1.0,0.0,0.0,6.0
MCRIP1,0.0,3.0,0.0,0.0,0.0,6.0
NAV1,0.0,2.0,0.0,1.0,0.0,6.0
TSN,0.0,3.0,0.0,0.0,0.0,6.0
MYSM1,0.0,1.0,0.0,2.0,0.0,6.0
NBEA,0.0,0.0,0.0,3.0,0.0,6.0
CALCR,0.0,2.0,0.0,1.0,0.0,6.0
TSR2,0.0,3.0,0.0,0.0,0.0,6.0
AMOTL2,0.0,3.0,0.0,0.0,0.0,6.0
SEPTIN10,0.0,1.0,0.0,2.0,0.0,6.0
NBPF10,0.0,2.0,0.0,1.0,0.0,6.0
MYORG,0.0,3.0,0.0,0.0,0.0,6.0
MYEF2,0.0,1.0,0.0,2.0,0.0,6.0
SEMA6A,0.0,0.0,0.0,3.0,0.0,6.0
DRD2,0.0,1.0,0.0,2.0,0.0,6.0
DIS3L,0.0,3.0,0.0,0.0,0.0,6.0
NEK3,0.0,1.0,1.0,1.0,0.0,6.0
NEIL2,0.0,0.0,0.0,3.0,0.0,6.0
TTI1,0.0,0.0,0.0,3.0,0.0,6.0
SYCE1L,2.0,0.0,0.0,0.0,0.0,6.0
MTIF3,0.0,1.0,0.0,2.0,0.0,6.0
TRPM2,0.0,2.0,0.0,1.0,0.0,6.0
DISC1,0.0,1.0,0.0,2.0,0.0,6.0
SUPT6H,0.0,1.0,0.0,1.0,2.0,6.0
CACNA1E,0.0,1.0,0.0,2.0,0.0,6.0
MTMR2,0.0,1.0,1.0,1.0,0.0,6.0
TRPM4,0.0,1.0,0.0,2.0,0.0,6.0
SEMA3A,0.0,1.0,0.0,2.0,0.0,6.0
DPPA4,0.0,0.0,0.0,3.0,0.0,6.0
NEBL,0.0,2.0,0.0,1.0,0.0,6.0
NEK6,0.0,3.0,0.0,0.0,0.0,6.0
CACNA1B,0.0,1.0,0.0,2.0,0.0,6.0
NEK8,0.0,3.0,0.0,0.0,0.0,6.0
TRPC4AP,0.0,0.0,0.0,3.0,0.0,6.0
NELFB,0.0,0.0,0.0,3.0,0.0,6.0
MTERF4,0.0,3.0,0.0,0.0,0.0,6.0
ANKLE1,0.0,2.0,0.0,1.0,0.0,6.0
ATXN7L1,0.0,3.0,0.0,0.0,0.0,6.0
DIP2B,0.0,3.0,0.0,0.0,0.0,6.0
TTLL11,0.0,1.0,0.0,2.0,0.0,6.0
MTCL1,0.0,3.0,0.0,0.0,0.0,6.0
NEMF,0.0,1.0,1.0,1.0,0.0,6.0
MTCH2,0.0,1.0,1.0,1.0,0.0,6.0
MTARC1,0.0,1.0,0.0,2.0,0.0,6.0
NEPRO,0.0,2.0,0.0,1.0,0.0,6.0
CACFD1,0.0,2.0,0.0,1.0,0.0,6.0
DRD1,0.0,1.0,0.0,2.0,0.0,6.0
MTNR1A,0.0,0.0,0.0,3.0,0.0,6.0
TTC9,2.0,0.0,0.0,0.0,0.0,6.0
SURF2,0.0,1.0,0.0,2.0,0.0,6.0
DOP1A,0.0,1.0,0.0,2.0,0.0,6.0
SEMA4B,0.0,3.0,0.0,0.0,0.0,6.0
MUTYH,0.0,2.0,0.0,1.0,0.0,6.0
NDUFB1,0.0,1.0,0.0,2.0,0.0,6.0
CACNB1,0.0,0.0,0.0,3.0,0.0,6.0
NDUFAF2,0.0,2.0,1.0,0.0,0.0,6.0
NDUFA4L2,0.0,1.0,0.0,2.0,0.0,6.0
NDUFA12,0.0,3.0,0.0,0.0,0.0,6.0
DLEC1,0.0,1.0,0.0,2.0,0.0,6.0
DONSON,0.0,2.0,0.0,1.0,0.0,6.0
DOK7,0.0,0.0,0.0,3.0,0.0,6.0
MXRA8,0.0,1.0,0.0,2.0,0.0,6.0
DOCK9,0.0,2.0,0.0,1.0,0.0,6.0
DLX2,0.0,1.0,0.0,2.0,0.0,6.0
NDST4,0.0,3.0,0.0,0.0,0.0,6.0
MUSTN1,0.0,2.0,0.0,1.0,0.0,6.0
NDUFB11,0.0,3.0,0.0,0.0,0.0,6.0
MUS81,0.0,1.0,0.0,2.0,0.0,6.0
AMIGO3,0.0,2.0,0.0,1.0,0.0,6.0
SEMA3G,0.0,3.0,0.0,0.0,0.0,6.0
NDUFC1,0.0,0.0,0.0,3.0,0.0,6.0
DLG4,0.0,0.0,0.0,3.0,0.0,6.0
DPH2,0.0,1.0,0.0,2.0,0.0,6.0
NDUFS2,0.0,1.0,0.0,2.0,0.0,6.0
DLG2,0.0,0.0,1.0,2.0,0.0,6.0
NDUFS7,0.0,1.0,0.0,2.0,0.0,6.0
DPH7,0.0,0.0,0.0,3.0,0.0,6.0
DPP6,0.0,0.0,0.0,3.0,0.0,6.0
DLEU1,0.0,2.0,1.0,0.0,0.0,6.0
TTC41P,0.0,0.0,0.0,3.0,0.0,6.0
CACNA1S,0.0,1.0,0.0,2.0,0.0,6.0
TTC8,0.0,2.0,0.0,1.0,0.0,6.0
MMUT,0.0,1.0,1.0,1.0,0.0,6.0
MOV10L1,0.0,0.0,0.0,3.0,0.0,6.0
ODR4,2.0,0.0,0.0,0.0,0.0,6.0
STXBP6,0.0,0.0,0.0,3.0,0.0,6.0
TPBG,0.0,2.0,0.0,1.0,0.0,6.0
C5ORF15,0.0,3.0,0.0,0.0,0.0,6.0
OLIG2,0.0,3.0,0.0,0.0,0.0,6.0
MICU2,0.0,2.0,1.0,0.0,0.0,6.0
MID1IP1,0.0,3.0,0.0,0.0,0.0,6.0
SHLD1,0.0,2.0,0.0,0.0,2.0,6.0
MIER3,0.0,2.0,0.0,1.0,0.0,6.0
UFSP2,0.0,1.0,0.0,2.0,0.0,6.0
STYK1,2.0,0.0,0.0,0.0,0.0,6.0
OLFML2B,0.0,0.0,0.0,3.0,0.0,6.0
SCAMP5,0.0,2.0,0.0,1.0,0.0,6.0
MINAR1,0.0,0.0,0.0,3.0,0.0,6.0
OLFM3,0.0,1.0,0.0,2.0,0.0,6.0
EEPD1,0.0,2.0,0.0,1.0,0.0,6.0
AOX1,0.0,0.0,0.0,3.0,0.0,6.0
OMA1,0.0,3.0,0.0,0.0,0.0,6.0
TPGS1,0.0,1.0,0.0,2.0,0.0,6.0
C5,0.0,2.0,0.0,1.0,0.0,6.0
TOX4,0.0,2.0,1.0,0.0,0.0,6.0
EHBP1L1,0.0,2.0,0.0,1.0,0.0,6.0
OPLAH,0.0,2.0,0.0,1.0,0.0,6.0
MFSD9,0.0,3.0,0.0,0.0,0.0,6.0
OPHN1,0.0,3.0,0.0,0.0,0.0,6.0
AP1G2,0.0,1.0,0.0,2.0,0.0,6.0
ONECUT3,0.0,0.0,0.0,3.0,0.0,6.0
MICALL2,0.0,2.0,0.0,1.0,0.0,6.0
ONECUT2,0.0,2.0,0.0,1.0,0.0,6.0
MGAT4D,0.0,0.0,0.0,3.0,0.0,6.0
AGPAT3,0.0,3.0,0.0,0.0,0.0,6.0
EFR3B,0.0,3.0,0.0,0.0,0.0,6.0
ATP5PB,0.0,1.0,0.0,2.0,0.0,6.0
MIA,0.0,2.0,0.0,1.0,0.0,6.0
SCAND1,2.0,0.0,0.0,0.0,0.0,6.0
ANXA9,0.0,0.0,0.0,3.0,0.0,6.0
MIR3142HG,0.0,3.0,0.0,0.0,0.0,6.0
SUCLG2,0.0,2.0,0.0,1.0,0.0,6.0
UBE4A,0.0,0.0,1.0,2.0,0.0,6.0
MIR219A1,0.0,3.0,0.0,0.0,0.0,6.0
TPP2,0.0,1.0,0.0,2.0,0.0,6.0
OBP2B,0.0,2.0,0.0,1.0,0.0,6.0
ANXA10,0.0,3.0,0.0,0.0,0.0,6.0
MIR223,0.0,0.0,1.0,2.0,0.0,6.0
DCAF10,0.0,1.0,0.0,2.0,0.0,6.0
SHCBP1L,0.0,1.0,0.0,2.0,0.0,6.0
SCFD1,0.0,0.0,1.0,2.0,0.0,6.0
MIR27A,0.0,0.0,0.0,2.0,2.0,6.0
SUCNR1,0.0,3.0,0.0,0.0,0.0,6.0
TPTE,0.0,1.0,0.0,2.0,0.0,6.0
NVL,0.0,2.0,0.0,1.0,0.0,6.0
TRABD,2.0,0.0,0.0,0.0,0.0,6.0
SCARF2,0.0,1.0,0.0,2.0,0.0,6.0
OCSTAMP,0.0,3.0,0.0,0.0,0.0,6.0
DAZAP2,0.0,2.0,0.0,1.0,0.0,6.0
TPH1,0.0,0.0,1.0,2.0,0.0,6.0
MIOS,0.0,2.0,0.0,1.0,0.0,6.0
UCN,0.0,1.0,0.0,2.0,0.0,6.0
MIR101-1,0.0,3.0,0.0,0.0,0.0,6.0
OGG1,0.0,2.0,0.0,1.0,0.0,6.0
OGFOD3,0.0,2.0,0.0,1.0,0.0,6.0
C5ORF22,0.0,1.0,0.0,2.0,0.0,6.0
MIR132,0.0,1.0,0.0,2.0,0.0,6.0
CARTPT,0.0,2.0,0.0,1.0,0.0,6.0
ANXA8L1,0.0,1.0,1.0,1.0,0.0,6.0
UBR5,0.0,2.0,0.0,1.0,0.0,6.0
TPM3,0.0,1.0,0.0,2.0,0.0,6.0
NR2E1,0.0,0.0,0.0,3.0,0.0,6.0
ANXA2R,0.0,2.0,1.0,0.0,0.0,6.0
ANXA2P2,2.0,0.0,0.0,0.0,0.0,6.0
TOX3,0.0,1.0,0.0,2.0,0.0,6.0
AP3S1,0.0,2.0,0.0,1.0,0.0,6.0
SCAF11,0.0,2.0,1.0,0.0,0.0,6.0
MED29,0.0,1.0,0.0,2.0,0.0,6.0
TNMD,0.0,3.0,0.0,0.0,0.0,6.0
ELMO2,0.0,1.0,0.0,2.0,0.0,6.0
MED19,0.0,1.0,0.0,2.0,0.0,6.0
TNNC2,0.0,3.0,0.0,0.0,0.0,6.0
ELAVL4,0.0,1.0,1.0,1.0,0.0,6.0
OR5P3,0.0,3.0,0.0,0.0,0.0,6.0
MED4,0.0,0.0,1.0,2.0,0.0,6.0
ELMOD1,0.0,2.0,0.0,1.0,0.0,6.0
MEDAG,0.0,1.0,0.0,2.0,0.0,6.0
MEF2B,0.0,2.0,1.0,0.0,0.0,6.0
AZU1,0.0,2.0,0.0,1.0,0.0,6.0
MEG3,0.0,1.0,0.0,2.0,0.0,6.0
MEIG1,0.0,1.0,0.0,2.0,0.0,6.0
ULK4,0.0,3.0,0.0,0.0,0.0,6.0
MED14OS,0.0,3.0,0.0,0.0,0.0,6.0
MED10,0.0,0.0,0.0,3.0,0.0,6.0
AP4E1,0.0,3.0,0.0,0.0,0.0,6.0
ORC2,0.0,1.0,1.0,1.0,0.0,6.0
ELP1,0.0,1.0,1.0,1.0,0.0,6.0
MDGA2,0.0,0.0,0.0,3.0,0.0,6.0
ORMDL2,0.0,2.0,0.0,1.0,0.0,6.0
ELOF1,0.0,3.0,0.0,0.0,0.0,6.0
DAO,0.0,1.0,0.0,2.0,0.0,6.0
CASZ1,0.0,2.0,0.0,1.0,0.0,6.0
TNIK,0.0,3.0,0.0,0.0,0.0,6.0
CASTOR1,0.0,1.0,0.0,2.0,0.0,6.0
MDS2,2.0,0.0,0.0,0.0,0.0,6.0
MEAK7,0.0,3.0,0.0,0.0,0.0,6.0
UNC13B,0.0,2.0,0.0,1.0,0.0,6.0
OR7C1,0.0,3.0,0.0,0.0,0.0,6.0
ELN,0.0,2.0,0.0,1.0,0.0,6.0
MECR,0.0,2.0,0.0,1.0,0.0,6.0
TNP1,0.0,0.0,0.0,3.0,0.0,6.0
MEIOB,0.0,2.0,0.0,1.0,0.0,6.0
SASS6,0.0,0.0,0.0,3.0,0.0,6.0
C4ORF3,0.0,2.0,0.0,1.0,0.0,6.0
C4ORF19,0.0,3.0,0.0,0.0,0.0,6.0
SIGIRR,0.0,3.0,0.0,0.0,0.0,6.0
MFAP2,0.0,1.0,0.0,2.0,0.0,6.0
OR2T33,0.0,3.0,0.0,0.0,0.0,6.0
SIDT1,0.0,3.0,0.0,0.0,0.0,6.0
MFF,0.0,3.0,0.0,0.0,0.0,6.0
SYT9,0.0,0.0,0.0,3.0,0.0,6.0
AGBL4,0.0,1.0,0.0,2.0,0.0,6.0
SBSN,0.0,2.0,0.0,1.0,0.0,6.0
MFN2,0.0,2.0,0.0,1.0,0.0,6.0
C4ORF33,0.0,3.0,0.0,0.0,0.0,6.0
MFSD1,0.0,3.0,0.0,0.0,0.0,6.0
OR1E1,0.0,2.0,1.0,0.0,0.0,6.0
AP4M1,0.0,1.0,0.0,2.0,0.0,6.0
SIGLEC11,0.0,2.0,0.0,1.0,0.0,6.0
METTL27,0.0,2.0,0.0,1.0,0.0,6.0
AGK,0.0,2.0,0.0,1.0,0.0,6.0
EIF2AK4,0.0,1.0,0.0,0.0,4.0,6.0
TOM1L1,0.0,1.0,0.0,2.0,0.0,6.0
APBB3,0.0,3.0,0.0,0.0,0.0,6.0
SIGLEC5,0.0,1.0,0.0,2.0,0.0,6.0
OR2Y1,0.0,0.0,0.0,3.0,0.0,6.0
SAXO2,0.0,1.0,0.0,2.0,0.0,6.0
OR3A3,0.0,3.0,0.0,0.0,0.0,6.0
TNXB,0.0,0.0,0.0,3.0,0.0,6.0
AGER,0.0,0.0,1.0,1.0,2.0,6.0
SIGLEC6,0.0,2.0,0.0,1.0,0.0,6.0
EIF4ENIF1,0.0,1.0,1.0,1.0,0.0,6.0
TNPO2,0.0,2.0,0.0,1.0,0.0,6.0
C4ORF17,0.0,3.0,0.0,0.0,0.0,6.0
APIP,0.0,1.0,0.0,2.0,0.0,6.0
AIPL1,0.0,1.0,0.0,2.0,0.0,6.0
CADPS2,0.0,2.0,0.0,1.0,0.0,6.0
ATP6V0D2,0.0,1.0,0.0,2.0,0.0,6.0
NUDT13,0.0,3.0,0.0,0.0,0.0,6.0
SCN4B,0.0,3.0,0.0,0.0,0.0,6.0
NTHL1,0.0,2.0,0.0,1.0,0.0,6.0
UACA,0.0,1.0,0.0,2.0,0.0,6.0
MIR9-1HG,0.0,3.0,0.0,0.0,0.0,6.0
DDX56,0.0,3.0,0.0,0.0,0.0,6.0
SCN3A,0.0,3.0,0.0,0.0,0.0,6.0
SYNJ2,0.0,0.0,0.0,3.0,0.0,6.0
DECR2,0.0,1.0,0.0,2.0,0.0,6.0
MIR770,0.0,3.0,0.0,0.0,0.0,6.0
SCN1B,0.0,2.0,0.0,1.0,0.0,6.0
DDX47,0.0,3.0,0.0,0.0,0.0,6.0
NSUN7,0.0,3.0,0.0,0.0,0.0,6.0
NUDT17,2.0,0.0,0.0,0.0,0.0,6.0
NUDT18,0.0,3.0,0.0,0.0,0.0,6.0
AKR7L,0.0,0.0,1.0,2.0,0.0,6.0
TRAV19,0.0,0.0,0.0,3.0,0.0,6.0
SH3BP1,0.0,3.0,0.0,0.0,0.0,6.0
UBAP2,0.0,0.0,1.0,2.0,0.0,6.0
CARHSP1,0.0,3.0,0.0,0.0,0.0,6.0
SH3GLB1,0.0,3.0,0.0,0.0,0.0,6.0
NRDC,0.0,1.0,0.0,2.0,0.0,6.0
SH3GLB2,0.0,1.0,1.0,1.0,0.0,6.0
SUGP2,0.0,2.0,0.0,1.0,0.0,6.0
MMGT1,2.0,0.0,0.0,0.0,0.0,6.0
DCT,0.0,0.0,0.0,3.0,0.0,6.0
EDA,0.0,3.0,0.0,0.0,0.0,6.0
C6ORF62,0.0,3.0,0.0,0.0,0.0,6.0
NRTN,0.0,2.0,0.0,1.0,0.0,6.0
SCNN1G,0.0,2.0,0.0,1.0,0.0,6.0
SYNGR2,0.0,3.0,0.0,0.0,0.0,6.0
EDIL3,0.0,1.0,0.0,2.0,0.0,6.0
MLC1,0.0,3.0,0.0,0.0,0.0,6.0
MLANA,0.0,1.0,0.0,2.0,0.0,6.0
SH3D21,0.0,0.0,0.0,3.0,0.0,6.0
TYRP1,0.0,0.0,1.0,2.0,0.0,6.0
NSA2,0.0,2.0,0.0,1.0,0.0,6.0
DDX42,0.0,1.0,0.0,2.0,0.0,6.0
NSUN5,0.0,2.0,0.0,1.0,0.0,6.0
ECSIT,0.0,2.0,1.0,0.0,0.0,6.0
SCNM1,0.0,0.0,0.0,3.0,0.0,6.0
DDX51,0.0,3.0,0.0,0.0,0.0,6.0
EDN2,0.0,1.0,0.0,2.0,0.0,6.0
EDNRA,0.0,1.0,0.0,2.0,0.0,6.0
AJM1,0.0,3.0,0.0,0.0,0.0,6.0
DDX54,0.0,3.0,0.0,0.0,0.0,6.0
TRAPPC8,0.0,2.0,0.0,1.0,0.0,6.0
ALDH5A1,0.0,2.0,1.0,0.0,0.0,6.0
EEF1AKMT1,0.0,1.0,0.0,2.0,0.0,6.0
DCUN1D2,0.0,1.0,0.0,2.0,0.0,6.0
NRSN2,0.0,0.0,0.0,3.0,0.0,6.0
TRAV29DV5,0.0,0.0,0.0,3.0,0.0,6.0
CARD14,0.0,2.0,0.0,1.0,0.0,6.0
AKAP7,0.0,3.0,0.0,0.0,0.0,6.0
SH3BGR,0.0,2.0,0.0,1.0,0.0,6.0
SCGN,0.0,2.0,0.0,1.0,0.0,6.0
SH3PXD2B,0.0,2.0,0.0,1.0,0.0,6.0
DCDC2B,0.0,3.0,0.0,0.0,0.0,6.0
UBE2Q1,0.0,0.0,0.0,3.0,0.0,6.0
SH3RF2,0.0,2.0,0.0,1.0,0.0,6.0
DCC,0.0,0.0,0.0,3.0,0.0,6.0
SH2D5,0.0,3.0,0.0,0.0,0.0,6.0
EBLN2,0.0,2.0,0.0,1.0,0.0,6.0
SH3TC1,0.0,2.0,0.0,1.0,0.0,6.0
NR2F2,0.0,1.0,0.0,2.0,0.0,6.0
NR2F1,0.0,3.0,0.0,0.0,0.0,6.0
SYNPO2L,0.0,2.0,0.0,1.0,0.0,6.0
MIR340,0.0,3.0,0.0,0.0,0.0,6.0
MMRN1,0.0,1.0,0.0,2.0,0.0,6.0
NR2E3,0.0,3.0,0.0,0.0,0.0,6.0
ANKRD45,0.0,0.0,0.0,3.0,0.0,6.0
SUFU,0.0,2.0,0.0,1.0,0.0,6.0
TRAV8-4,0.0,0.0,0.0,3.0,0.0,6.0
AKAP8,0.0,3.0,0.0,0.0,0.0,6.0
ATP6V0E2-AS1,2.0,0.0,0.0,0.0,0.0,6.0
CARD16,0.0,3.0,0.0,0.0,0.0,6.0
NRBP1,0.0,2.0,0.0,1.0,0.0,6.0
AKAP9,0.0,1.0,0.0,2.0,0.0,6.0
MMP24,0.0,1.0,1.0,1.0,0.0,6.0
ANKZF1,0.0,2.0,0.0,1.0,0.0,6.0
AKNA,0.0,1.0,0.0,2.0,0.0,6.0
TRBC2,0.0,0.0,0.0,1.0,3.0,5.0
S100PBP,1.0,1.0,0.0,0.0,0.0,5.0
CHRNB1,1.0,1.0,0.0,0.0,0.0,5.0
SPEN-AS1,1.0,1.0,0.0,0.0,0.0,5.0
INVS,1.0,1.0,0.0,0.0,0.0,5.0
CTXN2,1.0,0.0,0.0,1.0,0.0,5.0
CCDC106,1.0,0.0,0.0,1.0,0.0,5.0
HRH2,1.0,1.0,0.0,0.0,0.0,5.0
TMTC4,1.0,1.0,0.0,0.0,0.0,5.0
IMPG1,1.0,1.0,0.0,0.0,0.0,5.0
DNAJB13,1.0,1.0,0.0,0.0,0.0,5.0
SEPTIN12,1.0,1.0,0.0,0.0,0.0,5.0
SNRNP48,1.0,0.0,0.0,1.0,0.0,5.0
GPER1,1.0,0.0,0.0,1.0,0.0,5.0
CHRNG,1.0,1.0,0.0,0.0,0.0,5.0
NCLN,1.0,1.0,0.0,0.0,0.0,5.0
TGM3,1.0,0.0,0.0,1.0,0.0,5.0
SAA4,1.0,0.0,0.0,1.0,0.0,5.0
TCEAL3,1.0,1.0,0.0,0.0,0.0,5.0
ABCA6,1.0,0.0,1.0,0.0,0.0,5.0
NCOA5,1.0,1.0,0.0,0.0,0.0,5.0
ITGB2-AS1,1.0,0.0,1.0,0.0,0.0,5.0
SNX21,1.0,1.0,0.0,0.0,0.0,5.0
INHA,0.0,0.0,0.0,2.0,1.0,5.0
BLOC1S3,0.0,2.0,0.0,0.0,1.0,5.0
DNAI3,1.0,1.0,0.0,0.0,0.0,5.0
INTS15,1.0,1.0,0.0,0.0,0.0,5.0
ATE1,1.0,1.0,0.0,0.0,0.0,5.0
NAT2,1.0,1.0,0.0,0.0,0.0,5.0
TSHB,1.0,0.0,0.0,1.0,0.0,5.0
GABPB2,1.0,0.0,0.0,1.0,0.0,5.0
CHRNB2,0.0,1.0,0.0,1.0,1.0,5.0
DDX59,1.0,0.0,0.0,1.0,0.0,5.0
GPR89A,0.0,0.0,0.0,1.0,3.0,5.0
RNF170,1.0,0.0,0.0,1.0,0.0,5.0
CTU1,1.0,0.0,0.0,1.0,0.0,5.0
ZKSCAN3,1.0,1.0,0.0,0.0,0.0,5.0
HPS5,1.0,1.0,0.0,0.0,0.0,5.0
TSPAN12,1.0,0.0,0.0,1.0,0.0,5.0
SRCAP,1.0,1.0,0.0,0.0,0.0,5.0
CEP63,1.0,0.0,0.0,1.0,0.0,5.0
RGS12,1.0,1.0,0.0,0.0,0.0,5.0
SPINK7,1.0,0.0,0.0,1.0,0.0,5.0
ZNF436,1.0,1.0,0.0,0.0,0.0,5.0
TRIL,1.0,1.0,0.0,0.0,0.0,5.0
CYBC1,1.0,1.0,0.0,0.0,0.0,5.0
INMT,1.0,0.0,0.0,1.0,0.0,5.0
ZFP30,1.0,1.0,0.0,0.0,0.0,5.0
BTNL9,0.0,1.0,0.0,1.0,1.0,5.0
PTMS,1.0,0.0,0.0,1.0,0.0,5.0
ASTN1,1.0,1.0,0.0,0.0,0.0,5.0
GPR34,1.0,1.0,0.0,0.0,0.0,5.0
GABRR2,1.0,1.0,0.0,0.0,0.0,5.0
RHCG,1.0,0.0,0.0,1.0,0.0,5.0
GPATCH2L,1.0,1.0,0.0,0.0,0.0,5.0
DMRT2,1.0,1.0,0.0,0.0,0.0,5.0
PCDHA12,1.0,0.0,0.0,1.0,0.0,5.0
RCBTB1,1.0,0.0,1.0,0.0,0.0,5.0
CAPN5,1.0,0.0,0.0,1.0,0.0,5.0
SELENOF,1.0,0.0,1.0,0.0,0.0,5.0
GLP2R,1.0,0.0,1.0,0.0,0.0,5.0
FRMD3,1.0,1.0,0.0,0.0,0.0,5.0
NUP210L,1.0,1.0,0.0,0.0,0.0,5.0
ZNF729,1.0,1.0,0.0,0.0,0.0,5.0
SNAPIN,1.0,0.0,0.0,1.0,0.0,5.0
SRL,1.0,1.0,0.0,0.0,0.0,5.0
SELENOO,1.0,1.0,0.0,0.0,0.0,5.0
RDH11,1.0,1.0,0.0,0.0,0.0,5.0
TMOD1,1.0,0.0,0.0,1.0,0.0,5.0
ZNF587,1.0,1.0,0.0,0.0,0.0,5.0
HCN3,1.0,1.0,0.0,0.0,0.0,5.0
NUDT9P1,1.0,1.0,0.0,0.0,0.0,5.0
PYROXD2,1.0,1.0,0.0,0.0,0.0,5.0
DCX,1.0,1.0,0.0,0.0,0.0,5.0
BICDL1,1.0,1.0,0.0,0.0,0.0,5.0
NFXL1,1.0,1.0,0.0,0.0,0.0,5.0
SNORC,1.0,1.0,0.0,0.0,0.0,5.0
ZNF691,1.0,1.0,0.0,0.0,0.0,5.0
FOXD1,1.0,0.0,0.0,1.0,0.0,5.0
SOX11,0.0,1.0,0.0,1.0,1.0,5.0
CHAC2,1.0,1.0,0.0,0.0,0.0,5.0
HAPLN3,1.0,0.0,1.0,0.0,0.0,5.0
PADI1,1.0,1.0,0.0,0.0,0.0,5.0
PACC1,1.0,1.0,0.0,0.0,0.0,5.0
BSND,1.0,1.0,0.0,0.0,0.0,5.0
ZNF22-AS1,1.0,0.0,0.0,1.0,0.0,5.0
OARD1,1.0,0.0,0.0,1.0,0.0,5.0
CXORF38,1.0,1.0,0.0,0.0,0.0,5.0
FOXN3-AS1,1.0,1.0,0.0,0.0,0.0,5.0
RBM48,1.0,1.0,0.0,0.0,0.0,5.0
SALL2,1.0,1.0,0.0,0.0,0.0,5.0
NLN,1.0,1.0,0.0,0.0,0.0,5.0
NHEJ1,0.0,1.0,0.0,0.0,3.0,5.0
TRMT10C,1.0,1.0,0.0,0.0,0.0,5.0
ZNF670,1.0,1.0,0.0,0.0,0.0,5.0
TBL2,1.0,0.0,1.0,0.0,0.0,5.0
RBM17,1.0,1.0,0.0,0.0,0.0,5.0
ASAH2,1.0,0.0,0.0,1.0,0.0,5.0
SDK2,1.0,1.0,0.0,0.0,0.0,5.0
TEX14,1.0,1.0,0.0,0.0,0.0,5.0
HSPB2,1.0,0.0,0.0,1.0,0.0,5.0
GRM2,1.0,1.0,0.0,0.0,0.0,5.0
BTBD19,1.0,1.0,0.0,0.0,0.0,5.0
SPNS1,1.0,1.0,0.0,0.0,0.0,5.0
PURPL,1.0,1.0,0.0,0.0,0.0,5.0
DENND2D,1.0,0.0,0.0,1.0,0.0,5.0
CDIPTOSP,1.0,1.0,0.0,0.0,0.0,5.0
APBA3,1.0,1.0,0.0,0.0,0.0,5.0
ZNF101,1.0,1.0,0.0,0.0,0.0,5.0
CDC42EP2,1.0,0.0,0.0,1.0,0.0,5.0
GRIK1,1.0,1.0,0.0,0.0,0.0,5.0
FXYD6,1.0,1.0,0.0,0.0,0.0,5.0
HSD17B2,1.0,1.0,0.0,0.0,0.0,5.0
DMAP1,1.0,0.0,0.0,1.0,0.0,5.0
CYTL1,1.0,0.0,1.0,0.0,0.0,5.0
PTPRZ1,1.0,0.0,0.0,1.0,0.0,5.0
REX1BD,1.0,1.0,0.0,0.0,0.0,5.0
TEKT5,1.0,0.0,0.0,1.0,0.0,5.0
IL13,0.0,2.0,0.0,0.0,1.0,5.0
ASPDH,1.0,1.0,0.0,0.0,0.0,5.0
CYP2F1,1.0,1.0,0.0,0.0,0.0,5.0
SCML4,1.0,0.0,0.0,1.0,0.0,5.0
NUDT1,1.0,1.0,0.0,0.0,0.0,5.0
NOL11,1.0,1.0,0.0,0.0,0.0,5.0
DEPDC7,1.0,1.0,0.0,0.0,0.0,5.0
GTPBP3,1.0,1.0,0.0,0.0,0.0,5.0
RHOJ,1.0,1.0,0.0,0.0,0.0,5.0
TEX35,1.0,1.0,0.0,0.0,0.0,5.0
CDC42BPG,1.0,1.0,0.0,0.0,0.0,5.0
SNHG15,1.0,1.0,0.0,0.0,0.0,5.0
FTSJ3,1.0,1.0,0.0,0.0,0.0,5.0
SNHG33,1.0,1.0,0.0,0.0,0.0,5.0
TMPRSS13,1.0,1.0,0.0,0.0,0.0,5.0
PXDC1,1.0,1.0,0.0,0.0,0.0,5.0
GSX1,1.0,0.0,0.0,1.0,0.0,5.0
OOSP2,1.0,1.0,0.0,0.0,0.0,5.0
DEFB1,1.0,0.0,0.0,1.0,0.0,5.0
MCPH1-AS1,1.0,0.0,0.0,1.0,0.0,5.0
PDILT,1.0,1.0,0.0,0.0,0.0,5.0
C17ORF99,1.0,0.0,0.0,0.0,2.0,5.0
MROH9,1.0,1.0,0.0,0.0,0.0,5.0
SFXN5,1.0,0.0,0.0,1.0,0.0,5.0
TLCD2,1.0,0.0,0.0,1.0,0.0,5.0
WFDC2,1.0,0.0,0.0,1.0,0.0,5.0
MPV17L,1.0,0.0,0.0,1.0,0.0,5.0
C19ORF18,1.0,1.0,0.0,0.0,0.0,5.0
PQBP1,1.0,1.0,0.0,0.0,0.0,5.0
TXLNG,1.0,1.0,0.0,0.0,0.0,5.0
LIMCH1,1.0,0.0,0.0,1.0,0.0,5.0
LIME1,0.0,2.0,0.0,0.0,1.0,5.0
BBIP1,1.0,1.0,0.0,0.0,0.0,5.0
SLC30A5,1.0,1.0,0.0,0.0,0.0,5.0
C19ORF73,1.0,1.0,0.0,0.0,0.0,5.0
MORN1,1.0,1.0,0.0,0.0,0.0,5.0
TGM6,1.0,0.0,0.0,1.0,0.0,5.0
SLC2A11,1.0,1.0,0.0,0.0,0.0,5.0
LINC00917,1.0,1.0,0.0,0.0,0.0,5.0
WASHC3,1.0,0.0,0.0,1.0,0.0,5.0
CRNDE,1.0,1.0,0.0,0.0,0.0,5.0
TAMM41,1.0,1.0,0.0,0.0,0.0,5.0
CCDC153,1.0,1.0,0.0,0.0,0.0,5.0
LINC02731,1.0,1.0,0.0,0.0,0.0,5.0
SH3BP5L,1.0,0.0,0.0,1.0,0.0,5.0
TYRO3,0.0,1.0,0.0,1.0,1.0,5.0
LIPI,1.0,1.0,0.0,0.0,0.0,5.0
VKORC1L1,1.0,1.0,0.0,0.0,0.0,5.0
PPIB,1.0,0.0,0.0,1.0,0.0,5.0
ACSM5,1.0,1.0,0.0,0.0,0.0,5.0
STAP2,1.0,1.0,0.0,0.0,0.0,5.0
SLC25A26,1.0,1.0,0.0,0.0,0.0,5.0
LCN10,1.0,0.0,0.0,1.0,0.0,5.0
YJEFN3,1.0,1.0,0.0,0.0,0.0,5.0
SLC4A2,0.0,1.0,0.0,0.0,3.0,5.0
DRAXIN,1.0,1.0,0.0,0.0,0.0,5.0
FAM171A1,1.0,1.0,0.0,0.0,0.0,5.0
ACCS,1.0,0.0,0.0,1.0,0.0,5.0
TIMM22,1.0,0.0,0.0,1.0,0.0,5.0
DRGX,1.0,0.0,0.0,1.0,0.0,5.0
C16ORF95,1.0,0.0,0.0,1.0,0.0,5.0
SLC3A1,1.0,0.0,0.0,1.0,0.0,5.0
DSG1,1.0,0.0,0.0,1.0,0.0,5.0
SLC39A9,1.0,1.0,0.0,0.0,0.0,5.0
FAM120C,1.0,1.0,0.0,0.0,0.0,5.0
PHETA1,1.0,1.0,0.0,0.0,0.0,5.0
SF3B4,1.0,0.0,1.0,0.0,0.0,5.0
CCDC122,1.0,1.0,0.0,0.0,0.0,5.0
DST,1.0,0.0,0.0,1.0,0.0,5.0
CLTRN,1.0,1.0,0.0,0.0,0.0,5.0
KRTCAP3,1.0,0.0,0.0,1.0,0.0,5.0
FAM114A2,1.0,0.0,0.0,1.0,0.0,5.0
ALKBH8,1.0,0.0,0.0,1.0,0.0,5.0
CMC1,1.0,0.0,0.0,1.0,0.0,5.0
PHF21B,1.0,1.0,0.0,0.0,0.0,5.0
PRICKLE1,1.0,1.0,0.0,0.0,0.0,5.0
TUBGCP2,1.0,1.0,0.0,0.0,0.0,5.0
TUBGCP3,1.0,0.0,1.0,0.0,0.0,5.0
CRYBB2,1.0,1.0,0.0,0.0,0.0,5.0
BBS1,1.0,0.0,0.0,1.0,0.0,5.0
TM6SF2,1.0,0.0,0.0,1.0,0.0,5.0
MIX23P3,1.0,1.0,0.0,0.0,0.0,5.0
DQX1,1.0,1.0,0.0,0.0,0.0,5.0
EFS,1.0,1.0,0.0,0.0,0.0,5.0
ATOH7,1.0,1.0,0.0,0.0,0.0,5.0
COPG2IT1,1.0,1.0,0.0,0.0,0.0,5.0
MAGI2,1.0,0.0,0.0,1.0,0.0,5.0
MFSD10,1.0,1.0,0.0,0.0,0.0,5.0
MAGOH-DT,1.0,1.0,0.0,0.0,0.0,5.0
MAK16,1.0,0.0,0.0,1.0,0.0,5.0
CPLX2,1.0,0.0,0.0,1.0,0.0,5.0
STPG4,1.0,1.0,0.0,0.0,0.0,5.0
ENSG00000291006,1.0,1.0,0.0,0.0,0.0,5.0
STT3B,1.0,1.0,0.0,0.0,0.0,5.0
SKAP1,0.0,1.0,0.0,1.0,1.0,5.0
MESD,1.0,1.0,0.0,0.0,0.0,5.0
B3GALT4,1.0,0.0,0.0,1.0,0.0,5.0
CPEB3,1.0,1.0,0.0,0.0,0.0,5.0
ULBP3,0.0,0.0,1.0,1.0,1.0,5.0
CPEB1,1.0,1.0,0.0,0.0,0.0,5.0
MAPKBP1,1.0,1.0,0.0,0.0,0.0,5.0
ENPP6,1.0,1.0,0.0,0.0,0.0,5.0
RPP21,1.0,0.0,0.0,1.0,0.0,5.0
MEI1,1.0,1.0,0.0,0.0,0.0,5.0
PLRG1,1.0,1.0,0.0,0.0,0.0,5.0
ENDOU,1.0,1.0,0.0,0.0,0.0,5.0
EMP2,0.0,2.0,0.0,0.0,1.0,5.0
UPK3A,1.0,1.0,0.0,0.0,0.0,5.0
MCEMP1,1.0,0.0,0.0,1.0,0.0,5.0
PLEKHH3,1.0,1.0,0.0,0.0,0.0,5.0
A1CF,1.0,0.0,0.0,1.0,0.0,5.0
EGFLAM,1.0,0.0,0.0,1.0,0.0,5.0
SHOX2,1.0,0.0,0.0,1.0,0.0,5.0
ALDH16A1,1.0,1.0,0.0,0.0,0.0,5.0
EFCAB6,1.0,0.0,0.0,1.0,0.0,5.0
LRCH2,1.0,1.0,0.0,0.0,0.0,5.0
AKR1E2,1.0,1.0,0.0,0.0,0.0,5.0
STIM2,1.0,0.0,0.0,1.0,0.0,5.0
SLC23A3,1.0,0.0,0.0,1.0,0.0,5.0
CCDC17,1.0,1.0,0.0,0.0,0.0,5.0
ADGRD1,1.0,1.0,0.0,0.0,0.0,5.0
CPZ,1.0,1.0,0.0,0.0,0.0,5.0
STK16,1.0,1.0,0.0,0.0,0.0,5.0
RPS6KL1,1.0,1.0,0.0,0.0,0.0,5.0
PON3,1.0,1.0,0.0,0.0,0.0,5.0
SLC22A17,1.0,1.0,0.0,0.0,0.0,5.0
POM121L2,1.0,1.0,0.0,0.0,0.0,5.0
PKD2L2,1.0,0.0,0.0,1.0,0.0,5.0
C1QTNF3,1.0,0.0,0.0,1.0,0.0,5.0
TMCC2,1.0,0.0,0.0,1.0,0.0,5.0
ADH7,1.0,0.0,0.0,1.0,0.0,5.0
AIF1L,1.0,1.0,0.0,0.0,0.0,5.0
EPPIN,1.0,1.0,0.0,0.0,0.0,5.0
STK36,1.0,1.0,0.0,0.0,0.0,5.0
SUCLG1,1.0,0.0,1.0,0.0,0.0,5.0
MIR17HG,0.0,1.0,0.0,1.0,1.0,5.0
ATG9A,1.0,1.0,0.0,0.0,0.0,5.0
USP43,1.0,0.0,0.0,1.0,0.0,5.0
CCDC196,1.0,0.0,0.0,1.0,0.0,5.0
SLC15A2,1.0,1.0,0.0,0.0,0.0,5.0
SLC14A1,1.0,0.0,0.0,1.0,0.0,5.0
MICOS10,1.0,0.0,0.0,1.0,0.0,5.0
CLEC18A,1.0,1.0,0.0,0.0,0.0,5.0
PRDM10,1.0,0.0,0.0,1.0,0.0,5.0
KCNN1,1.0,1.0,0.0,0.0,0.0,5.0
NACC1,1.0,1.0,0.0,0.0,0.0,5.0
SLC9A3,1.0,0.0,0.0,1.0,0.0,5.0
ZCCHC10,1.0,1.0,0.0,0.0,0.0,5.0
CIMAP2,1.0,1.0,0.0,0.0,0.0,5.0
PTBP2,1.0,1.0,0.0,0.0,0.0,5.0
ITPKA,1.0,0.0,0.0,1.0,0.0,5.0
KIR3DL3,1.0,1.0,0.0,0.0,0.0,5.0
ARMC5,0.0,0.0,0.0,1.0,3.0,5.0
CIAO2A,1.0,1.0,0.0,0.0,0.0,5.0
CACNB4,0.0,0.0,0.0,2.0,1.0,5.0
MYH4,1.0,0.0,0.0,1.0,0.0,5.0
SLC7A6OS,1.0,1.0,0.0,0.0,0.0,5.0
KCNJ4,1.0,1.0,0.0,0.0,0.0,5.0
CACUL1,1.0,1.0,0.0,0.0,0.0,5.0
ZBED4,1.0,1.0,0.0,0.0,0.0,5.0
TAFA2,1.0,1.0,0.0,0.0,0.0,5.0
MZT2B,1.0,1.0,0.0,0.0,0.0,5.0
FBP2,1.0,0.0,0.0,1.0,0.0,5.0
SLITRK6,1.0,0.0,0.0,1.0,0.0,5.0
CD163L1,1.0,0.0,1.0,0.0,0.0,5.0
SLC6A13,1.0,1.0,0.0,0.0,0.0,5.0
MYBPC2,1.0,1.0,0.0,0.0,0.0,5.0
SERPINB4,1.0,0.0,0.0,1.0,0.0,5.0
ZCWPW2,1.0,0.0,0.0,1.0,0.0,5.0
SSTR3,1.0,1.0,0.0,0.0,0.0,5.0
MYRFL,1.0,1.0,0.0,0.0,0.0,5.0
ZC3H11A,1.0,1.0,0.0,0.0,0.0,5.0
ZDHHC17,1.0,0.0,0.0,1.0,0.0,5.0
MYCT1,1.0,1.0,0.0,0.0,0.0,5.0
TMEM26,1.0,1.0,0.0,0.0,0.0,5.0
PEDS1,1.0,1.0,0.0,0.0,0.0,5.0
KCNU1,1.0,0.0,0.0,1.0,0.0,5.0
TMEM273,1.0,1.0,0.0,0.0,0.0,5.0
YTHDC2,1.0,1.0,0.0,0.0,0.0,5.0
FAM53C,1.0,0.0,0.0,1.0,0.0,5.0
ITIH1,1.0,0.0,0.0,1.0,0.0,5.0
TMEM38B,1.0,1.0,0.0,0.0,0.0,5.0
SLC16A8,0.0,1.0,0.0,1.0,0.0,4.0
CACNG6,0.0,0.0,0.0,2.0,0.0,4.0
TBPL2,0.0,0.0,0.0,2.0,0.0,4.0
RIIAD1,0.0,0.0,0.0,2.0,0.0,4.0
RILP,0.0,1.0,0.0,1.0,0.0,4.0
SLC17A7,0.0,1.0,0.0,1.0,0.0,4.0
SCART1,0.0,1.0,0.0,1.0,0.0,4.0
C20ORF144,0.0,0.0,0.0,2.0,0.0,4.0
BCL6B,0.0,1.0,1.0,0.0,0.0,4.0
SOX30,0.0,0.0,0.0,2.0,0.0,4.0
C6ORF118,0.0,0.0,0.0,2.0,0.0,4.0
C11ORF68,0.0,2.0,0.0,0.0,0.0,4.0
SCD5,0.0,1.0,0.0,1.0,0.0,4.0
CCDC178,0.0,0.0,0.0,2.0,0.0,4.0
C1QTNF12,0.0,1.0,0.0,1.0,0.0,4.0
SHISA7,0.0,1.0,0.0,1.0,0.0,4.0
SRSF12,0.0,2.0,0.0,0.0,0.0,4.0
SUSD2,0.0,1.0,0.0,1.0,0.0,4.0
SHISA4,0.0,0.0,0.0,2.0,0.0,4.0
STK38L,0.0,2.0,0.0,0.0,0.0,4.0
SHISA3,0.0,2.0,0.0,0.0,0.0,4.0
SLF2,0.0,1.0,0.0,1.0,0.0,4.0
SERPINA12,0.0,1.0,0.0,1.0,0.0,4.0
SHE,0.0,2.0,0.0,0.0,0.0,4.0
SYT16,0.0,0.0,0.0,2.0,0.0,4.0
RIMBP2,0.0,2.0,0.0,0.0,0.0,4.0
RIC3,0.0,0.0,0.0,2.0,0.0,4.0
B9D1,0.0,0.0,0.0,2.0,0.0,4.0
C5ORF46,0.0,2.0,0.0,0.0,0.0,4.0
STK32C,0.0,2.0,0.0,0.0,0.0,4.0
SYT13,0.0,1.0,0.0,1.0,0.0,4.0
SP6,0.0,0.0,0.0,2.0,0.0,4.0
SAMD3,0.0,1.0,1.0,0.0,0.0,4.0
SHD,0.0,1.0,0.0,1.0,0.0,4.0
SLC1A1,0.0,1.0,0.0,1.0,0.0,4.0
SPRED3,0.0,1.0,0.0,1.0,0.0,4.0
SP8,0.0,1.0,0.0,1.0,0.0,4.0
SUSD5,0.0,0.0,0.0,2.0,0.0,4.0
SH3TC2,0.0,2.0,0.0,0.0,0.0,4.0
RIMBP3C,0.0,2.0,0.0,0.0,0.0,4.0
SCN11A,0.0,1.0,0.0,1.0,0.0,4.0
C6ORF141,0.0,2.0,0.0,0.0,0.0,4.0
CARF,0.0,2.0,0.0,0.0,0.0,4.0
SORCS2,0.0,1.0,0.0,1.0,0.0,4.0
SUGCT,0.0,0.0,0.0,2.0,0.0,4.0
SH3GL1P1,0.0,2.0,0.0,0.0,0.0,4.0
CARD8,0.0,1.0,0.0,1.0,0.0,4.0
CCL24,0.0,2.0,0.0,0.0,0.0,4.0
SLC25A14,0.0,1.0,0.0,1.0,0.0,4.0
RNF26,0.0,2.0,0.0,0.0,0.0,4.0
BAIAP2-DT,0.0,2.0,0.0,0.0,0.0,4.0
ATP6V1B1,0.0,0.0,0.0,2.0,0.0,4.0
C1ORF74,0.0,0.0,0.0,2.0,0.0,4.0
SCFD2,0.0,0.0,0.0,2.0,0.0,4.0
CCL28,0.0,2.0,0.0,0.0,0.0,4.0
BPIFB1,0.0,2.0,0.0,0.0,0.0,4.0
CDH22,0.0,0.0,0.0,2.0,0.0,4.0
STEAP2,0.0,2.0,0.0,0.0,0.0,4.0
CCDC163,0.0,1.0,0.0,1.0,0.0,4.0
SCN4A,0.0,2.0,0.0,0.0,0.0,4.0
C1ORF56,0.0,2.0,0.0,0.0,0.0,4.0
SYNGR4,0.0,1.0,0.0,1.0,0.0,4.0
STEAP1B,0.0,1.0,0.0,1.0,0.0,4.0
BPIFB2,0.0,0.0,0.0,2.0,0.0,4.0
SNX8,0.0,1.0,0.0,1.0,0.0,4.0
RNF25,0.0,1.0,0.0,1.0,0.0,4.0
SLC24A4,0.0,1.0,0.0,1.0,0.0,4.0
SPRY3,0.0,2.0,0.0,0.0,0.0,4.0
SOST,0.0,0.0,0.0,2.0,0.0,4.0
CCKAR,0.0,2.0,0.0,0.0,0.0,4.0
ATP6V0A4,0.0,1.0,0.0,1.0,0.0,4.0
CARMIL2,0.0,2.0,0.0,0.0,0.0,4.0
RTL6,0.0,1.0,1.0,0.0,0.0,4.0
RIMKLA,0.0,2.0,0.0,0.0,0.0,4.0
STK31,0.0,0.0,0.0,2.0,0.0,4.0
SLC22A13,0.0,2.0,0.0,0.0,0.0,4.0
CD300LF,0.0,1.0,0.0,1.0,0.0,4.0
RTL5,0.0,1.0,0.0,1.0,0.0,4.0
CCKBR,0.0,2.0,0.0,0.0,0.0,4.0
SYNPO2,0.0,2.0,0.0,0.0,0.0,4.0
BABAM1,0.0,0.0,0.0,2.0,0.0,4.0
SLCO1B1,0.0,0.0,0.0,2.0,0.0,4.0
SENP5,0.0,0.0,0.0,2.0,0.0,4.0
SLC22A24,0.0,2.0,0.0,0.0,0.0,4.0
SLCO1A2,0.0,0.0,0.0,2.0,0.0,4.0
CCDC171,0.0,1.0,0.0,1.0,0.0,4.0
SLC23A1,0.0,2.0,0.0,0.0,0.0,4.0
C6ORF136,0.0,2.0,0.0,0.0,0.0,4.0
C11ORF71,0.0,1.0,0.0,1.0,0.0,4.0
TBC1D9B,0.0,2.0,0.0,0.0,0.0,4.0
STIMATE,0.0,1.0,0.0,1.0,0.0,4.0
CDH26,0.0,0.0,0.0,1.0,2.0,4.0
TBR1,0.0,0.0,0.0,2.0,0.0,4.0
SYCE1,0.0,2.0,0.0,0.0,0.0,4.0
C11ORF52,0.0,1.0,0.0,1.0,0.0,4.0
CALB2,0.0,1.0,0.0,1.0,0.0,4.0
ATP5ME,0.0,0.0,0.0,2.0,0.0,4.0
ATRNL1,0.0,1.0,0.0,1.0,0.0,4.0
SPINK8,0.0,2.0,0.0,0.0,0.0,4.0
CATSPER3,0.0,0.0,0.0,2.0,0.0,4.0
CADM2,0.0,1.0,0.0,1.0,0.0,4.0
CACYBP,0.0,0.0,1.0,1.0,0.0,4.0
TBX18,0.0,1.0,0.0,1.0,0.0,4.0
CASP5,0.0,1.0,0.0,1.0,0.0,4.0
CASP4LP,0.0,2.0,0.0,0.0,0.0,4.0
CCDC81,0.0,2.0,0.0,0.0,0.0,4.0
BMP3,0.0,2.0,0.0,0.0,0.0,4.0
CCDC82,0.0,2.0,0.0,0.0,0.0,4.0
CASP12,0.0,1.0,0.0,1.0,0.0,4.0
SIX6,0.0,1.0,0.0,1.0,0.0,4.0
B3GALT6,0.0,1.0,0.0,1.0,0.0,4.0
BVES,0.0,2.0,0.0,0.0,0.0,4.0
CCDC83,0.0,0.0,0.0,2.0,0.0,4.0
CCDC85A,0.0,1.0,0.0,1.0,0.0,4.0
TAF8,0.0,1.0,0.0,1.0,0.0,4.0
SLC10A2,0.0,0.0,0.0,2.0,0.0,4.0
SLC10A3,0.0,1.0,0.0,1.0,0.0,4.0
SPATA4,0.0,0.0,0.0,2.0,0.0,4.0
RNF186,0.0,2.0,0.0,0.0,0.0,4.0
CALCA,0.0,0.0,0.0,2.0,0.0,4.0
CCDC63,0.0,2.0,0.0,0.0,0.0,4.0
SLITRK4,0.0,0.0,0.0,2.0,0.0,4.0
RHCE,0.0,1.0,0.0,1.0,0.0,4.0
SIMC1,0.0,2.0,0.0,0.0,0.0,4.0
RHBDD1,0.0,2.0,0.0,0.0,0.0,4.0
RHBDD2,0.0,2.0,0.0,0.0,0.0,4.0
BLTP1,0.0,1.0,0.0,1.0,0.0,4.0
RPS10P5,0.0,2.0,0.0,0.0,0.0,4.0
BLTP2,0.0,1.0,0.0,1.0,0.0,4.0
SPHKAP,0.0,2.0,0.0,0.0,0.0,4.0
BLTP3B,0.0,1.0,0.0,1.0,0.0,4.0
SZRD1,0.0,1.0,0.0,1.0,0.0,4.0
BMERB1,0.0,2.0,0.0,0.0,0.0,4.0
CCDC8,0.0,0.0,0.0,2.0,0.0,4.0
SLX4,0.0,2.0,0.0,0.0,0.0,4.0
RPP38,0.0,2.0,0.0,0.0,0.0,4.0
ATL2,0.0,2.0,0.0,0.0,0.0,4.0
SPEM1,0.0,1.0,0.0,1.0,0.0,4.0
CCDC7,0.0,1.0,0.0,1.0,0.0,4.0
SLX1B,0.0,2.0,0.0,0.0,0.0,4.0
SLX1A,0.0,2.0,0.0,0.0,0.0,4.0
SIRT2,0.0,2.0,0.0,0.0,0.0,4.0
CASR,0.0,1.0,1.0,0.0,0.0,4.0
RHBDL1,0.0,1.0,0.0,1.0,0.0,4.0
RHBDL3,0.0,2.0,0.0,0.0,0.0,4.0
RHBG,0.0,1.0,0.0,1.0,0.0,4.0
SLC12A3,0.0,0.0,0.0,2.0,0.0,4.0
C22ORF39,0.0,1.0,0.0,1.0,0.0,4.0
TAS2R8,0.0,2.0,0.0,0.0,0.0,4.0
BMPER,0.0,1.0,0.0,1.0,0.0,4.0
SPANXC,0.0,1.0,0.0,1.0,0.0,4.0
STXBP4,0.0,1.0,0.0,1.0,0.0,4.0
SPANXB1,0.0,0.0,0.0,2.0,0.0,4.0
TBX1,0.0,1.0,0.0,1.0,0.0,4.0
CDHR2,0.0,1.0,0.0,1.0,0.0,4.0
SLC13A2,0.0,1.0,0.0,1.0,0.0,4.0
SLC13A4,0.0,1.0,0.0,1.0,0.0,4.0
BICRAL,0.0,2.0,0.0,0.0,0.0,4.0
SPAG7,0.0,0.0,1.0,1.0,0.0,4.0
SLFN14,0.0,0.0,0.0,2.0,0.0,4.0
BMS1P1,0.0,2.0,0.0,0.0,0.0,4.0
SPAG4,0.0,2.0,0.0,0.0,0.0,4.0
SPAG16,0.0,0.0,0.0,2.0,0.0,4.0
SPAG11A,0.0,1.0,0.0,1.0,0.0,4.0
TAFA1,0.0,2.0,0.0,0.0,0.0,4.0
CCDC198,0.0,2.0,0.0,0.0,0.0,4.0
TAOK1,0.0,1.0,0.0,1.0,0.0,4.0
C11ORF21,0.0,2.0,0.0,0.0,0.0,4.0
SPPL2A,0.0,1.0,0.0,1.0,0.0,4.0
SCAP,0.0,0.0,0.0,2.0,0.0,4.0
SHISA9,0.0,1.0,0.0,1.0,0.0,4.0
BMX,0.0,1.0,0.0,1.0,0.0,4.0
ATAD2B,0.0,2.0,0.0,0.0,0.0,4.0
RHOD,0.0,1.0,0.0,1.0,0.0,4.0
RTTN,0.0,1.0,0.0,1.0,0.0,4.0
SPNS3,0.0,2.0,0.0,0.0,0.0,4.0
SAMD8,0.0,1.0,0.0,1.0,0.0,4.0
SLC12A5,0.0,1.0,0.0,1.0,0.0,4.0
B4GALNT1,0.0,2.0,0.0,0.0,0.0,4.0
CD207,0.0,2.0,0.0,0.0,0.0,4.0
SLITRK2,0.0,0.0,0.0,2.0,0.0,4.0
CCDC38,0.0,1.0,0.0,1.0,0.0,4.0
SCAF4,0.0,2.0,0.0,0.0,0.0,4.0
TBC1D3L,0.0,0.0,0.0,2.0,0.0,4.0
SSMEM1,0.0,1.0,0.0,1.0,0.0,4.0
SYT5,0.0,1.0,0.0,1.0,0.0,4.0
CASC15,0.0,2.0,0.0,0.0,0.0,4.0
SPATA25,0.0,2.0,0.0,0.0,0.0,4.0
CCDC89,0.0,2.0,0.0,0.0,0.0,4.0
SLC12A8,0.0,1.0,0.0,1.0,0.0,4.0
B4GALT2,0.0,0.0,0.0,2.0,0.0,4.0
SPATA21,0.0,1.0,0.0,1.0,0.0,4.0
SPATA20,0.0,0.0,0.0,2.0,0.0,4.0
SPATA2,0.0,2.0,0.0,0.0,0.0,4.0
ATOH8,0.0,1.0,0.0,1.0,0.0,4.0
SERPINA11,0.0,0.0,0.0,2.0,0.0,4.0
BIN2,0.0,0.0,1.0,1.0,0.0,4.0
SHPK,0.0,2.0,0.0,0.0,0.0,4.0
SVEP1,0.0,1.0,0.0,1.0,0.0,4.0
SPOPL,0.0,1.0,0.0,1.0,0.0,4.0
SRSF4,0.0,0.0,1.0,1.0,0.0,4.0
SAC3D1,0.0,2.0,0.0,0.0,0.0,4.0
SCN9A,0.0,1.0,1.0,0.0,0.0,4.0
RNGTT,0.0,2.0,0.0,0.0,0.0,4.0
SLC6A1,0.0,0.0,0.0,2.0,0.0,4.0
SND1-IT1,0.0,2.0,0.0,0.0,0.0,4.0
SLC38A11,0.0,1.0,0.0,1.0,0.0,4.0
RNF10,0.0,2.0,0.0,0.0,0.0,4.0
SNCG,0.0,2.0,0.0,0.0,0.0,4.0
SLC38A2,0.0,1.0,1.0,0.0,0.0,4.0
ATP4A,0.0,1.0,0.0,1.0,0.0,4.0
SRPK3,0.0,1.0,0.0,1.0,0.0,4.0
SLC38A3,0.0,2.0,0.0,0.0,0.0,4.0
SLC38A4,0.0,2.0,0.0,0.0,0.0,4.0
RNFT2,0.0,1.0,0.0,1.0,0.0,4.0
SMIM36,0.0,0.0,0.0,2.0,0.0,4.0
SNF8,0.0,1.0,0.0,1.0,0.0,4.0
BBS5,0.0,1.0,0.0,1.0,0.0,4.0
STAG3L4,0.0,2.0,0.0,0.0,0.0,4.0
RSRC1,0.0,1.0,0.0,1.0,0.0,4.0
SNAPC3,0.0,1.0,0.0,1.0,0.0,4.0
SMIM40,0.0,0.0,0.0,2.0,0.0,4.0
SEC14L5,0.0,2.0,0.0,0.0,0.0,4.0
SLC66A1L,0.0,0.0,0.0,2.0,0.0,4.0
SLC39A11,0.0,2.0,0.0,0.0,0.0,4.0
SNAP91,0.0,0.0,0.0,2.0,0.0,4.0
SLC39A12,0.0,1.0,0.0,1.0,0.0,4.0
RNLS,0.0,2.0,0.0,0.0,0.0,4.0
RP9,0.0,1.0,0.0,1.0,0.0,4.0
BEND2,0.0,0.0,0.0,2.0,0.0,4.0
CCM2L,0.0,0.0,0.0,2.0,0.0,4.0
ATF7,0.0,2.0,0.0,0.0,0.0,4.0
C9ORF50,0.0,1.0,0.0,1.0,0.0,4.0
SDHAF4,0.0,1.0,0.0,1.0,0.0,4.0
CDC42EP1,0.0,0.0,0.0,2.0,0.0,4.0
CCDC127,0.0,1.0,0.0,1.0,0.0,4.0
SFTPC,0.0,2.0,0.0,0.0,0.0,4.0
CD177,0.0,1.0,0.0,1.0,0.0,4.0
SLC6A5,0.0,2.0,0.0,0.0,0.0,4.0
ATP4B,0.0,0.0,0.0,2.0,0.0,4.0
SNHG3,0.0,2.0,0.0,0.0,0.0,4.0
SYNDIG1,0.0,0.0,0.0,2.0,0.0,4.0
SNHG20,0.0,1.0,0.0,1.0,0.0,4.0
CALHM5,0.0,2.0,0.0,0.0,0.0,4.0
AURKC,0.0,0.0,0.0,2.0,0.0,4.0
S100A3,0.0,1.0,0.0,1.0,0.0,4.0
CAPRIN1,0.0,1.0,1.0,0.0,0.0,4.0
SLC35F4,0.0,1.0,0.0,1.0,0.0,4.0
SFTPA1,0.0,0.0,0.0,2.0,0.0,4.0
SUMF2,0.0,0.0,0.0,2.0,0.0,4.0
CCT3,0.0,0.0,2.0,0.0,0.0,4.0
SLC6A19,0.0,1.0,0.0,1.0,0.0,4.0
CDC42BPA,0.0,1.0,1.0,0.0,0.0,4.0
TBC1D23,0.0,2.0,0.0,0.0,0.0,4.0
SLC36A4,0.0,2.0,0.0,0.0,0.0,4.0
CA11,0.0,1.0,0.0,1.0,0.0,4.0
RSL24D1,0.0,1.0,1.0,0.0,0.0,4.0
CAPN10,0.0,2.0,0.0,0.0,0.0,4.0
CAPN1,0.0,0.0,0.0,2.0,0.0,4.0
CD101,0.0,1.0,0.0,1.0,0.0,4.0
C15ORF61,0.0,2.0,0.0,0.0,0.0,4.0
CABP5,0.0,2.0,0.0,0.0,0.0,4.0
SWT1,0.0,2.0,0.0,0.0,0.0,4.0
TAFA3,0.0,2.0,0.0,0.0,0.0,4.0
SELENBP1,0.0,1.0,0.0,1.0,0.0,4.0
ROMO1,0.0,2.0,0.0,0.0,0.0,4.0
RSPH6A,0.0,1.0,0.0,1.0,0.0,4.0
C14ORF180,0.0,2.0,0.0,0.0,0.0,4.0
CCZ1,0.0,1.0,0.0,1.0,0.0,4.0
SLC47A2,0.0,1.0,0.0,1.0,0.0,4.0
CCZ1B,0.0,1.0,0.0,1.0,0.0,4.0
SLC5A2,0.0,2.0,0.0,0.0,0.0,4.0
CAP2,0.0,2.0,0.0,0.0,0.0,4.0
C14ORF93,0.0,2.0,0.0,0.0,0.0,4.0
SELENOT,0.0,2.0,0.0,0.0,0.0,4.0
SERTAD2,0.0,2.0,0.0,0.0,0.0,4.0
SSX5,0.0,0.0,0.0,2.0,0.0,4.0
SERTAD4-AS1,0.0,2.0,0.0,0.0,0.0,4.0
C14ORF39,0.0,2.0,0.0,0.0,0.0,4.0
RNF141,0.0,2.0,0.0,0.0,0.0,4.0
SYCE2,0.0,1.0,0.0,1.0,0.0,4.0
ST20-AS1,0.0,2.0,0.0,0.0,0.0,4.0
SLC51A,0.0,1.0,0.0,1.0,0.0,4.0
ST20,0.0,2.0,0.0,0.0,0.0,4.0
RXFP1,0.0,2.0,0.0,0.0,0.0,4.0
CABCOCO1,0.0,1.0,0.0,1.0,0.0,4.0
RNF122,0.0,2.0,0.0,0.0,0.0,4.0
ST7,0.0,1.0,0.0,1.0,0.0,4.0
STAC2,0.0,2.0,0.0,0.0,0.0,4.0
SMYD5,0.0,1.0,0.0,1.0,0.0,4.0
STAC,0.0,1.0,0.0,1.0,0.0,4.0
SLC39A4,0.0,2.0,0.0,0.0,0.0,4.0
ST8SIA6-AS1,0.0,1.0,0.0,1.0,0.0,4.0
CA9,0.0,1.0,0.0,1.0,0.0,4.0
BRSK2,0.0,2.0,0.0,0.0,0.0,4.0
SLC5A7,0.0,1.0,0.0,1.0,0.0,4.0
SYDE1,0.0,1.0,0.0,1.0,0.0,4.0
ATP23,0.0,2.0,0.0,0.0,0.0,4.0
RXRG,0.0,2.0,0.0,0.0,0.0,4.0
SMN2,0.0,1.0,0.0,1.0,0.0,4.0
SMPD5,0.0,2.0,0.0,0.0,0.0,4.0
SMPD4,0.0,0.0,0.0,2.0,0.0,4.0
CAMTA2,0.0,0.0,0.0,2.0,0.0,4.0
SEC61B,0.0,0.0,0.0,2.0,0.0,4.0
SEZ6,0.0,1.0,0.0,1.0,0.0,4.0
ST8SIA5,0.0,0.0,0.0,2.0,0.0,4.0
TAFA5,0.0,2.0,0.0,0.0,0.0,4.0
ST8SIA3,0.0,0.0,0.0,2.0,0.0,4.0
RUSC1,0.0,2.0,0.0,0.0,0.0,4.0
SECISBP2,0.0,2.0,0.0,0.0,0.0,4.0
CACNA1F,0.0,1.0,0.0,1.0,0.0,4.0
SNHG5,0.0,2.0,0.0,0.0,0.0,4.0
SGCA,0.0,1.0,0.0,1.0,0.0,4.0
BEX2,0.0,2.0,0.0,0.0,0.0,4.0
SLC26A4-AS1,0.0,1.0,0.0,1.0,0.0,4.0
TASP1,0.0,0.0,0.0,2.0,0.0,4.0
C1ORF35,0.0,0.0,0.0,2.0,0.0,4.0
SNX13,0.0,2.0,0.0,0.0,0.0,4.0
SH3BGRL,0.0,0.0,1.0,1.0,0.0,4.0
SLC26A10P,0.0,2.0,0.0,0.0,0.0,4.0
CARD10,0.0,2.0,0.0,0.0,0.0,4.0
SLC26A3,0.0,1.0,0.0,1.0,0.0,4.0
CAPZA3,0.0,0.0,0.0,2.0,0.0,4.0
C12ORF43,0.0,2.0,0.0,0.0,0.0,4.0
SLC26A4,0.0,0.0,0.0,2.0,0.0,4.0
BRAT1,0.0,2.0,0.0,0.0,0.0,4.0
SLC26A5,0.0,0.0,0.0,2.0,0.0,4.0
BRD3OS,0.0,2.0,0.0,0.0,0.0,4.0
SEMG2,0.0,2.0,0.0,0.0,0.0,4.0
C1ORF198,0.0,2.0,0.0,0.0,0.0,4.0
RRH,0.0,1.0,0.0,1.0,0.0,4.0
SLC27A6,0.0,0.0,0.0,2.0,0.0,4.0
SLC28A1,0.0,1.0,0.0,1.0,0.0,4.0
SPTBN5,0.0,0.0,0.0,2.0,0.0,4.0
SCRN2,0.0,2.0,0.0,0.0,0.0,4.0
CACNG4,0.0,0.0,0.0,2.0,0.0,4.0
SCRT1,0.0,2.0,0.0,0.0,0.0,4.0
SH2D3A,0.0,2.0,0.0,0.0,0.0,4.0
CCDC140,0.0,1.0,0.0,1.0,0.0,4.0
SNX14,0.0,2.0,0.0,0.0,0.0,4.0
BANF2,0.0,2.0,0.0,0.0,0.0,4.0
SLC25A48,0.0,2.0,0.0,0.0,0.0,4.0
SLC25A46,0.0,2.0,0.0,0.0,0.0,4.0
BHMT2,0.0,0.0,0.0,2.0,0.0,4.0
C11ORF97,0.0,1.0,0.0,1.0,0.0,4.0
SMCO3,0.0,1.0,0.0,1.0,0.0,4.0
CCDC158,0.0,1.0,0.0,1.0,0.0,4.0
SNX31,0.0,1.0,0.0,1.0,0.0,4.0
RIPPLY2,0.0,0.0,0.0,2.0,0.0,4.0
RSPO4,0.0,0.0,0.0,2.0,0.0,4.0
SLC25A32,0.0,0.0,1.0,1.0,0.0,4.0
SLC8A1-AS1,0.0,2.0,0.0,0.0,0.0,4.0
BTBD2,0.0,1.0,1.0,0.0,0.0,4.0
BCL2L13,0.0,1.0,0.0,1.0,0.0,4.0
TANGO2,0.0,1.0,0.0,1.0,0.0,4.0
SCO1,0.0,2.0,0.0,0.0,0.0,4.0
BHMT,0.0,0.0,0.0,2.0,0.0,4.0
SERPINB10,0.0,0.0,0.0,2.0,0.0,4.0
CCNB1IP1,0.0,2.0,0.0,0.0,0.0,4.0
RLBP1,0.0,0.0,0.0,2.0,0.0,4.0
CCNB3,0.0,1.0,0.0,1.0,0.0,4.0
SLC25A42,0.0,1.0,0.0,1.0,0.0,4.0
RLF,0.0,2.0,0.0,0.0,0.0,4.0
C7ORF25,0.0,2.0,0.0,0.0,0.0,4.0
TASOR2,0.0,2.0,0.0,0.0,0.0,4.0
SNX16,0.0,2.0,0.0,0.0,0.0,4.0
SYNE4,0.0,2.0,0.0,0.0,0.0,4.0
C8A,0.0,0.0,0.0,2.0,0.0,4.0
S100A7,0.0,1.0,0.0,1.0,0.0,4.0
SNORA71B,0.0,2.0,0.0,0.0,0.0,4.0
SNORD104,0.0,2.0,0.0,0.0,0.0,4.0
SLC34A1,0.0,1.0,0.0,1.0,0.0,4.0
SLC34A3,0.0,1.0,0.0,1.0,0.0,4.0
C19ORF33,0.0,1.0,0.0,1.0,0.0,4.0
RRP1,0.0,1.0,0.0,1.0,0.0,4.0
SDE2,0.0,2.0,0.0,0.0,0.0,4.0
SGK2,0.0,0.0,0.0,2.0,0.0,4.0
SLC35A4,0.0,2.0,0.0,0.0,0.0,4.0
BFSP2-AS1,0.0,2.0,0.0,0.0,0.0,4.0
STARD3,0.0,1.0,0.0,1.0,0.0,4.0
CCDC137,0.0,2.0,0.0,0.0,0.0,4.0
SMIM11,0.0,2.0,0.0,0.0,0.0,4.0
C8ORF48,0.0,2.0,0.0,0.0,0.0,4.0
SLC35B3,0.0,1.0,0.0,1.0,0.0,4.0
SVOPL,0.0,2.0,0.0,0.0,0.0,4.0
CAPS2,0.0,1.0,0.0,1.0,0.0,4.0
S100B,0.0,1.0,0.0,1.0,0.0,4.0
CBLN1,0.0,2.0,0.0,0.0,0.0,4.0
SMIM13,0.0,2.0,0.0,0.0,0.0,4.0
CCDC13,0.0,1.0,0.0,1.0,0.0,4.0
SULT2A1,0.0,1.0,0.0,1.0,0.0,4.0
RPE,0.0,1.0,0.0,1.0,0.0,4.0
SGCG,0.0,0.0,0.0,2.0,0.0,4.0
SULT2B1,0.0,0.0,0.0,2.0,0.0,4.0
CACNG3,0.0,0.0,0.0,2.0,0.0,4.0
ATG4C,0.0,1.0,0.0,1.0,0.0,4.0
BGN,0.0,1.0,0.0,1.0,0.0,4.0
SLC30A7,0.0,1.0,0.0,1.0,0.0,4.0
SH2B1,0.0,0.0,0.0,2.0,0.0,4.0
CCR3,0.0,0.0,0.0,2.0,0.0,4.0
SNRPE,0.0,1.0,0.0,1.0,0.0,4.0
RMDN1,0.0,1.0,0.0,1.0,0.0,4.0
C1ORF159,0.0,0.0,0.0,2.0,0.0,4.0
RMDN2,0.0,1.0,0.0,1.0,0.0,4.0
ATP7B,0.0,1.0,1.0,0.0,0.0,4.0
BRD7P3,0.0,2.0,0.0,0.0,0.0,4.0
SCYL1,0.0,2.0,0.0,0.0,0.0,4.0
CCDC138,0.0,2.0,0.0,0.0,0.0,4.0
SMG1,0.0,2.0,0.0,0.0,0.0,4.0
C1ORF131,0.0,1.0,0.0,1.0,0.0,4.0
RRN3,0.0,1.0,1.0,0.0,0.0,4.0
SNRNP200,0.0,2.0,0.0,0.0,0.0,4.0
SULT1A4,0.0,1.0,0.0,1.0,0.0,4.0
BHLHA9,0.0,1.0,0.0,1.0,0.0,4.0
STARD9,0.0,2.0,0.0,0.0,0.0,4.0
SMG1P1,0.0,2.0,0.0,0.0,0.0,4.0
SDAD1,0.0,2.0,0.0,0.0,0.0,4.0
CAPSL,0.0,2.0,0.0,0.0,0.0,4.0
SRBD1,0.0,2.0,0.0,0.0,0.0,4.0
ATPAF1,0.0,2.0,0.0,0.0,0.0,4.0
CCSER1,0.0,0.0,0.0,2.0,0.0,4.0
SLC2A12,0.0,1.0,0.0,1.0,0.0,4.0
NPR3,0.0,0.0,1.0,1.0,0.0,4.0
TBX20,0.0,0.0,0.0,2.0,0.0,4.0
LINC02035,0.0,2.0,0.0,0.0,0.0,4.0
LINC02210,0.0,2.0,0.0,0.0,0.0,4.0
VPS4B,0.0,1.0,1.0,0.0,0.0,4.0
ETNK2,0.0,1.0,0.0,1.0,0.0,4.0
LINC02871,0.0,2.0,0.0,0.0,0.0,4.0
ADAM5,0.0,1.0,0.0,1.0,0.0,4.0
VPS13D,0.0,2.0,0.0,0.0,0.0,4.0
LINC03006,0.0,2.0,0.0,0.0,0.0,4.0
LINC03025,0.0,2.0,0.0,0.0,0.0,4.0
LIPC,0.0,0.0,0.0,2.0,0.0,4.0
LIPE,0.0,0.0,0.0,2.0,0.0,4.0
VOPP1,0.0,1.0,0.0,1.0,0.0,4.0
VMO1,0.0,2.0,0.0,0.0,0.0,4.0
LIPT2,0.0,0.0,0.0,2.0,0.0,4.0
VMAC,0.0,2.0,0.0,0.0,0.0,4.0
LIX1,0.0,1.0,0.0,1.0,0.0,4.0
LLGL2,0.0,2.0,0.0,0.0,0.0,4.0
ETFBKMT,0.0,0.0,0.0,2.0,0.0,4.0
LMAN2L,0.0,0.0,0.0,2.0,0.0,4.0
VKORC1,0.0,2.0,0.0,0.0,0.0,4.0
ESYT1,0.0,2.0,0.0,0.0,0.0,4.0
VIPAS39,0.0,2.0,0.0,0.0,0.0,4.0
LMO7DN,0.0,2.0,0.0,0.0,0.0,4.0
LMTK2,0.0,0.0,0.0,2.0,0.0,4.0
ADAM22,0.0,1.0,0.0,1.0,0.0,4.0
LINC01949,0.0,2.0,0.0,0.0,0.0,4.0
LOC100505915,0.0,1.0,0.0,1.0,0.0,4.0
ADAM1B,0.0,0.0,0.0,2.0,0.0,4.0
LINC00880,0.0,2.0,0.0,0.0,0.0,4.0
WDFY3,0.0,2.0,0.0,0.0,0.0,4.0
WDCP,0.0,0.0,0.0,2.0,0.0,4.0
WBP4,0.0,1.0,0.0,1.0,0.0,4.0
LINC00944,0.0,1.0,1.0,0.0,0.0,4.0
LINC01010,0.0,2.0,0.0,0.0,0.0,4.0
WASHC5,0.0,2.0,0.0,0.0,0.0,4.0
WASHC4,0.0,2.0,0.0,0.0,0.0,4.0
WASHC2C,0.0,2.0,0.0,0.0,0.0,4.0
WASHC2A,0.0,1.0,0.0,1.0,0.0,4.0
LINC01095,0.0,2.0,0.0,0.0,0.0,4.0
WASHC1,0.0,1.0,0.0,1.0,0.0,4.0
LINC01101,0.0,2.0,0.0,0.0,0.0,4.0
LINC01138,0.0,2.0,0.0,0.0,0.0,4.0
VWC2,0.0,1.0,0.0,1.0,0.0,4.0
VWA8-AS1,0.0,2.0,0.0,0.0,0.0,4.0
VSX2,0.0,1.0,0.0,1.0,0.0,4.0
VSIG8,0.0,1.0,0.0,1.0,0.0,4.0
VSIG4,0.0,1.0,0.0,0.0,2.0,4.0
LINC01686,0.0,2.0,0.0,0.0,0.0,4.0
VSIG2,0.0,2.0,0.0,0.0,0.0,4.0
VSIG10L,0.0,2.0,0.0,0.0,0.0,4.0
ADAM1A,0.0,0.0,0.0,2.0,0.0,4.0
ADCK1,0.0,2.0,0.0,0.0,0.0,4.0
LONRF1,0.0,1.0,0.0,1.0,0.0,4.0
LY6G6C,0.0,0.0,0.0,2.0,0.0,4.0
LRRC57,0.0,2.0,0.0,0.0,0.0,4.0
LRRC71,0.0,1.0,0.0,1.0,0.0,4.0
ADGRV1,0.0,0.0,0.0,2.0,0.0,4.0
LRRC74B,0.0,2.0,0.0,0.0,0.0,4.0
LRRC75A,0.0,1.0,0.0,1.0,0.0,4.0
UTY,0.0,1.0,0.0,1.0,0.0,4.0
UTS2R,0.0,1.0,0.0,1.0,0.0,4.0
UTS2,0.0,1.0,0.0,1.0,0.0,4.0
LRRIQ3,0.0,2.0,0.0,0.0,0.0,4.0
ADH1C,0.0,0.0,0.0,2.0,0.0,4.0
LRRTM1,0.0,2.0,0.0,0.0,0.0,4.0
LRTM2,0.0,2.0,0.0,0.0,0.0,4.0
UTP23,0.0,1.0,0.0,1.0,0.0,4.0
LSM7,0.0,1.0,0.0,1.0,0.0,4.0
EQTN,0.0,2.0,0.0,0.0,0.0,4.0
LTB4R2,0.0,0.0,0.0,2.0,0.0,4.0
LTC4S,0.0,2.0,0.0,0.0,0.0,4.0
LTK,0.0,2.0,0.0,0.0,0.0,4.0
LTN1,0.0,0.0,0.0,2.0,0.0,4.0
LTO1,0.0,2.0,0.0,0.0,0.0,4.0
EPN3,0.0,1.0,0.0,1.0,0.0,4.0
LUZP2,0.0,1.0,0.0,1.0,0.0,4.0
EPM2A,0.0,1.0,0.0,1.0,0.0,4.0
USP6,0.0,2.0,0.0,0.0,0.0,4.0
LRRC61,0.0,1.0,0.0,1.0,0.0,4.0
LRRC46,0.0,2.0,0.0,0.0,0.0,4.0
LONRF2,0.0,0.0,0.0,2.0,0.0,4.0
ADGRL1,0.0,0.0,1.0,1.0,0.0,4.0
LOXHD1,0.0,0.0,0.0,2.0,0.0,4.0
VEZT,0.0,1.0,0.0,1.0,0.0,4.0
LOXL2,0.0,0.0,0.0,2.0,0.0,4.0
LOXL4,0.0,0.0,0.0,2.0,0.0,4.0
ESD,0.0,0.0,0.0,2.0,0.0,4.0
ERV3-1,0.0,0.0,0.0,2.0,0.0,4.0
ADCYAP1R1,0.0,1.0,0.0,1.0,0.0,4.0
LRATD1,0.0,2.0,0.0,0.0,0.0,4.0
LRCH4,0.0,0.0,1.0,1.0,0.0,4.0
ERLIN2,0.0,2.0,0.0,0.0,0.0,4.0
VCX,0.0,0.0,0.0,2.0,0.0,4.0
LRMDA,0.0,2.0,0.0,0.0,0.0,4.0
ADGRB3,0.0,2.0,0.0,0.0,0.0,4.0
LRP1B,0.0,1.0,0.0,1.0,0.0,4.0
LRP4,0.0,1.0,0.0,1.0,0.0,4.0
LRRC1,0.0,2.0,0.0,0.0,0.0,4.0
LRRC18,0.0,2.0,0.0,0.0,0.0,4.0
LRRC25,0.0,1.0,0.0,1.0,0.0,4.0
LRRC27,0.0,1.0,0.0,1.0,0.0,4.0
LRRC3,0.0,0.0,1.0,1.0,0.0,4.0
LRRC32,0.0,0.0,0.0,1.0,2.0,4.0
LRRC37A3,0.0,1.0,0.0,1.0,0.0,4.0
LRRC37B,0.0,2.0,0.0,0.0,0.0,4.0
WDR25,0.0,2.0,0.0,0.0,0.0,4.0
LINC00662,0.0,2.0,0.0,0.0,0.0,4.0
LINC00658,0.0,2.0,0.0,0.0,0.0,4.0
KRT25,0.0,2.0,0.0,0.0,0.0,4.0
KRT32,0.0,1.0,0.0,1.0,0.0,4.0
KRT34,0.0,1.0,0.0,1.0,0.0,4.0
KRT36,0.0,1.0,0.0,1.0,0.0,4.0
KRT71,0.0,2.0,0.0,0.0,0.0,4.0
KRT72,0.0,1.0,0.0,1.0,0.0,4.0
KRT76,0.0,1.0,0.0,1.0,0.0,4.0
KRT86,0.0,1.0,0.0,1.0,0.0,4.0
ACOT1,0.0,1.0,0.0,1.0,0.0,4.0
XPNPEP3,0.0,0.0,0.0,2.0,0.0,4.0
KRTAP11-1,0.0,2.0,0.0,0.0,0.0,4.0
KRTAP15-1,0.0,2.0,0.0,0.0,0.0,4.0
XCL2,0.0,2.0,0.0,0.0,0.0,4.0
KRTAP8-1,0.0,2.0,0.0,0.0,0.0,4.0
FAM118A,0.0,2.0,0.0,0.0,0.0,4.0
L3HYPDH,0.0,2.0,0.0,0.0,0.0,4.0
FAM114A1,0.0,1.0,0.0,1.0,0.0,4.0
LACTB,0.0,2.0,0.0,0.0,0.0,4.0
WSCD2,0.0,1.0,0.0,1.0,0.0,4.0
LALBA,0.0,1.0,0.0,1.0,0.0,4.0
ACSBG2,0.0,2.0,0.0,0.0,0.0,4.0
LAMA5,0.0,0.0,0.0,2.0,0.0,4.0
ACSF2,0.0,1.0,0.0,1.0,0.0,4.0
FABP1,0.0,0.0,0.0,2.0,0.0,4.0
KRT31,0.0,1.0,0.0,1.0,0.0,4.0
XXYLT1,0.0,2.0,0.0,0.0,0.0,4.0
LINC00654,0.0,2.0,0.0,0.0,0.0,4.0
KRT20,0.0,1.0,0.0,1.0,0.0,4.0
KLK12,0.0,0.0,0.0,2.0,0.0,4.0
KLK15,0.0,0.0,0.0,2.0,0.0,4.0
KLK2,0.0,0.0,0.0,2.0,0.0,4.0
KLK5,0.0,1.0,0.0,1.0,0.0,4.0
YIF1B,0.0,2.0,0.0,0.0,0.0,4.0
KLRA1P,0.0,2.0,0.0,0.0,0.0,4.0
ACBD6,0.0,2.0,0.0,0.0,0.0,4.0
FAM169A,0.0,2.0,0.0,0.0,0.0,4.0
FAM162B,0.0,2.0,0.0,0.0,0.0,4.0
FAM161B,0.0,2.0,0.0,0.0,0.0,4.0
KMT2E,0.0,2.0,0.0,0.0,0.0,4.0
FAM161A,0.0,2.0,0.0,0.0,0.0,4.0
ACCSL,0.0,2.0,0.0,0.0,0.0,4.0
KNCN,0.0,2.0,0.0,0.0,0.0,4.0
KPNA7,0.0,1.0,0.0,1.0,0.0,4.0
FAM135A,0.0,1.0,0.0,1.0,0.0,4.0
KRBA1,0.0,2.0,0.0,0.0,0.0,4.0
KRBOX4,0.0,1.0,0.0,1.0,0.0,4.0
FAM131C,0.0,1.0,0.0,1.0,0.0,4.0
KRT10,0.0,1.0,0.0,1.0,0.0,4.0
KRT10-AS1,0.0,2.0,0.0,0.0,0.0,4.0
KRT12,0.0,1.0,0.0,1.0,0.0,4.0
KRT14,0.0,1.0,0.0,1.0,0.0,4.0
FAAP20,0.0,1.0,0.0,1.0,0.0,4.0
LARP4B,0.0,1.0,0.0,1.0,0.0,4.0
FAAH,0.0,1.0,1.0,0.0,0.0,4.0
FA2H,0.0,1.0,0.0,1.0,0.0,4.0
WDR81,0.0,0.0,0.0,2.0,0.0,4.0
LILRB5,0.0,0.0,1.0,1.0,0.0,4.0
LIM2,0.0,2.0,0.0,0.0,0.0,4.0
LIMS3,0.0,0.0,0.0,2.0,0.0,4.0
ETV4,0.0,0.0,0.0,2.0,0.0,4.0
LIN52,0.0,1.0,0.0,1.0,0.0,4.0
WDR76,0.0,1.0,0.0,1.0,0.0,4.0
WDR74,0.0,1.0,0.0,1.0,0.0,4.0
LIN7C,0.0,1.0,1.0,0.0,0.0,4.0
LINC00158,0.0,2.0,0.0,0.0,0.0,4.0
LINC00174,0.0,2.0,0.0,0.0,0.0,4.0
LINC00221,0.0,1.0,0.0,1.0,0.0,4.0
WDR72,0.0,2.0,0.0,0.0,0.0,4.0
LINC00319,0.0,2.0,0.0,0.0,0.0,4.0
LINC00330,0.0,2.0,0.0,0.0,0.0,4.0
WDR53,0.0,1.0,0.0,1.0,0.0,4.0
LINC00342,0.0,2.0,0.0,0.0,0.0,4.0
ACTMAP,0.0,2.0,0.0,0.0,0.0,4.0
LINC00520,0.0,2.0,0.0,0.0,0.0,4.0
WDR38,0.0,2.0,0.0,0.0,0.0,4.0
LINC00623,0.0,2.0,0.0,0.0,0.0,4.0
WDR33,0.0,2.0,0.0,0.0,0.0,4.0
LINC00639,0.0,2.0,0.0,0.0,0.0,4.0
EVPL,0.0,0.0,0.0,2.0,0.0,4.0
EVX2,0.0,0.0,0.0,2.0,0.0,4.0
WDR83,0.0,2.0,0.0,0.0,0.0,4.0
ACTC1,0.0,0.0,0.0,2.0,0.0,4.0
ACSL6,0.0,2.0,0.0,0.0,0.0,4.0
ACSM1,0.0,2.0,0.0,0.0,0.0,4.0
LCA5L,0.0,2.0,0.0,0.0,0.0,4.0
LCE3B,0.0,1.0,0.0,1.0,0.0,4.0
ACSM2A,0.0,2.0,0.0,0.0,0.0,4.0
LCN1,0.0,0.0,0.0,2.0,0.0,4.0
ACSM3,0.0,1.0,1.0,0.0,0.0,4.0
EYA3,0.0,2.0,0.0,0.0,0.0,4.0
LCT,0.0,2.0,0.0,0.0,0.0,4.0
ACSS3,0.0,0.0,0.0,2.0,0.0,4.0
LECT2,0.0,2.0,0.0,0.0,0.0,4.0
LHX3,0.0,0.0,0.0,2.0,0.0,4.0
EXOC8,0.0,1.0,0.0,1.0,0.0,4.0
LEMD2,0.0,0.0,1.0,1.0,0.0,4.0
LENG1,0.0,2.0,0.0,0.0,0.0,4.0
EXOC3,0.0,2.0,0.0,0.0,0.0,4.0
WDSUB1,0.0,1.0,0.0,1.0,0.0,4.0
LGI4,0.0,2.0,0.0,0.0,0.0,4.0
LGR4,0.0,0.0,0.0,2.0,0.0,4.0
LGSN,0.0,1.0,0.0,1.0,0.0,4.0
WDR87,0.0,2.0,0.0,0.0,0.0,4.0
LHFPL5,0.0,1.0,0.0,1.0,0.0,4.0
USP54,0.0,2.0,0.0,0.0,0.0,4.0
LY6G6E,0.0,2.0,0.0,0.0,0.0,4.0
KLHL29,0.0,1.0,0.0,1.0,0.0,4.0
UCK1,0.0,1.0,1.0,0.0,0.0,4.0
MIR137HG,0.0,2.0,0.0,0.0,0.0,4.0
UBXN11,0.0,1.0,1.0,0.0,0.0,4.0
MIR15A,0.0,0.0,1.0,1.0,0.0,4.0
MIR16-1,0.0,0.0,1.0,1.0,0.0,4.0
UBQLNL,0.0,2.0,0.0,0.0,0.0,4.0
UBQLN4,0.0,1.0,0.0,1.0,0.0,4.0
UBQLN3,0.0,0.0,0.0,2.0,0.0,4.0
UBOX5,0.0,0.0,0.0,2.0,0.0,4.0
MIR200C,0.0,0.0,0.0,2.0,0.0,4.0
MIR20A,0.0,1.0,0.0,1.0,0.0,4.0
MIR211,0.0,0.0,0.0,2.0,0.0,4.0
MIR217,0.0,2.0,0.0,0.0,0.0,4.0
MIR222,0.0,1.0,0.0,1.0,0.0,4.0
EEF2K,0.0,1.0,0.0,1.0,0.0,4.0
MIR24-1,0.0,0.0,0.0,2.0,0.0,4.0
MIR29A,0.0,0.0,0.0,2.0,0.0,4.0
MIR29B1,0.0,0.0,0.0,2.0,0.0,4.0
MIR33A,0.0,0.0,1.0,1.0,0.0,4.0
MIR33B,0.0,0.0,1.0,1.0,0.0,4.0
UBE2QL1,0.0,1.0,0.0,1.0,0.0,4.0
MIR34B,0.0,0.0,1.0,1.0,0.0,4.0
UBE2Q2P13,0.0,2.0,0.0,0.0,0.0,4.0
AKAP14,0.0,2.0,0.0,0.0,0.0,4.0
AHI1-DT,0.0,2.0,0.0,0.0,0.0,4.0
UCN2,0.0,1.0,0.0,1.0,0.0,4.0
AKNAD1,0.0,2.0,0.0,0.0,0.0,4.0
EEIG2,0.0,2.0,0.0,0.0,0.0,4.0
MFAP3,0.0,1.0,0.0,0.0,2.0,4.0
MFF-DT,0.0,2.0,0.0,0.0,0.0,4.0
UGT2B4,0.0,2.0,0.0,0.0,0.0,4.0
EHF,0.0,1.0,0.0,1.0,0.0,4.0
MFSD13A,0.0,2.0,0.0,0.0,0.0,4.0
UGT2B15,0.0,0.0,0.0,2.0,0.0,4.0
MFSD4B,0.0,1.0,0.0,1.0,0.0,4.0
UGT2A3,0.0,2.0,0.0,0.0,0.0,4.0
UGT1A6,0.0,0.0,0.0,2.0,0.0,4.0
EGLN2,0.0,1.0,0.0,1.0,0.0,4.0
AGPAT2,0.0,1.0,0.0,1.0,0.0,4.0
UGGT2,0.0,0.0,0.0,2.0,0.0,4.0
EGFL6,0.0,1.0,0.0,1.0,0.0,4.0
EFNB1,0.0,0.0,1.0,0.0,2.0,4.0
MGRN1,0.0,0.0,0.0,2.0,0.0,4.0
EFCAB7,0.0,1.0,0.0,1.0,0.0,4.0
MICOS13,0.0,1.0,0.0,1.0,0.0,4.0
EFCAB2,0.0,0.0,0.0,2.0,0.0,4.0
UFM1,0.0,0.0,0.0,2.0,0.0,4.0
EFCAB14,0.0,2.0,0.0,0.0,0.0,4.0
MIEF2,0.0,2.0,0.0,0.0,0.0,4.0
EFCAB11,0.0,1.0,0.0,1.0,0.0,4.0
MILR1,0.0,2.0,0.0,0.0,0.0,4.0
MIR448,0.0,2.0,0.0,0.0,0.0,4.0
AKR1B10,0.0,1.0,0.0,1.0,0.0,4.0
LY6G6F,0.0,0.0,0.0,2.0,0.0,4.0
ALDOB,0.0,2.0,0.0,0.0,0.0,4.0
MOGAT1,0.0,1.0,0.0,1.0,0.0,4.0
ALG10B,0.0,0.0,0.0,2.0,0.0,4.0
MORC1,0.0,0.0,0.0,2.0,0.0,4.0
MORC2-AS1,0.0,2.0,0.0,0.0,0.0,4.0
RGS7BP,0.0,0.0,0.0,2.0,0.0,4.0
DZANK1,0.0,1.0,0.0,1.0,0.0,4.0
TXNDC11,0.0,2.0,0.0,0.0,0.0,4.0
MORN4,0.0,2.0,0.0,0.0,0.0,4.0
MOSMO,0.0,2.0,0.0,0.0,0.0,4.0
TXLNB,0.0,2.0,0.0,0.0,0.0,4.0
DYNLT5,0.0,1.0,0.0,1.0,0.0,4.0
DYNLT4,0.0,0.0,0.0,2.0,0.0,4.0
ALG1L2,0.0,0.0,0.0,2.0,0.0,4.0
DYNLRB2,0.0,1.0,0.0,1.0,0.0,4.0
MPZL3,0.0,2.0,0.0,0.0,0.0,4.0
MRAP2,0.0,0.0,0.0,2.0,0.0,4.0
MRC2,0.0,1.0,0.0,1.0,0.0,4.0
ALKAL1,0.0,2.0,0.0,0.0,0.0,4.0
MRFAP1,0.0,2.0,0.0,0.0,0.0,4.0
ALKBH2,0.0,1.0,0.0,1.0,0.0,4.0
MRGPRE,0.0,2.0,0.0,0.0,0.0,4.0
MRGPRX1,0.0,1.0,0.0,1.0,0.0,4.0
TUSC1,0.0,1.0,0.0,1.0,0.0,4.0
MOCS3,0.0,2.0,0.0,0.0,0.0,4.0
MOCS2,0.0,1.0,0.0,1.0,0.0,4.0
MIR503HG,0.0,2.0,0.0,0.0,0.0,4.0
ALDOAP2,0.0,2.0,0.0,0.0,0.0,4.0
AKR1D1,0.0,2.0,0.0,0.0,0.0,4.0
MIR622,0.0,2.0,0.0,0.0,0.0,4.0
AKTIP,0.0,2.0,0.0,0.0,0.0,4.0
ALAS2,0.0,1.0,0.0,1.0,0.0,4.0
MIS12,0.0,1.0,0.0,1.0,0.0,4.0
MKS1,0.0,1.0,0.0,1.0,0.0,4.0
ALDH1L2,0.0,0.0,0.0,2.0,0.0,4.0
MLN,0.0,1.0,0.0,1.0,0.0,4.0
ECSCR,0.0,2.0,0.0,0.0,0.0,4.0
ECHS1,0.0,1.0,1.0,0.0,0.0,4.0
ECHDC3,0.0,2.0,0.0,0.0,0.0,4.0
ECE2,0.0,1.0,0.0,1.0,0.0,4.0
MMP21,0.0,0.0,1.0,1.0,0.0,4.0
MMP25-AS1,0.0,2.0,0.0,0.0,0.0,4.0
MMP26,0.0,1.0,0.0,1.0,0.0,4.0
MMP27,0.0,0.0,1.0,1.0,0.0,4.0
MMP28,0.0,0.0,1.0,1.0,0.0,4.0
MMS22L,0.0,2.0,0.0,0.0,0.0,4.0
MN1,0.0,1.0,1.0,0.0,0.0,4.0
EBF4,0.0,2.0,0.0,0.0,0.0,4.0
MNX1,0.0,2.0,0.0,0.0,0.0,4.0
TXNDC9,0.0,1.0,1.0,0.0,0.0,4.0
MOB4,0.0,1.0,0.0,1.0,0.0,4.0
MEX3D,0.0,2.0,0.0,0.0,0.0,4.0
MEX3A,0.0,1.0,0.0,1.0,0.0,4.0
METTL6,0.0,0.0,0.0,2.0,0.0,4.0
EOLA2-DT,0.0,2.0,0.0,0.0,0.0,4.0
MAL2,0.0,0.0,0.0,2.0,0.0,4.0
MALSU1,0.0,2.0,0.0,0.0,0.0,4.0
USP17L8,0.0,0.0,0.0,2.0,0.0,4.0
USP17L5,0.0,0.0,0.0,2.0,0.0,4.0
MAN1A2,0.0,0.0,0.0,2.0,0.0,4.0
USP17L4,0.0,0.0,0.0,2.0,0.0,4.0
USP17L30,0.0,0.0,0.0,2.0,0.0,4.0
USP17L3,0.0,0.0,0.0,2.0,0.0,4.0
USP17L29,0.0,0.0,0.0,2.0,0.0,4.0
USP17L28,0.0,0.0,0.0,2.0,0.0,4.0
MANEAL,0.0,0.0,0.0,2.0,0.0,4.0
USP17L27,0.0,0.0,0.0,2.0,0.0,4.0
USP17L26,0.0,0.0,0.0,2.0,0.0,4.0
MAP1LC3B2,0.0,1.0,0.0,1.0,0.0,4.0
USP17L25,0.0,0.0,0.0,2.0,0.0,4.0
USP17L24,0.0,0.0,0.0,2.0,0.0,4.0
ENSG00000289161,0.0,2.0,0.0,0.0,0.0,4.0
USP17L22,0.0,0.0,0.0,2.0,0.0,4.0
USP17L21,0.0,0.0,0.0,2.0,0.0,4.0
USP17L20,0.0,0.0,0.0,2.0,0.0,4.0
MAP3K10,0.0,1.0,0.0,1.0,0.0,4.0
MAP3K12,0.0,1.0,0.0,1.0,0.0,4.0
USP17L19,0.0,0.0,0.0,2.0,0.0,4.0
MAK,0.0,1.0,1.0,0.0,0.0,4.0
MAGOH2P,0.0,2.0,0.0,0.0,0.0,4.0
EIF2A,0.0,2.0,0.0,0.0,0.0,4.0
MAGEC2,0.0,2.0,0.0,0.0,0.0,4.0
USP53,0.0,2.0,0.0,0.0,0.0,4.0
EPHB3,0.0,2.0,0.0,0.0,0.0,4.0
EPHA8,0.0,1.0,0.0,1.0,0.0,4.0
LYPD5,0.0,0.0,0.0,2.0,0.0,4.0
LYPLAL1,0.0,2.0,0.0,0.0,0.0,4.0
LYRM1,0.0,1.0,0.0,1.0,0.0,4.0
LYSET,0.0,0.0,0.0,2.0,0.0,4.0
EPHA5,0.0,0.0,0.0,2.0,0.0,4.0
EPHA3,0.0,0.0,0.0,2.0,0.0,4.0
LYZL1,0.0,2.0,0.0,0.0,0.0,4.0
LZTR1,0.0,1.0,0.0,1.0,0.0,4.0
LZTS2,0.0,2.0,0.0,0.0,0.0,4.0
MAB21L2,0.0,2.0,0.0,0.0,0.0,4.0
MACC1,0.0,2.0,0.0,0.0,0.0,4.0
MACROD1,0.0,1.0,0.0,1.0,0.0,4.0
ADO,0.0,2.0,0.0,0.0,0.0,4.0
USP35,0.0,1.0,0.0,1.0,0.0,4.0
USP32,0.0,2.0,0.0,0.0,0.0,4.0
EPB41L4B,0.0,2.0,0.0,0.0,0.0,4.0
MAFA,0.0,0.0,0.0,2.0,0.0,4.0
EPB41L1,0.0,0.0,0.0,2.0,0.0,4.0
MAGEB3,0.0,2.0,0.0,0.0,0.0,4.0
MAGEB6,0.0,1.0,0.0,1.0,0.0,4.0
USP17L18,0.0,0.0,0.0,2.0,0.0,4.0
ENSG00000275063,0.0,0.0,0.0,2.0,0.0,4.0
USP17L17,0.0,0.0,0.0,2.0,0.0,4.0
USP17L15,0.0,0.0,0.0,2.0,0.0,4.0
MCAT,0.0,2.0,0.0,0.0,0.0,4.0
EME1,0.0,0.0,0.0,2.0,0.0,4.0
UPF1,0.0,1.0,1.0,0.0,0.0,4.0
EMCN,0.0,1.0,0.0,1.0,0.0,4.0
UNC5D,0.0,1.0,0.0,1.0,0.0,4.0
MCM3AP-AS1,0.0,2.0,0.0,0.0,0.0,4.0
EMC1,0.0,1.0,0.0,1.0,0.0,4.0
ELP6,0.0,1.0,0.0,1.0,0.0,4.0
ELOVL7,0.0,0.0,0.0,2.0,0.0,4.0
ELOVL4,0.0,2.0,0.0,0.0,0.0,4.0
UNC45B,0.0,2.0,0.0,0.0,0.0,4.0
ELMOD3,0.0,2.0,0.0,0.0,0.0,4.0
UNC13A,0.0,2.0,0.0,0.0,0.0,4.0
ELF5,0.0,0.0,0.0,2.0,0.0,4.0
EIF5A2,0.0,0.0,0.0,2.0,0.0,4.0
MEIS3P1,0.0,2.0,0.0,0.0,0.0,4.0
EIF4EBP3,0.0,0.0,0.0,2.0,0.0,4.0
EIF4E1B,0.0,0.0,0.0,2.0,0.0,4.0
METTL14,0.0,2.0,0.0,0.0,0.0,4.0
METTL18,0.0,1.0,0.0,1.0,0.0,4.0
METTL22,0.0,0.0,0.0,2.0,0.0,4.0
METTL26,0.0,2.0,0.0,0.0,0.0,4.0
METTL2B,0.0,2.0,0.0,0.0,0.0,4.0
AGAP3,0.0,1.0,0.0,1.0,0.0,4.0
EMILIN3,0.0,1.0,0.0,1.0,0.0,4.0
UPK2,0.0,0.0,0.0,2.0,0.0,4.0
USH1C,0.0,1.0,0.0,1.0,0.0,4.0
USP17L13,0.0,0.0,0.0,2.0,0.0,4.0
ENSG00000269210,0.0,0.0,0.0,2.0,0.0,4.0
USP17L12,0.0,0.0,0.0,2.0,0.0,4.0
MAP3K9,0.0,1.0,0.0,1.0,0.0,4.0
USP17L11,0.0,0.0,0.0,2.0,0.0,4.0
USP17L10,0.0,0.0,0.0,2.0,0.0,4.0
USP17L1,0.0,0.0,0.0,2.0,0.0,4.0
ADRB3,0.0,1.0,0.0,1.0,0.0,4.0
MAP9,0.0,0.0,0.0,2.0,0.0,4.0
ENSG00000247228,0.0,2.0,0.0,0.0,0.0,4.0
ENSG00000230725,0.0,2.0,0.0,0.0,0.0,4.0
MAZ,0.0,2.0,0.0,0.0,0.0,4.0
MARCHF10,0.0,1.0,0.0,1.0,0.0,4.0
URGCP,0.0,2.0,0.0,0.0,0.0,4.0
AFG2A,0.0,1.0,0.0,1.0,0.0,4.0
AFG3L1P,0.0,2.0,0.0,0.0,0.0,4.0
ENPEP,0.0,2.0,0.0,0.0,0.0,4.0
ENAM,0.0,0.0,0.0,2.0,0.0,4.0
EN2,0.0,2.0,0.0,0.0,0.0,4.0
EMSY,0.0,1.0,0.0,1.0,0.0,4.0
MATN4,0.0,0.0,0.0,2.0,0.0,4.0
UPRT,0.0,2.0,0.0,0.0,0.0,4.0
KLHL30,0.0,2.0,0.0,0.0,0.0,4.0
FAM177A1,0.0,2.0,0.0,0.0,0.0,4.0
TULP2,0.0,0.0,0.0,2.0,0.0,4.0
ZNF546,0.0,2.0,0.0,0.0,0.0,4.0
GCN1,0.0,0.0,0.0,2.0,0.0,4.0
GCM1,0.0,2.0,0.0,0.0,0.0,4.0
HHIP,0.0,1.0,0.0,1.0,0.0,4.0
ZNF528-AS1,0.0,2.0,0.0,0.0,0.0,4.0
ZNF527,0.0,2.0,0.0,0.0,0.0,4.0
HIBADH,0.0,1.0,0.0,1.0,0.0,4.0
HIC2,0.0,2.0,0.0,0.0,0.0,4.0
HIF1AN,0.0,1.0,1.0,0.0,0.0,4.0
HIGD1A,0.0,1.0,0.0,1.0,0.0,4.0
ZNF518A,0.0,1.0,0.0,1.0,0.0,4.0
HIGD2A,0.0,2.0,0.0,0.0,0.0,4.0
GBGT1,0.0,1.0,0.0,1.0,0.0,4.0
HIRA,0.0,1.0,1.0,0.0,0.0,4.0
GATB,0.0,1.0,0.0,1.0,0.0,4.0
ZNF510,0.0,2.0,0.0,0.0,0.0,4.0
ZNF506,0.0,2.0,0.0,0.0,0.0,4.0
ZNF501,0.0,1.0,0.0,1.0,0.0,4.0
HKDC1,0.0,1.0,0.0,1.0,0.0,4.0
ZNF500,0.0,2.0,0.0,0.0,0.0,4.0
GAS2L1,0.0,2.0,0.0,0.0,0.0,4.0
GARNL3,0.0,1.0,0.0,1.0,0.0,4.0
GARIN1B,0.0,0.0,0.0,2.0,0.0,4.0
GAREM2,0.0,2.0,0.0,0.0,0.0,4.0
ZNF544,0.0,1.0,0.0,1.0,0.0,4.0
HES7,0.0,0.0,0.0,2.0,0.0,4.0
HMBOX1,0.0,2.0,0.0,0.0,0.0,4.0
GCSIR,0.0,2.0,0.0,0.0,0.0,4.0
HCP5,0.0,2.0,0.0,0.0,0.0,4.0
ZNF585A,0.0,2.0,0.0,0.0,0.0,4.0
HCRTR1,0.0,1.0,0.0,1.0,0.0,4.0
HCRTR2,0.0,1.0,0.0,1.0,0.0,4.0
HDAC10,0.0,0.0,0.0,2.0,0.0,4.0
ZNF582-DT,0.0,1.0,0.0,1.0,0.0,4.0
GET3,0.0,0.0,1.0,1.0,0.0,4.0
AASDH,0.0,2.0,0.0,0.0,0.0,4.0
GEMIN8,0.0,1.0,0.0,1.0,0.0,4.0
HDDC2,0.0,2.0,0.0,0.0,0.0,4.0
HDDC3,0.0,2.0,0.0,0.0,0.0,4.0
HDGFL2,0.0,0.0,0.0,2.0,0.0,4.0
GEMIN5,0.0,1.0,0.0,1.0,0.0,4.0
HEATR5A,0.0,1.0,0.0,1.0,0.0,4.0
HEATR6,0.0,2.0,0.0,0.0,0.0,4.0
ZNF572,0.0,1.0,0.0,1.0,0.0,4.0
HECTD2,0.0,0.0,0.0,2.0,0.0,4.0
GDPD5,0.0,1.0,0.0,1.0,0.0,4.0
HECTD4,0.0,1.0,0.0,1.0,0.0,4.0
HELB,0.0,2.0,0.0,0.0,0.0,4.0
GDF9,0.0,2.0,0.0,0.0,0.0,4.0
ZNF559-ZNF177,0.0,0.0,0.0,2.0,0.0,4.0
HES2,0.0,1.0,0.0,1.0,0.0,4.0
ZNF484,0.0,2.0,0.0,0.0,0.0,4.0
ZNF469,0.0,2.0,0.0,0.0,0.0,4.0
IAPP,0.0,0.0,0.0,2.0,0.0,4.0
GABRA3,0.0,1.0,0.0,1.0,0.0,4.0
ZNF366,0.0,2.0,0.0,0.0,0.0,4.0
HPSE2,0.0,1.0,0.0,1.0,0.0,4.0
HPYR1,0.0,2.0,0.0,0.0,0.0,4.0
HRH1,0.0,1.0,0.0,1.0,0.0,4.0
HRNR,0.0,0.0,0.0,2.0,0.0,4.0
HS6ST3,0.0,1.0,0.0,1.0,0.0,4.0
G6PC2,0.0,0.0,0.0,2.0,0.0,4.0
HSD17B14,0.0,2.0,0.0,0.0,0.0,4.0
G2E3,0.0,2.0,0.0,0.0,0.0,4.0
HSDL1,0.0,2.0,0.0,0.0,0.0,4.0
HSF2BP,0.0,2.0,0.0,0.0,0.0,4.0
FXYD3,0.0,0.0,0.0,2.0,0.0,4.0
FUT9,0.0,1.0,0.0,1.0,0.0,4.0
HTATSF1,0.0,1.0,1.0,0.0,0.0,4.0
HTN1,0.0,2.0,0.0,0.0,0.0,4.0
ZNF32-AS3,0.0,2.0,0.0,0.0,0.0,4.0
HTR3A,0.0,2.0,0.0,0.0,0.0,4.0
HTR4,0.0,1.0,0.0,1.0,0.0,4.0
ZNF304,0.0,1.0,0.0,1.0,0.0,4.0
FUNDC1,0.0,2.0,0.0,0.0,0.0,4.0
HTRA3,0.0,0.0,0.0,2.0,0.0,4.0
FTX,0.0,2.0,0.0,0.0,0.0,4.0
ZNF286A,0.0,2.0,0.0,0.0,0.0,4.0
HPR,0.0,0.0,0.0,2.0,0.0,4.0
ABCA9,0.0,1.0,0.0,1.0,0.0,4.0
ABCA5,0.0,2.0,0.0,0.0,0.0,4.0
HOXD3,0.0,1.0,0.0,1.0,0.0,4.0
HMGXB4,0.0,2.0,0.0,0.0,0.0,4.0
GALK1,0.0,0.0,0.0,2.0,0.0,4.0
GAL3ST2,0.0,1.0,0.0,1.0,0.0,4.0
ZNF451,0.0,1.0,0.0,1.0,0.0,4.0
HMX2,0.0,1.0,0.0,1.0,0.0,4.0
ABCA7,0.0,1.0,0.0,1.0,0.0,4.0
HNF4G,0.0,0.0,0.0,2.0,0.0,4.0
ZNF444,0.0,2.0,0.0,0.0,0.0,4.0
GADL1,0.0,2.0,0.0,0.0,0.0,4.0
ZNF43,0.0,1.0,0.0,1.0,0.0,4.0
GABRG3,0.0,1.0,0.0,1.0,0.0,4.0
HOGA1,0.0,0.0,0.0,2.0,0.0,4.0
GABRG1,0.0,1.0,0.0,1.0,0.0,4.0
GABRE,0.0,0.0,0.0,2.0,0.0,4.0
HORMAD2,0.0,0.0,0.0,2.0,0.0,4.0
HOXA3,0.0,0.0,0.0,2.0,0.0,4.0
HOXA4,0.0,1.0,0.0,1.0,0.0,4.0
ZNF414,0.0,2.0,0.0,0.0,0.0,4.0
ZNF398,0.0,2.0,0.0,0.0,0.0,4.0
HOXB9,0.0,2.0,0.0,0.0,0.0,4.0
HOXC13,0.0,1.0,0.0,1.0,0.0,4.0
HOXD1,0.0,1.0,0.0,1.0,0.0,4.0
ZNF385C,0.0,2.0,0.0,0.0,0.0,4.0
HCN4,0.0,1.0,0.0,1.0,0.0,4.0
GFOD2,0.0,2.0,0.0,0.0,0.0,4.0
ZNF589,0.0,1.0,0.0,1.0,0.0,4.0
GPC6,0.0,0.0,0.0,2.0,0.0,4.0
GRHL3,0.0,2.0,0.0,0.0,0.0,4.0
ZRSR2,0.0,2.0,0.0,0.0,0.0,4.0
ZPR1,0.0,1.0,1.0,0.0,0.0,4.0
GRID2,0.0,1.0,0.0,1.0,0.0,4.0
ZNRF4,0.0,1.0,0.0,1.0,0.0,4.0
ZNRF2P1,0.0,2.0,0.0,0.0,0.0,4.0
GPATCH3,0.0,2.0,0.0,0.0,0.0,4.0
ZNHIT1,0.0,2.0,0.0,0.0,0.0,4.0
GRM3,0.0,2.0,0.0,0.0,0.0,4.0
GRM4,0.0,1.0,0.0,1.0,0.0,4.0
GRPEL2,0.0,1.0,1.0,0.0,0.0,4.0
GPANK1,0.0,1.0,0.0,1.0,0.0,4.0
ZNF92,0.0,1.0,0.0,1.0,0.0,4.0
GSG1L,0.0,0.0,0.0,2.0,0.0,4.0
GSKIP,0.0,2.0,0.0,0.0,0.0,4.0
ZNF853,0.0,0.0,0.0,2.0,0.0,4.0
GOPC,0.0,2.0,0.0,0.0,0.0,4.0
GSTM4,0.0,1.0,0.0,1.0,0.0,4.0
AAMP,0.0,1.0,0.0,1.0,0.0,4.0
GOLGA8IP,0.0,2.0,0.0,0.0,0.0,4.0
AANAT,0.0,0.0,0.0,2.0,0.0,4.0
GOLGA5,0.0,1.0,0.0,1.0,0.0,4.0
ZNF814,0.0,2.0,0.0,0.0,0.0,4.0
GRHL2,0.0,1.0,0.0,1.0,0.0,4.0
ZSCAN12,0.0,2.0,0.0,0.0,0.0,4.0
GFRA3,0.0,1.0,0.0,1.0,0.0,4.0
GRAMD1C,0.0,1.0,0.0,1.0,0.0,4.0
GPR149,0.0,0.0,0.0,2.0,0.0,4.0
GPR156,0.0,1.0,0.0,1.0,0.0,4.0
ZYG11A,0.0,1.0,0.0,1.0,0.0,4.0
GPR162,0.0,2.0,0.0,0.0,0.0,4.0
ZXDC,0.0,2.0,0.0,0.0,0.0,4.0
GPR174,0.0,2.0,0.0,0.0,0.0,4.0
A2ML1,0.0,0.0,0.0,2.0,0.0,4.0
GPR19,0.0,2.0,0.0,0.0,0.0,4.0
ZSWIM7,0.0,2.0,0.0,0.0,0.0,4.0
GPR26,0.0,1.0,0.0,1.0,0.0,4.0
ZSWIM5,0.0,1.0,0.0,1.0,0.0,4.0
ZSWIM4,0.0,2.0,0.0,0.0,0.0,4.0
ZSWIM3,0.0,2.0,0.0,0.0,0.0,4.0
ZSCAN29,0.0,2.0,0.0,0.0,0.0,4.0
GPR135,0.0,1.0,0.0,1.0,0.0,4.0
ZSCAN2,0.0,2.0,0.0,0.0,0.0,4.0
ZSCAN18,0.0,2.0,0.0,0.0,0.0,4.0
ZSCAN16,0.0,2.0,0.0,0.0,0.0,4.0
GPRIN2,0.0,2.0,0.0,0.0,0.0,4.0
GPSM1,0.0,2.0,0.0,0.0,0.0,4.0
GPT2,0.0,2.0,0.0,0.0,0.0,4.0
GPKOW,0.0,2.0,0.0,0.0,0.0,4.0
GPX5,0.0,0.0,1.0,1.0,0.0,4.0
ZNF808,0.0,2.0,0.0,0.0,0.0,4.0
ZNF804B,0.0,2.0,0.0,0.0,0.0,4.0
GTF3C2,0.0,1.0,0.0,1.0,0.0,4.0
GTF3C3,0.0,1.0,1.0,0.0,0.0,4.0
GLOD4,0.0,1.0,0.0,1.0,0.0,4.0
GLIPR1L2,0.0,1.0,0.0,1.0,0.0,4.0
GLIDR,0.0,1.0,0.0,1.0,0.0,4.0
ZNF701,0.0,1.0,0.0,1.0,0.0,4.0
ZNF689,0.0,1.0,0.0,1.0,0.0,4.0
GKN1,0.0,1.0,0.0,1.0,0.0,4.0
GK5,0.0,2.0,0.0,0.0,0.0,4.0
ZNF683,0.0,0.0,0.0,0.0,4.0,4.0
H3-5,0.0,2.0,0.0,0.0,0.0,4.0
GJA9,0.0,0.0,0.0,2.0,0.0,4.0
ZNF665,0.0,1.0,0.0,1.0,0.0,4.0
GIP,0.0,2.0,0.0,0.0,0.0,4.0
GIMAP2,0.0,2.0,0.0,0.0,0.0,4.0
ZNF664,0.0,2.0,0.0,0.0,0.0,4.0
GHRH,0.0,1.0,0.0,1.0,0.0,4.0
GHDC,0.0,1.0,0.0,1.0,0.0,4.0
GH2,0.0,0.0,0.0,2.0,0.0,4.0
ZNF653,0.0,2.0,0.0,0.0,0.0,4.0
HAGHL,0.0,2.0,0.0,0.0,0.0,4.0
HAND2,0.0,0.0,0.0,2.0,0.0,4.0
GGT6,0.0,0.0,1.0,1.0,0.0,4.0
HAS2,0.0,0.0,0.0,2.0,0.0,4.0
HAUS2,0.0,1.0,0.0,1.0,0.0,4.0
GLT1D1,0.0,2.0,0.0,0.0,0.0,4.0
GLUD2,0.0,2.0,0.0,0.0,0.0,4.0
GLYAT,0.0,0.0,0.0,2.0,0.0,4.0
GVINP1,0.0,2.0,0.0,0.0,0.0,4.0
ZNF804A,0.0,0.0,0.0,2.0,0.0,4.0
ZNF800,0.0,2.0,0.0,0.0,0.0,4.0
GTPBP6,0.0,2.0,0.0,0.0,0.0,4.0
ZNF8,0.0,2.0,0.0,0.0,0.0,4.0
GUCA1A,0.0,2.0,0.0,0.0,0.0,4.0
GUCD1,0.0,2.0,0.0,0.0,0.0,4.0
ZNF793,0.0,2.0,0.0,0.0,0.0,4.0
GUCY2D,0.0,1.0,0.0,1.0,0.0,4.0
ZNF79,0.0,2.0,0.0,0.0,0.0,4.0
ZNF784,0.0,2.0,0.0,0.0,0.0,4.0
ZNF780B,0.0,1.0,0.0,1.0,0.0,4.0
ZNF736,0.0,2.0,0.0,0.0,0.0,4.0
GNL1,0.0,2.0,0.0,0.0,0.0,4.0
GNAT3,0.0,0.0,0.0,2.0,0.0,4.0
H1-1,0.0,1.0,0.0,1.0,0.0,4.0
ZNF763,0.0,2.0,0.0,0.0,0.0,4.0
ZNF76,0.0,2.0,0.0,0.0,0.0,4.0
H1-9P,0.0,2.0,0.0,0.0,0.0,4.0
GMFB,0.0,0.0,1.0,1.0,0.0,4.0
ZNF740,0.0,2.0,0.0,0.0,0.0,4.0
ZNF738,0.0,2.0,0.0,0.0,0.0,4.0
GLYATL2,0.0,0.0,0.0,2.0,0.0,4.0
ZNF282,0.0,2.0,0.0,0.0,0.0,4.0
ZNF280B,0.0,1.0,0.0,1.0,0.0,4.0
KLHL23,0.0,2.0,0.0,0.0,0.0,4.0
KCNA4,0.0,0.0,0.0,2.0,0.0,4.0
KCNC3,0.0,2.0,0.0,0.0,0.0,4.0
ZDHHC12,0.0,2.0,0.0,0.0,0.0,4.0
FANCE,0.0,1.0,0.0,1.0,0.0,4.0
KCNE4,0.0,1.0,0.0,1.0,0.0,4.0
KCNH2,0.0,1.0,1.0,0.0,0.0,4.0
KCNH6,0.0,1.0,0.0,1.0,0.0,4.0
KCNH7,0.0,0.0,0.0,2.0,0.0,4.0
ZCCHC4,0.0,2.0,0.0,0.0,0.0,4.0
KCNJ10,0.0,2.0,0.0,0.0,0.0,4.0
KCNJ13,0.0,2.0,0.0,0.0,0.0,4.0
KCNJ16,0.0,2.0,0.0,0.0,0.0,4.0
KCNJ5,0.0,1.0,0.0,1.0,0.0,4.0
ZCCHC17,0.0,1.0,0.0,1.0,0.0,4.0
ABI1,0.0,0.0,1.0,1.0,0.0,4.0
KCNK7,0.0,1.0,0.0,1.0,0.0,4.0
KCNK9,0.0,1.0,0.0,1.0,0.0,4.0
FAM91A1,0.0,2.0,0.0,0.0,0.0,4.0
KCNN2,0.0,0.0,0.0,2.0,0.0,4.0
KCNQ1OT1,0.0,2.0,0.0,0.0,0.0,4.0
KCNQ2,0.0,0.0,0.0,2.0,0.0,4.0
KCNQ3,0.0,0.0,0.0,2.0,0.0,4.0
KCNQ4,0.0,2.0,0.0,0.0,0.0,4.0
KCNT1,0.0,2.0,0.0,0.0,0.0,4.0
ZDHHC15,0.0,2.0,0.0,0.0,0.0,4.0
KCNA2,0.0,1.0,0.0,1.0,0.0,4.0
ZC3H8,0.0,0.0,0.0,0.0,4.0,4.0
KCNA1,0.0,1.0,0.0,1.0,0.0,4.0
ABHD16A,0.0,2.0,0.0,0.0,0.0,4.0
ZFAND2B,0.0,2.0,0.0,0.0,0.0,4.0
ZFAND1,0.0,1.0,0.0,1.0,0.0,4.0
ABHD17C,0.0,2.0,0.0,0.0,0.0,4.0
FBXO24,0.0,2.0,0.0,0.0,0.0,4.0
ZEB1-AS1,0.0,2.0,0.0,0.0,0.0,4.0
ABHD3,0.0,2.0,0.0,0.0,0.0,4.0
JAM3,0.0,1.0,0.0,1.0,0.0,4.0
FBLN7,0.0,1.0,0.0,1.0,0.0,4.0
FBLN1,0.0,1.0,0.0,1.0,0.0,4.0
FBLIM1,0.0,1.0,0.0,1.0,0.0,4.0
JPX,0.0,1.0,1.0,0.0,0.0,4.0
FAT4,0.0,2.0,0.0,0.0,0.0,4.0
FAT3,0.0,2.0,0.0,0.0,0.0,4.0
KAAG1,0.0,2.0,0.0,0.0,0.0,4.0
ZDHHC23,0.0,2.0,0.0,0.0,0.0,4.0
KANSL1L,0.0,2.0,0.0,0.0,0.0,4.0
FASTKD3,0.0,2.0,0.0,0.0,0.0,4.0
FASTKD1,0.0,1.0,0.0,1.0,0.0,4.0
ZDHHC21,0.0,1.0,0.0,1.0,0.0,4.0
KBTBD12,0.0,1.0,0.0,1.0,0.0,4.0
ZDHHC16,0.0,2.0,0.0,0.0,0.0,4.0
KBTBD4,0.0,2.0,0.0,0.0,0.0,4.0
KCNV1,0.0,2.0,0.0,0.0,0.0,4.0
KCP,0.0,1.0,0.0,1.0,0.0,4.0
FST,0.0,2.0,0.0,0.0,0.0,4.0
KIF3B,0.0,0.0,0.0,2.0,0.0,4.0
KIF6,0.0,1.0,0.0,1.0,0.0,4.0
ZBED2,0.0,2.0,0.0,0.0,0.0,4.0
FAM219A,0.0,2.0,0.0,0.0,0.0,4.0
KIR2DS3,0.0,1.0,1.0,0.0,0.0,4.0
ACADL,0.0,2.0,0.0,0.0,0.0,4.0
ACAP1,0.0,2.0,0.0,0.0,0.0,4.0
YTHDF3,0.0,0.0,0.0,2.0,0.0,4.0
YTHDF2,0.0,0.0,1.0,1.0,0.0,4.0
FAM199X,0.0,2.0,0.0,0.0,0.0,4.0
KLF16,0.0,2.0,0.0,0.0,0.0,4.0
ACAP3,0.0,1.0,0.0,1.0,0.0,4.0
YRDC,0.0,2.0,0.0,0.0,0.0,4.0
FAM193A,0.0,1.0,0.0,1.0,0.0,4.0
ACBD3,0.0,1.0,1.0,0.0,0.0,4.0
YOD1,0.0,0.0,0.0,2.0,0.0,4.0
KLHDC10,0.0,1.0,0.0,1.0,0.0,4.0
FAM182B,0.0,1.0,0.0,1.0,0.0,4.0
KLHDC4,0.0,2.0,0.0,0.0,0.0,4.0
YJU2B,0.0,1.0,0.0,1.0,0.0,4.0
YJU2,0.0,2.0,0.0,0.0,0.0,4.0
KLHL14,0.0,1.0,0.0,1.0,0.0,4.0
KLHL17,0.0,2.0,0.0,0.0,0.0,4.0
YIPF5,0.0,0.0,0.0,2.0,0.0,4.0
ACACB,0.0,0.0,0.0,2.0,0.0,4.0
ABT1,0.0,1.0,0.0,1.0,0.0,4.0
ZC3H18,0.0,2.0,0.0,0.0,0.0,4.0
KIF24,0.0,1.0,0.0,1.0,0.0,4.0
KCTD4,0.0,2.0,0.0,0.0,0.0,4.0
ZC3H13,0.0,2.0,0.0,0.0,0.0,4.0
FAM83A,0.0,1.0,0.0,1.0,0.0,4.0
FAM76A,0.0,2.0,0.0,0.0,0.0,4.0
KDM4D,0.0,1.0,0.0,1.0,0.0,4.0
ZC3H12B,0.0,0.0,0.0,2.0,0.0,4.0
FAM72B,0.0,2.0,0.0,0.0,0.0,4.0
KDM5D,0.0,1.0,0.0,1.0,0.0,4.0
ZC2HC1C,0.0,2.0,0.0,0.0,0.0,4.0
KHDRBS2,0.0,1.0,0.0,1.0,0.0,4.0
FAM47B,0.0,1.0,0.0,1.0,0.0,4.0
ZBTB8A,0.0,1.0,0.0,1.0,0.0,4.0
KIAA0825,0.0,1.0,0.0,1.0,0.0,4.0
KIAA1549L,0.0,1.0,0.0,1.0,0.0,4.0
KIAA1755,0.0,0.0,0.0,2.0,0.0,4.0
KIF12,0.0,0.0,0.0,2.0,0.0,4.0
FAM241B,0.0,1.0,0.0,1.0,0.0,4.0
KIF16B,0.0,1.0,0.0,1.0,0.0,4.0
KIF19,0.0,1.0,0.0,1.0,0.0,4.0
KIF1A,0.0,0.0,0.0,2.0,0.0,4.0
ZBTB37,0.0,1.0,0.0,1.0,0.0,4.0
FAM229B,0.0,1.0,0.0,1.0,0.0,4.0
ABRACL,0.0,2.0,0.0,0.0,0.0,4.0
ZFAND4,0.0,2.0,0.0,0.0,0.0,4.0
FBXO48,0.0,0.0,0.0,2.0,0.0,4.0
FBXO8,0.0,1.0,0.0,1.0,0.0,4.0
FOLH1,0.0,2.0,0.0,0.0,0.0,4.0
IGFL1,0.0,2.0,0.0,0.0,0.0,4.0
IGHA1,0.0,1.0,0.0,1.0,0.0,4.0
IGHD,0.0,1.0,0.0,1.0,0.0,4.0
ZNF215,0.0,2.0,0.0,0.0,0.0,4.0
ZNF208,0.0,2.0,0.0,0.0,0.0,4.0
FNDC9,0.0,1.0,0.0,1.0,0.0,4.0
ZNF205,0.0,1.0,0.0,1.0,0.0,4.0
ZNF197,0.0,2.0,0.0,0.0,0.0,4.0
ZNF189,0.0,2.0,0.0,0.0,0.0,4.0
IGLON5,0.0,2.0,0.0,0.0,0.0,4.0
FNDC5,0.0,2.0,0.0,0.0,0.0,4.0
IGSF1,0.0,0.0,0.0,2.0,0.0,4.0
IGSF11,0.0,2.0,0.0,0.0,0.0,4.0
ZNF165,0.0,1.0,0.0,1.0,0.0,4.0
ZNF160,0.0,2.0,0.0,0.0,0.0,4.0
ZNF16,0.0,2.0,0.0,0.0,0.0,4.0
ZNF157,0.0,2.0,0.0,0.0,0.0,4.0
FN3KRP,0.0,0.0,0.0,2.0,0.0,4.0
FN3K,0.0,0.0,0.0,2.0,0.0,4.0
ZNF154,0.0,0.0,0.0,2.0,0.0,4.0
FMR1NB,0.0,2.0,0.0,0.0,0.0,4.0
ZNF140,0.0,2.0,0.0,0.0,0.0,4.0
FMO2,0.0,2.0,0.0,0.0,0.0,4.0
FOCAD,0.0,2.0,0.0,0.0,0.0,4.0
IGFALS,0.0,1.0,0.0,1.0,0.0,4.0
FCAR,0.0,1.0,0.0,1.0,0.0,4.0
FOXA1,0.0,0.0,0.0,2.0,0.0,4.0
ID2B,0.0,2.0,0.0,0.0,0.0,4.0
FRYL,0.0,2.0,0.0,0.0,0.0,4.0
IDI2-AS1,0.0,2.0,0.0,0.0,0.0,4.0
ZNF276,0.0,2.0,0.0,0.0,0.0,4.0
ZNF268,0.0,1.0,0.0,1.0,0.0,4.0
ZNF267,0.0,1.0,1.0,0.0,0.0,4.0
ZNF266,0.0,2.0,0.0,0.0,0.0,4.0
IER3IP1,0.0,1.0,0.0,1.0,0.0,4.0
ZNF25,0.0,2.0,0.0,0.0,0.0,4.0
FRA10AC1,0.0,1.0,0.0,1.0,0.0,4.0
IFITM5,0.0,2.0,0.0,0.0,0.0,4.0
ZNF229,0.0,1.0,0.0,1.0,0.0,4.0
FOXN3-AS2,0.0,2.0,0.0,0.0,0.0,4.0
FOXJ3,0.0,1.0,0.0,1.0,0.0,4.0
IFNE,0.0,0.0,0.0,0.0,4.0,4.0
FOXI2,0.0,0.0,0.0,2.0,0.0,4.0
IFNLR1,0.0,1.0,0.0,1.0,0.0,4.0
IFNW1,0.0,0.0,0.0,0.0,4.0,4.0
ZNF226,0.0,2.0,0.0,0.0,0.0,4.0
IFT43,0.0,1.0,0.0,1.0,0.0,4.0
IFTAP,0.0,1.0,0.0,1.0,0.0,4.0
FOXC2,0.0,0.0,0.0,2.0,0.0,4.0
FOXB2,0.0,1.0,0.0,1.0,0.0,4.0
IL13RA2,0.0,1.0,0.0,1.0,0.0,4.0
ZNF135,0.0,2.0,0.0,0.0,0.0,4.0
IL17F,0.0,1.0,0.0,1.0,0.0,4.0
ABCC6,0.0,1.0,1.0,0.0,0.0,4.0
FHL3,0.0,2.0,0.0,0.0,0.0,4.0
ZIM2,0.0,1.0,0.0,1.0,0.0,4.0
INSL3,0.0,0.0,0.0,2.0,0.0,4.0
ZGRF1,0.0,1.0,0.0,1.0,0.0,4.0
INSYN2A,0.0,2.0,0.0,0.0,0.0,4.0
ZFYVE28,0.0,1.0,0.0,1.0,0.0,4.0
ABCF3,0.0,2.0,0.0,0.0,0.0,4.0
INTS14,0.0,2.0,0.0,0.0,0.0,4.0
ZFYVE21,0.0,2.0,0.0,0.0,0.0,4.0
INTS4P1,0.0,1.0,0.0,1.0,0.0,4.0
ZFY,0.0,0.0,0.0,2.0,0.0,4.0
IQCA1,0.0,0.0,0.0,2.0,0.0,4.0
ABHD10,0.0,1.0,0.0,1.0,0.0,4.0
ZFPL1,0.0,0.0,0.0,2.0,0.0,4.0
FGD1,0.0,0.0,0.0,2.0,0.0,4.0
FERMT1,0.0,0.0,0.0,2.0,0.0,4.0
FDXACB1,0.0,1.0,0.0,1.0,0.0,4.0
ABHD13,0.0,1.0,0.0,1.0,0.0,4.0
ZFP2,0.0,2.0,0.0,0.0,0.0,4.0
ISM1,0.0,1.0,0.0,1.0,0.0,4.0
ISOC1,0.0,1.0,0.0,1.0,0.0,4.0
ISOC2,0.0,2.0,0.0,0.0,0.0,4.0
FCF1,0.0,2.0,0.0,0.0,0.0,4.0
INKA2,0.0,2.0,0.0,0.0,0.0,4.0
ZKSCAN7,0.0,1.0,1.0,0.0,0.0,4.0
FIBCD1,0.0,2.0,0.0,0.0,0.0,4.0
FKBP7,0.0,1.0,0.0,1.0,0.0,4.0
IL17RE,0.0,2.0,0.0,0.0,0.0,4.0
ZNF12,0.0,2.0,0.0,0.0,0.0,4.0
FLRT3,0.0,2.0,0.0,0.0,0.0,4.0
IL1RAPL2,0.0,0.0,0.0,2.0,0.0,4.0
IL20RA,0.0,1.0,0.0,1.0,0.0,4.0
FLG2,0.0,1.0,0.0,1.0,0.0,4.0
FLG,0.0,1.0,0.0,1.0,0.0,4.0
FKRP,0.0,1.0,0.0,1.0,0.0,4.0
ZMYND12,0.0,1.0,0.0,1.0,0.0,4.0
IL31,0.0,2.0,0.0,0.0,0.0,4.0
IL36A,0.0,2.0,0.0,0.0,0.0,4.0
FIBP,0.0,0.0,0.0,2.0,0.0,4.0
IL36RN,0.0,1.0,0.0,1.0,0.0,4.0
ZMYM4,0.0,0.0,1.0,1.0,0.0,4.0
FKBP14,0.0,2.0,0.0,0.0,0.0,4.0
FIS1,0.0,2.0,0.0,0.0,0.0,4.0
ILKAP,0.0,2.0,0.0,0.0,0.0,4.0
ILRUN,0.0,2.0,0.0,0.0,0.0,4.0
ABCC9,0.0,0.0,0.0,2.0,0.0,4.0
IMPG2,0.0,2.0,0.0,0.0,0.0,4.0
ZMAT5,0.0,2.0,0.0,0.0,0.0,4.0
ABCD4,0.0,2.0,0.0,0.0,0.0,4.0
ALKBH3,0.0,0.0,0.0,2.0,0.0,4.0
DZIP1,0.0,1.0,0.0,1.0,0.0,4.0
MROH2A,0.0,2.0,0.0,0.0,0.0,4.0
TMEM11,0.0,1.0,0.0,1.0,0.0,4.0
PLIN1,0.0,0.0,0.0,2.0,0.0,4.0
PLIN5,0.0,1.0,0.0,1.0,0.0,4.0
TMEM132D,0.0,1.0,0.0,1.0,0.0,4.0
PLLP,0.0,0.0,0.0,2.0,0.0,4.0
PLPP2,0.0,2.0,0.0,0.0,0.0,4.0
PLSCR4,0.0,1.0,0.0,1.0,0.0,4.0
TMEM123,0.0,1.0,0.0,1.0,0.0,4.0
CORT,0.0,2.0,0.0,0.0,0.0,4.0
CORIN,0.0,1.0,0.0,1.0,0.0,4.0
COQ9,0.0,2.0,0.0,0.0,0.0,4.0
TMEM119,0.0,1.0,0.0,1.0,0.0,4.0
TMEM106C,0.0,2.0,0.0,0.0,0.0,4.0
PCIF1,0.0,2.0,0.0,0.0,0.0,4.0
PMS2P5,0.0,2.0,0.0,0.0,0.0,4.0
COQ10A,0.0,2.0,0.0,0.0,0.0,4.0
TMEM101,0.0,0.0,0.0,2.0,0.0,4.0
PNMA5,0.0,2.0,0.0,0.0,0.0,4.0
PNOC,0.0,2.0,0.0,0.0,0.0,4.0
TMED8,0.0,2.0,0.0,0.0,0.0,4.0
ARHGDIG,0.0,0.0,0.0,2.0,0.0,4.0
COMP,0.0,0.0,0.0,2.0,0.0,4.0
POLG,0.0,2.0,0.0,0.0,0.0,4.0
POLI,0.0,1.0,0.0,1.0,0.0,4.0
COLQ,0.0,2.0,0.0,0.0,0.0,4.0
ARHGAP36,0.0,2.0,0.0,0.0,0.0,4.0
CPA1,0.0,1.0,0.0,1.0,0.0,4.0
CPA2,0.0,2.0,0.0,0.0,0.0,4.0
PLEKHN1,0.0,2.0,0.0,0.0,0.0,4.0
PLAC4,0.0,2.0,0.0,0.0,0.0,4.0
CPNE7,0.0,0.0,0.0,2.0,0.0,4.0
PLAGL2,0.0,1.0,0.0,1.0,0.0,4.0
CPNE1,0.0,1.0,0.0,1.0,0.0,4.0
PLB1,0.0,2.0,0.0,0.0,0.0,4.0
CPLANE2,0.0,1.0,0.0,1.0,0.0,4.0
PLCD4,0.0,0.0,0.0,2.0,0.0,4.0
TMEM151B,0.0,2.0,0.0,0.0,0.0,4.0
TMEM150C,0.0,0.0,0.0,2.0,0.0,4.0
PLD2,0.0,2.0,0.0,0.0,0.0,4.0
CPE,0.0,1.0,0.0,1.0,0.0,4.0
PLEKHA5,0.0,2.0,0.0,0.0,0.0,4.0
PLEKHA6,0.0,2.0,0.0,0.0,0.0,4.0
PLEKHA7,0.0,2.0,0.0,0.0,0.0,4.0
PLEKHA8,0.0,2.0,0.0,0.0,0.0,4.0
PLEKHB1,0.0,1.0,0.0,1.0,0.0,4.0
CPA6,0.0,1.0,0.0,1.0,0.0,4.0
CPA4,0.0,1.0,0.0,1.0,0.0,4.0
TMEM143,0.0,0.0,0.0,2.0,0.0,4.0
PLEKHG5,0.0,2.0,0.0,0.0,0.0,4.0
PLEKHG6,0.0,0.0,0.0,2.0,0.0,4.0
PLEKHH2,0.0,2.0,0.0,0.0,0.0,4.0
TMEM141,0.0,2.0,0.0,0.0,0.0,4.0
POLN,0.0,0.0,0.0,2.0,0.0,4.0
COL9A1,0.0,0.0,0.0,2.0,0.0,4.0
COL8A2,0.0,1.0,0.0,1.0,0.0,4.0
PPP1R12C,0.0,1.0,0.0,1.0,0.0,4.0
PPP1R16A,0.0,2.0,0.0,0.0,0.0,4.0
PPP1R18,0.0,2.0,0.0,0.0,0.0,4.0
PPP1R26,0.0,2.0,0.0,0.0,0.0,4.0
ARHGEF26,0.0,1.0,0.0,1.0,0.0,4.0
PPP1R3B,0.0,0.0,0.0,2.0,0.0,4.0
ARHGEF37,0.0,2.0,0.0,0.0,0.0,4.0
PPP1R3F,0.0,0.0,1.0,1.0,0.0,4.0
PPP1R9B,0.0,1.0,0.0,1.0,0.0,4.0
ARHGEF9,0.0,2.0,0.0,0.0,0.0,4.0
CNPY4,0.0,2.0,0.0,0.0,0.0,4.0
CNP,0.0,2.0,0.0,0.0,0.0,4.0
PPP4C,0.0,0.0,0.0,2.0,0.0,4.0
PPP4R3B,0.0,0.0,0.0,2.0,0.0,4.0
PPP4R4,0.0,2.0,0.0,0.0,0.0,4.0
CNMD,0.0,0.0,0.0,2.0,0.0,4.0
TLE6,0.0,1.0,0.0,1.0,0.0,4.0
ARL10,0.0,0.0,0.0,2.0,0.0,4.0
TKTL2,0.0,0.0,0.0,2.0,0.0,4.0
PRAP1,0.0,2.0,0.0,0.0,0.0,4.0
TK2,0.0,0.0,0.0,2.0,0.0,4.0
ARL13B,0.0,0.0,0.0,2.0,0.0,4.0
ARL14,0.0,2.0,0.0,0.0,0.0,4.0
PRDM16,0.0,0.0,0.0,2.0,0.0,4.0
PPP1R14D,0.0,1.0,0.0,1.0,0.0,4.0
CNTNAP4,0.0,1.0,0.0,1.0,0.0,4.0
POLR3A,0.0,1.0,0.0,1.0,0.0,4.0
PPP1R10,0.0,1.0,0.0,1.0,0.0,4.0
POM121L12,0.0,1.0,0.0,1.0,0.0,4.0
POP1,0.0,0.0,0.0,2.0,0.0,4.0
POTEB,0.0,0.0,0.0,2.0,0.0,4.0
POTEKP,0.0,1.0,0.0,1.0,0.0,4.0
COL22A1,0.0,2.0,0.0,0.0,0.0,4.0
TM9SF4,0.0,2.0,0.0,0.0,0.0,4.0
COL14A1,0.0,1.0,0.0,1.0,0.0,4.0
ARHGEF15,0.0,2.0,0.0,0.0,0.0,4.0
COL12A1,0.0,0.0,0.0,2.0,0.0,4.0
COIL,0.0,1.0,1.0,0.0,0.0,4.0
COG8,0.0,0.0,0.0,2.0,0.0,4.0
COG7,0.0,0.0,0.0,2.0,0.0,4.0
PPIAL4A,0.0,1.0,0.0,1.0,0.0,4.0
PPID,0.0,1.0,1.0,0.0,0.0,4.0
PPIL6,0.0,1.0,0.0,1.0,0.0,4.0
TM4SF19,0.0,2.0,0.0,0.0,0.0,4.0
COA8,0.0,2.0,0.0,0.0,0.0,4.0
COA6,0.0,2.0,0.0,0.0,0.0,4.0
PPM1J,0.0,1.0,0.0,1.0,0.0,4.0
PPM1L,0.0,2.0,0.0,0.0,0.0,4.0
PPM1M,0.0,1.0,0.0,1.0,0.0,4.0
PPME1,0.0,2.0,0.0,0.0,0.0,4.0
CNTRL,0.0,1.0,0.0,1.0,0.0,4.0
PLAAT5,0.0,0.0,0.0,2.0,0.0,4.0
PLAAT2,0.0,2.0,0.0,0.0,0.0,4.0
PLA2G4E,0.0,1.0,0.0,1.0,0.0,4.0
PDZRN4,0.0,1.0,0.0,1.0,0.0,4.0
PEAR1,0.0,2.0,0.0,0.0,0.0,4.0
PEF1,0.0,1.0,1.0,0.0,0.0,4.0
PEG10,0.0,0.0,0.0,2.0,0.0,4.0
CST9,0.0,1.0,0.0,1.0,0.0,4.0
PEX1,0.0,1.0,1.0,0.0,0.0,4.0
CST2,0.0,0.0,0.0,2.0,0.0,4.0
PEX19,0.0,0.0,0.0,2.0,0.0,4.0
TMEM255B,0.0,2.0,0.0,0.0,0.0,4.0
PEX3,0.0,1.0,0.0,1.0,0.0,4.0
CST11,0.0,1.0,0.0,1.0,0.0,4.0
CST1,0.0,0.0,0.0,2.0,0.0,4.0
PFDN6,0.0,2.0,0.0,0.0,0.0,4.0
PFN3,0.0,0.0,1.0,1.0,0.0,4.0
TMEM245,0.0,2.0,0.0,0.0,0.0,4.0
PGAM4,0.0,2.0,0.0,0.0,0.0,4.0
PGAM5,0.0,0.0,0.0,2.0,0.0,4.0
PGC,0.0,2.0,0.0,0.0,0.0,4.0
CSN2,0.0,2.0,0.0,0.0,0.0,4.0
PGLYRP1,0.0,0.0,0.0,1.0,2.0,4.0
CSMD1,0.0,1.0,0.0,1.0,0.0,4.0
CSH2,0.0,0.0,1.0,1.0,0.0,4.0
CSH1,0.0,0.0,0.0,2.0,0.0,4.0
CSDC2,0.0,1.0,0.0,1.0,0.0,4.0
CSTL1,0.0,1.0,0.0,1.0,0.0,4.0
PDZD2,0.0,2.0,0.0,0.0,0.0,4.0
CRYZL1,0.0,2.0,0.0,0.0,0.0,4.0
TMEM30B,0.0,0.0,0.0,2.0,0.0,4.0
CUZD1,0.0,2.0,0.0,0.0,0.0,4.0
PCNX1,0.0,2.0,0.0,0.0,0.0,4.0
TMEM62,0.0,0.0,0.0,2.0,0.0,4.0
PCP2,0.0,1.0,0.0,1.0,0.0,4.0
TMEM59L,0.0,1.0,0.0,1.0,0.0,4.0
PCSK1N,0.0,1.0,0.0,1.0,0.0,4.0
TMEM45B,0.0,2.0,0.0,0.0,0.0,4.0
TMEM44-AS1,0.0,2.0,0.0,0.0,0.0,4.0
PDCL3,0.0,2.0,0.0,0.0,0.0,4.0
PDE11A,0.0,0.0,0.0,2.0,0.0,4.0
CTU2,0.0,2.0,0.0,0.0,0.0,4.0
PDE6B,0.0,2.0,0.0,0.0,0.0,4.0
PDE6H,0.0,1.0,0.0,1.0,0.0,4.0
PDE7B,0.0,1.0,0.0,1.0,0.0,4.0
MROH2B,0.0,2.0,0.0,0.0,0.0,4.0
CTRB2,0.0,2.0,0.0,0.0,0.0,4.0
PDIA2,0.0,1.0,0.0,1.0,0.0,4.0
CTNNBIP1,0.0,2.0,0.0,0.0,0.0,4.0
CTDSPL2,0.0,1.0,0.0,1.0,0.0,4.0
CTCFL,0.0,0.0,0.0,2.0,0.0,4.0
TMEM35A,0.0,2.0,0.0,0.0,0.0,4.0
PDS5A,0.0,2.0,0.0,0.0,0.0,4.0
PDS5B,0.0,2.0,0.0,0.0,0.0,4.0
TMEM217,0.0,2.0,0.0,0.0,0.0,4.0
PHF12,0.0,2.0,0.0,0.0,0.0,4.0
PLA2G2E,0.0,1.0,0.0,0.0,2.0,4.0
CRIPT,0.0,1.0,0.0,1.0,0.0,4.0
ARHGAP23,0.0,2.0,0.0,0.0,0.0,4.0
TMEM175,0.0,2.0,0.0,0.0,0.0,4.0
CRACR2B,0.0,1.0,0.0,1.0,0.0,4.0
PIP5KL1,0.0,1.0,0.0,1.0,0.0,4.0
TMEM174,0.0,1.0,0.0,1.0,0.0,4.0
PIR,0.0,0.0,0.0,2.0,0.0,4.0
PITPNA-AS1,0.0,2.0,0.0,0.0,0.0,4.0
TMEM170B,0.0,2.0,0.0,0.0,0.0,4.0
CPXM2,0.0,0.0,0.0,2.0,0.0,4.0
CPXM1,0.0,0.0,0.0,2.0,0.0,4.0
PIWIL2,0.0,2.0,0.0,0.0,0.0,4.0
PKD2L1,0.0,2.0,0.0,0.0,0.0,4.0
PKDREJ,0.0,1.0,0.0,1.0,0.0,4.0
PKHD1L1,0.0,2.0,0.0,0.0,0.0,4.0
CPTP,0.0,1.0,0.0,1.0,0.0,4.0
CPT1B,0.0,0.0,0.0,2.0,0.0,4.0
CPSF7,0.0,2.0,0.0,0.0,0.0,4.0
PKN3,0.0,0.0,0.0,2.0,0.0,4.0
CPSF1,0.0,1.0,1.0,0.0,0.0,4.0
PLA2G12B,0.0,2.0,0.0,0.0,0.0,4.0
PLA2G15,0.0,1.0,0.0,1.0,0.0,4.0
TMEM167B,0.0,0.0,0.0,2.0,0.0,4.0
PLA2G2C,0.0,2.0,0.0,0.0,0.0,4.0
CRHR1,0.0,1.0,0.0,1.0,0.0,4.0
CRIPTO3,0.0,0.0,0.0,2.0,0.0,4.0
TMEM209,0.0,1.0,0.0,1.0,0.0,4.0
CRISP1,0.0,1.0,0.0,1.0,0.0,4.0
PHKG1,0.0,0.0,0.0,2.0,0.0,4.0
CRYBB1,0.0,1.0,0.0,1.0,0.0,4.0
PHOX2B,0.0,2.0,0.0,0.0,0.0,4.0
PHYHIPL,0.0,1.0,0.0,1.0,0.0,4.0
PHYKPL,0.0,1.0,0.0,1.0,0.0,4.0
PI16,0.0,2.0,0.0,0.0,0.0,4.0
PI3,0.0,0.0,0.0,2.0,0.0,4.0
TMEM199,0.0,1.0,0.0,1.0,0.0,4.0
TMEM192,0.0,1.0,0.0,1.0,0.0,4.0
TMEM191A,0.0,2.0,0.0,0.0,0.0,4.0
PIANP,0.0,1.0,0.0,1.0,0.0,4.0
CRTC2,0.0,1.0,0.0,1.0,0.0,4.0
CRTAC1,0.0,1.0,0.0,1.0,0.0,4.0
PICK1,0.0,1.0,0.0,1.0,0.0,4.0
TMEM186,0.0,2.0,0.0,0.0,0.0,4.0
PIGG,0.0,0.0,0.0,2.0,0.0,4.0
TMEM184A,0.0,2.0,0.0,0.0,0.0,4.0
CROCC,0.0,2.0,0.0,0.0,0.0,4.0
PIGR,0.0,1.0,0.0,1.0,0.0,4.0
CRNKL1,0.0,1.0,0.0,1.0,0.0,4.0
PIGW,0.0,0.0,0.0,2.0,0.0,4.0
PIH1D1,0.0,2.0,0.0,0.0,0.0,4.0
CRLS1,0.0,2.0,0.0,0.0,0.0,4.0
CNBD1,0.0,2.0,0.0,0.0,0.0,4.0
CMTM4,0.0,2.0,0.0,0.0,0.0,4.0
CMKLR2,0.0,2.0,0.0,0.0,0.0,4.0
RASD2,0.0,1.0,0.0,1.0,0.0,4.0
RASGRF1,0.0,0.0,0.0,2.0,0.0,4.0
CEP295,0.0,1.0,0.0,1.0,0.0,4.0
RASGRP4,0.0,1.0,0.0,1.0,0.0,4.0
TENT2,0.0,1.0,0.0,1.0,0.0,4.0
TENM2,0.0,0.0,1.0,1.0,0.0,4.0
CEP170B,0.0,2.0,0.0,0.0,0.0,4.0
RAVER2,0.0,1.0,0.0,1.0,0.0,4.0
RBAK,0.0,1.0,0.0,1.0,0.0,4.0
TEKTIP1,0.0,0.0,0.0,2.0,0.0,4.0
RBBP8NL,0.0,0.0,0.0,2.0,0.0,4.0
RBBP9,0.0,2.0,0.0,0.0,0.0,4.0
RBFA,0.0,2.0,0.0,0.0,0.0,4.0
RBFOX2,0.0,1.0,0.0,1.0,0.0,4.0
TEF,0.0,1.0,0.0,1.0,0.0,4.0
RBM12B,0.0,2.0,0.0,0.0,0.0,4.0
RBM22,0.0,2.0,0.0,0.0,0.0,4.0
RBM23,0.0,2.0,0.0,0.0,0.0,4.0
RBM26,0.0,1.0,1.0,0.0,0.0,4.0
ASCC1,0.0,1.0,0.0,1.0,0.0,4.0
ASCC2,0.0,0.0,0.0,2.0,0.0,4.0
RBM34,0.0,2.0,0.0,0.0,0.0,4.0
RBM4,0.0,2.0,0.0,0.0,0.0,4.0
ASCL1,0.0,0.0,0.0,2.0,0.0,4.0
CEP44,0.0,1.0,0.0,1.0,0.0,4.0
CERCAM,0.0,0.0,0.0,2.0,0.0,4.0
CENPQ,0.0,0.0,1.0,1.0,0.0,4.0
RANGRF,0.0,1.0,0.0,1.0,0.0,4.0
CFC1,0.0,1.0,0.0,1.0,0.0,4.0
CFAP97,0.0,2.0,0.0,0.0,0.0,4.0
CFAP95-DT,0.0,2.0,0.0,0.0,0.0,4.0
CFAP69,0.0,2.0,0.0,0.0,0.0,4.0
TEX29,0.0,2.0,0.0,0.0,0.0,4.0
CFAP52,0.0,2.0,0.0,0.0,0.0,4.0
RABGAP1,0.0,1.0,0.0,1.0,0.0,4.0
TEX264,0.0,0.0,0.0,2.0,0.0,4.0
RABGEF1P1,0.0,2.0,0.0,0.0,0.0,4.0
RABL2A,0.0,1.0,0.0,1.0,0.0,4.0
RABL3,0.0,0.0,0.0,0.0,4.0,4.0
CFAP418,0.0,1.0,0.0,1.0,0.0,4.0
CFAP298,0.0,1.0,0.0,1.0,0.0,4.0
RAD51C,0.0,1.0,0.0,1.0,0.0,4.0
CFAP161,0.0,2.0,0.0,0.0,0.0,4.0
RAET1E,0.0,0.0,1.0,1.0,0.0,4.0
CETP,0.0,1.0,0.0,1.0,0.0,4.0
RALGAPB,0.0,2.0,0.0,0.0,0.0,4.0
CERT1,0.0,2.0,0.0,0.0,0.0,4.0
RANBP3,0.0,2.0,0.0,0.0,0.0,4.0
RANBP3L,0.0,2.0,0.0,0.0,0.0,4.0
CERS3,0.0,2.0,0.0,0.0,0.0,4.0
CERS1,0.0,0.0,0.0,2.0,0.0,4.0
ASCL3,0.0,2.0,0.0,0.0,0.0,4.0
RBM44,0.0,1.0,0.0,1.0,0.0,4.0
RAB40A,0.0,0.0,0.0,2.0,0.0,4.0
CEBPE,0.0,1.0,0.0,1.0,0.0,4.0
TCHH,0.0,1.0,0.0,1.0,0.0,4.0
CDX1,0.0,0.0,0.0,2.0,0.0,4.0
CDS1,0.0,1.0,0.0,1.0,0.0,4.0
CDR2L,0.0,1.0,0.0,1.0,0.0,4.0
TCF25,0.0,2.0,0.0,0.0,0.0,4.0
TCEAL8,0.0,2.0,0.0,0.0,0.0,4.0
CDKN2AIPNL,0.0,2.0,0.0,0.0,0.0,4.0
RFX4,0.0,2.0,0.0,0.0,0.0,4.0
CDKN2AIP,0.0,2.0,0.0,0.0,0.0,4.0
RFXANK,0.0,1.0,0.0,1.0,0.0,4.0
RGMA,0.0,1.0,0.0,1.0,0.0,4.0
RGMB,0.0,2.0,0.0,0.0,0.0,4.0
TCAF2,0.0,2.0,0.0,0.0,0.0,4.0
TC2N,0.0,1.0,0.0,1.0,0.0,4.0
RGPD2,0.0,1.0,0.0,1.0,0.0,4.0
ASTN2,0.0,1.0,0.0,1.0,0.0,4.0
RGPD5,0.0,2.0,0.0,0.0,0.0,4.0
RGPD8,0.0,1.0,0.0,1.0,0.0,4.0
RGS11,0.0,1.0,0.0,1.0,0.0,4.0
TBX22,0.0,0.0,0.0,2.0,0.0,4.0
RGS5,0.0,0.0,0.0,2.0,0.0,4.0
RGS6,0.0,0.0,0.0,2.0,0.0,4.0
RGS7,0.0,0.0,0.0,2.0,0.0,4.0
CEACAM6,0.0,0.0,0.0,2.0,0.0,4.0
ASPA,0.0,2.0,0.0,0.0,0.0,4.0
RBMS3,0.0,1.0,0.0,1.0,0.0,4.0
REG3G,0.0,2.0,0.0,0.0,0.0,4.0
TDRKH,0.0,2.0,0.0,0.0,0.0,4.0
TDRD6,0.0,0.0,0.0,2.0,0.0,4.0
TDRD5,0.0,2.0,0.0,0.0,0.0,4.0
CELSR3,0.0,1.0,0.0,1.0,0.0,4.0
RBPJL,0.0,0.0,0.0,2.0,0.0,4.0
RBPMS,0.0,1.0,0.0,1.0,0.0,4.0
TDH,0.0,1.0,0.0,1.0,0.0,4.0
CELF6,0.0,2.0,0.0,0.0,0.0,4.0
ASIC2,0.0,0.0,0.0,2.0,0.0,4.0
RCC1L,0.0,2.0,0.0,0.0,0.0,4.0
RCE1,0.0,0.0,0.0,2.0,0.0,4.0
CELA3A,0.0,0.0,0.0,2.0,0.0,4.0
RCOR2,0.0,2.0,0.0,0.0,0.0,4.0
CEL,0.0,0.0,0.0,2.0,0.0,4.0
CECR9,0.0,2.0,0.0,0.0,0.0,4.0
TCTN2,0.0,0.0,0.0,2.0,0.0,4.0
TCTN1,0.0,0.0,0.0,2.0,0.0,4.0
ASIC4,0.0,0.0,0.0,2.0,0.0,4.0
RDH5,0.0,1.0,0.0,1.0,0.0,4.0
CEBPZ,0.0,2.0,0.0,0.0,0.0,4.0
REEP3,0.0,1.0,0.0,1.0,0.0,4.0
REEP5,0.0,2.0,0.0,0.0,0.0,4.0
REG3A,0.0,1.0,0.0,1.0,0.0,4.0
RAB41,0.0,0.0,0.0,2.0,0.0,4.0
CFHR1,0.0,0.0,0.0,2.0,0.0,4.0
PRICKLE2,0.0,1.0,0.0,1.0,0.0,4.0
CLDN9,0.0,0.0,0.0,2.0,0.0,4.0
CLDN6,0.0,1.0,0.0,1.0,0.0,4.0
ARMC12,0.0,0.0,0.0,2.0,0.0,4.0
PRRT4,0.0,2.0,0.0,0.0,0.0,4.0
PRRX1,0.0,1.0,0.0,1.0,0.0,4.0
PRRX2,0.0,2.0,0.0,0.0,0.0,4.0
PRSS22,0.0,1.0,0.0,1.0,0.0,4.0
CLDN23,0.0,2.0,0.0,0.0,0.0,4.0
ARMC2,0.0,2.0,0.0,0.0,0.0,4.0
THUMPD3,0.0,0.0,0.0,2.0,0.0,4.0
PRSS45P,0.0,1.0,0.0,1.0,0.0,4.0
ARMT1,0.0,2.0,0.0,0.0,0.0,4.0
PRXL2B,0.0,2.0,0.0,0.0,0.0,4.0
THOC1,0.0,1.0,0.0,1.0,0.0,4.0
CLDN15,0.0,0.0,0.0,2.0,0.0,4.0
CLDN14,0.0,2.0,0.0,0.0,0.0,4.0
PSENEN,0.0,0.0,0.0,2.0,0.0,4.0
THNSL2,0.0,2.0,0.0,0.0,0.0,4.0
PSG5,0.0,2.0,0.0,0.0,0.0,4.0
THG1L,0.0,2.0,0.0,0.0,0.0,4.0
CLDN10,0.0,0.0,0.0,2.0,0.0,4.0
THEM7P,0.0,0.0,0.0,2.0,0.0,4.0
CLCN3,0.0,2.0,0.0,0.0,0.0,4.0
CLCC1,0.0,1.0,0.0,1.0,0.0,4.0
PRRG3,0.0,1.0,0.0,1.0,0.0,4.0
PRR4,0.0,2.0,0.0,0.0,0.0,4.0
CLASRP,0.0,2.0,0.0,0.0,0.0,4.0
PRR32,0.0,2.0,0.0,0.0,0.0,4.0
PRICKLE3,0.0,2.0,0.0,0.0,0.0,4.0
TIMMDC1,0.0,2.0,0.0,0.0,0.0,4.0
CLUHP3,0.0,2.0,0.0,0.0,0.0,4.0
CLIP3,0.0,1.0,0.0,1.0,0.0,4.0
PRKRIP1,0.0,2.0,0.0,0.0,0.0,4.0
TIMM23B,0.0,1.0,0.0,1.0,0.0,4.0
PRMT7,0.0,0.0,0.0,2.0,0.0,4.0
CLEC4C,0.0,0.0,0.0,2.0,0.0,4.0
TIMM17A,0.0,1.0,1.0,0.0,0.0,4.0
PROP1,0.0,1.0,0.0,1.0,0.0,4.0
PRORP,0.0,2.0,0.0,0.0,0.0,4.0
PRORSD1P,0.0,1.0,0.0,1.0,0.0,4.0
PROSER2,0.0,2.0,0.0,0.0,0.0,4.0
PROSER3,0.0,1.0,0.0,1.0,0.0,4.0
PRPF18,0.0,1.0,0.0,1.0,0.0,4.0
PRPF38B,0.0,2.0,0.0,0.0,0.0,4.0
ARL8A,0.0,0.0,0.0,2.0,0.0,4.0
PRR12,0.0,2.0,0.0,0.0,0.0,4.0
TIGD1,0.0,2.0,0.0,0.0,0.0,4.0
CLEC12B,0.0,1.0,0.0,1.0,0.0,4.0
PRR16,0.0,1.0,0.0,1.0,0.0,4.0
PRR19,0.0,2.0,0.0,0.0,0.0,4.0
PRR27,0.0,2.0,0.0,0.0,0.0,4.0
CLCA3P,0.0,2.0,0.0,0.0,0.0,4.0
CKAP5,0.0,0.0,0.0,2.0,0.0,4.0
TFAP4,0.0,1.0,0.0,1.0,0.0,4.0
PTPRH,0.0,2.0,0.0,0.0,0.0,4.0
PTPRT,0.0,0.0,0.0,2.0,0.0,4.0
PUS10,0.0,1.0,0.0,1.0,0.0,4.0
CHMP1A,0.0,1.0,0.0,1.0,0.0,4.0
PWWP3B,0.0,1.0,0.0,1.0,0.0,4.0
CHIT1,0.0,1.0,0.0,1.0,0.0,4.0
PXK,0.0,2.0,0.0,0.0,0.0,4.0
PXMP4,0.0,1.0,0.0,1.0,0.0,4.0
TFF3,0.0,2.0,0.0,0.0,0.0,4.0
PYCR2,0.0,2.0,0.0,0.0,0.0,4.0
PYGO1,0.0,0.0,0.0,2.0,0.0,4.0
PYROXD1,0.0,1.0,1.0,0.0,0.0,4.0
ART4,0.0,0.0,0.0,2.0,0.0,4.0
QPCTL,0.0,0.0,0.0,2.0,0.0,4.0
CHD8,0.0,1.0,0.0,1.0,0.0,4.0
QRICH1,0.0,2.0,0.0,0.0,0.0,4.0
QSER1,0.0,2.0,0.0,0.0,0.0,4.0
CHD6,0.0,2.0,0.0,0.0,0.0,4.0
TFDP3,0.0,1.0,0.0,1.0,0.0,4.0
R3HDM2,0.0,1.0,0.0,1.0,0.0,4.0
CHCT1,0.0,2.0,0.0,0.0,0.0,4.0
CHCHD4,0.0,2.0,0.0,0.0,0.0,4.0
CGB8,0.0,0.0,0.0,2.0,0.0,4.0
CGB5,0.0,0.0,0.0,2.0,0.0,4.0
ARSH,0.0,0.0,0.0,2.0,0.0,4.0
CHRAC1,0.0,2.0,0.0,0.0,0.0,4.0
THAP8,0.0,2.0,0.0,0.0,0.0,4.0
CHRD,0.0,2.0,0.0,0.0,0.0,4.0
CIMAP1C,0.0,2.0,0.0,0.0,0.0,4.0
CILP2,0.0,2.0,0.0,0.0,0.0,4.0
THAP7-AS1,0.0,2.0,0.0,0.0,0.0,4.0
THAP3,0.0,2.0,0.0,0.0,0.0,4.0
CIB4,0.0,2.0,0.0,0.0,0.0,4.0
PSME3IP1,0.0,0.0,0.0,2.0,0.0,4.0
CIAPIN1,0.0,2.0,0.0,0.0,0.0,4.0
PTAFR,0.0,1.0,0.0,1.0,0.0,4.0
PTCD1,0.0,2.0,0.0,0.0,0.0,4.0
TGM4,0.0,1.0,0.0,1.0,0.0,4.0
CHSY3,0.0,2.0,0.0,0.0,0.0,4.0
CHST13,0.0,1.0,0.0,1.0,0.0,4.0
TGIF2LX,0.0,1.0,0.0,1.0,0.0,4.0
PTH,0.0,1.0,0.0,1.0,0.0,4.0
PTH2,0.0,2.0,0.0,0.0,0.0,4.0
PTK7,0.0,1.0,0.0,1.0,0.0,4.0
PTN,0.0,0.0,1.0,1.0,0.0,4.0
TGFBRAP1,0.0,1.0,0.0,1.0,0.0,4.0
CHRNB3,0.0,2.0,0.0,0.0,0.0,4.0
CHRNA6,0.0,2.0,0.0,0.0,0.0,4.0
CHRNA3,0.0,1.0,0.0,1.0,0.0,4.0
CHRNA2,0.0,2.0,0.0,0.0,0.0,4.0
PTPN23,0.0,2.0,0.0,0.0,0.0,4.0
PCM1,0.0,0.0,1.0,1.0,0.0,4.0
CTRL,0.0,2.0,0.0,0.0,0.0,4.0
PCDHGC3,0.0,0.0,0.0,2.0,0.0,4.0
DIRAS3,0.0,0.0,0.0,2.0,0.0,4.0
TRPV3,0.0,0.0,0.0,2.0,0.0,4.0
DLG5,0.0,1.0,0.0,0.0,2.0,4.0
NDUFB8,0.0,0.0,0.0,2.0,0.0,4.0
ANKIB1,0.0,2.0,0.0,0.0,0.0,4.0
TRPM7,0.0,2.0,0.0,0.0,0.0,4.0
NECAB1,0.0,0.0,0.0,2.0,0.0,4.0
NECAB3,0.0,1.0,0.0,1.0,0.0,4.0
DKK4,0.0,1.0,0.0,1.0,0.0,4.0
NECTIN1,0.0,1.0,0.0,1.0,0.0,4.0
NEDD1,0.0,1.0,0.0,1.0,0.0,4.0
DISP3,0.0,2.0,0.0,0.0,0.0,4.0
NEGR1,0.0,0.0,0.0,2.0,0.0,4.0
TRIM34,0.0,2.0,0.0,0.0,0.0,4.0
NEK11,0.0,1.0,0.0,1.0,0.0,4.0
NEK7,0.0,1.0,0.0,1.0,0.0,4.0
TRPA1,0.0,0.0,1.0,1.0,0.0,4.0
NEMP2,0.0,1.0,0.0,1.0,0.0,4.0
NENF,0.0,1.0,0.0,1.0,0.0,4.0
DIO1,0.0,2.0,0.0,0.0,0.0,4.0
NEURL3,0.0,2.0,0.0,0.0,0.0,4.0
TRNAU1AP,0.0,2.0,0.0,0.0,0.0,4.0
TRMU,0.0,2.0,0.0,0.0,0.0,4.0
NFASC,0.0,0.0,0.0,2.0,0.0,4.0
DHX8,0.0,0.0,0.0,2.0,0.0,4.0
DLGAP2,0.0,1.0,0.0,1.0,0.0,4.0
DLGAP2-AS1,0.0,2.0,0.0,0.0,0.0,4.0
DLGAP4,0.0,1.0,0.0,1.0,0.0,4.0
DLX4,0.0,1.0,0.0,1.0,0.0,4.0
DNAH3,0.0,1.0,0.0,1.0,0.0,4.0
NATD1,0.0,2.0,0.0,0.0,0.0,4.0
DNAH17,0.0,1.0,0.0,1.0,0.0,4.0
NBL1,0.0,1.0,0.0,1.0,0.0,4.0
DNAH14,0.0,2.0,0.0,0.0,0.0,4.0
NBPF20,0.0,1.0,0.0,1.0,0.0,4.0
ANGPTL1,0.0,2.0,0.0,0.0,0.0,4.0
NCAM2,0.0,2.0,0.0,0.0,0.0,4.0
DNAH1,0.0,2.0,0.0,0.0,0.0,4.0
DNAAF8,0.0,1.0,0.0,1.0,0.0,4.0
DNAAF11,0.0,0.0,0.0,2.0,0.0,4.0
DNAAF10,0.0,2.0,0.0,0.0,0.0,4.0
DMRTC2,0.0,1.0,0.0,1.0,0.0,4.0
NCKIPSD,0.0,2.0,0.0,0.0,0.0,4.0
TRUB1,0.0,2.0,0.0,0.0,0.0,4.0
DMPK,0.0,1.0,0.0,1.0,0.0,4.0
DMKN,0.0,1.0,0.0,1.0,0.0,4.0
DMAC2L,0.0,0.0,0.0,2.0,0.0,4.0
NDN,0.0,1.0,0.0,1.0,0.0,4.0
NDOR1,0.0,1.0,0.0,1.0,0.0,4.0
DMAC2,0.0,1.0,0.0,1.0,0.0,4.0
NDRG4,0.0,1.0,1.0,0.0,0.0,4.0
NDST2,0.0,2.0,0.0,0.0,0.0,4.0
NFE2L1,0.0,1.0,0.0,1.0,0.0,4.0
DHX34,0.0,2.0,0.0,0.0,0.0,4.0
DHX30,0.0,2.0,0.0,0.0,0.0,4.0
ANKRD13C,0.0,1.0,0.0,1.0,0.0,4.0
TRIM64EP,0.0,2.0,0.0,0.0,0.0,4.0
DGCR5,0.0,2.0,0.0,0.0,0.0,4.0
NLRP5,0.0,2.0,0.0,0.0,0.0,4.0
NLRP7,0.0,1.0,0.0,1.0,0.0,4.0
DGCR2,0.0,1.0,1.0,0.0,0.0,4.0
TRIM6,0.0,1.0,0.0,1.0,0.0,4.0
TRIM59,0.0,2.0,0.0,0.0,0.0,4.0
NME6,0.0,2.0,0.0,0.0,0.0,4.0
TRIM58,0.0,1.0,0.0,1.0,0.0,4.0
TMEM79,0.0,1.0,0.0,1.0,0.0,4.0
DEXI,0.0,2.0,0.0,0.0,0.0,4.0
NMUR2,0.0,1.0,0.0,1.0,0.0,4.0
NOB1,0.0,2.0,0.0,0.0,0.0,4.0
NOC3L,0.0,2.0,0.0,0.0,0.0,4.0
NOL4,0.0,2.0,0.0,0.0,0.0,4.0
NOM1,0.0,2.0,0.0,0.0,0.0,4.0
NOMO2,0.0,2.0,0.0,0.0,0.0,4.0
NONO,0.0,1.0,1.0,0.0,0.0,4.0
NOP16,0.0,2.0,0.0,0.0,0.0,4.0
DENND6B,0.0,1.0,0.0,1.0,0.0,4.0
DENND5B,0.0,1.0,0.0,1.0,0.0,4.0
NOS1AP,0.0,1.0,0.0,1.0,0.0,4.0
NOTCH2NLA,0.0,2.0,0.0,0.0,0.0,4.0
TRIM66,0.0,2.0,0.0,0.0,0.0,4.0
NLGN2,0.0,0.0,0.0,2.0,0.0,4.0
DHTKD1,0.0,1.0,0.0,1.0,0.0,4.0
TRIM71,0.0,0.0,0.0,2.0,0.0,4.0
TRMT12,0.0,0.0,0.0,2.0,0.0,4.0
DHRS4,0.0,2.0,0.0,0.0,0.0,4.0
NHERF4,0.0,0.0,1.0,1.0,0.0,4.0
TRMT10A,0.0,2.0,0.0,0.0,0.0,4.0
NHLH2,0.0,0.0,0.0,2.0,0.0,4.0
NHS,0.0,2.0,0.0,0.0,0.0,4.0
DHFR2,0.0,0.0,0.0,2.0,0.0,4.0
NIFK-AS1,0.0,2.0,0.0,0.0,0.0,4.0
NIM1K,0.0,1.0,0.0,1.0,0.0,4.0
TRIT1,0.0,2.0,0.0,0.0,0.0,4.0
DGUOK,0.0,0.0,1.0,1.0,0.0,4.0
NINJ2-AS1,0.0,2.0,0.0,0.0,0.0,4.0
NIPA2,0.0,2.0,0.0,0.0,0.0,4.0
NKAIN1,0.0,2.0,0.0,0.0,0.0,4.0
TRIOBP,0.0,2.0,0.0,0.0,0.0,4.0
NKAPD1,0.0,2.0,0.0,0.0,0.0,4.0
TRIM8,0.0,1.0,0.0,1.0,0.0,4.0
TRIM72,0.0,2.0,0.0,0.0,0.0,4.0
NKX1-2,0.0,2.0,0.0,0.0,0.0,4.0
NKX2-1,0.0,0.0,0.0,2.0,0.0,4.0
NKX2-6,0.0,1.0,0.0,1.0,0.0,4.0
NKX3-2,0.0,0.0,0.0,2.0,0.0,4.0
DGKB,0.0,0.0,0.0,2.0,0.0,4.0
TSPAN15,0.0,1.0,0.0,1.0,0.0,4.0
TSPAN17,0.0,0.0,0.0,2.0,0.0,4.0
DNAH8,0.0,2.0,0.0,0.0,0.0,4.0
AMBN,0.0,0.0,0.0,2.0,0.0,4.0
MSGN1,0.0,0.0,0.0,2.0,0.0,4.0
MSMB,0.0,0.0,0.0,2.0,0.0,4.0
DSEL,0.0,1.0,0.0,1.0,0.0,4.0
DSC3,0.0,0.0,0.0,2.0,0.0,4.0
TTLL9,0.0,0.0,0.0,2.0,0.0,4.0
MT-ATP6,0.0,0.0,0.0,2.0,0.0,4.0
TTLL8,0.0,0.0,0.0,2.0,0.0,4.0
TTLL7,0.0,0.0,0.0,2.0,0.0,4.0
MT-ND1,0.0,0.0,0.0,2.0,0.0,4.0
MT-ND3,0.0,0.0,0.0,2.0,0.0,4.0
MT-ND4,0.0,0.0,0.0,2.0,0.0,4.0
MT-ND4L,0.0,0.0,0.0,2.0,0.0,4.0
MT-ND5,0.0,0.0,0.0,2.0,0.0,4.0
MT-ND6,0.0,0.0,0.0,2.0,0.0,4.0
DRD5,0.0,1.0,0.0,1.0,0.0,4.0
MT1HL1,0.0,2.0,0.0,0.0,0.0,4.0
MT4,0.0,2.0,0.0,0.0,0.0,4.0
TTLL2,0.0,0.0,0.0,2.0,0.0,4.0
DRC3,0.0,1.0,0.0,1.0,0.0,4.0
DRC1,0.0,2.0,0.0,0.0,0.0,4.0
TTLL13,0.0,0.0,0.0,2.0,0.0,4.0
MTERF3,0.0,2.0,0.0,0.0,0.0,4.0
MTFR1L,0.0,2.0,0.0,0.0,0.0,4.0
MSC-AS1,0.0,2.0,0.0,0.0,0.0,4.0
AMACR,0.0,1.0,0.0,1.0,0.0,4.0
DPY19L4,0.0,2.0,0.0,0.0,0.0,4.0
MS4A6E,0.0,1.0,1.0,0.0,0.0,4.0
ALKBH4,0.0,2.0,0.0,0.0,0.0,4.0
DYDC2,0.0,1.0,0.0,1.0,0.0,4.0
DUXAP9,0.0,1.0,0.0,1.0,0.0,4.0
MRPL19,0.0,0.0,0.0,2.0,0.0,4.0
TUBGCP5,0.0,2.0,0.0,0.0,0.0,4.0
ALKBH6,0.0,2.0,0.0,0.0,0.0,4.0
MRPL22,0.0,0.0,0.0,2.0,0.0,4.0
DUSP26,0.0,1.0,0.0,1.0,0.0,4.0
ALKBH7,0.0,2.0,0.0,0.0,0.0,4.0
DUSP15,0.0,2.0,0.0,0.0,0.0,4.0
DUS2,0.0,1.0,0.0,1.0,0.0,4.0
MRPL53,0.0,0.0,0.0,2.0,0.0,4.0
DUOXA1,0.0,1.0,0.0,1.0,0.0,4.0
DTX2,0.0,2.0,0.0,0.0,0.0,4.0
DTHD1,0.0,1.0,0.0,1.0,0.0,4.0
DTD2,0.0,1.0,0.0,1.0,0.0,4.0
ALOX15B,0.0,2.0,0.0,0.0,0.0,4.0
ALPK2,0.0,2.0,0.0,0.0,0.0,4.0
ALPP,0.0,0.0,0.0,2.0,0.0,4.0
ALX4,0.0,1.0,0.0,1.0,0.0,4.0
MS4A18,0.0,2.0,0.0,0.0,0.0,4.0
MS4A2,0.0,0.0,0.0,2.0,0.0,4.0
MS4A5,0.0,0.0,0.0,2.0,0.0,4.0
DPYS,0.0,1.0,0.0,1.0,0.0,4.0
AMH,0.0,1.0,0.0,1.0,0.0,4.0
NAPRT,0.0,0.0,0.0,2.0,0.0,4.0
TTC12,0.0,1.0,0.0,1.0,0.0,4.0
DNASE2B,0.0,2.0,0.0,0.0,0.0,4.0
MYO5B,0.0,1.0,0.0,1.0,0.0,4.0
DNASE1L2,0.0,2.0,0.0,0.0,0.0,4.0
TSSK6,0.0,0.0,0.0,2.0,0.0,4.0
MYOCD,0.0,1.0,0.0,1.0,0.0,4.0
TSSK3,0.0,1.0,0.0,1.0,0.0,4.0
DNAJC8,0.0,1.0,0.0,1.0,0.0,4.0
MYOT,0.0,2.0,0.0,0.0,0.0,4.0
TSPY1,0.0,1.0,0.0,1.0,0.0,4.0
NAA35,0.0,2.0,0.0,0.0,0.0,4.0
DNAJC19,0.0,2.0,0.0,0.0,0.0,4.0
DNAJC17,0.0,2.0,0.0,0.0,0.0,4.0
DNAJC12,0.0,0.0,1.0,1.0,0.0,4.0
TSPAN8,0.0,1.0,0.0,1.0,0.0,4.0
TSPAN7,0.0,1.0,0.0,1.0,0.0,4.0
NADK2,0.0,1.0,0.0,1.0,0.0,4.0
DNAJC11,0.0,2.0,0.0,0.0,0.0,4.0
DNAJB8-AS1,0.0,2.0,0.0,0.0,0.0,4.0
NAIP,0.0,1.0,0.0,1.0,0.0,4.0
AMTN,0.0,0.0,0.0,2.0,0.0,4.0
DNAJB3,0.0,0.0,0.0,2.0,0.0,4.0
DNAJB2,0.0,1.0,0.0,1.0,0.0,4.0
AMZ2P1,0.0,2.0,0.0,0.0,0.0,4.0
MYO3A,0.0,2.0,0.0,0.0,0.0,4.0
MYMK,0.0,2.0,0.0,0.0,0.0,4.0
MTMR12,0.0,2.0,0.0,0.0,0.0,4.0
MYLK3,0.0,1.0,0.0,1.0,0.0,4.0
AMHR2,0.0,0.0,0.0,2.0,0.0,4.0
MTMR6,0.0,2.0,0.0,0.0,0.0,4.0
MTNR1B,0.0,0.0,0.0,2.0,0.0,4.0
DPPA3,0.0,0.0,0.0,2.0,0.0,4.0
MTPN,0.0,0.0,1.0,1.0,0.0,4.0
MTRF1,0.0,1.0,0.0,1.0,0.0,4.0
TTC7A,0.0,1.0,0.0,1.0,0.0,4.0
MTX3,0.0,2.0,0.0,0.0,0.0,4.0
TTC39A,0.0,2.0,0.0,0.0,0.0,4.0
MVK,0.0,0.0,0.0,2.0,0.0,4.0
DOT1L,0.0,1.0,0.0,1.0,0.0,4.0
TTC36,0.0,2.0,0.0,0.0,0.0,4.0
MYBPC3,0.0,1.0,0.0,1.0,0.0,4.0
DOCK6,0.0,1.0,0.0,1.0,0.0,4.0
DOCK4,0.0,1.0,0.0,1.0,0.0,4.0
TTC24,0.0,0.0,0.0,2.0,0.0,4.0
TTC23L,0.0,1.0,0.0,1.0,0.0,4.0
MYL1,0.0,0.0,1.0,1.0,0.0,4.0
MYL5,0.0,1.0,0.0,1.0,0.0,4.0
MYL6B,0.0,1.0,0.0,1.0,0.0,4.0
MYL7,0.0,0.0,1.0,1.0,0.0,4.0
TTC21A,0.0,2.0,0.0,0.0,0.0,4.0
MYLK2,0.0,0.0,0.0,2.0,0.0,4.0
DENND1A,0.0,0.0,0.0,2.0,0.0,4.0
TRIM46,0.0,2.0,0.0,0.0,0.0,4.0
SPIN2A,0.0,2.0,0.0,0.0,0.0,4.0
OR6A2,0.0,2.0,0.0,0.0,0.0,4.0
TOMM22,0.0,1.0,1.0,0.0,0.0,4.0
PBOV1,0.0,1.0,0.0,1.0,0.0,4.0
OR3A2,0.0,1.0,1.0,0.0,0.0,4.0
APC2,0.0,0.0,0.0,2.0,0.0,4.0
PBLD,0.0,2.0,0.0,0.0,0.0,4.0
APCDD1,0.0,2.0,0.0,0.0,0.0,4.0
OR52K3P,0.0,2.0,0.0,0.0,0.0,4.0
OR5E1P,0.0,1.0,0.0,1.0,0.0,4.0
OR5I1,0.0,1.0,0.0,1.0,0.0,4.0
OR6B3,0.0,1.0,0.0,1.0,0.0,4.0
TOMM5,0.0,1.0,0.0,1.0,0.0,4.0
TNN,0.0,0.0,0.0,2.0,0.0,4.0
APLNR,0.0,0.0,1.0,1.0,0.0,4.0
OR7A17,0.0,2.0,0.0,0.0,0.0,4.0
OR7E24,0.0,0.0,0.0,2.0,0.0,4.0
TNFSF15,0.0,2.0,0.0,0.0,0.0,4.0
CYB561D2,0.0,2.0,0.0,0.0,0.0,4.0
DAOA-AS1,0.0,2.0,0.0,0.0,0.0,4.0
PAXBP1,0.0,2.0,0.0,0.0,0.0,4.0
TMPRSS2,0.0,0.0,0.0,2.0,0.0,4.0
TOMM40L,0.0,1.0,0.0,1.0,0.0,4.0
OR2F2,0.0,1.0,0.0,1.0,0.0,4.0
ODAD2,0.0,1.0,0.0,1.0,0.0,4.0
AP1S1,0.0,0.0,0.0,2.0,0.0,4.0
TPO,0.0,1.0,0.0,1.0,0.0,4.0
CYP11A1,0.0,0.0,0.0,2.0,0.0,4.0
DBF4B,0.0,2.0,0.0,0.0,0.0,4.0
TPD52L2,0.0,2.0,0.0,0.0,0.0,4.0
OLFM2,0.0,1.0,0.0,1.0,0.0,4.0
OLFML2A,0.0,0.0,0.0,2.0,0.0,4.0
TMPRSS11E,0.0,1.0,0.0,1.0,0.0,4.0
OMG,0.0,1.0,0.0,1.0,0.0,4.0
TP53I13,0.0,1.0,0.0,1.0,0.0,4.0
DAPL1,0.0,0.0,0.0,1.0,2.0,4.0
OR2F1,0.0,0.0,0.0,2.0,0.0,4.0
OPRL1,0.0,2.0,0.0,0.0,0.0,4.0
OPTC,0.0,1.0,0.0,1.0,0.0,4.0
CXXC4,0.0,1.0,0.0,1.0,0.0,4.0
TOR1AIP1,0.0,0.0,0.0,2.0,0.0,4.0
OR11L1,0.0,0.0,0.0,2.0,0.0,4.0
TOP6BL,0.0,1.0,1.0,0.0,0.0,4.0
AP5Z1,0.0,1.0,0.0,1.0,0.0,4.0
PBX2,0.0,2.0,0.0,0.0,0.0,4.0
TOMM6,0.0,2.0,0.0,0.0,0.0,4.0
CYB5R2,0.0,0.0,0.0,2.0,0.0,4.0
DAOA,0.0,2.0,0.0,0.0,0.0,4.0
DAND5,0.0,1.0,0.0,1.0,0.0,4.0
PAH,0.0,1.0,0.0,1.0,0.0,4.0
P3H3,0.0,0.0,0.0,2.0,0.0,4.0
CYP46A1,0.0,2.0,0.0,0.0,0.0,4.0
PAAF1,0.0,2.0,0.0,0.0,0.0,4.0
TNFRSF11B,0.0,2.0,0.0,0.0,0.0,4.0
PACSIN3,0.0,1.0,0.0,1.0,0.0,4.0
TMPRSS4,0.0,1.0,0.0,1.0,0.0,4.0
PADI3,0.0,0.0,0.0,2.0,0.0,4.0
CYP2S1,0.0,2.0,0.0,0.0,0.0,4.0
CYP2R1,0.0,0.0,0.0,2.0,0.0,4.0
PARVG,0.0,2.0,0.0,0.0,0.0,4.0
OSBP2,0.0,2.0,0.0,0.0,0.0,4.0
AQP5,0.0,0.0,0.0,2.0,0.0,4.0
PAIP2B,0.0,0.0,0.0,2.0,0.0,4.0
CYP2E1,0.0,0.0,1.0,1.0,0.0,4.0
CYP2C9,0.0,0.0,1.0,1.0,0.0,4.0
PALM,0.0,2.0,0.0,0.0,0.0,4.0
PALMD,0.0,0.0,0.0,2.0,0.0,4.0
PANK1,0.0,2.0,0.0,0.0,0.0,4.0
CYLC1,0.0,1.0,0.0,1.0,0.0,4.0
PAOX,0.0,2.0,0.0,0.0,0.0,4.0
P2RY8,0.0,2.0,0.0,0.0,0.0,4.0
PATE2,0.0,2.0,0.0,0.0,0.0,4.0
CYB5R4,0.0,2.0,0.0,0.0,0.0,4.0
P2RY4,0.0,1.0,0.0,1.0,0.0,4.0
OSBPL6,0.0,0.0,0.0,2.0,0.0,4.0
DAAM2,0.0,0.0,0.0,2.0,0.0,4.0
PAX4,0.0,0.0,0.0,2.0,0.0,4.0
PATL2,0.0,2.0,0.0,0.0,0.0,4.0
OSTC,0.0,1.0,0.0,1.0,0.0,4.0
APOH,0.0,0.0,0.0,2.0,0.0,4.0
OTC,0.0,0.0,0.0,2.0,0.0,4.0
OTOP2,0.0,1.0,0.0,1.0,0.0,4.0
APOL4,0.0,2.0,0.0,0.0,0.0,4.0
OTUD7A,0.0,0.0,0.0,2.0,0.0,4.0
CYTH4,0.0,2.0,0.0,0.0,0.0,4.0
OVOL1,0.0,2.0,0.0,0.0,0.0,4.0
OVOL3,0.0,2.0,0.0,0.0,0.0,4.0
APOM,0.0,1.0,0.0,1.0,0.0,4.0
OXSM,0.0,2.0,0.0,0.0,0.0,4.0
CYSRT1,0.0,2.0,0.0,0.0,0.0,4.0
CYS1,0.0,0.0,0.0,2.0,0.0,4.0
CYP8B1,0.0,1.0,1.0,0.0,0.0,4.0
P2RY1,0.0,0.0,0.0,2.0,0.0,4.0
ODAM,0.0,1.0,0.0,1.0,0.0,4.0
OFCC1,0.0,2.0,0.0,0.0,0.0,4.0
CXXC1,0.0,1.0,0.0,1.0,0.0,4.0
NR2F2-AS1,0.0,2.0,0.0,0.0,0.0,4.0
DEFA3,0.0,0.0,0.0,2.0,0.0,4.0
DEF8,0.0,2.0,0.0,0.0,0.0,4.0
NRAP,0.0,0.0,0.0,2.0,0.0,4.0
DDX52,0.0,1.0,0.0,1.0,0.0,4.0
PCDHB17P,0.0,1.0,0.0,1.0,0.0,4.0
NRIP2,0.0,2.0,0.0,0.0,0.0,4.0
NRIP3,0.0,2.0,0.0,0.0,0.0,4.0
PCDHB16,0.0,0.0,0.0,2.0,0.0,4.0
TRARG1,0.0,2.0,0.0,0.0,0.0,4.0
NRXN1,0.0,0.0,0.0,2.0,0.0,4.0
NRXN2,0.0,1.0,0.0,1.0,0.0,4.0
PCDHB15,0.0,1.0,0.0,1.0,0.0,4.0
NSD1,0.0,0.0,0.0,2.0,0.0,4.0
DDX3Y,0.0,2.0,0.0,0.0,0.0,4.0
DDX20,0.0,1.0,0.0,1.0,0.0,4.0
NSUN3,0.0,2.0,0.0,0.0,0.0,4.0
OCM2,0.0,0.0,0.0,2.0,0.0,4.0
NT5C1B,0.0,2.0,0.0,0.0,0.0,4.0
DDX19B,0.0,2.0,0.0,0.0,0.0,4.0
DEFA6,0.0,2.0,0.0,0.0,0.0,4.0
PCDHB2,0.0,2.0,0.0,0.0,0.0,4.0
NTM,0.0,0.0,0.0,2.0,0.0,4.0
PCDHB9,0.0,0.0,0.0,2.0,0.0,4.0
NPAP1,0.0,2.0,0.0,0.0,0.0,4.0
NPDC1,0.0,0.0,0.0,2.0,0.0,4.0
ANKRD27,0.0,1.0,0.0,1.0,0.0,4.0
ARFGEF3,0.0,2.0,0.0,0.0,0.0,4.0
NPFFR2,0.0,1.0,0.0,1.0,0.0,4.0
NPHP1,0.0,2.0,0.0,0.0,0.0,4.0
PCDHGA5,0.0,0.0,0.0,2.0,0.0,4.0
ARFGEF2,0.0,2.0,0.0,0.0,0.0,4.0
NPHS1,0.0,2.0,0.0,0.0,0.0,4.0
NPIPB15,0.0,0.0,0.0,2.0,0.0,4.0
DEFB132,0.0,1.0,0.0,1.0,0.0,4.0
TRIM15,0.0,1.0,0.0,1.0,0.0,4.0
ANKRD36BP2,0.0,2.0,0.0,0.0,0.0,4.0
TMEM87B,0.0,2.0,0.0,0.0,0.0,4.0
NPR2,0.0,1.0,0.0,1.0,0.0,4.0
NPY2R,0.0,0.0,0.0,2.0,0.0,4.0
ANKRD39,0.0,2.0,0.0,0.0,0.0,4.0
PCDHGA10,0.0,2.0,0.0,0.0,0.0,4.0
ANKRD40,0.0,2.0,0.0,0.0,0.0,4.0
DDX11L2,0.0,2.0,0.0,0.0,0.0,4.0
NSUN4,0.0,1.0,0.0,1.0,0.0,4.0
DCLK1,0.0,1.0,0.0,1.0,0.0,4.0
ANKRD9,0.0,0.0,0.0,2.0,0.0,4.0
DCLK3,0.0,1.0,0.0,1.0,0.0,4.0
ANO2,0.0,1.0,0.0,1.0,0.0,4.0
DCBLD2,0.0,1.0,0.0,1.0,0.0,4.0
ANO4,0.0,1.0,0.0,1.0,0.0,4.0
ANO5,0.0,0.0,0.0,2.0,0.0,4.0
TMIGD2,0.0,1.0,0.0,0.0,2.0,4.0
ANO9,0.0,1.0,0.0,1.0,0.0,4.0
CXORF51A,0.0,2.0,0.0,0.0,0.0,4.0
NXF2,0.0,2.0,0.0,0.0,0.0,4.0
NXNL2,0.0,1.0,0.0,1.0,0.0,4.0
TPT1P8,0.0,2.0,0.0,0.0,0.0,4.0
ANOS1,0.0,1.0,0.0,1.0,0.0,4.0
NYAP1,0.0,1.0,0.0,1.0,0.0,4.0
TPRKB,0.0,0.0,0.0,2.0,0.0,4.0
OACYLP,0.0,0.0,0.0,2.0,0.0,4.0
OBP2A,0.0,1.0,0.0,1.0,0.0,4.0
TPPP2,0.0,2.0,0.0,0.0,0.0,4.0
PCDH18,0.0,2.0,0.0,0.0,0.0,4.0
OC90,0.0,2.0,0.0,0.0,0.0,4.0
DBX2,0.0,1.0,0.0,1.0,0.0,4.0
PCDH17,0.0,2.0,0.0,0.0,0.0,4.0
NUMBL,0.0,1.0,0.0,1.0,0.0,4.0
PARL,0.0,2.0,0.0,0.0,0.0,4.0
NUDT7,0.0,1.0,0.0,1.0,0.0,4.0
ANKRD63,0.0,2.0,0.0,0.0,0.0,4.0
NTN1,0.0,1.0,0.0,1.0,0.0,4.0
NTN4,0.0,1.0,0.0,1.0,0.0,4.0
TMEM94,0.0,2.0,0.0,0.0,0.0,4.0
ANKRD61,0.0,1.0,0.0,1.0,0.0,4.0
NTSR2,0.0,1.0,0.0,1.0,0.0,4.0
DDHD2,0.0,2.0,0.0,0.0,0.0,4.0
PCDHB1,0.0,1.0,0.0,1.0,0.0,4.0
NUBPL,0.0,1.0,0.0,1.0,0.0,4.0
PCDHA10,0.0,1.0,0.0,1.0,0.0,4.0
PCDHA7,0.0,0.0,0.0,2.0,0.0,4.0
TMF1,0.0,2.0,0.0,0.0,0.0,4.0
NUDT15,0.0,1.0,0.0,1.0,0.0,4.0
DCXR,0.0,2.0,0.0,0.0,0.0,4.0
NUDT16,0.0,2.0,0.0,0.0,0.0,4.0
A2M-AS1,1.0,0.0,0.0,0.0,0.0,3.0
BCAP31,1.0,0.0,0.0,0.0,0.0,3.0
ZP2,1.0,0.0,0.0,0.0,0.0,3.0
A3GALT2,1.0,0.0,0.0,0.0,0.0,3.0
TMEM259,1.0,0.0,0.0,0.0,0.0,3.0
YIPF4,1.0,0.0,0.0,0.0,0.0,3.0
SPIRE2,1.0,0.0,0.0,0.0,0.0,3.0
ACOXL,1.0,0.0,0.0,0.0,0.0,3.0
ZSWIM2,1.0,0.0,0.0,0.0,0.0,3.0
TMEM25,1.0,0.0,0.0,0.0,0.0,3.0
AADACL2,1.0,0.0,0.0,0.0,0.0,3.0
TXLNA,0.0,0.0,0.0,1.0,1.0,3.0
TMEM52,1.0,0.0,0.0,0.0,0.0,3.0
SUGT1P3,1.0,0.0,0.0,0.0,0.0,3.0
SPMAP2,1.0,0.0,0.0,0.0,0.0,3.0
STK33,1.0,0.0,0.0,0.0,0.0,3.0
ZNF844,1.0,0.0,0.0,0.0,0.0,3.0
ATP6AP1L,1.0,0.0,0.0,0.0,0.0,3.0
ANO7L1,1.0,0.0,0.0,0.0,0.0,3.0
TAS2R1,1.0,0.0,0.0,0.0,0.0,3.0
TMEM106A,1.0,0.0,0.0,0.0,0.0,3.0
TMED6,1.0,0.0,0.0,0.0,0.0,3.0
ARMCX3,1.0,0.0,0.0,0.0,0.0,3.0
ZNF404,1.0,0.0,0.0,0.0,0.0,3.0
ZNF397,1.0,0.0,0.0,0.0,0.0,3.0
VCF1,1.0,0.0,0.0,0.0,0.0,3.0
ZNF148,1.0,0.0,0.0,0.0,0.0,3.0
TBC1D21,1.0,0.0,0.0,0.0,0.0,3.0
ZNF341,1.0,0.0,0.0,0.0,0.0,3.0
ADPRH,1.0,0.0,0.0,0.0,0.0,3.0
SRGAP2,1.0,0.0,0.0,0.0,0.0,3.0
TRDC,0.0,0.0,0.0,0.0,3.0,3.0
ANKRD42,1.0,0.0,0.0,0.0,0.0,3.0
USP39,1.0,0.0,0.0,0.0,0.0,3.0
TRGC1,0.0,0.0,0.0,0.0,3.0,3.0
TRGC2,0.0,1.0,0.0,0.0,1.0,3.0
BEND6,1.0,0.0,0.0,0.0,0.0,3.0
BAALC,1.0,0.0,0.0,0.0,0.0,3.0
ZNF223,1.0,0.0,0.0,0.0,0.0,3.0
ZNF236,1.0,0.0,0.0,0.0,0.0,3.0
ZNF23,1.0,0.0,0.0,0.0,0.0,3.0
STUM,1.0,0.0,0.0,0.0,0.0,3.0
UQCC1,1.0,0.0,0.0,0.0,0.0,3.0
TDRD3,1.0,0.0,0.0,0.0,0.0,3.0
STX19,1.0,0.0,0.0,0.0,0.0,3.0
ZBTB7A,0.0,1.0,0.0,0.0,1.0,3.0
AKAP17A,0.0,0.0,1.0,0.0,1.0,3.0
ZNF790,1.0,0.0,0.0,0.0,0.0,3.0
ZNF789,1.0,0.0,0.0,0.0,0.0,3.0
WDR97,1.0,0.0,0.0,0.0,0.0,3.0
ZNF764,1.0,0.0,0.0,0.0,0.0,3.0
BBLN,1.0,0.0,0.0,0.0,0.0,3.0
TMEM182,1.0,0.0,0.0,0.0,0.0,3.0
AGR2,1.0,0.0,0.0,0.0,0.0,3.0
TMEM177,1.0,0.0,0.0,0.0,0.0,3.0
TAAR5,1.0,0.0,0.0,0.0,0.0,3.0
TSR1,1.0,0.0,0.0,0.0,0.0,3.0
WDR5B,1.0,0.0,0.0,0.0,0.0,3.0
ATXN1L,1.0,0.0,0.0,0.0,0.0,3.0
SPRR2A,1.0,0.0,0.0,0.0,0.0,3.0
ZCWPW1,1.0,0.0,0.0,0.0,0.0,3.0
TNS2,1.0,0.0,0.0,0.0,0.0,3.0
WDR27,1.0,0.0,0.0,0.0,0.0,3.0
ANKRD23,1.0,0.0,0.0,0.0,0.0,3.0
ART5,1.0,0.0,0.0,0.0,0.0,3.0
TSIX,1.0,0.0,0.0,0.0,0.0,3.0
TOR2A,1.0,0.0,0.0,0.0,0.0,3.0
AOC3,1.0,0.0,0.0,0.0,0.0,3.0
ZNF583,1.0,0.0,0.0,0.0,0.0,3.0
MDP1,1.0,0.0,0.0,0.0,0.0,3.0
PIERCE2,1.0,0.0,0.0,0.0,0.0,3.0
HHLA2,0.0,0.0,0.0,0.0,3.0,3.0
REG4,1.0,0.0,0.0,0.0,0.0,3.0
METTL25,1.0,0.0,0.0,0.0,0.0,3.0
PPIP5K1,1.0,0.0,0.0,0.0,0.0,3.0
PPFIBP2,1.0,0.0,0.0,0.0,0.0,3.0
HRH4,1.0,0.0,0.0,0.0,0.0,3.0
RNF157-AS1,1.0,0.0,0.0,0.0,0.0,3.0
NOXRED1,1.0,0.0,0.0,0.0,0.0,3.0
PDXDC2P,1.0,0.0,0.0,0.0,0.0,3.0
LINC01785,1.0,0.0,0.0,0.0,0.0,3.0
NPFF,1.0,0.0,0.0,0.0,0.0,3.0
LRRN4,1.0,0.0,0.0,0.0,0.0,3.0
C10ORF95-AS1,1.0,0.0,0.0,0.0,0.0,3.0
SERINC4,1.0,0.0,0.0,0.0,0.0,3.0
CECR3,1.0,0.0,0.0,0.0,0.0,3.0
COX8BP,1.0,0.0,0.0,0.0,0.0,3.0
KRT80,1.0,0.0,0.0,0.0,0.0,3.0
POPDC2,1.0,0.0,0.0,0.0,0.0,3.0
KIRREL3-AS3,1.0,0.0,0.0,0.0,0.0,3.0
PHB1,0.0,0.0,1.0,0.0,1.0,3.0
FRMD5,1.0,0.0,0.0,0.0,0.0,3.0
RALGPS2,1.0,0.0,0.0,0.0,0.0,3.0
PPM1G,1.0,0.0,0.0,0.0,0.0,3.0
MEIS3,1.0,0.0,0.0,0.0,0.0,3.0
ELOCP28,1.0,0.0,0.0,0.0,0.0,3.0
LINC01569,1.0,0.0,0.0,0.0,0.0,3.0
FAM83C,1.0,0.0,0.0,0.0,0.0,3.0
IRF2BP2,0.0,1.0,0.0,0.0,1.0,3.0
HOXD8,1.0,0.0,0.0,0.0,0.0,3.0
CUBN,1.0,0.0,0.0,0.0,0.0,3.0
IGHMBP2,1.0,0.0,0.0,0.0,0.0,3.0
C17ORF67,1.0,0.0,0.0,0.0,0.0,3.0
NLRP13,1.0,0.0,0.0,0.0,0.0,3.0
DACT2,1.0,0.0,0.0,0.0,0.0,3.0
PDCD2L,1.0,0.0,0.0,0.0,0.0,3.0
LRRC74A,1.0,0.0,0.0,0.0,0.0,3.0
GZF1,1.0,0.0,0.0,0.0,0.0,3.0
CDC14C,1.0,0.0,0.0,0.0,0.0,3.0
CD99L2,1.0,0.0,0.0,0.0,0.0,3.0
PPP1R2P1,1.0,0.0,0.0,0.0,0.0,3.0
PDE6A,1.0,0.0,0.0,0.0,0.0,3.0
GCFC2,1.0,0.0,0.0,0.0,0.0,3.0
OR8A1,1.0,0.0,0.0,0.0,0.0,3.0
LINC01550,1.0,0.0,0.0,0.0,0.0,3.0
ISX,1.0,0.0,0.0,0.0,0.0,3.0
BTN2A3P,0.0,1.0,0.0,0.0,1.0,3.0
BTNL10P,0.0,0.0,0.0,1.0,1.0,3.0
GIPC3,1.0,0.0,0.0,0.0,0.0,3.0
MRPL20-AS1,1.0,0.0,0.0,0.0,0.0,3.0
C1ORF167,1.0,0.0,0.0,0.0,0.0,3.0
CES1P1,1.0,0.0,0.0,0.0,0.0,3.0
SLC46A2,0.0,0.0,0.0,0.0,3.0,3.0
LINC02877,1.0,0.0,0.0,0.0,0.0,3.0
OR2H2,1.0,0.0,0.0,0.0,0.0,3.0
FAM170B,1.0,0.0,0.0,0.0,0.0,3.0
MPND,1.0,0.0,0.0,0.0,0.0,3.0
FAM171B,1.0,0.0,0.0,0.0,0.0,3.0
MLLT1,1.0,0.0,0.0,0.0,0.0,3.0
PLXNA3,1.0,0.0,0.0,0.0,0.0,3.0
KLHL7,1.0,0.0,0.0,0.0,0.0,3.0
MIR130A,0.0,1.0,0.0,0.0,1.0,3.0
SH2D4B,1.0,0.0,0.0,0.0,0.0,3.0
NTPCR,1.0,0.0,0.0,0.0,0.0,3.0
HCG4,1.0,0.0,0.0,0.0,0.0,3.0
DYRK4,1.0,0.0,0.0,0.0,0.0,3.0
RBM26-AS1,1.0,0.0,0.0,0.0,0.0,3.0
KLF8,1.0,0.0,0.0,0.0,0.0,3.0
SLC39A2,1.0,0.0,0.0,0.0,0.0,3.0
GFER,1.0,0.0,0.0,0.0,0.0,3.0
SLC39A10,0.0,0.0,0.0,1.0,1.0,3.0
HDHD5-AS1,1.0,0.0,0.0,0.0,0.0,3.0
HTR6,1.0,0.0,0.0,0.0,0.0,3.0
KCNK10,1.0,0.0,0.0,0.0,0.0,3.0
C15ORF32,1.0,0.0,0.0,0.0,0.0,3.0
PNPLA5,1.0,0.0,0.0,0.0,0.0,3.0
NPY1R,1.0,0.0,0.0,0.0,0.0,3.0
EPHA1-AS1,1.0,0.0,0.0,0.0,0.0,3.0
EGFL7,1.0,0.0,0.0,0.0,0.0,3.0
FAM209A,1.0,0.0,0.0,0.0,0.0,3.0
SLC6A14,1.0,0.0,0.0,0.0,0.0,3.0
RNF214,1.0,0.0,0.0,0.0,0.0,3.0
CEP83-DT,1.0,0.0,0.0,0.0,0.0,3.0
IDO2,1.0,0.0,0.0,0.0,0.0,3.0
SLC5A4,1.0,0.0,0.0,0.0,0.0,3.0
LRTOMT,1.0,0.0,0.0,0.0,0.0,3.0
SLC5A1,1.0,0.0,0.0,0.0,0.0,3.0
MIR138-2,1.0,0.0,0.0,0.0,0.0,3.0
PEX26,1.0,0.0,0.0,0.0,0.0,3.0
SLC52A3,1.0,0.0,0.0,0.0,0.0,3.0
SLC52A1,1.0,0.0,0.0,0.0,0.0,3.0
IDNK,1.0,0.0,0.0,0.0,0.0,3.0
FAR2P1,1.0,0.0,0.0,0.0,0.0,3.0
SLC4A3,1.0,0.0,0.0,0.0,0.0,3.0
GGACT,1.0,0.0,0.0,0.0,0.0,3.0
FAM156A,1.0,0.0,0.0,0.0,0.0,3.0
SH3GL1P2,1.0,0.0,0.0,0.0,0.0,3.0
PPTC7,1.0,0.0,0.0,0.0,0.0,3.0
GVQW3,1.0,0.0,0.0,0.0,0.0,3.0
ERMN,1.0,0.0,0.0,0.0,0.0,3.0
KHDC1,1.0,0.0,0.0,0.0,0.0,3.0
C22ORF15,1.0,0.0,0.0,0.0,0.0,3.0
SIX2,1.0,0.0,0.0,0.0,0.0,3.0
DLEU7,1.0,0.0,0.0,0.0,0.0,3.0
RHPN2,1.0,0.0,0.0,0.0,0.0,3.0
CCDC113,1.0,0.0,0.0,0.0,0.0,3.0
DNAL1,1.0,0.0,0.0,0.0,0.0,3.0
C20ORF96,1.0,0.0,0.0,0.0,0.0,3.0
FMO3,1.0,0.0,0.0,0.0,0.0,3.0
SP2-AS1,1.0,0.0,0.0,0.0,0.0,3.0
PRKAG2-AS1,1.0,0.0,0.0,0.0,0.0,3.0
CPSF4L,1.0,0.0,0.0,0.0,0.0,3.0
GRM1,1.0,0.0,0.0,0.0,0.0,3.0
GPBP1L1,1.0,0.0,0.0,0.0,0.0,3.0
HMCN1,1.0,0.0,0.0,0.0,0.0,3.0
PRIMA1,1.0,0.0,0.0,0.0,0.0,3.0
IL11,0.0,1.0,0.0,0.0,1.0,3.0
PRELID2,1.0,0.0,0.0,0.0,0.0,3.0
CYTOR,1.0,0.0,0.0,0.0,0.0,3.0
GRIP2,1.0,0.0,0.0,0.0,0.0,3.0
GRIPAP1,1.0,0.0,0.0,0.0,0.0,3.0
LEAP2,1.0,0.0,0.0,0.0,0.0,3.0
SOSTDC1,1.0,0.0,0.0,0.0,0.0,3.0
FAM47C,1.0,0.0,0.0,0.0,0.0,3.0
CDKL2,1.0,0.0,0.0,0.0,0.0,3.0
PARD6B,1.0,0.0,0.0,0.0,0.0,3.0
PARG,1.0,0.0,0.0,0.0,0.0,3.0
INCA1,1.0,0.0,0.0,0.0,0.0,3.0
GPR153,1.0,0.0,0.0,0.0,0.0,3.0
ENSG00000213963,1.0,0.0,0.0,0.0,0.0,3.0
RGS8,1.0,0.0,0.0,0.0,0.0,3.0
FIGLA,1.0,0.0,0.0,0.0,0.0,3.0
SAMD12,1.0,0.0,0.0,0.0,0.0,3.0
C2ORF50,1.0,0.0,0.0,0.0,0.0,3.0
CATSPERE,1.0,0.0,0.0,0.0,0.0,3.0
IL36B,0.0,0.0,0.0,0.0,3.0,3.0
RXFP3,1.0,0.0,0.0,0.0,0.0,3.0
MIR30B,0.0,0.0,0.0,0.0,3.0,3.0
GPR32,1.0,0.0,0.0,0.0,0.0,3.0
C2ORF88,1.0,0.0,0.0,0.0,0.0,3.0
PSG9,0.0,0.0,0.0,0.0,3.0,3.0
SLC12A1,1.0,0.0,0.0,0.0,0.0,3.0
LRRC24,1.0,0.0,0.0,0.0,0.0,3.0
INPP5K,1.0,0.0,0.0,0.0,0.0,3.0
CRCP,1.0,0.0,0.0,0.0,0.0,3.0
EXD1,1.0,0.0,0.0,0.0,0.0,3.0
DMRTC1B,1.0,0.0,0.0,0.0,0.0,3.0
MIR3945HG,1.0,0.0,0.0,0.0,0.0,3.0
BOP1,1.0,0.0,0.0,0.0,0.0,3.0
EME2,1.0,0.0,0.0,0.0,0.0,3.0
LDHD,1.0,0.0,0.0,0.0,0.0,3.0
DIP2A,1.0,0.0,0.0,0.0,0.0,3.0
PACS2,1.0,0.0,0.0,0.0,0.0,3.0
MIR451A,1.0,0.0,0.0,0.0,0.0,3.0
CHN2,1.0,0.0,0.0,0.0,0.0,3.0
GOLIM4,1.0,0.0,0.0,0.0,0.0,3.0
LCE1E,1.0,0.0,0.0,0.0,0.0,3.0
ERMAP,0.0,0.0,0.0,1.0,1.0,3.0
MTX1,1.0,0.0,0.0,0.0,0.0,3.0
GTF2E1,1.0,0.0,0.0,0.0,0.0,3.0
LRRC4,1.0,0.0,0.0,0.0,0.0,3.0
GARIN1A,1.0,0.0,0.0,0.0,0.0,3.0
LAYN,1.0,0.0,0.0,0.0,0.0,3.0
PTRH1,1.0,0.0,0.0,0.0,0.0,3.0
GOLGA4-AS1,1.0,0.0,0.0,0.0,0.0,3.0
SLC22A12,1.0,0.0,0.0,0.0,0.0,3.0
PCP4,1.0,0.0,0.0,0.0,0.0,3.0
RFLNA,1.0,0.0,0.0,0.0,0.0,3.0
CHRNA4,0.0,1.0,0.0,0.0,1.0,3.0
DCAF15,0.0,0.0,0.0,1.0,1.0,3.0
C3ORF84,1.0,0.0,0.0,0.0,0.0,3.0
HOXB8,1.0,0.0,0.0,0.0,0.0,3.0
DNLZ,1.0,0.0,0.0,0.0,0.0,3.0
SCGB2A1,1.0,0.0,0.0,0.0,0.0,3.0
SDHAP1,1.0,0.0,0.0,0.0,0.0,3.0
DICER1-AS1,1.0,0.0,0.0,0.0,0.0,3.0
SNHG29,1.0,0.0,0.0,0.0,0.0,3.0
DNM3OS,1.0,0.0,0.0,0.0,0.0,3.0
OBI1,1.0,0.0,0.0,0.0,0.0,3.0
PRDM6,1.0,0.0,0.0,0.0,0.0,3.0
IKZF4,1.0,0.0,0.0,0.0,0.0,3.0
MTHFSD,1.0,0.0,0.0,0.0,0.0,3.0
C3ORF80,1.0,0.0,0.0,0.0,0.0,3.0
GUCA2A,1.0,0.0,0.0,0.0,0.0,3.0
PXT1,1.0,0.0,0.0,0.0,0.0,3.0
PRAMEF12,1.0,0.0,0.0,0.0,0.0,3.0
UTP15,0.0,1.0,0.0,0.0,0.0,2.0
LRRC38,0.0,1.0,0.0,0.0,0.0,2.0
ERC2-IT1,0.0,0.0,0.0,1.0,0.0,2.0
LRRC69,0.0,1.0,0.0,0.0,0.0,2.0
ADGRF4,0.0,0.0,0.0,1.0,0.0,2.0
VANGL2,0.0,1.0,0.0,0.0,0.0,2.0
LSM11,0.0,1.0,0.0,0.0,0.0,2.0
LRRC70,0.0,1.0,0.0,0.0,0.0,2.0
ADGRG2,0.0,0.0,0.0,1.0,0.0,2.0
LRRC73,0.0,1.0,0.0,0.0,0.0,2.0
LRRC77P,0.0,1.0,0.0,0.0,0.0,2.0
LRRN2,0.0,1.0,0.0,0.0,0.0,2.0
LRRTM2,0.0,1.0,0.0,0.0,0.0,2.0
LRRN1,0.0,1.0,0.0,0.0,0.0,2.0
ERCC6L2,0.0,0.0,0.0,1.0,0.0,2.0
LRSAM1,0.0,0.0,0.0,1.0,0.0,2.0
LRRC8B,0.0,1.0,0.0,0.0,0.0,2.0
ADH1B,0.0,1.0,0.0,0.0,0.0,2.0
LRRC66,0.0,0.0,0.0,1.0,0.0,2.0
ADGRG7,0.0,0.0,0.0,1.0,0.0,2.0
LRRC3C,0.0,1.0,0.0,0.0,0.0,2.0
UTP20,0.0,1.0,0.0,0.0,0.0,2.0
ADH1A,0.0,1.0,0.0,0.0,0.0,2.0
LRRC45,0.0,1.0,0.0,0.0,0.0,2.0
LRRC39,0.0,1.0,0.0,0.0,0.0,2.0
LSM8,0.0,0.0,1.0,0.0,0.0,2.0
SPIN4,0.0,1.0,0.0,0.0,0.0,2.0
UTF1,0.0,0.0,0.0,1.0,0.0,2.0
ENSG00000290941,0.0,1.0,0.0,0.0,0.0,2.0
ENSG00000274253,0.0,1.0,0.0,0.0,0.0,2.0
ENSG00000274276,0.0,0.0,0.0,1.0,0.0,2.0
ENSG00000275465,0.0,1.0,0.0,0.0,0.0,2.0
MAP3K19,0.0,1.0,0.0,0.0,0.0,2.0
MAP3K15,0.0,1.0,0.0,0.0,0.0,2.0
ENSG00000284217,0.0,0.0,0.0,1.0,0.0,2.0
ENSG00000284837,0.0,1.0,0.0,0.0,0.0,2.0
ENSG00000286546,0.0,1.0,0.0,0.0,0.0,2.0
ENSG00000291065,0.0,1.0,0.0,0.0,0.0,2.0
ENSG00000268472,0.0,1.0,0.0,0.0,0.0,2.0
ENSG00000291107,0.0,1.0,0.0,0.0,0.0,2.0
ENSG00000291211,0.0,1.0,0.0,0.0,0.0,2.0
ENTPD1-AS1,0.0,1.0,0.0,0.0,0.0,2.0
MAN2C1,0.0,0.0,0.0,1.0,0.0,2.0
ENTPD2,0.0,0.0,0.0,1.0,0.0,2.0
ENTPD3,0.0,0.0,0.0,1.0,0.0,2.0
MAN1B1-DT,0.0,1.0,0.0,0.0,0.0,2.0
MAMDC4,0.0,0.0,0.0,1.0,0.0,2.0
ENSG00000269761,0.0,1.0,0.0,0.0,0.0,2.0
ENSG00000268460,0.0,0.0,0.0,1.0,0.0,2.0
LSMEM2,0.0,1.0,0.0,0.0,0.0,2.0
ENSG00000246130,0.0,1.0,0.0,0.0,0.0,2.0
ENSG00000224888,0.0,1.0,0.0,0.0,0.0,2.0
MAPK8IP3,0.0,0.0,0.0,1.0,0.0,2.0
AFAP1L1,0.0,0.0,0.0,1.0,0.0,2.0
ENSG00000229727,0.0,1.0,0.0,0.0,0.0,2.0
ENSG00000235138,0.0,1.0,0.0,0.0,0.0,2.0
MAPK1IP1L,0.0,1.0,0.0,0.0,0.0,2.0
USH1G,0.0,0.0,0.0,1.0,0.0,2.0
MAPK15,0.0,0.0,0.0,1.0,0.0,2.0
ENSG00000248540,0.0,1.0,0.0,0.0,0.0,2.0
ENSG00000267665,0.0,1.0,0.0,0.0,0.0,2.0
ENSG00000255537,0.0,1.0,0.0,0.0,0.0,2.0
ENSG00000261327,0.0,1.0,0.0,0.0,0.0,2.0
ENSG00000261924,0.0,1.0,0.0,0.0,0.0,2.0
ENSG00000263499,0.0,0.0,0.0,1.0,0.0,2.0
MAP7D1,0.0,1.0,0.0,0.0,0.0,2.0
MAP6D1,0.0,1.0,0.0,0.0,0.0,2.0
MAP6,0.0,1.0,0.0,0.0,0.0,2.0
ENSG00000267260,0.0,1.0,0.0,0.0,0.0,2.0
EOLA1-DT,0.0,1.0,0.0,0.0,0.0,2.0
ADRA1D,0.0,0.0,0.0,1.0,0.0,2.0
MALL,0.0,1.0,0.0,0.0,0.0,2.0
LYG2,0.0,1.0,0.0,0.0,0.0,2.0
USP40,0.0,1.0,0.0,0.0,0.0,2.0
EPHA10,0.0,0.0,0.0,1.0,0.0,2.0
EPHA5-AS1,0.0,0.0,0.0,1.0,0.0,2.0
LYRM9,0.0,0.0,0.0,1.0,0.0,2.0
LYRM4-AS1,0.0,1.0,0.0,0.0,0.0,2.0
EPHA7,0.0,0.0,0.0,1.0,0.0,2.0
LYPLA2P1,0.0,1.0,0.0,0.0,0.0,2.0
EPHB4,0.0,1.0,0.0,0.0,0.0,2.0
EPHX3,0.0,0.0,0.0,1.0,0.0,2.0
ADRA1B,0.0,0.0,0.0,1.0,0.0,2.0
EPHX4,0.0,1.0,0.0,0.0,0.0,2.0
LY6G5C,0.0,0.0,0.0,1.0,0.0,2.0
LY6G5B,0.0,0.0,0.0,1.0,0.0,2.0
LVRN,0.0,1.0,0.0,0.0,0.0,2.0
LUZP4,0.0,1.0,0.0,0.0,0.0,2.0
LURAP1L,0.0,1.0,0.0,0.0,0.0,2.0
EPYC,0.0,1.0,0.0,0.0,0.0,2.0
ERAP2,0.0,1.0,0.0,0.0,0.0,2.0
M1AP,0.0,0.0,0.0,1.0,0.0,2.0
MACF1,0.0,0.0,0.0,1.0,0.0,2.0
MACROH2A2,0.0,1.0,0.0,0.0,0.0,2.0
EPB41L5,0.0,1.0,0.0,0.0,0.0,2.0
EOLA2,0.0,1.0,0.0,0.0,0.0,2.0
EP400,0.0,0.0,0.0,1.0,0.0,2.0
MAGIX,0.0,0.0,0.0,1.0,0.0,2.0
EP400P1,0.0,1.0,0.0,0.0,0.0,2.0
MAGEB17,0.0,1.0,0.0,0.0,0.0,2.0
MAGEB16,0.0,1.0,0.0,0.0,0.0,2.0
USP27X,0.0,1.0,0.0,0.0,0.0,2.0
MAGEA9B,0.0,0.0,0.0,1.0,0.0,2.0
MAGEA2B,0.0,0.0,0.0,1.0,0.0,2.0
MAGEA10,0.0,1.0,0.0,0.0,0.0,2.0
USP3-AS1,0.0,1.0,0.0,0.0,0.0,2.0
MAFIP,0.0,0.0,0.0,1.0,0.0,2.0
USP30-AS1,0.0,0.0,0.0,1.0,0.0,2.0
EPB41L4A-AS1,0.0,1.0,0.0,0.0,0.0,2.0
MADCAM1,0.0,0.0,0.0,1.0,0.0,2.0
ADORA1,0.0,0.0,0.0,1.0,0.0,2.0
ADGRF3,0.0,1.0,0.0,0.0,0.0,2.0
MAD2L1BP,0.0,0.0,0.0,1.0,0.0,2.0
VILL,0.0,1.0,0.0,0.0,0.0,2.0
LRRC37A4P,0.0,1.0,0.0,0.0,0.0,2.0
LINC01348,0.0,1.0,0.0,0.0,0.0,2.0
VWA5B2,0.0,1.0,0.0,0.0,0.0,2.0
VWA7,0.0,1.0,0.0,0.0,0.0,2.0
LINC01312,0.0,0.0,0.0,1.0,0.0,2.0
LINC01305,0.0,0.0,0.0,1.0,0.0,2.0
LINC01304,0.0,1.0,0.0,0.0,0.0,2.0
LINC01281,0.0,1.0,0.0,0.0,0.0,2.0
VWDE,0.0,0.0,0.0,1.0,0.0,2.0
LINC01278,0.0,1.0,0.0,0.0,0.0,2.0
VXN,0.0,1.0,0.0,0.0,0.0,2.0
LINC01260,0.0,0.0,0.0,1.0,0.0,2.0
LINC01257,0.0,0.0,0.0,1.0,0.0,2.0
LINC01230,0.0,0.0,0.0,1.0,0.0,2.0
LINC01226,0.0,1.0,0.0,0.0,0.0,2.0
LINC01191,0.0,1.0,0.0,0.0,0.0,2.0
LINC01168,0.0,0.0,0.0,1.0,0.0,2.0
LINC01144,0.0,1.0,0.0,0.0,0.0,2.0
LINC01123,0.0,1.0,0.0,0.0,0.0,2.0
LINC01098,0.0,1.0,0.0,0.0,0.0,2.0
LINC01096,0.0,1.0,0.0,0.0,0.0,2.0
VWA5B1,0.0,1.0,0.0,0.0,0.0,2.0
VWA3B,0.0,1.0,0.0,0.0,0.0,2.0
LINC01091,0.0,1.0,0.0,0.0,0.0,2.0
VWA3A,0.0,1.0,0.0,0.0,0.0,2.0
LINC01783,0.0,1.0,0.0,0.0,0.0,2.0
LINC01711,0.0,1.0,0.0,0.0,0.0,2.0
LINC01704,0.0,1.0,0.0,0.0,0.0,2.0
LINC01657,0.0,0.0,0.0,1.0,0.0,2.0
LINC01619,0.0,1.0,0.0,0.0,0.0,2.0
LINC01597,0.0,0.0,0.0,1.0,0.0,2.0
VSNL1,0.0,1.0,0.0,0.0,0.0,2.0
VSTM1,0.0,1.0,0.0,0.0,0.0,2.0
VSTM2A,0.0,0.0,0.0,1.0,0.0,2.0
LINC01587,0.0,1.0,0.0,0.0,0.0,2.0
VSTM2L,0.0,0.0,0.0,1.0,0.0,2.0
VSTM5,0.0,1.0,0.0,0.0,0.0,2.0
LINC01539,0.0,1.0,0.0,0.0,0.0,2.0
LINC01530,0.0,1.0,0.0,0.0,0.0,2.0
LINC01521,0.0,1.0,0.0,0.0,0.0,2.0
LINC01517,0.0,0.0,0.0,1.0,0.0,2.0
LINC01405,0.0,1.0,0.0,0.0,0.0,2.0
LINC01364,0.0,1.0,0.0,0.0,0.0,2.0
VWA2,0.0,1.0,0.0,0.0,0.0,2.0
LINC01094,0.0,1.0,0.0,0.0,0.0,2.0
LINC01085,0.0,1.0,0.0,0.0,0.0,2.0
ADGRF2P,0.0,1.0,0.0,0.0,0.0,2.0
LINC00869,0.0,0.0,0.0,1.0,0.0,2.0
LINC00851,0.0,1.0,0.0,0.0,0.0,2.0
LINC00842,0.0,1.0,0.0,0.0,0.0,2.0
LINC00692,0.0,1.0,0.0,0.0,0.0,2.0
LINC00691,0.0,1.0,0.0,0.0,0.0,2.0
LINC00667,0.0,0.0,0.0,1.0,0.0,2.0
LINC00642,0.0,1.0,0.0,0.0,0.0,2.0
LINC00624,0.0,1.0,0.0,0.0,0.0,2.0
LINC00622,0.0,1.0,0.0,0.0,0.0,2.0
WDR36,0.0,0.0,0.0,1.0,0.0,2.0
LINC00615,0.0,1.0,0.0,0.0,0.0,2.0
LINC00595,0.0,1.0,0.0,0.0,0.0,2.0
LINC00592,0.0,1.0,0.0,0.0,0.0,2.0
LINC00587,0.0,1.0,0.0,0.0,0.0,2.0
LINC00574,0.0,1.0,0.0,0.0,0.0,2.0
ACTN3,0.0,0.0,0.0,1.0,0.0,2.0
LINC00525,0.0,1.0,0.0,0.0,0.0,2.0
LINC00494,0.0,0.0,0.0,1.0,0.0,2.0
LINC00488,0.0,1.0,0.0,0.0,0.0,2.0
LINC00477,0.0,1.0,0.0,0.0,0.0,2.0
LINC00852,0.0,1.0,0.0,0.0,0.0,2.0
WDR18,0.0,1.0,0.0,0.0,0.0,2.0
LINC01013,0.0,1.0,0.0,0.0,0.0,2.0
WDR17,0.0,0.0,0.0,1.0,0.0,2.0
LINC01012,0.0,0.0,0.0,1.0,0.0,2.0
LINC01004,0.0,0.0,0.0,1.0,0.0,2.0
LINC00964,0.0,1.0,0.0,0.0,0.0,2.0
LINC00960,0.0,1.0,0.0,0.0,0.0,2.0
LINC00955,0.0,0.0,0.0,1.0,0.0,2.0
LINC00954,0.0,1.0,0.0,0.0,0.0,2.0
LINC00951,0.0,1.0,0.0,0.0,0.0,2.0
LINC00926,0.0,1.0,0.0,0.0,0.0,2.0
LINC00921,0.0,1.0,0.0,0.0,0.0,2.0
LINC00910,0.0,1.0,0.0,0.0,0.0,2.0
WDFY2,0.0,1.0,0.0,0.0,0.0,2.0
LINC00906,0.0,1.0,0.0,0.0,0.0,2.0
ACTR6,0.0,1.0,0.0,0.0,0.0,2.0
LINC00899,0.0,1.0,0.0,0.0,0.0,2.0
LINC00887,0.0,1.0,0.0,0.0,0.0,2.0
LINC00886,0.0,1.0,0.0,0.0,0.0,2.0
LINC00879,0.0,0.0,0.0,1.0,0.0,2.0
ACTR3C,0.0,1.0,0.0,0.0,0.0,2.0
LINC00877,0.0,0.0,0.0,1.0,0.0,2.0
LINC01904,0.0,1.0,0.0,0.0,0.0,2.0
LINC01940,0.0,0.0,0.0,1.0,0.0,2.0
LINC01973,0.0,1.0,0.0,0.0,0.0,2.0
LPO,0.0,1.0,0.0,0.0,0.0,2.0
LPA,0.0,0.0,0.0,1.0,0.0,2.0
VENTXP1,0.0,1.0,0.0,0.0,0.0,2.0
VENTXP7,0.0,0.0,0.0,1.0,0.0,2.0
VEPH1,0.0,1.0,0.0,0.0,0.0,2.0
ADCY10,0.0,1.0,0.0,0.0,0.0,2.0
LOXL1-AS1,0.0,1.0,0.0,0.0,0.0,2.0
ESRRG,0.0,1.0,0.0,0.0,0.0,2.0
LNX1,0.0,0.0,0.0,1.0,0.0,2.0
LNPK,0.0,1.0,0.0,0.0,0.0,2.0
LMTK3,0.0,1.0,0.0,0.0,0.0,2.0
LMOD1,0.0,1.0,0.0,0.0,0.0,2.0
UROC1,0.0,1.0,0.0,0.0,0.0,2.0
ADAT3,0.0,0.0,0.0,1.0,0.0,2.0
ESX1,0.0,0.0,0.0,1.0,0.0,2.0
ADAT1,0.0,0.0,0.0,1.0,0.0,2.0
LMNTD1,0.0,1.0,0.0,0.0,0.0,2.0
ESYT3,0.0,0.0,0.0,1.0,0.0,2.0
LMBRD2,0.0,0.0,0.0,1.0,0.0,2.0
LMBR1,0.0,1.0,0.0,0.0,0.0,2.0
ERP27,0.0,0.0,0.0,1.0,0.0,2.0
ADD2,0.0,1.0,0.0,0.0,0.0,2.0
ADAM20,0.0,0.0,0.0,1.0,0.0,2.0
ERMARD,0.0,0.0,0.0,1.0,0.0,2.0
LRRC37A2,0.0,1.0,0.0,0.0,0.0,2.0
LRRC36,0.0,0.0,0.0,1.0,0.0,2.0
ADGRF1,0.0,1.0,0.0,0.0,0.0,2.0
ADGRE4P,0.0,0.0,0.0,1.0,0.0,2.0
LRRC34,0.0,0.0,0.0,1.0,0.0,2.0
LRRC31,0.0,0.0,0.0,1.0,0.0,2.0
LRRC10B,0.0,1.0,0.0,0.0,0.0,2.0
LRRC10,0.0,0.0,0.0,1.0,0.0,2.0
ADGRD2,0.0,0.0,0.0,1.0,0.0,2.0
ERGIC2,0.0,1.0,0.0,0.0,0.0,2.0
LRP5L,0.0,1.0,0.0,0.0,0.0,2.0
LRP11,0.0,1.0,0.0,0.0,0.0,2.0
ERICH3,0.0,0.0,0.0,1.0,0.0,2.0
ADGRB1,0.0,1.0,0.0,0.0,0.0,2.0
ERICH6,0.0,1.0,0.0,0.0,0.0,2.0
LRIT2,0.0,1.0,0.0,0.0,0.0,2.0
VCY,0.0,0.0,0.0,1.0,0.0,2.0
LRIT1,0.0,1.0,0.0,0.0,0.0,2.0
LRCH3,0.0,1.0,0.0,0.0,0.0,2.0
LKAAEAR1,0.0,0.0,0.0,1.0,0.0,2.0
VLDLR-AS1,0.0,0.0,0.0,1.0,0.0,2.0
VMA21,0.0,0.0,0.0,1.0,0.0,2.0
LITATS1,0.0,1.0,0.0,0.0,0.0,2.0
LINC02796,0.0,1.0,0.0,0.0,0.0,2.0
LINC02777,0.0,0.0,0.0,1.0,0.0,2.0
LINC02693,0.0,1.0,0.0,0.0,0.0,2.0
LINC02609,0.0,1.0,0.0,0.0,0.0,2.0
LINC02591,0.0,1.0,0.0,0.0,0.0,2.0
LINC02579,0.0,1.0,0.0,0.0,0.0,2.0
ADAM29,0.0,0.0,0.0,1.0,0.0,2.0
LINC02487,0.0,1.0,0.0,0.0,0.0,2.0
LINC02458,0.0,1.0,0.0,0.0,0.0,2.0
LINC02453,0.0,0.0,0.0,1.0,0.0,2.0
LINC02431,0.0,1.0,0.0,0.0,0.0,2.0
LINC02393,0.0,1.0,0.0,0.0,0.0,2.0
LINC02381,0.0,1.0,0.0,0.0,0.0,2.0
LINC02361,0.0,0.0,0.0,1.0,0.0,2.0
VPS51,0.0,1.0,0.0,0.0,0.0,2.0
LINC02210-CRHR1,0.0,0.0,0.0,1.0,0.0,2.0
LINC02112,0.0,1.0,0.0,0.0,0.0,2.0
LINC02092,0.0,1.0,0.0,0.0,0.0,2.0
LINC02076,0.0,1.0,0.0,0.0,0.0,2.0
LINC02806,0.0,1.0,0.0,0.0,0.0,2.0
LINC02873,0.0,1.0,0.0,0.0,0.0,2.0
LINC02878,0.0,1.0,0.0,0.0,0.0,2.0
LINGO3,0.0,0.0,0.0,1.0,0.0,2.0
ETFRF1,0.0,1.0,0.0,0.0,0.0,2.0
LIPK,0.0,1.0,0.0,0.0,0.0,2.0
VN1R2,0.0,1.0,0.0,0.0,0.0,2.0
VN1R3,0.0,1.0,0.0,0.0,0.0,2.0
LIPJ,0.0,1.0,0.0,0.0,0.0,2.0
LIPH,0.0,0.0,0.0,1.0,0.0,2.0
LIPG,0.0,1.0,0.0,0.0,0.0,2.0
LIPF,0.0,1.0,0.0,0.0,0.0,2.0
LINGO2,0.0,0.0,0.0,1.0,0.0,2.0
LINC02880,0.0,0.0,0.0,1.0,0.0,2.0
LINGO1-AS1,0.0,1.0,0.0,0.0,0.0,2.0
VPS13A,0.0,1.0,0.0,0.0,0.0,2.0
LINC03050,0.0,0.0,1.0,0.0,0.0,2.0
LINC03040,0.0,0.0,0.0,1.0,0.0,2.0
LINC03000,0.0,0.0,0.0,1.0,0.0,2.0
LINC02910,0.0,1.0,0.0,0.0,0.0,2.0
LINC02901,0.0,1.0,0.0,0.0,0.0,2.0
ADAM3A,0.0,0.0,1.0,0.0,0.0,2.0
ENSG00000187951,0.0,0.0,1.0,0.0,0.0,2.0
UNC5C,0.0,0.0,0.0,1.0,0.0,2.0
ENSG00000124835,0.0,1.0,0.0,0.0,0.0,2.0
DYDC1,0.0,1.0,0.0,0.0,0.0,2.0
TUBBP5,0.0,1.0,0.0,0.0,0.0,2.0
DTX3,0.0,1.0,0.0,0.0,0.0,2.0
MRPL45P2,0.0,1.0,0.0,0.0,0.0,2.0
DUSP18,0.0,1.0,0.0,0.0,0.0,2.0
DUSP29,0.0,0.0,0.0,1.0,0.0,2.0
DUTP1,0.0,0.0,0.0,1.0,0.0,2.0
MRPL23-AS1,0.0,1.0,0.0,0.0,0.0,2.0
DUX4L9,0.0,1.0,0.0,0.0,0.0,2.0
TUBGCP6,0.0,1.0,0.0,0.0,0.0,2.0
MROH8,0.0,1.0,0.0,0.0,0.0,2.0
ALKBH1,0.0,0.0,1.0,0.0,0.0,2.0
MROH6,0.0,0.0,0.0,1.0,0.0,2.0
TULP1,0.0,1.0,0.0,0.0,0.0,2.0
MRO,0.0,1.0,0.0,0.0,0.0,2.0
MRLN,0.0,1.0,0.0,0.0,0.0,2.0
MRI1,0.0,1.0,0.0,0.0,0.0,2.0
TUNAR,0.0,1.0,0.0,0.0,0.0,2.0
MRGPRX4,0.0,0.0,0.0,1.0,0.0,2.0
MRGPRX2,0.0,0.0,0.0,1.0,0.0,2.0
MRGBP,0.0,0.0,0.0,1.0,0.0,2.0
ALLC,0.0,1.0,0.0,0.0,0.0,2.0
DTX2P1-UPK3BP1-PMS2P11,0.0,0.0,0.0,1.0,0.0,2.0
TUBB7P,0.0,0.0,0.0,1.0,0.0,2.0
DTWD2,0.0,1.0,0.0,0.0,0.0,2.0
DSCAM,0.0,1.0,0.0,0.0,0.0,2.0
DSCAML1,0.0,1.0,0.0,0.0,0.0,2.0
MSLNL,0.0,1.0,0.0,0.0,0.0,2.0
MSI1,0.0,0.0,0.0,1.0,0.0,2.0
MSC,0.0,1.0,0.0,0.0,0.0,2.0
MSANTD4,0.0,0.0,0.0,1.0,0.0,2.0
MSANTD2,0.0,1.0,0.0,0.0,0.0,2.0
DSG3,0.0,0.0,0.0,1.0,0.0,2.0
MS4A15,0.0,1.0,0.0,0.0,0.0,2.0
MS4A14,0.0,0.0,0.0,1.0,0.0,2.0
ALX1,0.0,0.0,0.0,1.0,0.0,2.0
MS4A13,0.0,1.0,0.0,0.0,0.0,2.0
MS4A10,0.0,0.0,0.0,1.0,0.0,2.0
DSPP,0.0,1.0,0.0,0.0,0.0,2.0
DSTNP2,0.0,1.0,0.0,0.0,0.0,2.0
DSTYK,0.0,1.0,0.0,0.0,0.0,2.0
DTD1,0.0,1.0,0.0,0.0,0.0,2.0
DTNA,0.0,0.0,1.0,0.0,0.0,2.0
ALOX12B,0.0,1.0,0.0,0.0,0.0,2.0
MRFAP1L2,0.0,1.0,0.0,0.0,0.0,2.0
DYNAP,0.0,0.0,0.0,1.0,0.0,2.0
TTYH1,0.0,1.0,0.0,0.0,0.0,2.0
EDRF1,0.0,1.0,0.0,0.0,0.0,2.0
MMADHC,0.0,1.0,0.0,0.0,0.0,2.0
TXNRD2,0.0,0.0,1.0,0.0,0.0,2.0
ALDH3B2,0.0,0.0,0.0,1.0,0.0,2.0
MLNR,0.0,1.0,0.0,0.0,0.0,2.0
EDC3,0.0,0.0,0.0,1.0,0.0,2.0
EDDM3B,0.0,1.0,0.0,0.0,0.0,2.0
MLF1,0.0,0.0,0.0,1.0,0.0,2.0
MKX,0.0,0.0,0.0,1.0,0.0,2.0
MKRN7P,0.0,1.0,0.0,0.0,0.0,2.0
TYW1,0.0,1.0,0.0,0.0,0.0,2.0
TVP23A,0.0,1.0,0.0,0.0,0.0,2.0
TYW1B,0.0,0.0,0.0,1.0,0.0,2.0
EEF1E1-BLOC1S5,0.0,1.0,0.0,0.0,0.0,2.0
TYW5,0.0,1.0,0.0,0.0,0.0,2.0
ALDH1A2-AS1,0.0,1.0,0.0,0.0,0.0,2.0
MIR99AHG,0.0,1.0,0.0,0.0,0.0,2.0
U2SURP,0.0,1.0,0.0,0.0,0.0,2.0
MIR98,0.0,0.0,0.0,1.0,0.0,2.0
MIR7-3HG,0.0,1.0,0.0,0.0,0.0,2.0
UAP1L1,0.0,1.0,0.0,0.0,0.0,2.0
MMD2,0.0,0.0,0.0,1.0,0.0,2.0
ALDH8A1,0.0,1.0,0.0,0.0,0.0,2.0
ECEL1,0.0,1.0,0.0,0.0,0.0,2.0
MMRN2,0.0,0.0,0.0,1.0,0.0,2.0
MRAP,0.0,1.0,0.0,0.0,0.0,2.0
MPZ,0.0,1.0,0.0,0.0,0.0,2.0
MPV17L2,0.0,1.0,0.0,0.0,0.0,2.0
MPP4,0.0,1.0,0.0,0.0,0.0,2.0
MPP2,0.0,0.0,0.0,1.0,0.0,2.0
DYNLT2,0.0,0.0,0.0,1.0,0.0,2.0
MPG,0.0,0.0,0.0,1.0,0.0,2.0
DYRK1B,0.0,0.0,0.0,1.0,0.0,2.0
MPC1,0.0,1.0,0.0,0.0,0.0,2.0
MOXD2P,0.0,0.0,0.0,1.0,0.0,2.0
TXLNGY,0.0,1.0,0.0,0.0,0.0,2.0
MOXD1,0.0,0.0,0.0,1.0,0.0,2.0
MORN2,0.0,0.0,0.0,1.0,0.0,2.0
MON2,0.0,1.0,0.0,0.0,0.0,2.0
MOGAT3,0.0,1.0,0.0,0.0,0.0,2.0
MOCS2-DT,0.0,1.0,0.0,0.0,0.0,2.0
TXNDC2,0.0,1.0,0.0,0.0,0.0,2.0
MOCS1,0.0,1.0,0.0,0.0,0.0,2.0
MOB3C,0.0,0.0,0.0,1.0,0.0,2.0
AMDHD1,0.0,0.0,0.0,1.0,0.0,2.0
TTTY6,0.0,1.0,0.0,0.0,0.0,2.0
MAPT-AS1,0.0,1.0,0.0,0.0,0.0,2.0
MYOZ1,0.0,1.0,0.0,0.0,0.0,2.0
N4BP3,0.0,0.0,0.0,1.0,0.0,2.0
DNAJC30,0.0,1.0,0.0,0.0,0.0,2.0
MZT2A,0.0,1.0,0.0,0.0,0.0,2.0
DNAJC5G,0.0,1.0,0.0,0.0,0.0,2.0
MYPN,0.0,1.0,0.0,0.0,0.0,2.0
MYOZ2,0.0,1.0,0.0,0.0,0.0,2.0
TSR3,0.0,1.0,0.0,0.0,0.0,2.0
TSSC4,0.0,1.0,0.0,0.0,0.0,2.0
TSSK1B,0.0,0.0,0.0,1.0,0.0,2.0
DNASE1,0.0,0.0,0.0,1.0,0.0,2.0
TTC19,0.0,1.0,0.0,0.0,0.0,2.0
MYO7B,0.0,1.0,0.0,0.0,0.0,2.0
TSTD2,0.0,1.0,0.0,0.0,0.0,2.0
TSTD3,0.0,0.0,0.0,1.0,0.0,2.0
TTBK1,0.0,0.0,0.0,1.0,0.0,2.0
TTBK2,0.0,0.0,0.0,1.0,0.0,2.0
MYO1H,0.0,0.0,0.0,1.0,0.0,2.0
DNHD1,0.0,0.0,0.0,1.0,0.0,2.0
MYO18B,0.0,1.0,0.0,0.0,0.0,2.0
MYO16,0.0,1.0,0.0,0.0,0.0,2.0
TSPY4,0.0,0.0,0.0,1.0,0.0,2.0
TSPY2,0.0,0.0,0.0,1.0,0.0,2.0
TSPY10,0.0,0.0,0.0,1.0,0.0,2.0
NAA30,0.0,1.0,0.0,0.0,0.0,2.0
ANGEL1,0.0,1.0,0.0,0.0,0.0,2.0
NAT14,0.0,1.0,0.0,0.0,0.0,2.0
TSPAN16,0.0,1.0,0.0,0.0,0.0,2.0
DNAH5,0.0,0.0,0.0,1.0,0.0,2.0
DNAH6,0.0,1.0,0.0,0.0,0.0,2.0
DNAH7,0.0,1.0,0.0,0.0,0.0,2.0
NAPEPLD,0.0,1.0,0.0,0.0,0.0,2.0
NANOS1,0.0,0.0,0.0,1.0,0.0,2.0
NANOGNB,0.0,0.0,0.0,1.0,0.0,2.0
AMY1A,0.0,0.0,0.0,1.0,0.0,2.0
NALF1,0.0,0.0,0.0,1.0,0.0,2.0
NAIF1,0.0,0.0,0.0,1.0,0.0,2.0
NACA4P,0.0,1.0,0.0,0.0,0.0,2.0
NACA2,0.0,1.0,0.0,0.0,0.0,2.0
NACA,0.0,1.0,0.0,0.0,0.0,2.0
TSPEAR-AS2,0.0,1.0,0.0,0.0,0.0,2.0
NABP2,0.0,0.0,0.0,1.0,0.0,2.0
NAALAD2,0.0,1.0,0.0,0.0,0.0,2.0
NAA80,0.0,0.0,0.0,1.0,0.0,2.0
MYO15B,0.0,1.0,0.0,0.0,0.0,2.0
DNM1P35,0.0,0.0,0.0,1.0,0.0,2.0
TTTY2,0.0,1.0,0.0,0.0,0.0,2.0
MT3,0.0,0.0,0.0,1.0,0.0,2.0
DPY19L2P2,0.0,1.0,0.0,0.0,0.0,2.0
DPY19L3-DT,0.0,1.0,0.0,0.0,0.0,2.0
MTG1,0.0,0.0,0.0,1.0,0.0,2.0
AMER2,0.0,1.0,0.0,0.0,0.0,2.0
DRAIC,0.0,1.0,0.0,0.0,0.0,2.0
MTERF1,0.0,0.0,0.0,1.0,0.0,2.0
MTCL3,0.0,0.0,0.0,1.0,0.0,2.0
MTCL2,0.0,1.0,0.0,0.0,0.0,2.0
DRC7,0.0,1.0,0.0,0.0,0.0,2.0
MT1L,0.0,0.0,0.0,1.0,0.0,2.0
TTC23,0.0,0.0,0.0,1.0,0.0,2.0
DRD3,0.0,0.0,0.0,1.0,0.0,2.0
MT1B,0.0,0.0,0.0,1.0,0.0,2.0
MT-CYB,0.0,0.0,0.0,1.0,0.0,2.0
MT-ATP8,0.0,0.0,0.0,1.0,0.0,2.0
MSX2P1,0.0,1.0,0.0,0.0,0.0,2.0
MSTN,0.0,0.0,0.0,1.0,0.0,2.0
MSS51,0.0,1.0,0.0,0.0,0.0,2.0
DRP2,0.0,1.0,0.0,0.0,0.0,2.0
TTTY13,0.0,1.0,0.0,0.0,0.0,2.0
DPY19L1P1,0.0,1.0,0.0,0.0,0.0,2.0
DPPA5,0.0,0.0,0.0,1.0,0.0,2.0
MTMR7,0.0,0.0,0.0,1.0,0.0,2.0
MTMR9LP,0.0,0.0,0.0,1.0,0.0,2.0
MYH8,0.0,1.0,0.0,0.0,0.0,2.0
DOC2A,0.0,1.0,0.0,0.0,0.0,2.0
MYF5,0.0,0.0,1.0,0.0,0.0,2.0
MYBPH,0.0,1.0,0.0,0.0,0.0,2.0
DOCK8-AS1,0.0,1.0,0.0,0.0,0.0,2.0
MYADML,0.0,0.0,0.0,1.0,0.0,2.0
MXRA5,0.0,0.0,0.0,1.0,0.0,2.0
DOK6,0.0,0.0,0.0,1.0,0.0,2.0
MUCL3,0.0,0.0,0.0,1.0,0.0,2.0
MUC2,0.0,1.0,0.0,0.0,0.0,2.0
DPP10,0.0,1.0,0.0,0.0,0.0,2.0
DPP10-AS1,0.0,1.0,0.0,0.0,0.0,2.0
MTUS2-AS1,0.0,1.0,0.0,0.0,0.0,2.0
MTURN,0.0,1.0,0.0,0.0,0.0,2.0
TTC6,0.0,1.0,0.0,0.0,0.0,2.0
MTTP,0.0,1.0,0.0,0.0,0.0,2.0
MTRFR,0.0,1.0,0.0,0.0,0.0,2.0
MTRES1,0.0,1.0,0.0,0.0,0.0,2.0
MTPAP,0.0,1.0,0.0,0.0,0.0,2.0
MIR675,0.0,0.0,1.0,0.0,0.0,2.0
MIR670,0.0,1.0,0.0,0.0,0.0,2.0
MIR636,0.0,1.0,0.0,0.0,0.0,2.0
MEOX2,0.0,0.0,0.0,1.0,0.0,2.0
UGT2B17,0.0,1.0,0.0,0.0,0.0,2.0
MFSD2B,0.0,1.0,0.0,0.0,0.0,2.0
EID2,0.0,1.0,0.0,0.0,0.0,2.0
UGT3A1,0.0,1.0,0.0,0.0,0.0,2.0
UGT3A2,0.0,1.0,0.0,0.0,0.0,2.0
EID2B,0.0,1.0,0.0,0.0,0.0,2.0
MEX3B,0.0,0.0,0.0,1.0,0.0,2.0
METTL24,0.0,0.0,0.0,1.0,0.0,2.0
METTL16,0.0,1.0,0.0,0.0,0.0,2.0
MEIS2,0.0,1.0,0.0,0.0,0.0,2.0
ELMOD2,0.0,1.0,0.0,0.0,0.0,2.0
MEIS1,0.0,0.0,1.0,0.0,0.0,2.0
ULK3,0.0,0.0,0.0,1.0,0.0,2.0
MEIKIN,0.0,0.0,0.0,1.0,0.0,2.0
UMAD1,0.0,0.0,0.0,1.0,0.0,2.0
EIPR1,0.0,1.0,0.0,0.0,0.0,2.0
ELAPOR1,0.0,1.0,0.0,0.0,0.0,2.0
UMODL1-AS1,0.0,1.0,0.0,0.0,0.0,2.0
ELAPOR2,0.0,1.0,0.0,0.0,0.0,2.0
ELDR,0.0,0.0,0.0,1.0,0.0,2.0
MFSD4A,0.0,1.0,0.0,0.0,0.0,2.0
UGT2B10,0.0,0.0,0.0,1.0,0.0,2.0
MFSD6L,0.0,0.0,0.0,1.0,0.0,2.0
UGT2A1,0.0,0.0,0.0,1.0,0.0,2.0
MIR1-1HG,0.0,1.0,0.0,0.0,0.0,2.0
UCN3,0.0,0.0,0.0,1.0,0.0,2.0
UCP1,0.0,0.0,0.0,1.0,0.0,2.0
MIR1-1,0.0,0.0,0.0,1.0,0.0,2.0
MIPOL1,0.0,0.0,0.0,1.0,0.0,2.0
MIGA2,0.0,1.0,0.0,0.0,0.0,2.0
MIER2,0.0,1.0,0.0,0.0,0.0,2.0
EFCAB12,0.0,1.0,0.0,0.0,0.0,2.0
EFCAB15P,0.0,0.0,0.0,1.0,0.0,2.0
MID2,0.0,1.0,0.0,0.0,0.0,2.0
EFCAB3,0.0,1.0,0.0,0.0,0.0,2.0
EFHB,0.0,1.0,0.0,0.0,0.0,2.0
MGC27382,0.0,1.0,0.0,0.0,0.0,2.0
MGAT4EP,0.0,1.0,0.0,0.0,0.0,2.0
MGARP,0.0,0.0,0.0,1.0,0.0,2.0
UGT1A1,0.0,0.0,0.0,1.0,0.0,2.0
UGT1A3,0.0,0.0,0.0,1.0,0.0,2.0
MFSD8,0.0,1.0,0.0,0.0,0.0,2.0
UGT1A9,0.0,0.0,0.0,1.0,0.0,2.0
MED15P9,0.0,1.0,0.0,0.0,0.0,2.0
ELOA-AS1,0.0,0.0,0.0,1.0,0.0,2.0
UBA5,0.0,0.0,0.0,1.0,0.0,2.0
MAST1,0.0,0.0,0.0,1.0,0.0,2.0
EML6,0.0,1.0,0.0,0.0,0.0,2.0
MATN1-AS1,0.0,1.0,0.0,0.0,0.0,2.0
AGA,0.0,0.0,0.0,1.0,0.0,2.0
AFMID,0.0,0.0,0.0,1.0,0.0,2.0
UQCC6,0.0,1.0,0.0,0.0,0.0,2.0
MATCAP2,0.0,1.0,0.0,0.0,0.0,2.0
UQCR10P1,0.0,0.0,0.0,1.0,0.0,2.0
MATCAP1,0.0,1.0,0.0,0.0,0.0,2.0
ENDOV,0.0,1.0,0.0,0.0,0.0,2.0
MAS1,0.0,0.0,0.0,1.0,0.0,2.0
ELOA3P,0.0,1.0,0.0,0.0,0.0,2.0
ENO2,0.0,1.0,0.0,0.0,0.0,2.0
MARK1,0.0,0.0,0.0,1.0,0.0,2.0
MARF1,0.0,1.0,0.0,0.0,0.0,2.0
ENPP3,0.0,1.0,0.0,0.0,0.0,2.0
URAD,0.0,0.0,0.0,1.0,0.0,2.0
URAHP,0.0,0.0,0.0,1.0,0.0,2.0
MARCHF9,0.0,0.0,0.0,1.0,0.0,2.0
ENPP5,0.0,1.0,0.0,0.0,0.0,2.0
MARCHF4,0.0,1.0,0.0,0.0,0.0,2.0
UPP2,0.0,1.0,0.0,0.0,0.0,2.0
MB21D2,0.0,1.0,0.0,0.0,0.0,2.0
EML2,0.0,1.0,0.0,0.0,0.0,2.0
MBD3L1,0.0,1.0,0.0,0.0,0.0,2.0
ELOVL2,0.0,1.0,0.0,0.0,0.0,2.0
MCU,0.0,1.0,0.0,0.0,0.0,2.0
MCPH1,0.0,0.0,0.0,1.0,0.0,2.0
MCOLN1,0.0,1.0,0.0,0.0,0.0,2.0
LINC00410,0.0,1.0,0.0,0.0,0.0,2.0
ELSPBP1,0.0,0.0,0.0,1.0,0.0,2.0
MCM3AP,0.0,1.0,0.0,0.0,0.0,2.0
UNC79,0.0,1.0,0.0,0.0,0.0,2.0
UNC80,0.0,0.0,0.0,1.0,0.0,2.0
EMC6,0.0,0.0,0.0,1.0,0.0,2.0
EMC9,0.0,0.0,0.0,1.0,0.0,2.0
MCHR2-AS1,0.0,1.0,0.0,0.0,0.0,2.0
MCHR1,0.0,1.0,0.0,0.0,0.0,2.0
AGAP6,0.0,1.0,0.0,0.0,0.0,2.0
MCF2L2,0.0,0.0,0.0,1.0,0.0,2.0
MCF2,0.0,0.0,0.0,1.0,0.0,2.0
MBOAT4,0.0,0.0,0.0,1.0,0.0,2.0
UPK1A,0.0,0.0,0.0,1.0,0.0,2.0
EML1,0.0,1.0,0.0,0.0,0.0,2.0
MIR1-2,0.0,0.0,0.0,1.0,0.0,2.0
MIR106B,0.0,0.0,0.0,1.0,0.0,2.0
MIR1225,0.0,1.0,0.0,0.0,0.0,2.0
AKAIN1,0.0,1.0,0.0,0.0,0.0,2.0
MIR4491,0.0,0.0,0.0,1.0,0.0,2.0
MIR4482,0.0,0.0,0.0,1.0,0.0,2.0
MIR4453HG,0.0,1.0,0.0,0.0,0.0,2.0
MIR4325,0.0,0.0,0.0,1.0,0.0,2.0
MIR4311,0.0,0.0,0.0,1.0,0.0,2.0
MIR4280HG,0.0,0.0,0.0,1.0,0.0,2.0
MIR424,0.0,0.0,0.0,1.0,0.0,2.0
AKAP11,0.0,1.0,0.0,0.0,0.0,2.0
MIR421,0.0,0.0,0.0,1.0,0.0,2.0
MIR373,0.0,0.0,0.0,1.0,0.0,2.0
MIR1250,0.0,1.0,0.0,0.0,0.0,2.0
MIR3714,0.0,0.0,0.0,1.0,0.0,2.0
MIR3682,0.0,0.0,0.0,1.0,0.0,2.0
MIR3664,0.0,0.0,0.0,1.0,0.0,2.0
UBE2NL,0.0,0.0,0.0,1.0,0.0,2.0
MIR363,0.0,0.0,0.0,1.0,0.0,2.0
MIR3591,0.0,0.0,0.0,1.0,0.0,2.0
MIR34C,0.0,0.0,1.0,0.0,0.0,2.0
MIR34BHG,0.0,1.0,0.0,0.0,0.0,2.0
MIR34A,0.0,0.0,1.0,0.0,0.0,2.0
MIR449A,0.0,0.0,0.0,1.0,0.0,2.0
MIR449B,0.0,0.0,0.0,1.0,0.0,2.0
MIR450B,0.0,1.0,0.0,0.0,0.0,2.0
MIR4517,0.0,0.0,0.0,1.0,0.0,2.0
MIR603,0.0,0.0,0.0,1.0,0.0,2.0
MIR600HG,0.0,1.0,0.0,0.0,0.0,2.0
MIR598,0.0,1.0,0.0,0.0,0.0,2.0
MIR589,0.0,0.0,0.0,1.0,0.0,2.0
MIR551B,0.0,1.0,0.0,0.0,0.0,2.0
UBALD1,0.0,0.0,0.0,1.0,0.0,2.0
MIR548C,0.0,0.0,0.0,1.0,0.0,2.0
MIR548B,0.0,0.0,0.0,1.0,0.0,2.0
UBAP1L,0.0,1.0,0.0,0.0,0.0,2.0
MIR543,0.0,1.0,0.0,0.0,0.0,2.0
MIR509-3,0.0,0.0,0.0,1.0,0.0,2.0
MIR497HG,0.0,1.0,0.0,0.0,0.0,2.0
MIR488,0.0,1.0,0.0,0.0,0.0,2.0
MIR485,0.0,1.0,0.0,0.0,0.0,2.0
UBBP1,0.0,0.0,0.0,1.0,0.0,2.0
MIR4763,0.0,0.0,0.0,1.0,0.0,2.0
MIR4664,0.0,0.0,0.0,1.0,0.0,2.0
MIR466,0.0,0.0,0.0,1.0,0.0,2.0
MIR455,0.0,1.0,0.0,0.0,0.0,2.0
MIR337,0.0,0.0,0.0,1.0,0.0,2.0
MIR330,0.0,0.0,0.0,1.0,0.0,2.0
MIR3149,0.0,0.0,0.0,1.0,0.0,2.0
MIR181C,0.0,0.0,0.0,0.0,2.0,2.0
MIR17,0.0,0.0,0.0,1.0,0.0,2.0
UBR3,0.0,1.0,0.0,0.0,0.0,2.0
AHSA2P,0.0,1.0,0.0,0.0,0.0,2.0
EEFSEC,0.0,1.0,0.0,0.0,0.0,2.0
MIR146A,0.0,0.0,0.0,1.0,0.0,2.0
UBTD1,0.0,0.0,0.0,1.0,0.0,2.0
MIR145,0.0,0.0,0.0,1.0,0.0,2.0
MIR142,0.0,0.0,0.0,1.0,0.0,2.0
MIR139,0.0,1.0,0.0,0.0,0.0,2.0
MIR137,0.0,0.0,0.0,1.0,0.0,2.0
MIR133B,0.0,0.0,0.0,1.0,0.0,2.0
UBXN6,0.0,0.0,0.0,1.0,0.0,2.0
AHDC1,0.0,0.0,0.0,1.0,0.0,2.0
MIR1305,0.0,0.0,0.0,1.0,0.0,2.0
UCA1,0.0,0.0,0.0,1.0,0.0,2.0
MIR1299,0.0,0.0,0.0,1.0,0.0,2.0
MIR126,0.0,0.0,0.0,1.0,0.0,2.0
MIR125B2,0.0,0.0,0.0,1.0,0.0,2.0
MIR125B1,0.0,0.0,0.0,1.0,0.0,2.0
MIR181A1,0.0,0.0,0.0,1.0,0.0,2.0
MIR182,0.0,0.0,0.0,1.0,0.0,2.0
MIR3120,0.0,0.0,0.0,1.0,0.0,2.0
AHSP,0.0,0.0,0.0,1.0,0.0,2.0
MIR30D,0.0,0.0,0.0,1.0,0.0,2.0
MIR29C,0.0,0.0,0.0,1.0,0.0,2.0
MIR29B2,0.0,0.0,0.0,1.0,0.0,2.0
MIR27B,0.0,0.0,0.0,1.0,0.0,2.0
MIR24-2,0.0,0.0,0.0,1.0,0.0,2.0
MIR221,0.0,0.0,0.0,1.0,0.0,2.0
MIR210,0.0,0.0,0.0,1.0,0.0,2.0
MIR205,0.0,1.0,0.0,0.0,0.0,2.0
MIR203A,0.0,0.0,0.0,1.0,0.0,2.0
UBFD1,0.0,0.0,1.0,0.0,0.0,2.0
MIR200B,0.0,1.0,0.0,0.0,0.0,2.0
MIR200A,0.0,0.0,0.0,1.0,0.0,2.0
UBL4A,0.0,0.0,0.0,1.0,0.0,2.0
UBL4B,0.0,0.0,0.0,1.0,0.0,2.0
UBL5,0.0,1.0,0.0,0.0,0.0,2.0
MIR196B,0.0,1.0,0.0,0.0,0.0,2.0
MIR195,0.0,0.0,0.0,1.0,0.0,2.0
MIR1915HG,0.0,0.0,0.0,1.0,0.0,2.0
MIR1909,0.0,1.0,0.0,0.0,0.0,2.0
LINC00472,0.0,1.0,0.0,0.0,0.0,2.0
LCMT2,0.0,0.0,0.0,1.0,0.0,2.0
LINC00339,0.0,1.0,0.0,0.0,0.0,2.0
ZNF442,0.0,1.0,0.0,0.0,0.0,2.0
ZNF428,0.0,0.0,0.0,1.0,0.0,2.0
ZNF429,0.0,0.0,0.0,1.0,0.0,2.0
GABRP,0.0,0.0,0.0,1.0,0.0,2.0
ZNF430,0.0,1.0,0.0,0.0,0.0,2.0
ZNF431,0.0,1.0,0.0,0.0,0.0,2.0
GABRR1,0.0,0.0,0.0,1.0,0.0,2.0
HNRNPCL1,0.0,0.0,0.0,1.0,0.0,2.0
HNRNPA1L2,0.0,0.0,0.0,1.0,0.0,2.0
ZNF44,0.0,1.0,0.0,0.0,0.0,2.0
ZNF443,0.0,1.0,0.0,0.0,0.0,2.0
GALP,0.0,0.0,0.0,1.0,0.0,2.0
GAGE2E,0.0,0.0,0.0,1.0,0.0,2.0
GAL3ST1,0.0,0.0,0.0,1.0,0.0,2.0
HMSD,0.0,0.0,0.0,1.0,0.0,2.0
HMGN2P9,0.0,0.0,0.0,1.0,0.0,2.0
ZNF462,0.0,0.0,0.0,1.0,0.0,2.0
HMGCLL1,0.0,0.0,0.0,1.0,0.0,2.0
HMGB1P17,0.0,0.0,1.0,0.0,0.0,2.0
ZNF471,0.0,1.0,0.0,0.0,0.0,2.0
HMGB1P10,0.0,0.0,0.0,1.0,0.0,2.0
HOATZ,0.0,0.0,0.0,1.0,0.0,2.0
HOXA11,0.0,0.0,1.0,0.0,0.0,2.0
ZNF423,0.0,0.0,0.0,1.0,0.0,2.0
HOXA11-AS,0.0,0.0,1.0,0.0,0.0,2.0
HPD,0.0,0.0,0.0,1.0,0.0,2.0
ZNF37A,0.0,0.0,0.0,1.0,0.0,2.0
ZNF37BP,0.0,1.0,0.0,0.0,0.0,2.0
HOXD9,0.0,1.0,0.0,0.0,0.0,2.0
ZNF384,0.0,1.0,0.0,0.0,0.0,2.0
ZNF385B,0.0,0.0,0.0,1.0,0.0,2.0
GABRA6,0.0,0.0,0.0,1.0,0.0,2.0
ABCA8,0.0,1.0,0.0,0.0,0.0,2.0
HOXC12,0.0,0.0,0.0,1.0,0.0,2.0
HOXC11,0.0,1.0,0.0,0.0,0.0,2.0
HOXB7,0.0,0.0,0.0,1.0,0.0,2.0
ZNF407,0.0,1.0,0.0,0.0,0.0,2.0
ZNF408,0.0,1.0,0.0,0.0,0.0,2.0
HOXB6,0.0,0.0,0.0,1.0,0.0,2.0
HOXB5,0.0,1.0,0.0,0.0,0.0,2.0
ZNF415,0.0,1.0,0.0,0.0,0.0,2.0
ZNF417,0.0,1.0,0.0,0.0,0.0,2.0
HOXA6,0.0,0.0,0.0,1.0,0.0,2.0
HOXA13,0.0,0.0,0.0,1.0,0.0,2.0
ZNF474,0.0,1.0,0.0,0.0,0.0,2.0
GALR3,0.0,1.0,0.0,0.0,0.0,2.0
IGLV4-60,0.0,1.0,0.0,0.0,0.0,2.0
ZNF550,0.0,1.0,0.0,0.0,0.0,2.0
HHATL,0.0,1.0,0.0,0.0,0.0,2.0
HGFAC,0.0,1.0,0.0,0.0,0.0,2.0
ZNF536,0.0,1.0,0.0,0.0,0.0,2.0
HFM1,0.0,1.0,0.0,0.0,0.0,2.0
ZNF543,0.0,1.0,0.0,0.0,0.0,2.0
HEXD,0.0,1.0,0.0,0.0,0.0,2.0
HEXA-AS1,0.0,1.0,0.0,0.0,0.0,2.0
HES3,0.0,0.0,0.0,1.0,0.0,2.0
ZNF549,0.0,1.0,0.0,0.0,0.0,2.0
ZNF551,0.0,1.0,0.0,0.0,0.0,2.0
HLA-H,0.0,1.0,0.0,0.0,0.0,2.0
ZNF555,0.0,1.0,0.0,0.0,0.0,2.0
GDF2,0.0,1.0,0.0,0.0,0.0,2.0
ZNF557,0.0,0.0,0.0,1.0,0.0,2.0
ZNF558,0.0,1.0,0.0,0.0,0.0,2.0
HERC2P3,0.0,1.0,0.0,0.0,0.0,2.0
GDF5,0.0,1.0,0.0,0.0,0.0,2.0
AASS,0.0,0.0,0.0,1.0,0.0,2.0
ZNF562,0.0,1.0,0.0,0.0,0.0,2.0
ZNF563,0.0,1.0,0.0,0.0,0.0,2.0
HHIP-AS1,0.0,1.0,0.0,0.0,0.0,2.0
HHIPL2,0.0,1.0,0.0,0.0,0.0,2.0
ZNF526,0.0,1.0,0.0,0.0,0.0,2.0
ZNF524,0.0,1.0,0.0,0.0,0.0,2.0
ZNF486,0.0,1.0,0.0,0.0,0.0,2.0
GAP43,0.0,0.0,0.0,1.0,0.0,2.0
ZNF492,0.0,0.0,0.0,1.0,0.0,2.0
ZNF493,0.0,1.0,0.0,0.0,0.0,2.0
ZNF497,0.0,1.0,0.0,0.0,0.0,2.0
GAS6-DT,0.0,1.0,0.0,0.0,0.0,2.0
GAS8-AS1,0.0,0.0,0.0,1.0,0.0,2.0
HJV,0.0,0.0,0.0,1.0,0.0,2.0
GATA2-AS1,0.0,1.0,0.0,0.0,0.0,2.0
GATA6-AS1,0.0,0.0,0.0,1.0,0.0,2.0
GATAD1,0.0,1.0,0.0,0.0,0.0,2.0
ABCA15P,0.0,0.0,0.0,1.0,0.0,2.0
GATC,0.0,0.0,0.0,1.0,0.0,2.0
ABCA13,0.0,0.0,0.0,1.0,0.0,2.0
ABCA11P,0.0,0.0,0.0,1.0,0.0,2.0
ZNF514,0.0,1.0,0.0,0.0,0.0,2.0
HIPK4,0.0,1.0,0.0,0.0,0.0,2.0
HIGD1B,0.0,1.0,0.0,0.0,0.0,2.0
GCGR,0.0,0.0,0.0,1.0,0.0,2.0
GABRA1,0.0,0.0,0.0,1.0,0.0,2.0
GABPB1-IT1,0.0,1.0,0.0,0.0,0.0,2.0
HRCT1,0.0,1.0,0.0,0.0,0.0,2.0
ZNF234,0.0,1.0,0.0,0.0,0.0,2.0
IGF2-AS,0.0,0.0,0.0,1.0,0.0,2.0
FOXD2,0.0,0.0,0.0,1.0,0.0,2.0
ZNF225,0.0,1.0,0.0,0.0,0.0,2.0
ZNF225-AS1,0.0,1.0,0.0,0.0,0.0,2.0
FOXF2,0.0,0.0,0.0,1.0,0.0,2.0
FOXO3B,0.0,1.0,0.0,0.0,0.0,2.0
FOXP2,0.0,1.0,0.0,0.0,0.0,2.0
FRAS1,0.0,0.0,0.0,1.0,0.0,2.0
ZNF233,0.0,1.0,0.0,0.0,0.0,2.0
ZNF235,0.0,1.0,0.0,0.0,0.0,2.0
ZNF358,0.0,1.0,0.0,0.0,0.0,2.0
FREM1,0.0,1.0,0.0,0.0,0.0,2.0
FRG1JP,0.0,1.0,0.0,0.0,0.0,2.0
FRG2B,0.0,0.0,0.0,1.0,0.0,2.0
ZNF248,0.0,1.0,0.0,0.0,0.0,2.0
FRG2EP,0.0,1.0,0.0,0.0,0.0,2.0
FRMD1,0.0,0.0,0.0,1.0,0.0,2.0
ZNF251,0.0,1.0,0.0,0.0,0.0,2.0
ZNF252P,0.0,1.0,0.0,0.0,0.0,2.0
ZNF252P-AS1,0.0,0.0,0.0,1.0,0.0,2.0
ZNF222,0.0,0.0,0.0,1.0,0.0,2.0
IGHA2,0.0,1.0,0.0,0.0,0.0,2.0
IGHE,0.0,0.0,0.0,1.0,0.0,2.0
ABCC12,0.0,1.0,0.0,0.0,0.0,2.0
IGLV4-3,0.0,0.0,0.0,1.0,0.0,2.0
ZNF180,0.0,0.0,0.0,1.0,0.0,2.0
ZNF182,0.0,1.0,0.0,0.0,0.0,2.0
IGLV3-16,0.0,1.0,0.0,0.0,0.0,2.0
IGLJ3,0.0,0.0,0.0,1.0,0.0,2.0
IGLC1,0.0,1.0,0.0,0.0,0.0,2.0
ZNF19,0.0,1.0,0.0,0.0,0.0,2.0
IGIP,0.0,1.0,0.0,0.0,0.0,2.0
IGHV7-81,0.0,1.0,0.0,0.0,0.0,2.0
ZNF2,0.0,1.0,0.0,0.0,0.0,2.0
IGHV5-78,0.0,0.0,0.0,1.0,0.0,2.0
IGHV4OR15-8,0.0,1.0,0.0,0.0,0.0,2.0
ZNF204P,0.0,1.0,0.0,0.0,0.0,2.0
IGHV4-31,0.0,1.0,0.0,0.0,0.0,2.0
IGHG4,0.0,1.0,0.0,0.0,0.0,2.0
ZNF212,0.0,1.0,0.0,0.0,0.0,2.0
ZNF213,0.0,1.0,0.0,0.0,0.0,2.0
ZNF213-AS1,0.0,0.0,0.0,1.0,0.0,2.0
IGHG3,0.0,1.0,0.0,0.0,0.0,2.0
ZNF253,0.0,1.0,0.0,0.0,0.0,2.0
ZNF26,0.0,1.0,0.0,0.0,0.0,2.0
ZNF260,0.0,1.0,0.0,0.0,0.0,2.0
HTR3E,0.0,0.0,0.0,1.0,0.0,2.0
ZNF319,0.0,1.0,0.0,0.0,0.0,2.0
HTR1E,0.0,1.0,0.0,0.0,0.0,2.0
HTR1B,0.0,0.0,1.0,0.0,0.0,2.0
FUNDC2P2,0.0,0.0,0.0,1.0,0.0,2.0
HTN3,0.0,1.0,0.0,0.0,0.0,2.0
FUT1,0.0,1.0,0.0,0.0,0.0,2.0
FUT5,0.0,0.0,0.0,1.0,0.0,2.0
FUT6,0.0,1.0,0.0,0.0,0.0,2.0
FUZ,0.0,0.0,0.0,1.0,0.0,2.0
FXYD1,0.0,1.0,0.0,0.0,0.0,2.0
ZNF334,0.0,1.0,0.0,0.0,0.0,2.0
HSPA12B,0.0,0.0,0.0,1.0,0.0,2.0
ZNF337,0.0,1.0,0.0,0.0,0.0,2.0
ZNF33B,0.0,1.0,0.0,0.0,0.0,2.0
FZD10-AS1,0.0,1.0,0.0,0.0,0.0,2.0
G6PC3,0.0,0.0,0.0,1.0,0.0,2.0
HSD11B1L,0.0,1.0,0.0,0.0,0.0,2.0
HS6ST2,0.0,0.0,0.0,1.0,0.0,2.0
GABARAPL3,0.0,1.0,0.0,0.0,0.0,2.0
HTR3C,0.0,0.0,0.0,1.0,0.0,2.0
ZNF302,0.0,0.0,1.0,0.0,0.0,2.0
IFI27L1,0.0,1.0,0.0,0.0,0.0,2.0
HTR7P1,0.0,1.0,0.0,0.0,0.0,2.0
FRMD7,0.0,1.0,0.0,0.0,0.0,2.0
FRMPD4,0.0,1.0,0.0,0.0,0.0,2.0
FRRS1L,0.0,1.0,0.0,0.0,0.0,2.0
FRS3,0.0,0.0,0.0,1.0,0.0,2.0
FRY-AS1,0.0,1.0,0.0,0.0,0.0,2.0
ZNF275,0.0,0.0,0.0,1.0,0.0,2.0
FSHR,0.0,0.0,0.0,1.0,0.0,2.0
ICE2,0.0,0.0,0.0,1.0,0.0,2.0
FTH1P19,0.0,0.0,0.0,1.0,0.0,2.0
IAH1,0.0,1.0,0.0,0.0,0.0,2.0
HYCC2,0.0,0.0,0.0,1.0,0.0,2.0
ABCB5,0.0,1.0,0.0,0.0,0.0,2.0
HYAL4,0.0,0.0,0.0,1.0,0.0,2.0
ZNF283,0.0,1.0,0.0,0.0,0.0,2.0
ZNF284,0.0,1.0,0.0,0.0,0.0,2.0
FTSJ1,0.0,0.0,0.0,1.0,0.0,2.0
HUS1B,0.0,0.0,0.0,1.0,0.0,2.0
HUNK,0.0,0.0,0.0,1.0,0.0,2.0
FUBP3,0.0,1.0,0.0,0.0,0.0,2.0
GDF6,0.0,1.0,0.0,0.0,0.0,2.0
HEPH,0.0,0.0,0.0,1.0,0.0,2.0
ZNF568,0.0,1.0,0.0,0.0,0.0,2.0
GSDMA,0.0,1.0,0.0,0.0,0.0,2.0
ZNF835,0.0,1.0,0.0,0.0,0.0,2.0
GOLM2,0.0,1.0,0.0,0.0,0.0,2.0
GSTT2B,0.0,0.0,0.0,1.0,0.0,2.0
GOLT1A,0.0,1.0,0.0,0.0,0.0,2.0
ZNF845,0.0,1.0,0.0,0.0,0.0,2.0
ZNF846,0.0,1.0,0.0,0.0,0.0,2.0
GSTA5,0.0,0.0,0.0,1.0,0.0,2.0
GOT1L1,0.0,1.0,0.0,0.0,0.0,2.0
GSDMB,0.0,0.0,0.0,1.0,0.0,2.0
GSC2,0.0,1.0,0.0,0.0,0.0,2.0
GYPA,0.0,0.0,1.0,0.0,0.0,2.0
ZNF883,0.0,1.0,0.0,0.0,0.0,2.0
ZNF891,0.0,1.0,0.0,0.0,0.0,2.0
ZNF90,0.0,1.0,0.0,0.0,0.0,2.0
GPALPP1,0.0,1.0,0.0,0.0,0.0,2.0
GRTP1,0.0,0.0,0.0,1.0,0.0,2.0
GRPR,0.0,1.0,0.0,0.0,0.0,2.0
GRP,0.0,1.0,0.0,0.0,0.0,2.0
ZNG1B,0.0,1.0,0.0,0.0,0.0,2.0
ZNHIT2,0.0,1.0,0.0,0.0,0.0,2.0
ZNF831,0.0,1.0,0.0,0.0,0.0,2.0
GOLGA6A,0.0,1.0,0.0,0.0,0.0,2.0
ZNF826P,0.0,1.0,0.0,0.0,0.0,2.0
GTF2H2B,0.0,1.0,0.0,0.0,0.0,2.0
GUSBP4,0.0,1.0,0.0,0.0,0.0,2.0
ZNF785,0.0,0.0,0.0,1.0,0.0,2.0
ZNF786,0.0,1.0,0.0,0.0,0.0,2.0
ZNF787,0.0,1.0,0.0,0.0,0.0,2.0
ZNF788P,0.0,1.0,0.0,0.0,0.0,2.0
GULP1,0.0,1.0,0.0,0.0,0.0,2.0
GUF1,0.0,1.0,0.0,0.0,0.0,2.0
GUCY1B2,0.0,0.0,0.0,1.0,0.0,2.0
ZNF791,0.0,1.0,0.0,0.0,0.0,2.0
GNPDA2,0.0,1.0,0.0,0.0,0.0,2.0
GTSF1L,0.0,1.0,0.0,0.0,0.0,2.0
GNRH1,0.0,1.0,0.0,0.0,0.0,2.0
GNRH2,0.0,0.0,1.0,0.0,0.0,2.0
GTF2IRD2B,0.0,0.0,0.0,1.0,0.0,2.0
ZNF805,0.0,1.0,0.0,0.0,0.0,2.0
GOLGA2P5,0.0,1.0,0.0,0.0,0.0,2.0
ZNF81,0.0,1.0,0.0,0.0,0.0,2.0
GOLGA3,0.0,1.0,0.0,0.0,0.0,2.0
ZNF815P,0.0,1.0,0.0,0.0,0.0,2.0
GRIP1,0.0,1.0,0.0,0.0,0.0,2.0
AADAC,0.0,1.0,0.0,0.0,0.0,2.0
GRIN3B,0.0,0.0,0.0,1.0,0.0,2.0
GPR63,0.0,1.0,0.0,0.0,0.0,2.0
ZSCAN31,0.0,1.0,0.0,0.0,0.0,2.0
GPR52,0.0,1.0,0.0,0.0,0.0,2.0
GPR45,0.0,1.0,0.0,0.0,0.0,2.0
GPR4,0.0,1.0,0.0,0.0,0.0,2.0
GPR39,0.0,0.0,0.0,1.0,0.0,2.0
GPR37,0.0,0.0,0.0,1.0,0.0,2.0
GPR3,0.0,1.0,0.0,0.0,0.0,2.0
GPR27,0.0,1.0,0.0,0.0,0.0,2.0
GPR25,0.0,1.0,0.0,0.0,0.0,2.0
GPR20,0.0,1.0,0.0,0.0,0.0,2.0
ZSWIM9,0.0,1.0,0.0,0.0,0.0,2.0
GPR139,0.0,0.0,0.0,1.0,0.0,2.0
GPR180,0.0,1.0,0.0,0.0,0.0,2.0
GPR176,0.0,0.0,0.0,1.0,0.0,2.0
GPR173,0.0,1.0,0.0,0.0,0.0,2.0
GPR148,0.0,0.0,1.0,0.0,0.0,2.0
GPR15LG,0.0,0.0,0.0,1.0,0.0,2.0
GPR157,0.0,1.0,0.0,0.0,0.0,2.0
GPR151,0.0,1.0,0.0,0.0,0.0,2.0
ZSCAN30,0.0,1.0,0.0,0.0,0.0,2.0
ZSCAN26,0.0,0.0,0.0,1.0,0.0,2.0
GRIN3A,0.0,1.0,0.0,0.0,0.0,2.0
ZSCAN22,0.0,1.0,0.0,0.0,0.0,2.0
GPATCH8,0.0,1.0,0.0,0.0,0.0,2.0
ZP1,0.0,1.0,0.0,0.0,0.0,2.0
GRIK4,0.0,1.0,0.0,0.0,0.0,2.0
ZP3,0.0,0.0,0.0,0.0,2.0,2.0
ZP4,0.0,0.0,0.0,0.0,2.0,2.0
GRIK3,0.0,0.0,0.0,1.0,0.0,2.0
GRID2IP,0.0,0.0,0.0,1.0,0.0,2.0
GRID1,0.0,0.0,0.0,1.0,0.0,2.0
AACS,0.0,1.0,0.0,0.0,0.0,2.0
GRIA4,0.0,0.0,0.0,1.0,0.0,2.0
GPC1-AS1,0.0,1.0,0.0,0.0,0.0,2.0
GPC5,0.0,0.0,0.0,1.0,0.0,2.0
ZSCAN10,0.0,0.0,0.0,1.0,0.0,2.0
GPD1,0.0,0.0,0.0,1.0,0.0,2.0
GPRC5D,0.0,1.0,0.0,0.0,0.0,2.0
GPRC5C,0.0,1.0,0.0,0.0,0.0,2.0
GPR108,0.0,1.0,0.0,0.0,0.0,2.0
ZSCAN20,0.0,1.0,0.0,0.0,0.0,2.0
GPR82,0.0,0.0,0.0,1.0,0.0,2.0
ZNF782,0.0,1.0,0.0,0.0,0.0,2.0
GYPB,0.0,1.0,0.0,0.0,0.0,2.0
HEPACAM2,0.0,1.0,0.0,0.0,0.0,2.0
GGN,0.0,1.0,0.0,0.0,0.0,2.0
HBQ1,0.0,0.0,1.0,0.0,0.0,2.0
ZNF609,0.0,0.0,0.0,1.0,0.0,2.0
HBM,0.0,0.0,0.0,1.0,0.0,2.0
ZNF611,0.0,1.0,0.0,0.0,0.0,2.0
ZNF615,0.0,0.0,0.0,1.0,0.0,2.0
ZNF622,0.0,1.0,0.0,0.0,0.0,2.0
GFRA4,0.0,0.0,0.0,1.0,0.0,2.0
ZNF626,0.0,0.0,0.0,1.0,0.0,2.0
HAVCR1,0.0,0.0,0.0,1.0,0.0,2.0
ZNF639,0.0,0.0,0.0,1.0,0.0,2.0
ZNF776,0.0,1.0,0.0,0.0,0.0,2.0
HAS3,0.0,1.0,0.0,0.0,0.0,2.0
HAR1A,0.0,1.0,0.0,0.0,0.0,2.0
HAPLN4,0.0,1.0,0.0,0.0,0.0,2.0
HAP1,0.0,1.0,0.0,0.0,0.0,2.0
HADHAP1,0.0,0.0,0.0,1.0,0.0,2.0
ZNF654,0.0,1.0,0.0,0.0,0.0,2.0
GHRHR,0.0,0.0,0.0,1.0,0.0,2.0
ZNF658,0.0,1.0,0.0,0.0,0.0,2.0
HABP2,0.0,0.0,0.0,1.0,0.0,2.0
ZNF606,0.0,1.0,0.0,0.0,0.0,2.0
ZNF600,0.0,0.0,0.0,1.0,0.0,2.0
HBZ,0.0,1.0,0.0,0.0,0.0,2.0
HCCS,0.0,1.0,0.0,0.0,0.0,2.0
GDPD2,0.0,1.0,0.0,0.0,0.0,2.0
HELZ,0.0,0.0,0.0,1.0,0.0,2.0
HEATR9,0.0,1.0,0.0,0.0,0.0,2.0
HEATR3,0.0,1.0,0.0,0.0,0.0,2.0
ZNF575,0.0,1.0,0.0,0.0,0.0,2.0
ZNF576,0.0,0.0,0.0,1.0,0.0,2.0
ZNF578,0.0,0.0,0.0,1.0,0.0,2.0
ZNF579,0.0,1.0,0.0,0.0,0.0,2.0
GET1,0.0,0.0,1.0,0.0,0.0,2.0
GET4,0.0,1.0,0.0,0.0,0.0,2.0
HCRT,0.0,1.0,0.0,0.0,0.0,2.0
HCP5B,0.0,1.0,0.0,0.0,0.0,2.0
ZNF585B,0.0,1.0,0.0,0.0,0.0,2.0
ZNF586,0.0,1.0,0.0,0.0,0.0,2.0
HCG27,0.0,1.0,0.0,0.0,0.0,2.0
ZNF592,0.0,1.0,0.0,0.0,0.0,2.0
HCG11,0.0,1.0,0.0,0.0,0.0,2.0
ZNF594-DT,0.0,1.0,0.0,0.0,0.0,2.0
ZNF595,0.0,0.0,0.0,1.0,0.0,2.0
GHSR,0.0,1.0,0.0,0.0,0.0,2.0
ZNF663P,0.0,0.0,0.0,1.0,0.0,2.0
GID8,0.0,0.0,0.0,1.0,0.0,2.0
GLI1,0.0,1.0,0.0,0.0,0.0,2.0
GLIS3,0.0,1.0,0.0,0.0,0.0,2.0
GLRA2,0.0,0.0,0.0,1.0,0.0,2.0
GLRA4,0.0,0.0,0.0,1.0,0.0,2.0
ZNF721,0.0,1.0,0.0,0.0,0.0,2.0
ZNF726,0.0,0.0,0.0,1.0,0.0,2.0
ZNF727,0.0,0.0,0.0,1.0,0.0,2.0
GLTP,0.0,1.0,0.0,0.0,0.0,2.0
GLYATL1,0.0,1.0,0.0,0.0,0.0,2.0
GMCL2,0.0,0.0,0.0,1.0,0.0,2.0
H2AB3,0.0,0.0,0.0,1.0,0.0,2.0
H2AB2,0.0,1.0,0.0,0.0,0.0,2.0
H1-8,0.0,1.0,0.0,0.0,0.0,2.0
ZNF761,0.0,1.0,0.0,0.0,0.0,2.0
H1-10,0.0,1.0,0.0,0.0,0.0,2.0
GNAT1,0.0,1.0,0.0,0.0,0.0,2.0
GNAT2,0.0,1.0,0.0,0.0,0.0,2.0
ZNF767P,0.0,1.0,0.0,0.0,0.0,2.0
GNB1L,0.0,0.0,0.0,1.0,0.0,2.0
ZNF771,0.0,1.0,0.0,0.0,0.0,2.0
ZNF707,0.0,1.0,0.0,0.0,0.0,2.0
ZNF705G,0.0,1.0,0.0,0.0,0.0,2.0
H3P6,0.0,0.0,0.0,1.0,0.0,2.0
ZNF704,0.0,1.0,0.0,0.0,0.0,2.0
GJA10,0.0,0.0,0.0,1.0,0.0,2.0
ZNF668,0.0,1.0,0.0,0.0,0.0,2.0
GJB7,0.0,0.0,0.0,1.0,0.0,2.0
GJC3,0.0,0.0,0.0,1.0,0.0,2.0
GJD3,0.0,0.0,0.0,1.0,0.0,2.0
ZNF672,0.0,1.0,0.0,0.0,0.0,2.0
ZNF677,0.0,0.0,0.0,1.0,0.0,2.0
GJD4,0.0,0.0,0.0,1.0,0.0,2.0
ZNF682,0.0,1.0,0.0,0.0,0.0,2.0
H2BL1P,0.0,1.0,0.0,0.0,0.0,2.0
ZNF684,0.0,1.0,0.0,0.0,0.0,2.0
ZNF687,0.0,1.0,0.0,0.0,0.0,2.0
GK3,0.0,1.0,0.0,0.0,0.0,2.0
GKN2,0.0,1.0,0.0,0.0,0.0,2.0
ZNF69,0.0,1.0,0.0,0.0,0.0,2.0
GLB1L,0.0,1.0,0.0,0.0,0.0,2.0
ZNF7,0.0,1.0,0.0,0.0,0.0,2.0
GLDN,0.0,0.0,0.0,1.0,0.0,2.0
AAR2,0.0,1.0,0.0,0.0,0.0,2.0
ZNF175,0.0,0.0,0.0,1.0,0.0,2.0
ZNF17,0.0,0.0,0.0,1.0,0.0,2.0
LINC00324,0.0,1.0,0.0,0.0,0.0,2.0
FAM163A,0.0,0.0,0.0,1.0,0.0,2.0
KRT23,0.0,0.0,0.0,1.0,0.0,2.0
KRBOX1,0.0,1.0,0.0,0.0,0.0,2.0
KRBA2,0.0,1.0,0.0,0.0,0.0,2.0
KPNA6,0.0,0.0,0.0,1.0,0.0,2.0
KNOP1,0.0,1.0,0.0,0.0,0.0,2.0
ACER3,0.0,0.0,0.0,1.0,0.0,2.0
FAM153CP,0.0,1.0,0.0,0.0,0.0,2.0
KMT5AP1,0.0,0.0,1.0,0.0,0.0,2.0
YBEY,0.0,1.0,0.0,0.0,0.0,2.0
KLRF2,0.0,0.0,0.0,0.0,2.0,2.0
YIPF7,0.0,1.0,0.0,0.0,0.0,2.0
KLRC4-KLRK1,0.0,0.0,0.0,0.0,2.0,2.0
FAM169BP,0.0,1.0,0.0,0.0,0.0,2.0
FAM170A,0.0,1.0,0.0,0.0,0.0,2.0
FAM174A,0.0,1.0,0.0,0.0,0.0,2.0
KLK6,0.0,0.0,0.0,1.0,0.0,2.0
YIPF2,0.0,1.0,0.0,0.0,0.0,2.0
KLHL38,0.0,1.0,0.0,0.0,0.0,2.0
FAM177B,0.0,0.0,0.0,1.0,0.0,2.0
KLHL18,0.0,1.0,0.0,0.0,0.0,2.0
XRRA1,0.0,0.0,0.0,1.0,0.0,2.0
KRT24,0.0,0.0,0.0,1.0,0.0,2.0
ACKR1,0.0,0.0,0.0,1.0,0.0,2.0
FAM124B,0.0,1.0,0.0,0.0,0.0,2.0
XKR4,0.0,1.0,0.0,0.0,0.0,2.0
XKR5,0.0,1.0,0.0,0.0,0.0,2.0
XKR6,0.0,0.0,0.0,1.0,0.0,2.0
KRTAP13-1,0.0,1.0,0.0,0.0,0.0,2.0
ACOT12,0.0,0.0,0.0,1.0,0.0,2.0
KRTAP12-4,0.0,1.0,0.0,0.0,0.0,2.0
KRTAP10-4,0.0,1.0,0.0,0.0,0.0,2.0
KRTAP10-3,0.0,1.0,0.0,0.0,0.0,2.0
KRTAP10-12,0.0,1.0,0.0,0.0,0.0,2.0
XPO4,0.0,0.0,0.0,1.0,0.0,2.0
KRTAP10-1,0.0,1.0,0.0,0.0,0.0,2.0
KRT9,0.0,1.0,0.0,0.0,0.0,2.0
KRT83,0.0,0.0,0.0,1.0,0.0,2.0
KRT82,0.0,0.0,0.0,1.0,0.0,2.0
KRT77,0.0,1.0,0.0,0.0,0.0,2.0
KRT38,0.0,0.0,0.0,1.0,0.0,2.0
KRT37,0.0,0.0,0.0,1.0,0.0,2.0
KRT35,0.0,0.0,0.0,1.0,0.0,2.0
KRT33B,0.0,0.0,0.0,1.0,0.0,2.0
YIPF6,0.0,1.0,0.0,0.0,0.0,2.0
KLHL15,0.0,1.0,0.0,0.0,0.0,2.0
ZNF169,0.0,1.0,0.0,0.0,0.0,2.0
ZBED6,0.0,1.0,0.0,0.0,0.0,2.0
ACAD10,0.0,1.0,0.0,0.0,0.0,2.0
ZAR1,0.0,1.0,0.0,0.0,0.0,2.0
KIR3DX1,0.0,1.0,0.0,0.0,0.0,2.0
FAM215A,0.0,1.0,0.0,0.0,0.0,2.0
KIFBP,0.0,1.0,0.0,0.0,0.0,2.0
ZBED3,0.0,0.0,0.0,1.0,0.0,2.0
FAM221B,0.0,1.0,0.0,0.0,0.0,2.0
FAM222A,0.0,1.0,0.0,0.0,0.0,2.0
ZBED5-AS1,0.0,1.0,0.0,0.0,0.0,2.0
KIF4B,0.0,0.0,0.0,1.0,0.0,2.0
FAM181A,0.0,1.0,0.0,0.0,0.0,2.0
FAM223A,0.0,1.0,0.0,0.0,0.0,2.0
ABTB1,0.0,1.0,0.0,0.0,0.0,2.0
FAM224A,0.0,1.0,0.0,0.0,0.0,2.0
ZBTB11-AS1,0.0,1.0,0.0,0.0,0.0,2.0
FAM225A,0.0,1.0,0.0,0.0,0.0,2.0
KIF27,0.0,0.0,0.0,1.0,0.0,2.0
ZBTB17,0.0,0.0,0.0,1.0,0.0,2.0
KIF25-AS1,0.0,1.0,0.0,0.0,0.0,2.0
KIF25,0.0,0.0,0.0,1.0,0.0,2.0
KIRREL2,0.0,1.0,0.0,0.0,0.0,2.0
ZACN,0.0,0.0,0.0,1.0,0.0,2.0
YY2,0.0,1.0,0.0,0.0,0.0,2.0
KIRREL3,0.0,1.0,0.0,0.0,0.0,2.0
KLHL1,0.0,1.0,0.0,0.0,0.0,2.0
KLHDC7B,0.0,1.0,0.0,0.0,0.0,2.0
KLHDC7A,0.0,0.0,0.0,1.0,0.0,2.0
FAM183BP,0.0,0.0,0.0,1.0,0.0,2.0
KLHDC1,0.0,0.0,1.0,0.0,0.0,2.0
ACBD4,0.0,1.0,0.0,0.0,0.0,2.0
FAM184B,0.0,0.0,0.0,1.0,0.0,2.0
YPEL4,0.0,1.0,0.0,0.0,0.0,2.0
FAM187B,0.0,1.0,0.0,0.0,0.0,2.0
FAM193B,0.0,1.0,0.0,0.0,0.0,2.0
FAM197Y2,0.0,0.0,0.0,1.0,0.0,2.0
KLF17P1,0.0,1.0,0.0,0.0,0.0,2.0
KLF17,0.0,1.0,0.0,0.0,0.0,2.0
FAM200B,0.0,1.0,0.0,0.0,0.0,2.0
FAM200C,0.0,1.0,0.0,0.0,0.0,2.0
FAM201A,0.0,1.0,0.0,0.0,0.0,2.0
ACAN,0.0,0.0,0.0,1.0,0.0,2.0
ACADS,0.0,1.0,0.0,0.0,0.0,2.0
KISS1,0.0,1.0,0.0,0.0,0.0,2.0
KRTAP13-2,0.0,1.0,0.0,0.0,0.0,2.0
XIST,0.0,0.0,0.0,1.0,0.0,2.0
KRTAP19-1,0.0,1.0,0.0,0.0,0.0,2.0
WFDC21P,0.0,0.0,0.0,1.0,0.0,2.0
LGI1,0.0,1.0,0.0,0.0,0.0,2.0
LGALS9C,0.0,0.0,0.0,0.0,2.0,2.0
LGALS7,0.0,1.0,0.0,0.0,0.0,2.0
WEE2,0.0,0.0,0.0,1.0,0.0,2.0
EXOC3L1,0.0,1.0,0.0,0.0,0.0,2.0
WFDC10B,0.0,1.0,0.0,0.0,0.0,2.0
WFDC12,0.0,1.0,0.0,0.0,0.0,2.0
WFDC13,0.0,1.0,0.0,0.0,0.0,2.0
LGALS14,0.0,0.0,0.0,1.0,0.0,2.0
WFIKKN1,0.0,1.0,0.0,0.0,0.0,2.0
KRTAP19-7,0.0,1.0,0.0,0.0,0.0,2.0
LGALS13,0.0,1.0,0.0,0.0,0.0,2.0
LGALS12,0.0,0.0,0.0,1.0,0.0,2.0
LETR1,0.0,1.0,0.0,0.0,0.0,2.0
LENG8,0.0,1.0,0.0,0.0,0.0,2.0
LENEP,0.0,0.0,0.0,1.0,0.0,2.0
ACTG1P17,0.0,1.0,0.0,0.0,0.0,2.0
LEKR1,0.0,0.0,0.0,1.0,0.0,2.0
ACTBL2,0.0,0.0,0.0,1.0,0.0,2.0
LDHAL6B,0.0,0.0,0.0,1.0,0.0,2.0
LGI2,0.0,1.0,0.0,0.0,0.0,2.0
EXD3,0.0,1.0,0.0,0.0,0.0,2.0
WDR90,0.0,1.0,0.0,0.0,0.0,2.0
LHFPL1,0.0,1.0,0.0,0.0,0.0,2.0
LINC00313,0.0,1.0,0.0,0.0,0.0,2.0
ACTL7A,0.0,1.0,0.0,0.0,0.0,2.0
LINC00310,0.0,1.0,0.0,0.0,0.0,2.0
LINC00305,0.0,0.0,0.0,1.0,0.0,2.0
LINC00294,0.0,1.0,0.0,0.0,0.0,2.0
WDR64,0.0,1.0,0.0,0.0,0.0,2.0
LINC00269,0.0,1.0,0.0,0.0,0.0,2.0
WDR70,0.0,1.0,0.0,0.0,0.0,2.0
LINC00261,0.0,0.0,0.0,1.0,0.0,2.0
LINC00052,0.0,1.0,0.0,0.0,0.0,2.0
LIN7B,0.0,0.0,0.0,1.0,0.0,2.0
LIN7A,0.0,0.0,1.0,0.0,0.0,2.0
LIN54,0.0,1.0,0.0,0.0,0.0,2.0
LIN28B,0.0,0.0,0.0,1.0,0.0,2.0
LIG3,0.0,1.0,0.0,0.0,0.0,2.0
WDR82,0.0,0.0,0.0,1.0,0.0,2.0
LHX8,0.0,1.0,0.0,0.0,0.0,2.0
LHFPL4,0.0,1.0,0.0,0.0,0.0,2.0
WDR86,0.0,0.0,0.0,1.0,0.0,2.0
LDB3,0.0,1.0,0.0,0.0,0.0,2.0
LCTL,0.0,0.0,0.0,1.0,0.0,2.0
WNK4,0.0,1.0,0.0,0.0,0.0,2.0
ACRV1,0.0,0.0,0.0,1.0,0.0,2.0
LACTB2,0.0,1.0,0.0,0.0,0.0,2.0
LACRT,0.0,0.0,0.0,1.0,0.0,2.0
ACP7,0.0,0.0,0.0,1.0,0.0,2.0
WTIP,0.0,1.0,0.0,0.0,0.0,2.0
L3MBTL4,0.0,0.0,0.0,1.0,0.0,2.0
KYAT1,0.0,1.0,0.0,0.0,0.0,2.0
KSR2,0.0,1.0,0.0,0.0,0.0,2.0
KRTDAP,0.0,1.0,0.0,0.0,0.0,2.0
ACP4,0.0,1.0,0.0,0.0,0.0,2.0
KRTAP9-9,0.0,1.0,0.0,0.0,0.0,2.0
KRTAP9-8,0.0,1.0,0.0,0.0,0.0,2.0
KRTAP5-9,0.0,0.0,0.0,1.0,0.0,2.0
KRTAP5-8,0.0,0.0,0.0,1.0,0.0,2.0
XAGE2,0.0,0.0,0.0,1.0,0.0,2.0
KRTAP4-3,0.0,1.0,0.0,0.0,0.0,2.0
KRTAP4-12,0.0,1.0,0.0,0.0,0.0,2.0
KRTAP4-11,0.0,1.0,0.0,0.0,0.0,2.0
KRTAP3-1,0.0,0.0,0.0,1.0,0.0,2.0
ACOT6,0.0,0.0,0.0,1.0,0.0,2.0
FAM111B,0.0,1.0,0.0,0.0,0.0,2.0
LAIR2,0.0,0.0,0.0,1.0,0.0,2.0
EXTL1,0.0,0.0,1.0,0.0,0.0,2.0
FAM110D,0.0,1.0,0.0,0.0,0.0,2.0
LCN9,0.0,0.0,0.0,1.0,0.0,2.0
LCN15,0.0,0.0,0.0,1.0,0.0,2.0
NAT16,0.0,1.0,0.0,0.0,0.0,2.0
LCE3A,0.0,1.0,0.0,0.0,0.0,2.0
LCE1F,0.0,1.0,0.0,0.0,0.0,2.0
LCE1B,0.0,1.0,0.0,0.0,0.0,2.0
F11-AS1,0.0,0.0,0.0,1.0,0.0,2.0
LASP1NB,0.0,1.0,0.0,0.0,0.0,2.0
LAS1L,0.0,0.0,0.0,1.0,0.0,2.0
LARP6,0.0,0.0,0.0,1.0,0.0,2.0
ACSF3,0.0,1.0,0.0,0.0,0.0,2.0
LARP1B,0.0,1.0,0.0,0.0,0.0,2.0
FABP12,0.0,1.0,0.0,0.0,0.0,2.0
FABP2,0.0,1.0,0.0,0.0,0.0,2.0
LANCL3,0.0,1.0,0.0,0.0,0.0,2.0
FADS6,0.0,0.0,0.0,1.0,0.0,2.0
FAM106A,0.0,0.0,0.0,1.0,0.0,2.0
LAMB4,0.0,0.0,0.0,1.0,0.0,2.0
FAM110C,0.0,0.0,0.0,1.0,0.0,2.0
KIF23-AS1,0.0,1.0,0.0,0.0,0.0,2.0
ZBTB21,0.0,1.0,0.0,0.0,0.0,2.0
FAM226B,0.0,0.0,0.0,1.0,0.0,2.0
ZG16,0.0,1.0,0.0,0.0,0.0,2.0
INTU,0.0,1.0,0.0,0.0,0.0,2.0
FGF14-AS2,0.0,1.0,0.0,0.0,0.0,2.0
FGF7P6,0.0,0.0,0.0,1.0,0.0,2.0
INTS5,0.0,1.0,0.0,0.0,0.0,2.0
INTS4,0.0,0.0,0.0,1.0,0.0,2.0
INTS10,0.0,0.0,0.0,1.0,0.0,2.0
ZFYVE27,0.0,1.0,0.0,0.0,0.0,2.0
INSYN2B,0.0,1.0,0.0,0.0,0.0,2.0
FGFBP3,0.0,1.0,0.0,0.0,0.0,2.0
ZGLP1,0.0,1.0,0.0,0.0,0.0,2.0
FCRL6,0.0,1.0,0.0,0.0,0.0,2.0
ZGPAT,0.0,1.0,0.0,0.0,0.0,2.0
INSM2,0.0,1.0,0.0,0.0,0.0,2.0
INSL4,0.0,1.0,0.0,0.0,0.0,2.0
INSC,0.0,1.0,0.0,0.0,0.0,2.0
FGL1,0.0,0.0,0.0,0.0,2.0,2.0
INPP5J,0.0,0.0,0.0,1.0,0.0,2.0
ZIC4,0.0,1.0,0.0,0.0,0.0,2.0
ZIC5,0.0,0.0,0.0,1.0,0.0,2.0
FHDC1,0.0,1.0,0.0,0.0,0.0,2.0
IP6K2,0.0,0.0,0.0,1.0,0.0,2.0
IPO13,0.0,1.0,0.0,0.0,0.0,2.0
IQCA1L,0.0,0.0,0.0,1.0,0.0,2.0
IQCD,0.0,1.0,0.0,0.0,0.0,2.0
FCRLB,0.0,0.0,0.0,1.0,0.0,2.0
ISCA2,0.0,0.0,0.0,1.0,0.0,2.0
IRX4,0.0,0.0,0.0,1.0,0.0,2.0
IRX2,0.0,0.0,0.0,1.0,0.0,2.0
IRS3P,0.0,0.0,0.0,1.0,0.0,2.0
ABHD12B,0.0,1.0,0.0,0.0,0.0,2.0
FERD3L,0.0,0.0,0.0,1.0,0.0,2.0
ZFP37,0.0,1.0,0.0,0.0,0.0,2.0
ZFP62,0.0,1.0,0.0,0.0,0.0,2.0
FEV,0.0,0.0,0.0,1.0,0.0,2.0
FEZF1,0.0,0.0,0.0,1.0,0.0,2.0
ZFP69B,0.0,0.0,0.0,1.0,0.0,2.0
ZFP82,0.0,1.0,0.0,0.0,0.0,2.0
IRAG1-AS1,0.0,1.0,0.0,0.0,0.0,2.0
IQCH-AS1,0.0,1.0,0.0,0.0,0.0,2.0
IQCF3,0.0,1.0,0.0,0.0,0.0,2.0
IQCF1,0.0,1.0,0.0,0.0,0.0,2.0
ABHD1,0.0,0.0,0.0,1.0,0.0,2.0
IQCE,0.0,0.0,0.0,1.0,0.0,2.0
FHIP1A,0.0,0.0,0.0,1.0,0.0,2.0
ZIM3,0.0,1.0,0.0,0.0,0.0,2.0
FHIP2A,0.0,1.0,0.0,0.0,0.0,2.0
ZNF107,0.0,1.0,0.0,0.0,0.0,2.0
FLVCR1,0.0,1.0,0.0,0.0,0.0,2.0
IL17REL,0.0,1.0,0.0,0.0,0.0,2.0
IL17RC,0.0,0.0,0.0,1.0,0.0,2.0
FLYWCH2,0.0,0.0,0.0,1.0,0.0,2.0
ZNF133,0.0,0.0,0.0,1.0,0.0,2.0
IL17D,0.0,1.0,0.0,0.0,0.0,2.0
FMC1,0.0,1.0,0.0,0.0,0.0,2.0
FMO1,0.0,1.0,0.0,0.0,0.0,2.0
ZNF138,0.0,1.0,0.0,0.0,0.0,2.0
ZNF14,0.0,1.0,0.0,0.0,0.0,2.0
FMO4,0.0,0.0,0.0,1.0,0.0,2.0
ZNF142,0.0,1.0,0.0,0.0,0.0,2.0
FMO6P,0.0,0.0,0.0,1.0,0.0,2.0
FMO9P,0.0,1.0,0.0,0.0,0.0,2.0
ZNF155,0.0,1.0,0.0,0.0,0.0,2.0
FNDC1,0.0,1.0,0.0,0.0,0.0,2.0
FNDC11,0.0,1.0,0.0,0.0,0.0,2.0
IGSF23,0.0,1.0,0.0,0.0,0.0,2.0
IGSF21,0.0,1.0,0.0,0.0,0.0,2.0
FLRT1,0.0,1.0,0.0,0.0,0.0,2.0
FLJ20021,0.0,1.0,0.0,0.0,0.0,2.0
FHL1P1,0.0,1.0,0.0,0.0,0.0,2.0
FLJ16779,0.0,1.0,0.0,0.0,0.0,2.0
ZKSCAN4,0.0,1.0,0.0,0.0,0.0,2.0
INKA1,0.0,1.0,0.0,0.0,0.0,2.0
INHBA-AS1,0.0,1.0,0.0,0.0,0.0,2.0
ZKSCAN8,0.0,1.0,0.0,0.0,0.0,2.0
FHOD3,0.0,0.0,0.0,1.0,0.0,2.0
FICD,0.0,1.0,0.0,0.0,0.0,2.0
ABCD1,0.0,0.0,0.0,1.0,0.0,2.0
INAFM1,0.0,1.0,0.0,0.0,0.0,2.0
FIGN,0.0,0.0,0.0,1.0,0.0,2.0
FIZ1,0.0,1.0,0.0,0.0,0.0,2.0
FKBP2,0.0,1.0,0.0,0.0,0.0,2.0
IL37,0.0,0.0,0.0,1.0,0.0,2.0
IL31RA,0.0,1.0,0.0,0.0,0.0,2.0
FKBP9,0.0,1.0,0.0,0.0,0.0,2.0
FLACC1,0.0,1.0,0.0,0.0,0.0,2.0
IL26,0.0,1.0,0.0,0.0,0.0,2.0
IL21R-AS1,0.0,1.0,0.0,0.0,0.0,2.0
FLJ13224,0.0,1.0,0.0,0.0,0.0,2.0
ZNF100,0.0,1.0,0.0,0.0,0.0,2.0
ZFP14,0.0,1.0,0.0,0.0,0.0,2.0
FCRL5,0.0,1.0,0.0,0.0,0.0,2.0
FAM227A,0.0,1.0,0.0,0.0,0.0,2.0
KCTD5,0.0,0.0,0.0,1.0,0.0,2.0
FAM43B,0.0,1.0,0.0,0.0,0.0,2.0
ZBTB8OS,0.0,1.0,0.0,0.0,0.0,2.0
KHDC1L,0.0,1.0,0.0,0.0,0.0,2.0
KERA,0.0,0.0,0.0,1.0,0.0,2.0
FAM50B,0.0,1.0,0.0,0.0,0.0,2.0
FAM53A,0.0,1.0,0.0,0.0,0.0,2.0
FAM74A4,0.0,0.0,0.0,1.0,0.0,2.0
FAM83E,0.0,1.0,0.0,0.0,0.0,2.0
FAM83F,0.0,0.0,0.0,1.0,0.0,2.0
FAM85B,0.0,1.0,0.0,0.0,0.0,2.0
FCAMR,0.0,1.0,0.0,0.0,0.0,2.0
ABLIM2,0.0,1.0,0.0,0.0,0.0,2.0
KCTD18,0.0,0.0,0.0,1.0,0.0,2.0
FAM86B1,0.0,1.0,0.0,0.0,0.0,2.0
FAM88B,0.0,0.0,0.0,1.0,0.0,2.0
KCNV2,0.0,0.0,0.0,1.0,0.0,2.0
KCNRG,0.0,1.0,0.0,0.0,0.0,2.0
FAM9A,0.0,1.0,0.0,0.0,0.0,2.0
KCNK4,0.0,0.0,0.0,1.0,0.0,2.0
ZC4H2,0.0,1.0,0.0,0.0,0.0,2.0
KIAA0408,0.0,1.0,0.0,0.0,0.0,2.0
ZBTB7C-AS2,0.0,1.0,0.0,0.0,0.0,2.0
ZBTB7C,0.0,1.0,0.0,0.0,0.0,2.0
KIAA0753,0.0,0.0,0.0,1.0,0.0,2.0
ZBTB26,0.0,1.0,0.0,0.0,0.0,2.0
FAM228A,0.0,0.0,0.0,1.0,0.0,2.0
FAM230C,0.0,1.0,0.0,0.0,0.0,2.0
ZBTB34,0.0,0.0,0.0,1.0,0.0,2.0
KIF1C,0.0,0.0,0.0,1.0,0.0,2.0
KIF17,0.0,1.0,0.0,0.0,0.0,2.0
ZBTB39,0.0,1.0,0.0,0.0,0.0,2.0
FAM238B,0.0,1.0,0.0,0.0,0.0,2.0
FAM27C,0.0,0.0,0.0,1.0,0.0,2.0
ZBTB42,0.0,1.0,0.0,0.0,0.0,2.0
FAM27E3,0.0,0.0,0.0,1.0,0.0,2.0
FAM27E5,0.0,0.0,0.0,1.0,0.0,2.0
KIAA1549,0.0,1.0,0.0,0.0,0.0,2.0
ZBTB46,0.0,1.0,0.0,0.0,0.0,2.0
ZBTB47,0.0,0.0,0.0,1.0,0.0,2.0
ZBTB48,0.0,1.0,0.0,0.0,0.0,2.0
KIAA1210,0.0,0.0,0.0,1.0,0.0,2.0
KIAA1191,0.0,0.0,0.0,1.0,0.0,2.0
FAM30A,0.0,1.0,0.0,0.0,0.0,2.0
KCNK18,0.0,1.0,0.0,0.0,0.0,2.0
KCNK15,0.0,0.0,0.0,1.0,0.0,2.0
ZCCHC13,0.0,1.0,0.0,0.0,0.0,2.0
FAT2,0.0,0.0,0.0,1.0,0.0,2.0
JRKL,0.0,1.0,0.0,0.0,0.0,2.0
JMJD7-PLA2G4B,0.0,0.0,1.0,0.0,0.0,2.0
JAZF1-AS1,0.0,1.0,0.0,0.0,0.0,2.0
JAKMIP3,0.0,1.0,0.0,0.0,0.0,2.0
JAKMIP2-AS1,0.0,1.0,0.0,0.0,0.0,2.0
FBXL2,0.0,1.0,0.0,0.0,0.0,2.0
ABHD18,0.0,1.0,0.0,0.0,0.0,2.0
IVL,0.0,0.0,1.0,0.0,0.0,2.0
FBXO25,0.0,1.0,0.0,0.0,0.0,2.0
ABHD17B,0.0,1.0,0.0,0.0,0.0,2.0
FBXO3,0.0,0.0,1.0,0.0,0.0,2.0
ABHD16B,0.0,0.0,0.0,1.0,0.0,2.0
FBXO36,0.0,0.0,0.0,1.0,0.0,2.0
ITLN1,0.0,1.0,0.0,0.0,0.0,2.0
ITIH6,0.0,0.0,0.0,1.0,0.0,2.0
FBXO38-DT,0.0,0.0,0.0,1.0,0.0,2.0
FBXO43,0.0,0.0,0.0,1.0,0.0,2.0
ZFAS1,0.0,1.0,0.0,0.0,0.0,2.0
ZFAT,0.0,1.0,0.0,0.0,0.0,2.0
JSRP1,0.0,1.0,0.0,0.0,0.0,2.0
KANK4,0.0,1.0,0.0,0.0,0.0,2.0
FAM9B,0.0,1.0,0.0,0.0,0.0,2.0
FAR2P2,0.0,1.0,0.0,0.0,0.0,2.0
FAN1,0.0,1.0,0.0,0.0,0.0,2.0
KCNJ1,0.0,0.0,0.0,1.0,0.0,2.0
KCNIP4,0.0,1.0,0.0,0.0,0.0,2.0
ZCCHC3,0.0,1.0,0.0,0.0,0.0,2.0
KCNIP1,0.0,0.0,0.0,1.0,0.0,2.0
KCNH1,0.0,0.0,0.0,1.0,0.0,2.0
ZCCHC9,0.0,1.0,0.0,0.0,0.0,2.0
KCNF1,0.0,1.0,0.0,0.0,0.0,2.0
KCNE2,0.0,0.0,0.0,1.0,0.0,2.0
KCNE1,0.0,0.0,0.0,1.0,0.0,2.0
ZDHHC1,0.0,1.0,0.0,0.0,0.0,2.0
KCND2,0.0,1.0,0.0,0.0,0.0,2.0
KCND1,0.0,1.0,0.0,0.0,0.0,2.0
KCNC4,0.0,0.0,0.0,1.0,0.0,2.0
FANK1,0.0,0.0,0.0,1.0,0.0,2.0
KCNA6,0.0,0.0,0.0,1.0,0.0,2.0
KBTBD2,0.0,1.0,0.0,0.0,0.0,2.0
KAZALD1,0.0,0.0,0.0,1.0,0.0,2.0
KATNIP,0.0,0.0,0.0,1.0,0.0,2.0
ANGEL2,0.0,0.0,0.0,1.0,0.0,2.0
DIPK1C,0.0,1.0,0.0,0.0,0.0,2.0
NAT8,0.0,1.0,0.0,0.0,0.0,2.0
CCDC87,0.0,0.0,0.0,1.0,0.0,2.0
CCDC54,0.0,1.0,0.0,0.0,0.0,2.0
CCDC65,0.0,1.0,0.0,0.0,0.0,2.0
CCDC66,0.0,1.0,0.0,0.0,0.0,2.0
CCDC70,0.0,1.0,0.0,0.0,0.0,2.0
CCDC71,0.0,1.0,0.0,0.0,0.0,2.0
CCDC73,0.0,1.0,0.0,0.0,0.0,2.0
CCDC74A,0.0,0.0,0.0,1.0,0.0,2.0
CCDC85B,0.0,1.0,0.0,0.0,0.0,2.0
RPL7L1,0.0,1.0,0.0,0.0,0.0,2.0
TAS2R3,0.0,0.0,0.0,1.0,0.0,2.0
CCDC39,0.0,1.0,0.0,0.0,0.0,2.0
TAS2R39,0.0,1.0,0.0,0.0,0.0,2.0
TAS2R4,0.0,1.0,0.0,0.0,0.0,2.0
CCDC9B,0.0,0.0,0.0,1.0,0.0,2.0
CCER1,0.0,0.0,0.0,1.0,0.0,2.0
RPL23AP7,0.0,1.0,0.0,0.0,0.0,2.0
CCNJL,0.0,0.0,0.0,1.0,0.0,2.0
CCNO,0.0,1.0,0.0,0.0,0.0,2.0
CCNP,0.0,0.0,0.0,1.0,0.0,2.0
TATDN1,0.0,1.0,0.0,0.0,0.0,2.0
CCDC40,0.0,1.0,0.0,0.0,0.0,2.0
CCDC33,0.0,0.0,0.0,1.0,0.0,2.0
CHTF18,0.0,0.0,0.0,1.0,0.0,2.0
CCDC144NL-AS1,0.0,1.0,0.0,0.0,0.0,2.0
RSPH14,0.0,1.0,0.0,0.0,0.0,2.0
RSPH1,0.0,1.0,0.0,0.0,0.0,2.0
ATP13A3-DT,0.0,1.0,0.0,0.0,0.0,2.0
RSF1,0.0,1.0,0.0,0.0,0.0,2.0
RSBN1L,0.0,1.0,0.0,0.0,0.0,2.0
CCDC125,0.0,0.0,0.0,1.0,0.0,2.0
RRP36,0.0,1.0,0.0,0.0,0.0,2.0
RRN3P3,0.0,1.0,0.0,0.0,0.0,2.0
RRN3P1,0.0,1.0,0.0,0.0,0.0,2.0
CCDC149,0.0,1.0,0.0,0.0,0.0,2.0
CCDC30,0.0,1.0,0.0,0.0,0.0,2.0
CCDC152,0.0,1.0,0.0,0.0,0.0,2.0
CCDC154,0.0,1.0,0.0,0.0,0.0,2.0
CCDC157,0.0,1.0,0.0,0.0,0.0,2.0
TANGO6,0.0,1.0,0.0,0.0,0.0,2.0
CCDC188,0.0,1.0,0.0,0.0,0.0,2.0
CCDC190,0.0,1.0,0.0,0.0,0.0,2.0
CCDC191,0.0,1.0,0.0,0.0,0.0,2.0
ATOSB,0.0,1.0,0.0,0.0,0.0,2.0
RPS2P45,0.0,1.0,0.0,0.0,0.0,2.0
RPL12P6,0.0,1.0,0.0,0.0,0.0,2.0
CCR10,0.0,1.0,0.0,0.0,0.0,2.0
RPL10P17,0.0,1.0,0.0,0.0,0.0,2.0
CD300LG,0.0,0.0,0.0,1.0,0.0,2.0
RNF217-AS1,0.0,1.0,0.0,0.0,0.0,2.0
TBC1D32,0.0,0.0,0.0,1.0,0.0,2.0
TBC1D3B,0.0,0.0,0.0,1.0,0.0,2.0
TBC1D3F,0.0,0.0,0.0,1.0,0.0,2.0
TBC1D3G,0.0,0.0,0.0,1.0,0.0,2.0
TBC1D3I,0.0,0.0,0.0,1.0,0.0,2.0
RNF208,0.0,1.0,0.0,0.0,0.0,2.0
RNF183,0.0,1.0,0.0,0.0,0.0,2.0
RNF182,0.0,0.0,0.0,1.0,0.0,2.0
TBC1D8B,0.0,1.0,0.0,0.0,0.0,2.0
RPH3AL-AS1,0.0,1.0,0.0,0.0,0.0,2.0
TBC1D9,0.0,0.0,0.0,1.0,0.0,2.0
RNF151,0.0,1.0,0.0,0.0,0.0,2.0
RNF150,0.0,1.0,0.0,0.0,0.0,2.0
TBCC,0.0,1.0,0.0,0.0,0.0,2.0
TBCCD1,0.0,0.0,0.0,1.0,0.0,2.0
CD99P1,0.0,1.0,0.0,0.0,0.0,2.0
RNASEK,0.0,0.0,0.0,1.0,0.0,2.0
RNASEH2C,0.0,1.0,0.0,0.0,0.0,2.0
RNASE2CP,0.0,0.0,0.0,1.0,0.0,2.0
TBC1D30,0.0,1.0,0.0,0.0,0.0,2.0
TBC1D3,0.0,0.0,0.0,1.0,0.0,2.0
RNF222,0.0,1.0,0.0,0.0,0.0,2.0
RNF32-DT,0.0,1.0,0.0,0.0,0.0,2.0
TBATA,0.0,0.0,0.0,1.0,0.0,2.0
RPGRIP1L,0.0,0.0,0.0,1.0,0.0,2.0
RPF1,0.0,1.0,0.0,0.0,0.0,2.0
CCSER2,0.0,1.0,0.0,0.0,0.0,2.0
RPAP1,0.0,1.0,0.0,0.0,0.0,2.0
RP1L1,0.0,1.0,0.0,0.0,0.0,2.0
RP1,0.0,1.0,0.0,0.0,0.0,2.0
ROS1,0.0,0.0,0.0,1.0,0.0,2.0
CCT6B,0.0,1.0,0.0,0.0,0.0,2.0
ROR2,0.0,1.0,0.0,0.0,0.0,2.0
ROPN1L,0.0,1.0,0.0,0.0,0.0,2.0
TBC1D19,0.0,1.0,0.0,0.0,0.0,2.0
ROPN1B,0.0,1.0,0.0,0.0,0.0,2.0
RNY1,0.0,1.0,0.0,0.0,0.0,2.0
RNU12,0.0,1.0,0.0,0.0,0.0,2.0
RNU1-4,0.0,1.0,0.0,0.0,0.0,2.0
CD163,0.0,1.0,0.0,0.0,0.0,2.0
CD164L2,0.0,0.0,0.0,1.0,0.0,2.0
RNF39,0.0,1.0,0.0,0.0,0.0,2.0
RSPH3,0.0,1.0,0.0,0.0,0.0,2.0
RSPH4A,0.0,0.0,0.0,1.0,0.0,2.0
CCDC116,0.0,1.0,0.0,0.0,0.0,2.0
SCARNA13,0.0,1.0,0.0,0.0,0.0,2.0
SCIMP,0.0,1.0,0.0,0.0,0.0,2.0
SCHIP1,0.0,0.0,0.0,1.0,0.0,2.0
SCGB3A1,0.0,0.0,0.0,1.0,0.0,2.0
SCGB2A2,0.0,1.0,0.0,0.0,0.0,2.0
SYNPR,0.0,0.0,0.0,1.0,0.0,2.0
SCGB1D1,0.0,1.0,0.0,0.0,0.0,2.0
CARMIL3,0.0,1.0,0.0,0.0,0.0,2.0
CARNMT1,0.0,0.0,0.0,1.0,0.0,2.0
SCARNA17,0.0,1.0,0.0,0.0,0.0,2.0
ATP6AP1-DT,0.0,1.0,0.0,0.0,0.0,2.0
SBF1,0.0,0.0,0.0,1.0,0.0,2.0
SYT12,0.0,0.0,0.0,1.0,0.0,2.0
SCARA5,0.0,1.0,0.0,0.0,0.0,2.0
SYT15,0.0,1.0,0.0,0.0,0.0,2.0
SCAPER,0.0,1.0,0.0,0.0,0.0,2.0
SCAMP4,0.0,0.0,0.0,1.0,0.0,2.0
SCAMP3,0.0,0.0,0.0,1.0,0.0,2.0
SYT3,0.0,0.0,0.0,1.0,0.0,2.0
SYT4,0.0,1.0,0.0,0.0,0.0,2.0
SCAF8,0.0,1.0,0.0,0.0,0.0,2.0
SCN10A,0.0,0.0,1.0,0.0,0.0,2.0
SCN2A,0.0,1.0,0.0,0.0,0.0,2.0
SCN3B,0.0,1.0,0.0,0.0,0.0,2.0
SCN5A,0.0,1.0,0.0,0.0,0.0,2.0
ATP8B1,0.0,1.0,0.0,0.0,0.0,2.0
SYCP2L,0.0,1.0,0.0,0.0,0.0,2.0
SECISBP2L,0.0,1.0,0.0,0.0,0.0,2.0
CAND2,0.0,1.0,0.0,0.0,0.0,2.0
CAPN11,0.0,1.0,0.0,0.0,0.0,2.0
SEC14L4,0.0,1.0,0.0,0.0,0.0,2.0
CAPN14,0.0,1.0,0.0,0.0,0.0,2.0
SDR9C7,0.0,1.0,0.0,0.0,0.0,2.0
SDR42E1,0.0,1.0,0.0,0.0,0.0,2.0
SDR16C5,0.0,0.0,0.0,1.0,0.0,2.0
CAPN9,0.0,1.0,0.0,0.0,0.0,2.0
SDCBP2-AS1,0.0,1.0,0.0,0.0,0.0,2.0
SCX,0.0,0.0,0.0,1.0,0.0,2.0
SCUBE1,0.0,0.0,0.0,1.0,0.0,2.0
SCTR,0.0,1.0,0.0,0.0,0.0,2.0
SCRT2,0.0,1.0,0.0,0.0,0.0,2.0
SCOC,0.0,1.0,0.0,0.0,0.0,2.0
SCNN1D,0.0,1.0,0.0,0.0,0.0,2.0
SCN8A,0.0,0.0,1.0,0.0,0.0,2.0
CASC2,0.0,1.0,0.0,0.0,0.0,2.0
CASKIN2,0.0,1.0,0.0,0.0,0.0,2.0
RTKN2,0.0,1.0,0.0,0.0,0.0,2.0
CC2D2B,0.0,0.0,0.0,1.0,0.0,2.0
ATP2C1,0.0,0.0,1.0,0.0,0.0,2.0
S100A1,0.0,0.0,0.0,1.0,0.0,2.0
CBX3P2,0.0,1.0,0.0,0.0,0.0,2.0
RXFP2,0.0,1.0,0.0,0.0,0.0,2.0
RWDD2A,0.0,1.0,0.0,0.0,0.0,2.0
CBY3,0.0,1.0,0.0,0.0,0.0,2.0
RUSF1,0.0,0.0,0.0,1.0,0.0,2.0
ATP2B1-AS1,0.0,1.0,0.0,0.0,0.0,2.0
CC2D1B,0.0,1.0,0.0,0.0,0.0,2.0
RUNDC1,0.0,1.0,0.0,0.0,0.0,2.0
ATP5MK,0.0,1.0,0.0,0.0,0.0,2.0
CCDC107,0.0,1.0,0.0,0.0,0.0,2.0
RTRAF,0.0,0.0,0.0,1.0,0.0,2.0
TAF5LP1,0.0,1.0,0.0,0.0,0.0,2.0
RTP5,0.0,1.0,0.0,0.0,0.0,2.0
RTP3,0.0,1.0,0.0,0.0,0.0,2.0
RTN4IP1,0.0,0.0,0.0,1.0,0.0,2.0
CCDC112,0.0,1.0,0.0,0.0,0.0,2.0
RTN2,0.0,0.0,0.0,1.0,0.0,2.0
RTL8A,0.0,0.0,0.0,1.0,0.0,2.0
CBR3-AS1,0.0,1.0,0.0,0.0,0.0,2.0
CBLN4,0.0,0.0,0.0,1.0,0.0,2.0
CBLN2,0.0,1.0,0.0,0.0,0.0,2.0
CBLL2,0.0,0.0,0.0,1.0,0.0,2.0
ATP5MJ,0.0,1.0,0.0,0.0,0.0,2.0
SAT2,0.0,1.0,0.0,0.0,0.0,2.0
SYTL5,0.0,0.0,0.0,1.0,0.0,2.0
CASQ1,0.0,0.0,0.0,1.0,0.0,2.0
CASTOR2,0.0,0.0,0.0,1.0,0.0,2.0
SARM1,0.0,0.0,0.0,1.0,0.0,2.0
SARDH,0.0,0.0,0.0,1.0,0.0,2.0
SAP30L-AS1,0.0,1.0,0.0,0.0,0.0,2.0
CATSPERB,0.0,1.0,0.0,0.0,0.0,2.0
CATSPERZ,0.0,1.0,0.0,0.0,0.0,2.0
TAC4,0.0,1.0,0.0,0.0,0.0,2.0
ATP5MC1P5,0.0,0.0,0.0,1.0,0.0,2.0
SAMD14,0.0,1.0,0.0,0.0,0.0,2.0
SAGE1,0.0,1.0,0.0,0.0,0.0,2.0
SAFB2,0.0,1.0,0.0,0.0,0.0,2.0
CAVIN4,0.0,1.0,0.0,0.0,0.0,2.0
SAA2,0.0,0.0,0.0,1.0,0.0,2.0
CBLIF,0.0,1.0,0.0,0.0,0.0,2.0
CBLL1,0.0,1.0,0.0,0.0,0.0,2.0
RN7SL2,0.0,0.0,0.0,1.0,0.0,2.0
CDC42EP5,0.0,1.0,0.0,0.0,0.0,2.0
CDH23,0.0,1.0,0.0,0.0,0.0,2.0
CFAP299,0.0,1.0,0.0,0.0,0.0,2.0
RADX,0.0,0.0,0.0,1.0,0.0,2.0
RADIL,0.0,0.0,0.0,1.0,0.0,2.0
RAD54L2,0.0,0.0,0.0,1.0,0.0,2.0
CFAP157,0.0,1.0,0.0,0.0,0.0,2.0
CFAP210,0.0,1.0,0.0,0.0,0.0,2.0
TEX13A,0.0,1.0,0.0,0.0,0.0,2.0
RAD21L1,0.0,1.0,0.0,0.0,0.0,2.0
CFAP221,0.0,0.0,0.0,1.0,0.0,2.0
CFAP251,0.0,1.0,0.0,0.0,0.0,2.0
RACGAP1P1,0.0,1.0,0.0,0.0,0.0,2.0
TEX46,0.0,1.0,0.0,0.0,0.0,2.0
CFAP44,0.0,1.0,0.0,0.0,0.0,2.0
CFAP46,0.0,1.0,0.0,0.0,0.0,2.0
CFAP47,0.0,1.0,0.0,0.0,0.0,2.0
TEX28,0.0,1.0,0.0,0.0,0.0,2.0
CFAP53,0.0,1.0,0.0,0.0,0.0,2.0
CFAP57,0.0,1.0,0.0,0.0,0.0,2.0
CFAP58,0.0,1.0,0.0,0.0,0.0,2.0
TEX36-AS1,0.0,1.0,0.0,0.0,0.0,2.0
TEX38,0.0,1.0,0.0,0.0,0.0,2.0
CFAP119,0.0,1.0,0.0,0.0,0.0,2.0
CFAP100,0.0,1.0,0.0,0.0,0.0,2.0
CETN4P,0.0,0.0,0.0,1.0,0.0,2.0
CETN1,0.0,0.0,0.0,1.0,0.0,2.0
CEP152,0.0,0.0,0.0,1.0,0.0,2.0
RBAK-RBAKDN,0.0,1.0,0.0,0.0,0.0,2.0
TEN1,0.0,1.0,0.0,0.0,0.0,2.0
RAX,0.0,0.0,0.0,1.0,0.0,2.0
RASSF10,0.0,0.0,0.0,1.0,0.0,2.0
TENM4,0.0,1.0,0.0,0.0,0.0,2.0
CEP20,0.0,0.0,0.0,1.0,0.0,2.0
RASL11A,0.0,0.0,0.0,1.0,0.0,2.0
RASL10B,0.0,1.0,0.0,0.0,0.0,2.0
RASIP1,0.0,1.0,0.0,0.0,0.0,2.0
RASGEF1C,0.0,0.0,0.0,1.0,0.0,2.0
TENT5D,0.0,0.0,0.0,1.0,0.0,2.0
RAPSN,0.0,1.0,0.0,0.0,0.0,2.0
CEP85L,0.0,0.0,0.0,1.0,0.0,2.0
CERKL,0.0,0.0,0.0,1.0,0.0,2.0
CERNA1,0.0,1.0,0.0,0.0,0.0,2.0
RALYL,0.0,1.0,0.0,0.0,0.0,2.0
ASB16-AS1,0.0,1.0,0.0,0.0,0.0,2.0
CES3,0.0,1.0,0.0,0.0,0.0,2.0
CFAP61,0.0,0.0,0.0,1.0,0.0,2.0
TEX48,0.0,1.0,0.0,0.0,0.0,2.0
TEKT4P2,0.0,0.0,0.0,1.0,0.0,2.0
PTPRR,0.0,0.0,0.0,1.0,0.0,2.0
PWWP4,0.0,1.0,0.0,0.0,0.0,2.0
PWWP3A,0.0,0.0,0.0,1.0,0.0,2.0
PUSL1,0.0,1.0,0.0,0.0,0.0,2.0
TFR2,0.0,0.0,1.0,0.0,0.0,2.0
CHMP1B2P,0.0,0.0,0.0,1.0,0.0,2.0
PTTG3P,0.0,1.0,0.0,0.0,0.0,2.0
PTRHD1,0.0,1.0,0.0,0.0,0.0,2.0
PTPRVP,0.0,1.0,0.0,0.0,0.0,2.0
PTPRU,0.0,1.0,0.0,0.0,0.0,2.0
PTPRN,0.0,0.0,0.0,1.0,0.0,2.0
TEX55,0.0,1.0,0.0,0.0,0.0,2.0
CHODL,0.0,1.0,0.0,0.0,0.0,2.0
CHRDL2,0.0,0.0,0.0,1.0,0.0,2.0
TGFBR3L,0.0,1.0,0.0,0.0,0.0,2.0
CHRNB4,0.0,0.0,0.0,1.0,0.0,2.0
CHRND,0.0,1.0,0.0,0.0,0.0,2.0
ARRDC2,0.0,0.0,0.0,1.0,0.0,2.0
CHST1,0.0,1.0,0.0,0.0,0.0,2.0
TGIF2LY,0.0,0.0,0.0,1.0,0.0,2.0
NAT8B,0.0,0.0,0.0,1.0,0.0,2.0
PXDNL,0.0,0.0,0.0,1.0,0.0,2.0
CHIA,0.0,0.0,0.0,1.0,0.0,2.0
PYCR3,0.0,0.0,0.0,1.0,0.0,2.0
PYGM,0.0,1.0,0.0,0.0,0.0,2.0
CFAP90,0.0,1.0,0.0,0.0,0.0,2.0
ASAP3,0.0,1.0,0.0,0.0,0.0,2.0
CFAP95,0.0,1.0,0.0,0.0,0.0,2.0
CFAP96,0.0,1.0,0.0,0.0,0.0,2.0
CFAP97D1,0.0,0.0,0.0,1.0,0.0,2.0
CFHR3,0.0,0.0,0.0,1.0,0.0,2.0
CFHR4,0.0,0.0,0.0,1.0,0.0,2.0
CFHR5,0.0,0.0,0.0,1.0,0.0,2.0
CFLAR-AS1,0.0,1.0,0.0,0.0,0.0,2.0
CGNL1,0.0,1.0,0.0,0.0,0.0,2.0
CHAMP1,0.0,1.0,0.0,0.0,0.0,2.0
CHCHD5,0.0,1.0,0.0,0.0,0.0,2.0
CHCHD6,0.0,0.0,0.0,1.0,0.0,2.0
R3HDML,0.0,1.0,0.0,0.0,0.0,2.0
R3HCC1L,0.0,0.0,0.0,1.0,0.0,2.0
R3HCC1,0.0,1.0,0.0,0.0,0.0,2.0
QRFPR,0.0,0.0,0.0,1.0,0.0,2.0
PZP,0.0,0.0,0.0,1.0,0.0,2.0
PYGO2,0.0,1.0,0.0,0.0,0.0,2.0
CEP135,0.0,0.0,0.0,1.0,0.0,2.0
TEKT2,0.0,0.0,1.0,0.0,0.0,2.0
RIMS1,0.0,0.0,0.0,1.0,0.0,2.0
ASRGL1,0.0,1.0,0.0,0.0,0.0,2.0
TCAP,0.0,1.0,0.0,0.0,0.0,2.0
RFX8,0.0,1.0,0.0,0.0,0.0,2.0
CDNF,0.0,0.0,0.0,1.0,0.0,2.0
RFTN2,0.0,1.0,0.0,0.0,0.0,2.0
RFPL2,0.0,0.0,0.0,1.0,0.0,2.0
ASTL,0.0,0.0,0.0,1.0,0.0,2.0
TCEANC,0.0,1.0,0.0,0.0,0.0,2.0
RFPL1,0.0,1.0,0.0,0.0,0.0,2.0
CDON,0.0,1.0,0.0,0.0,0.0,2.0
TCF15,0.0,1.0,0.0,0.0,0.0,2.0
REM2,0.0,1.0,0.0,0.0,0.0,2.0
ASPSCR1,0.0,0.0,0.0,1.0,0.0,2.0
TCF21,0.0,0.0,0.0,1.0,0.0,2.0
TCF24,0.0,1.0,0.0,0.0,0.0,2.0
CDR1,0.0,1.0,0.0,0.0,0.0,2.0
CDSN,0.0,1.0,0.0,0.0,0.0,2.0
REXO1L1P,0.0,0.0,0.0,1.0,0.0,2.0
RETNLB,0.0,1.0,0.0,0.0,0.0,2.0
CDY1,0.0,1.0,0.0,0.0,0.0,2.0
ASPG,0.0,1.0,0.0,0.0,0.0,2.0
TCAIM,0.0,1.0,0.0,0.0,0.0,2.0
RGP1,0.0,0.0,0.0,1.0,0.0,2.0
RGPD1,0.0,1.0,0.0,0.0,0.0,2.0
RGPD3,0.0,1.0,0.0,0.0,0.0,2.0
ATAD3B,0.0,0.0,0.0,1.0,0.0,2.0
ATAD3A,0.0,0.0,0.0,1.0,0.0,2.0
RHPN1-AS1,0.0,1.0,0.0,0.0,0.0,2.0
RHOXF2B,0.0,0.0,0.0,1.0,0.0,2.0
RHOV,0.0,1.0,0.0,0.0,0.0,2.0
CDHR5,0.0,1.0,0.0,0.0,0.0,2.0
CDIPT,0.0,0.0,0.0,1.0,0.0,2.0
RHEX,0.0,0.0,0.0,1.0,0.0,2.0
RHEBP1,0.0,0.0,0.0,1.0,0.0,2.0
RGSL1,0.0,1.0,0.0,0.0,0.0,2.0
RGS22,0.0,1.0,0.0,0.0,0.0,2.0
RGS20,0.0,0.0,0.0,1.0,0.0,2.0
CDK3,0.0,1.0,0.0,0.0,0.0,2.0
TBX4,0.0,1.0,0.0,0.0,0.0,2.0
CDK5R2,0.0,0.0,0.0,1.0,0.0,2.0
TBX5-AS1,0.0,1.0,0.0,0.0,0.0,2.0
RGR,0.0,0.0,0.0,1.0,0.0,2.0
RGPD6,0.0,1.0,0.0,0.0,0.0,2.0
RGPD4,0.0,1.0,0.0,0.0,0.0,2.0
CEACAM3,0.0,0.0,0.0,1.0,0.0,2.0
TCHP,0.0,1.0,0.0,0.0,0.0,2.0
CEP126,0.0,1.0,0.0,0.0,0.0,2.0
RBM41,0.0,1.0,0.0,0.0,0.0,2.0
RBMY1E,0.0,0.0,0.0,1.0,0.0,2.0
RBMY1D,0.0,0.0,0.0,1.0,0.0,2.0
ASH1L-AS1,0.0,1.0,0.0,0.0,0.0,2.0
TDRD9,0.0,0.0,0.0,1.0,0.0,2.0
RBMY1B,0.0,0.0,0.0,1.0,0.0,2.0
RBMY1A1,0.0,0.0,0.0,1.0,0.0,2.0
RBM46,0.0,1.0,0.0,0.0,0.0,2.0
RBM45,0.0,1.0,0.0,0.0,0.0,2.0
RBM42,0.0,1.0,0.0,0.0,0.0,2.0
ASCC3,0.0,1.0,0.0,0.0,0.0,2.0
RELT,0.0,1.0,0.0,0.0,0.0,2.0
CENPT,0.0,1.0,0.0,0.0,0.0,2.0
TECPR2,0.0,1.0,0.0,0.0,0.0,2.0
CENPW,0.0,1.0,0.0,0.0,0.0,2.0
RBM19,0.0,1.0,0.0,0.0,0.0,2.0
CEP104,0.0,0.0,0.0,1.0,0.0,2.0
RBM11,0.0,1.0,0.0,0.0,0.0,2.0
CEP112,0.0,1.0,0.0,0.0,0.0,2.0
TEFM,0.0,1.0,0.0,0.0,0.0,2.0
RBIS,0.0,1.0,0.0,0.0,0.0,2.0
RBMY1F,0.0,0.0,0.0,1.0,0.0,2.0
RBMY1J,0.0,0.0,0.0,1.0,0.0,2.0
RBMY2FP,0.0,1.0,0.0,0.0,0.0,2.0
RBP2,0.0,0.0,0.0,1.0,0.0,2.0
CEACAM8,0.0,0.0,0.0,1.0,0.0,2.0
REG1CP,0.0,1.0,0.0,0.0,0.0,2.0
TCL6,0.0,0.0,0.0,1.0,0.0,2.0
REEP6,0.0,1.0,0.0,0.0,0.0,2.0
REEP2,0.0,1.0,0.0,0.0,0.0,2.0
CEBPZOS,0.0,1.0,0.0,0.0,0.0,2.0
REC114,0.0,1.0,0.0,0.0,0.0,2.0
RDUR,0.0,1.0,0.0,0.0,0.0,2.0
TCP10L3,0.0,1.0,0.0,0.0,0.0,2.0
RDH8,0.0,1.0,0.0,0.0,0.0,2.0
RDH16,0.0,1.0,0.0,0.0,0.0,2.0
TCTE1,0.0,1.0,0.0,0.0,0.0,2.0
RDH13,0.0,0.0,0.0,1.0,0.0,2.0
RDH12,0.0,1.0,0.0,0.0,0.0,2.0
CELA2B,0.0,0.0,0.0,1.0,0.0,2.0
CELF3,0.0,1.0,0.0,0.0,0.0,2.0
RBPMS2,0.0,0.0,0.0,1.0,0.0,2.0
TDO2,0.0,0.0,0.0,1.0,0.0,2.0
RBP3,0.0,0.0,0.0,1.0,0.0,2.0
CAMK2N2,0.0,0.0,0.0,1.0,0.0,2.0
SYCN,0.0,1.0,0.0,0.0,0.0,2.0
SYCE3,0.0,1.0,0.0,0.0,0.0,2.0
BCORL1,0.0,0.0,0.0,1.0,0.0,2.0
BUD23,0.0,0.0,1.0,0.0,0.0,2.0
BDNF-AS,0.0,1.0,0.0,0.0,0.0,2.0
C10ORF55,0.0,0.0,0.0,1.0,0.0,2.0
C10ORF62,0.0,1.0,0.0,0.0,0.0,2.0
C10ORF71,0.0,1.0,0.0,0.0,0.0,2.0
C10ORF88,0.0,1.0,0.0,0.0,0.0,2.0
SLURP1,0.0,1.0,0.0,0.0,0.0,2.0
BCRP2,0.0,0.0,0.0,1.0,0.0,2.0
BCORP1,0.0,1.0,0.0,0.0,0.0,2.0
C10ORF90,0.0,1.0,0.0,0.0,0.0,2.0
SLCO2B1,0.0,0.0,0.0,1.0,0.0,2.0
BCO2,0.0,1.0,0.0,0.0,0.0,2.0
BCO1,0.0,1.0,0.0,0.0,0.0,2.0
SLN,0.0,0.0,0.0,1.0,0.0,2.0
SLITRK5,0.0,1.0,0.0,0.0,0.0,2.0
SSC4D,0.0,1.0,0.0,0.0,0.0,2.0
C10ORF95,0.0,1.0,0.0,0.0,0.0,2.0
SLIT2-IT1,0.0,1.0,0.0,0.0,0.0,2.0
SLIRP,0.0,1.0,0.0,0.0,0.0,2.0
SLED1,0.0,0.0,0.0,1.0,0.0,2.0
BEAN1,0.0,1.0,0.0,0.0,0.0,2.0
BECN2,0.0,0.0,0.0,1.0,0.0,2.0
BTG4,0.0,1.0,0.0,0.0,0.0,2.0
SRRM4,0.0,1.0,0.0,0.0,0.0,2.0
SNCAIP,0.0,0.0,0.0,1.0,0.0,2.0
BEST1,0.0,1.0,0.0,0.0,0.0,2.0
SRMS,0.0,1.0,0.0,0.0,0.0,2.0
SNAPC1,0.0,1.0,0.0,0.0,0.0,2.0
BSDC1,0.0,1.0,0.0,0.0,0.0,2.0
BEND7,0.0,1.0,0.0,0.0,0.0,2.0
SMPX,0.0,1.0,0.0,0.0,0.0,2.0
SMOC1,0.0,1.0,0.0,0.0,0.0,2.0
SMIM6,0.0,1.0,0.0,0.0,0.0,2.0
SMIM45,0.0,0.0,0.0,1.0,0.0,2.0
SMIM31,0.0,1.0,0.0,0.0,0.0,2.0
SMIM27,0.0,1.0,0.0,0.0,0.0,2.0
SMIM26,0.0,1.0,0.0,0.0,0.0,2.0
SMIM23,0.0,1.0,0.0,0.0,0.0,2.0
BTBD10,0.0,0.0,0.0,1.0,0.0,2.0
SRR,0.0,1.0,0.0,0.0,0.0,2.0
SMIM10,0.0,0.0,0.0,1.0,0.0,2.0
SMCP,0.0,0.0,0.0,1.0,0.0,2.0
BTBD7,0.0,1.0,0.0,0.0,0.0,2.0
SLCO6A1,0.0,0.0,0.0,1.0,0.0,2.0
SLC9C2,0.0,1.0,0.0,0.0,0.0,2.0
BEST4,0.0,1.0,0.0,0.0,0.0,2.0
ST7L,0.0,0.0,0.0,1.0,0.0,2.0
BCDIN3D,0.0,1.0,0.0,0.0,0.0,2.0
SLC4A11,0.0,0.0,0.0,1.0,0.0,2.0
SLC4A10,0.0,1.0,0.0,0.0,0.0,2.0
BCAS4,0.0,1.0,0.0,0.0,0.0,2.0
SLC45A3,0.0,0.0,0.0,1.0,0.0,2.0
SLC45A2,0.0,1.0,0.0,0.0,0.0,2.0
SLC44A5,0.0,1.0,0.0,0.0,0.0,2.0
SLC44A4,0.0,1.0,0.0,0.0,0.0,2.0
C16ORF82,0.0,1.0,0.0,0.0,0.0,2.0
SLC43A2,0.0,1.0,0.0,0.0,0.0,2.0
SLC9A8,0.0,0.0,0.0,1.0,0.0,2.0
C16ORF86,0.0,0.0,0.0,1.0,0.0,2.0
SLC41A2,0.0,1.0,0.0,0.0,0.0,2.0
BCAN,0.0,0.0,0.0,1.0,0.0,2.0
C16ORF90,0.0,1.0,0.0,0.0,0.0,2.0
SLC39A5,0.0,1.0,0.0,0.0,0.0,2.0
BCAM,0.0,0.0,0.0,1.0,0.0,2.0
STAB2,0.0,0.0,0.0,1.0,0.0,2.0
C17ORF100,0.0,1.0,0.0,0.0,0.0,2.0
STAC3,0.0,1.0,0.0,0.0,0.0,2.0
BCDIN3D-AS1,0.0,1.0,0.0,0.0,0.0,2.0
BCHE,0.0,0.0,0.0,1.0,0.0,2.0
BCKDHA,0.0,1.0,0.0,0.0,0.0,2.0
SLC50A1,0.0,0.0,1.0,0.0,0.0,2.0
C11ORF96,0.0,1.0,0.0,0.0,0.0,2.0
SSR4P1,0.0,1.0,0.0,0.0,0.0,2.0
C11ORF98,0.0,0.0,0.0,1.0,0.0,2.0
C12ORF42,0.0,1.0,0.0,0.0,0.0,2.0
C12ORF54,0.0,1.0,0.0,0.0,0.0,2.0
BCL2L12,0.0,0.0,0.0,1.0,0.0,2.0
SLC7A14,0.0,1.0,0.0,0.0,0.0,2.0
C12ORF56,0.0,1.0,0.0,0.0,0.0,2.0
SLC7A10,0.0,0.0,0.0,1.0,0.0,2.0
SLC6A7,0.0,1.0,0.0,0.0,0.0,2.0
SSU72L6,0.0,1.0,0.0,0.0,0.0,2.0
SLC6A15,0.0,0.0,0.0,1.0,0.0,2.0
C14ORF119,0.0,1.0,0.0,0.0,0.0,2.0
SLC5A9,0.0,1.0,0.0,0.0,0.0,2.0
SLC5A8,0.0,1.0,0.0,0.0,0.0,2.0
SLC5A10,0.0,1.0,0.0,0.0,0.0,2.0
SSX9P,0.0,0.0,0.0,1.0,0.0,2.0
ST13P4,0.0,1.0,0.0,0.0,0.0,2.0
SLC51B,0.0,0.0,0.0,1.0,0.0,2.0
BEST2,0.0,0.0,0.0,1.0,0.0,2.0
SNHG12,0.0,1.0,0.0,0.0,0.0,2.0
BBS7,0.0,0.0,0.0,1.0,0.0,2.0
SPATA17,0.0,1.0,0.0,0.0,0.0,2.0
SPNS2,0.0,1.0,0.0,0.0,0.0,2.0
SPATA31H1,0.0,1.0,0.0,0.0,0.0,2.0
BIRC8,0.0,0.0,0.0,1.0,0.0,2.0
SPATA31E1,0.0,0.0,0.0,1.0,0.0,2.0
SPATA31C2,0.0,0.0,0.0,1.0,0.0,2.0
SPATA31A7,0.0,0.0,0.0,1.0,0.0,2.0
SPOCK3,0.0,1.0,0.0,0.0,0.0,2.0
SPATA31A3,0.0,0.0,0.0,1.0,0.0,2.0
SPATA18,0.0,0.0,0.0,1.0,0.0,2.0
SPATA1,0.0,1.0,0.0,0.0,0.0,2.0
SOX21,0.0,1.0,0.0,0.0,0.0,2.0
SPANXD,0.0,0.0,0.0,1.0,0.0,2.0
SPAM1,0.0,0.0,0.0,1.0,0.0,2.0
SPAG11B,0.0,0.0,0.0,1.0,0.0,2.0
SPACA7,0.0,1.0,0.0,0.0,0.0,2.0
SP9,0.0,0.0,0.0,1.0,0.0,2.0
SP5,0.0,0.0,0.0,1.0,0.0,2.0
SP2,0.0,1.0,0.0,0.0,0.0,2.0
BNIP1,0.0,1.0,0.0,0.0,0.0,2.0
SOX7,0.0,0.0,0.0,1.0,0.0,2.0
SPATA32,0.0,0.0,0.0,1.0,0.0,2.0
SPATA33,0.0,1.0,0.0,0.0,0.0,2.0
SPATA45,0.0,1.0,0.0,0.0,0.0,2.0
SPMIP7,0.0,1.0,0.0,0.0,0.0,2.0
SPINK14,0.0,0.0,0.0,1.0,0.0,2.0
BLOC1S4,0.0,1.0,0.0,0.0,0.0,2.0
SPECC1L,0.0,0.0,0.0,1.0,0.0,2.0
SPDYE6,0.0,1.0,0.0,0.0,0.0,2.0
SPINK6,0.0,1.0,0.0,0.0,0.0,2.0
SPDYE4,0.0,0.0,0.0,1.0,0.0,2.0
SPDYA,0.0,0.0,0.0,1.0,0.0,2.0
BMP10,0.0,1.0,0.0,0.0,0.0,2.0
SPATS1,0.0,1.0,0.0,0.0,0.0,2.0
SPINT3,0.0,1.0,0.0,0.0,0.0,2.0
SPINT4,0.0,1.0,0.0,0.0,0.0,2.0
SPATC1L,0.0,1.0,0.0,0.0,0.0,2.0
SPATC1,0.0,0.0,0.0,1.0,0.0,2.0
SPATA8,0.0,1.0,0.0,0.0,0.0,2.0
BMP6,0.0,0.0,0.0,1.0,0.0,2.0
SPMAP2L,0.0,0.0,0.0,1.0,0.0,2.0
SPMIP3,0.0,1.0,0.0,0.0,0.0,2.0
SPATA46,0.0,1.0,0.0,0.0,0.0,2.0
SPMIP6,0.0,0.0,0.0,1.0,0.0,2.0
BOD1L2,0.0,1.0,0.0,0.0,0.0,2.0
SPRR1B,0.0,1.0,0.0,0.0,0.0,2.0
SRGAP2C,0.0,1.0,0.0,0.0,0.0,2.0
SNORD123,0.0,1.0,0.0,0.0,0.0,2.0
SPTSSB,0.0,0.0,0.0,1.0,0.0,2.0
BRF1,0.0,0.0,0.0,1.0,0.0,2.0
SPX,0.0,1.0,0.0,0.0,0.0,2.0
SPZ1,0.0,1.0,0.0,0.0,0.0,2.0
SNPH,0.0,1.0,0.0,0.0,0.0,2.0
SNORD55,0.0,0.0,0.0,1.0,0.0,2.0
SNORD38A,0.0,1.0,0.0,0.0,0.0,2.0
SRA1,0.0,1.0,0.0,0.0,0.0,2.0
SNORD28,0.0,1.0,0.0,0.0,0.0,2.0
SNORD114-3,0.0,1.0,0.0,0.0,0.0,2.0
SOX14,0.0,1.0,0.0,0.0,0.0,2.0
SRCIN1,0.0,1.0,0.0,0.0,0.0,2.0
SNORD102,0.0,1.0,0.0,0.0,0.0,2.0
SRD5A2,0.0,1.0,0.0,0.0,0.0,2.0
SNORA80B,0.0,1.0,0.0,0.0,0.0,2.0
SNORA75,0.0,1.0,0.0,0.0,0.0,2.0
SNORA3B,0.0,1.0,0.0,0.0,0.0,2.0
SREK1,0.0,1.0,0.0,0.0,0.0,2.0
SNHG9,0.0,0.0,0.0,1.0,0.0,2.0
SNHG7,0.0,1.0,0.0,0.0,0.0,2.0
BHLHE23,0.0,1.0,0.0,0.0,0.0,2.0
SPTLC3,0.0,1.0,0.0,0.0,0.0,2.0
SNTA1,0.0,1.0,0.0,0.0,0.0,2.0
BHLHE41,0.0,1.0,0.0,0.0,0.0,2.0
SPRR2B,0.0,1.0,0.0,0.0,0.0,2.0
BOLA1,0.0,0.0,0.0,1.0,0.0,2.0
SOWAHD,0.0,0.0,0.0,1.0,0.0,2.0
BOLA2B,0.0,0.0,0.0,1.0,0.0,2.0
BICD2,0.0,0.0,0.0,1.0,0.0,2.0
SORCS1,0.0,0.0,0.0,1.0,0.0,2.0
SON,0.0,1.0,0.0,0.0,0.0,2.0
SPRYD7,0.0,1.0,0.0,0.0,0.0,2.0
BORCS8-MEF2B,0.0,0.0,0.0,1.0,0.0,2.0
BPIFA2,0.0,1.0,0.0,0.0,0.0,2.0
BPIFA4P,0.0,1.0,0.0,0.0,0.0,2.0
BPIFB3,0.0,0.0,0.0,1.0,0.0,2.0
SNX7,0.0,1.0,0.0,0.0,0.0,2.0
BPIFB6,0.0,1.0,0.0,0.0,0.0,2.0
BPIFC,0.0,0.0,0.0,1.0,0.0,2.0
SNX22,0.0,1.0,0.0,0.0,0.0,2.0
SNX17,0.0,1.0,0.0,0.0,0.0,2.0
SNUPN,0.0,1.0,0.0,0.0,0.0,2.0
SNTG1,0.0,0.0,0.0,1.0,0.0,2.0
SLC39A13,0.0,1.0,0.0,0.0,0.0,2.0
STAG3L1,0.0,1.0,0.0,0.0,0.0,2.0
SELENOV,0.0,0.0,0.0,1.0,0.0,2.0
SH3BGRL2,0.0,1.0,0.0,0.0,0.0,2.0
SHBG,0.0,1.0,0.0,0.0,0.0,2.0
SHANK2,0.0,0.0,0.0,1.0,0.0,2.0
AWAT2,0.0,1.0,0.0,0.0,0.0,2.0
AWAT1,0.0,1.0,0.0,0.0,0.0,2.0
C6ORF132,0.0,1.0,0.0,0.0,0.0,2.0
SUGP1,0.0,1.0,0.0,0.0,0.0,2.0
C6ORF47,0.0,0.0,0.0,1.0,0.0,2.0
SH3BP5-AS1,0.0,1.0,0.0,0.0,0.0,2.0
C7ORF33,0.0,1.0,0.0,0.0,0.0,2.0
C7ORF57,0.0,0.0,0.0,1.0,0.0,2.0
SFTA3,0.0,1.0,0.0,0.0,0.0,2.0
SULT1A2,0.0,0.0,1.0,0.0,0.0,2.0
SULT1A3,0.0,1.0,0.0,0.0,0.0,2.0
C8ORF58,0.0,1.0,0.0,0.0,0.0,2.0
C8ORF82,0.0,1.0,0.0,0.0,0.0,2.0
SULT1C4,0.0,0.0,0.0,1.0,0.0,2.0
C8ORF88,0.0,0.0,0.0,1.0,0.0,2.0
SGCZ,0.0,1.0,0.0,0.0,0.0,2.0
C9ORF163,0.0,1.0,0.0,0.0,0.0,2.0
SULT4A1,0.0,0.0,0.0,1.0,0.0,2.0
SHF,0.0,0.0,0.0,1.0,0.0,2.0
C5ORF24,0.0,1.0,0.0,0.0,0.0,2.0
AXDND1,0.0,1.0,0.0,0.0,0.0,2.0
STYXL2,0.0,1.0,0.0,0.0,0.0,2.0
C3ORF33,0.0,1.0,0.0,0.0,0.0,2.0
SIRPD,0.0,1.0,0.0,0.0,0.0,2.0
C4BPA,0.0,0.0,0.0,1.0,0.0,2.0
SIGLEC8,0.0,0.0,0.0,1.0,0.0,2.0
SIGLEC15,0.0,0.0,0.0,1.0,0.0,2.0
SIAH3,0.0,0.0,0.0,1.0,0.0,2.0
AZGP1P1,0.0,0.0,1.0,0.0,0.0,2.0
C4ORF36,0.0,1.0,0.0,0.0,0.0,2.0
SHROOM4,0.0,1.0,0.0,0.0,0.0,2.0
SHROOM2,0.0,1.0,0.0,0.0,0.0,2.0
C4ORF51,0.0,1.0,0.0,0.0,0.0,2.0
AZGP1,0.0,1.0,0.0,0.0,0.0,2.0
SHOX,0.0,1.0,0.0,0.0,0.0,2.0
SHLD3,0.0,0.0,0.0,0.0,2.0,2.0
STXBP5L,0.0,1.0,0.0,0.0,0.0,2.0
SHKBP1,0.0,1.0,0.0,0.0,0.0,2.0
SHISAL2B,0.0,0.0,0.0,1.0,0.0,2.0
SHISAL1,0.0,0.0,0.0,1.0,0.0,2.0
SHISA8,0.0,1.0,0.0,0.0,0.0,2.0
SULT6B1,0.0,1.0,0.0,0.0,0.0,2.0
SFTA1P,0.0,1.0,0.0,0.0,0.0,2.0
SIX4,0.0,1.0,0.0,0.0,0.0,2.0
SEMG1,0.0,0.0,0.0,1.0,0.0,2.0
SERP2,0.0,1.0,0.0,0.0,0.0,2.0
CADM3,0.0,0.0,0.0,1.0,0.0,2.0
SERGEF,0.0,1.0,0.0,0.0,0.0,2.0
SERF1B,0.0,1.0,0.0,0.0,0.0,2.0
CAGE1,0.0,0.0,0.0,1.0,0.0,2.0
SEPTIN7P2,0.0,1.0,0.0,0.0,0.0,2.0
SEPTIN5,0.0,0.0,0.0,1.0,0.0,2.0
SEPTIN1,0.0,1.0,0.0,0.0,0.0,2.0
SENCR,0.0,1.0,0.0,0.0,0.0,2.0
CALHM1,0.0,1.0,0.0,0.0,0.0,2.0
SFSWAP,0.0,1.0,0.0,0.0,0.0,2.0
CALHM4,0.0,1.0,0.0,0.0,0.0,2.0
SEMA4G,0.0,0.0,0.0,1.0,0.0,2.0
CALML3,0.0,1.0,0.0,0.0,0.0,2.0
SWSAP1,0.0,1.0,0.0,0.0,0.0,2.0
SEMA3D,0.0,1.0,0.0,0.0,0.0,2.0
SYAP1,0.0,1.0,0.0,0.0,0.0,2.0
ATP8B3,0.0,1.0,0.0,0.0,0.0,2.0
CALR3,0.0,1.0,0.0,0.0,0.0,2.0
CALY,0.0,0.0,0.0,1.0,0.0,2.0
SERPINA13P,0.0,1.0,0.0,0.0,0.0,2.0
SUSD4,0.0,0.0,0.0,1.0,0.0,2.0
ATXN2,0.0,0.0,0.0,1.0,0.0,2.0
SERPINA2,0.0,0.0,0.0,1.0,0.0,2.0
CA14,0.0,1.0,0.0,0.0,0.0,2.0
AUP1,0.0,0.0,1.0,0.0,0.0,2.0
SF3B2,0.0,1.0,0.0,0.0,0.0,2.0
CAAP1,0.0,0.0,0.0,1.0,0.0,2.0
SUN3,0.0,1.0,0.0,0.0,0.0,2.0
ATXN7L3B,0.0,1.0,0.0,0.0,0.0,2.0
SEZ6L2,0.0,1.0,0.0,0.0,0.0,2.0
ATXN7L2,0.0,1.0,0.0,0.0,0.0,2.0
CACHD1,0.0,1.0,0.0,0.0,0.0,2.0
SERTM1,0.0,1.0,0.0,0.0,0.0,2.0
SERPINI2,0.0,0.0,0.0,1.0,0.0,2.0
CACNA1G-AS1,0.0,1.0,0.0,0.0,0.0,2.0
CACNA1H,0.0,1.0,0.0,0.0,0.0,2.0
SERPINE3,0.0,0.0,0.0,1.0,0.0,2.0
SERPINB9P1,0.0,0.0,0.0,1.0,0.0,2.0
CACNG1,0.0,0.0,0.0,1.0,0.0,2.0
SERPINB11,0.0,0.0,0.0,1.0,0.0,2.0
SERPINA9,0.0,0.0,0.0,1.0,0.0,2.0
SERPINA6,0.0,0.0,0.0,1.0,0.0,2.0
B3GALT1,0.0,0.0,0.0,1.0,0.0,2.0
B3GALT5-AS1,0.0,1.0,0.0,0.0,0.0,2.0
C17ORF50,0.0,1.0,0.0,0.0,0.0,2.0
SLC25A25-AS1,0.0,1.0,0.0,0.0,0.0,2.0
SLC25A48-AS1,0.0,1.0,0.0,0.0,0.0,2.0
STATH,0.0,0.0,1.0,0.0,0.0,2.0
SLC25A3P1,0.0,1.0,0.0,0.0,0.0,2.0
C1ORF53,0.0,0.0,0.0,1.0,0.0,2.0
STAU2-AS1,0.0,1.0,0.0,0.0,0.0,2.0
SLC25A34,0.0,1.0,0.0,0.0,0.0,2.0
SLC25A30,0.0,1.0,0.0,0.0,0.0,2.0
SLC25A29,0.0,0.0,0.0,1.0,0.0,2.0
STEAP1,0.0,1.0,0.0,0.0,0.0,2.0
SLC25A20P1,0.0,0.0,0.0,1.0,0.0,2.0
SLC22A6,0.0,1.0,0.0,0.0,0.0,2.0
STEAP2-AS1,0.0,0.0,0.0,1.0,0.0,2.0
SLC25A19,0.0,0.0,0.0,1.0,0.0,2.0
STEAP4,0.0,1.0,0.0,0.0,0.0,2.0
C1QL1,0.0,1.0,0.0,0.0,0.0,2.0
C1QL4,0.0,1.0,0.0,0.0,0.0,2.0
SLC25A1,0.0,0.0,0.0,1.0,0.0,2.0
SLC24A2,0.0,1.0,0.0,0.0,0.0,2.0
BAHD1,0.0,1.0,0.0,0.0,0.0,2.0
SLC22A9,0.0,1.0,0.0,0.0,0.0,2.0
SLC25A53,0.0,1.0,0.0,0.0,0.0,2.0
C1ORF220,0.0,1.0,0.0,0.0,0.0,2.0
BARHL2,0.0,0.0,0.0,1.0,0.0,2.0
SLC2A10,0.0,0.0,1.0,0.0,0.0,2.0
SLC38A8,0.0,1.0,0.0,0.0,0.0,2.0
SLC38A7,0.0,1.0,0.0,0.0,0.0,2.0
C17ORF75,0.0,0.0,0.0,1.0,0.0,2.0
SLC35G6,0.0,1.0,0.0,0.0,0.0,2.0
C17ORF80,0.0,1.0,0.0,0.0,0.0,2.0
SLC35F3,0.0,1.0,0.0,0.0,0.0,2.0
C18ORF21,0.0,1.0,0.0,0.0,0.0,2.0
STARD10,0.0,1.0,0.0,0.0,0.0,2.0
SLC35D3,0.0,1.0,0.0,0.0,0.0,2.0
SLC35A5,0.0,1.0,0.0,0.0,0.0,2.0
BBOX1,0.0,0.0,0.0,1.0,0.0,2.0
C19ORF47,0.0,1.0,0.0,0.0,0.0,2.0
SLC30A8,0.0,0.0,0.0,1.0,0.0,2.0
SLC30A3,0.0,1.0,0.0,0.0,0.0,2.0
SLC30A2,0.0,0.0,0.0,1.0,0.0,2.0
STARD7-AS1,0.0,1.0,0.0,0.0,0.0,2.0
C19ORF81,0.0,0.0,0.0,1.0,0.0,2.0
SLC2A4RG,0.0,1.0,0.0,0.0,0.0,2.0
C1ORF105,0.0,1.0,0.0,0.0,0.0,2.0
SLC22A8,0.0,1.0,0.0,0.0,0.0,2.0
C1QTNF1-AS1,0.0,1.0,0.0,0.0,0.0,2.0
STX10,0.0,1.0,0.0,0.0,0.0,2.0
C2ORF68,0.0,1.0,0.0,0.0,0.0,2.0
C22ORF31,0.0,1.0,0.0,0.0,0.0,2.0
STOML3,0.0,1.0,0.0,0.0,0.0,2.0
C22ORF42,0.0,1.0,0.0,0.0,0.0,2.0
STOX2,0.0,1.0,0.0,0.0,0.0,2.0
STPG1,0.0,1.0,0.0,0.0,0.0,2.0
C2CD4C,0.0,1.0,0.0,0.0,0.0,2.0
C2CD6,0.0,1.0,0.0,0.0,0.0,2.0
C2ORF42,0.0,1.0,0.0,0.0,0.0,2.0
SLAIN1,0.0,1.0,0.0,0.0,0.0,2.0
SKP1P2,0.0,0.0,0.0,1.0,0.0,2.0
SLC22A2,0.0,1.0,0.0,0.0,0.0,2.0
STRC,0.0,1.0,0.0,0.0,0.0,2.0
C2ORF74-DT,0.0,1.0,0.0,0.0,0.0,2.0
SKOR1,0.0,0.0,0.0,1.0,0.0,2.0
SKIDA1,0.0,1.0,0.0,0.0,0.0,2.0
STRN4,0.0,0.0,0.0,1.0,0.0,2.0
C2ORF81,0.0,1.0,0.0,0.0,0.0,2.0
C2ORF83,0.0,1.0,0.0,0.0,0.0,2.0
C3ORF22,0.0,1.0,0.0,0.0,0.0,2.0
SIX5,0.0,1.0,0.0,0.0,0.0,2.0
SLC12A9,0.0,1.0,0.0,0.0,0.0,2.0
SLC13A1,0.0,0.0,0.0,1.0,0.0,2.0
STN1,0.0,1.0,0.0,0.0,0.0,2.0
SLC13A5,0.0,0.0,0.0,1.0,0.0,2.0
BACE1,0.0,0.0,0.0,1.0,0.0,2.0
SLC22A18AS,0.0,1.0,0.0,0.0,0.0,2.0
SLC22A18,0.0,1.0,0.0,0.0,0.0,2.0
SLC22A14,0.0,0.0,0.0,1.0,0.0,2.0
BAALC-AS1,0.0,1.0,0.0,0.0,0.0,2.0
SLC22A1,0.0,1.0,0.0,0.0,0.0,2.0
SLC1A6,0.0,0.0,1.0,0.0,0.0,2.0
C1QTNF4,0.0,1.0,0.0,0.0,0.0,2.0
SLC19A3,0.0,1.0,0.0,0.0,0.0,2.0
SLC18B1,0.0,1.0,0.0,0.0,0.0,2.0
STK35,0.0,0.0,0.0,1.0,0.0,2.0
C1QTNF7,0.0,1.0,0.0,0.0,0.0,2.0
SLC17A8,0.0,1.0,0.0,0.0,0.0,2.0
SLC17A4,0.0,1.0,0.0,0.0,0.0,2.0
SLC16A9,0.0,1.0,0.0,0.0,0.0,2.0
C20ORF202,0.0,1.0,0.0,0.0,0.0,2.0
STKLD1,0.0,0.0,0.0,1.0,0.0,2.0
SLC16A13,0.0,1.0,0.0,0.0,0.0,2.0
C21ORF58,0.0,0.0,0.0,1.0,0.0,2.0
PTGFR,0.0,0.0,0.0,1.0,0.0,2.0
PTGR2,0.0,0.0,0.0,1.0,0.0,2.0
CHTOP,0.0,0.0,1.0,0.0,0.0,2.0
OMD,0.0,0.0,0.0,1.0,0.0,2.0
OPRPN,0.0,0.0,0.0,1.0,0.0,2.0
OPRD1,0.0,0.0,0.0,1.0,0.0,2.0
OPN4,0.0,1.0,0.0,0.0,0.0,2.0
OPN1SW,0.0,1.0,0.0,0.0,0.0,2.0
OPN1LW,0.0,1.0,0.0,0.0,0.0,2.0
OPA3,0.0,1.0,0.0,0.0,0.0,2.0
DAW1,0.0,1.0,0.0,0.0,0.0,2.0
OOSP1,0.0,1.0,0.0,0.0,0.0,2.0
OOEP,0.0,1.0,0.0,0.0,0.0,2.0
TP53TG3,0.0,0.0,0.0,1.0,0.0,2.0
OGFOD2,0.0,0.0,0.0,1.0,0.0,2.0
AOX3P,0.0,0.0,0.0,1.0,0.0,2.0
DAZ1,0.0,0.0,0.0,1.0,0.0,2.0
OLMALINC,0.0,1.0,0.0,0.0,0.0,2.0
OLIG3,0.0,0.0,0.0,1.0,0.0,2.0
TPCN2,0.0,1.0,0.0,0.0,0.0,2.0
OLIG1,0.0,1.0,0.0,0.0,0.0,2.0
OLFML1,0.0,1.0,0.0,0.0,0.0,2.0
DAZ2,0.0,1.0,0.0,0.0,0.0,2.0
OIT3,0.0,1.0,0.0,0.0,0.0,2.0
OR10A3,0.0,1.0,0.0,0.0,0.0,2.0
OR10C1,0.0,0.0,0.0,1.0,0.0,2.0
OR10D3,0.0,1.0,0.0,0.0,0.0,2.0
OR10H1,0.0,0.0,0.0,1.0,0.0,2.0
TONSL,0.0,0.0,0.0,1.0,0.0,2.0
OR2B11,0.0,0.0,0.0,1.0,0.0,2.0
OR2A5,0.0,0.0,1.0,0.0,0.0,2.0
OR1I1,0.0,0.0,0.0,1.0,0.0,2.0
OR1C1,0.0,0.0,0.0,1.0,0.0,2.0
AP5B1,0.0,1.0,0.0,0.0,0.0,2.0
OR1A2,0.0,1.0,0.0,0.0,0.0,2.0
OR13J1,0.0,1.0,0.0,0.0,0.0,2.0
TOPAZ1,0.0,0.0,0.0,1.0,0.0,2.0
OR13H1,0.0,0.0,0.0,1.0,0.0,2.0
OR13C8,0.0,0.0,0.0,1.0,0.0,2.0
OR10S1,0.0,0.0,0.0,1.0,0.0,2.0
OR10Q1,0.0,0.0,0.0,1.0,0.0,2.0
OR10P1,0.0,0.0,0.0,1.0,0.0,2.0
OR10K1,0.0,0.0,0.0,1.0,0.0,2.0
OR10J5,0.0,0.0,0.0,1.0,0.0,2.0
OR10J1,0.0,1.0,0.0,0.0,0.0,2.0
OR10H3,0.0,1.0,0.0,0.0,0.0,2.0
OR10H2,0.0,0.0,0.0,1.0,0.0,2.0
OIP5,0.0,1.0,0.0,0.0,0.0,2.0
TPH2,0.0,0.0,0.0,1.0,0.0,2.0
OR2C1,0.0,1.0,0.0,0.0,0.0,2.0
DCANP1,0.0,1.0,0.0,0.0,0.0,2.0
NXPE2,0.0,1.0,0.0,0.0,0.0,2.0
NXPE1,0.0,1.0,0.0,0.0,0.0,2.0
NWD2,0.0,1.0,0.0,0.0,0.0,2.0
NUTM2F,0.0,0.0,0.0,1.0,0.0,2.0
NUTM2A-AS1,0.0,1.0,0.0,0.0,0.0,2.0
NUTM1,0.0,1.0,0.0,0.0,0.0,2.0
ANO7,0.0,0.0,0.0,1.0,0.0,2.0
TRABD2B,0.0,0.0,0.0,1.0,0.0,2.0
DCAKD,0.0,0.0,1.0,0.0,0.0,2.0
DCBLD1,0.0,1.0,0.0,0.0,0.0,2.0
OGDHL,0.0,0.0,0.0,1.0,0.0,2.0
NUP62CL,0.0,0.0,0.0,1.0,0.0,2.0
DCDC2C,0.0,1.0,0.0,0.0,0.0,2.0
NUP50-DT,0.0,1.0,0.0,0.0,0.0,2.0
DCHS2,0.0,0.0,0.0,1.0,0.0,2.0
NUP210P1,0.0,1.0,0.0,0.0,0.0,2.0
DCST1,0.0,1.0,0.0,0.0,0.0,2.0
ANKS6,0.0,1.0,0.0,0.0,0.0,2.0
ANKS3,0.0,1.0,0.0,0.0,0.0,2.0
NUGGC,0.0,0.0,0.0,1.0,0.0,2.0
NXPH2,0.0,0.0,0.0,1.0,0.0,2.0
DCAF4L2,0.0,0.0,0.0,1.0,0.0,2.0
ANP32D,0.0,0.0,0.0,1.0,0.0,2.0
TPSG1,0.0,1.0,0.0,0.0,0.0,2.0
ANXA8,0.0,0.0,0.0,1.0,0.0,2.0
DBH,0.0,1.0,0.0,0.0,0.0,2.0
ANXA2R-AS1,0.0,1.0,0.0,0.0,0.0,2.0
DBH-AS1,0.0,1.0,0.0,0.0,0.0,2.0
ODF4,0.0,1.0,0.0,0.0,0.0,2.0
ODF2L,0.0,0.0,0.0,1.0,0.0,2.0
ODAPH,0.0,1.0,0.0,0.0,0.0,2.0
ODAD4,0.0,1.0,0.0,0.0,0.0,2.0
OCA2,0.0,0.0,0.0,1.0,0.0,2.0
TPPP,0.0,0.0,0.0,1.0,0.0,2.0
OBSCN-AS1,0.0,1.0,0.0,0.0,0.0,2.0
ANXA2P1,0.0,1.0,0.0,0.0,0.0,2.0
OASL2P,0.0,0.0,0.0,1.0,0.0,2.0
DCAF12L1,0.0,1.0,0.0,0.0,0.0,2.0
NYX,0.0,1.0,0.0,0.0,0.0,2.0
DCAF4L1,0.0,1.0,0.0,0.0,0.0,2.0
TPRXL,0.0,0.0,0.0,1.0,0.0,2.0
TPSB2,0.0,1.0,0.0,0.0,0.0,2.0
TPSD1,0.0,1.0,0.0,0.0,0.0,2.0
OR2B6,0.0,1.0,0.0,0.0,0.0,2.0
OR2D3,0.0,0.0,0.0,1.0,0.0,2.0
CYP21A1P,0.0,1.0,0.0,0.0,0.0,2.0
ORMDL3,0.0,0.0,0.0,1.0,0.0,2.0
OXGR1,0.0,1.0,0.0,0.0,0.0,2.0
OXCT2,0.0,1.0,0.0,0.0,0.0,2.0
OTOR,0.0,1.0,0.0,0.0,0.0,2.0
OTOP1,0.0,0.0,0.0,1.0,0.0,2.0
D21S2088E,0.0,1.0,0.0,0.0,0.0,2.0
OSR2,0.0,1.0,0.0,0.0,0.0,2.0
OSER1,0.0,1.0,0.0,0.0,0.0,2.0
OSCP1,0.0,0.0,0.0,1.0,0.0,2.0
DACT3,0.0,1.0,0.0,0.0,0.0,2.0
DANT2,0.0,1.0,0.0,0.0,0.0,2.0
OR7E14P,0.0,0.0,0.0,1.0,0.0,2.0
TNFSF12-TNFSF13,0.0,1.0,0.0,0.0,0.0,2.0
OR9Q2,0.0,0.0,0.0,1.0,0.0,2.0
APOBEC3F,0.0,0.0,0.0,1.0,0.0,2.0
APOBEC3D,0.0,1.0,0.0,0.0,0.0,2.0
OR8K3,0.0,0.0,0.0,1.0,0.0,2.0
OR8G1,0.0,1.0,0.0,0.0,0.0,2.0
OR7E19P,0.0,0.0,0.0,1.0,0.0,2.0
OR7E18P,0.0,0.0,0.0,1.0,0.0,2.0
OR7E156P,0.0,1.0,0.0,0.0,0.0,2.0
CYP4F30P,0.0,1.0,0.0,0.0,0.0,2.0
CYP4F2,0.0,0.0,1.0,0.0,0.0,2.0
CYP4A22,0.0,1.0,0.0,0.0,0.0,2.0
PABIR3,0.0,1.0,0.0,0.0,0.0,2.0
TMX2,0.0,1.0,0.0,0.0,0.0,2.0
PAPOLA-DT,0.0,1.0,0.0,0.0,0.0,2.0
PTDSS1,0.0,1.0,0.0,0.0,0.0,2.0
PALS1,0.0,1.0,0.0,0.0,0.0,2.0
CYP2B7P,0.0,1.0,0.0,0.0,0.0,2.0
CYP2C8,0.0,0.0,1.0,0.0,0.0,2.0
PAK1IP1,0.0,1.0,0.0,0.0,0.0,2.0
AQP6,0.0,1.0,0.0,0.0,0.0,2.0
CYP2G1P,0.0,1.0,0.0,0.0,0.0,2.0
PAGE5,0.0,0.0,0.0,1.0,0.0,2.0
PAGE2,0.0,0.0,0.0,1.0,0.0,2.0
PAFAH2,0.0,0.0,0.0,1.0,0.0,2.0
TNFAIP8L3,0.0,1.0,0.0,0.0,0.0,2.0
AQP12A,0.0,1.0,0.0,0.0,0.0,2.0
CYP2U1,0.0,1.0,0.0,0.0,0.0,2.0
APTX,0.0,1.0,0.0,0.0,0.0,2.0
CYP2W1,0.0,0.0,0.0,1.0,0.0,2.0
PACRG,0.0,1.0,0.0,0.0,0.0,2.0
PABPC5,0.0,1.0,0.0,0.0,0.0,2.0
APOA4,0.0,0.0,0.0,1.0,0.0,2.0
OR7A10,0.0,0.0,0.0,1.0,0.0,2.0
OR2H1,0.0,1.0,0.0,0.0,0.0,2.0
OR4D1,0.0,1.0,0.0,0.0,0.0,2.0
OR51B6,0.0,1.0,0.0,0.0,0.0,2.0
OR4K5,0.0,0.0,0.0,1.0,0.0,2.0
OR4H12P,0.0,1.0,0.0,0.0,0.0,2.0
OR4F5,0.0,0.0,0.0,1.0,0.0,2.0
OR4F3,0.0,0.0,0.0,1.0,0.0,2.0
OR4F29,0.0,0.0,0.0,1.0,0.0,2.0
OR4F16,0.0,0.0,0.0,1.0,0.0,2.0
OR4E2,0.0,0.0,0.0,1.0,0.0,2.0
TOGARAM1,0.0,1.0,0.0,0.0,0.0,2.0
OR2V2,0.0,0.0,0.0,1.0,0.0,2.0
OR6X1,0.0,0.0,0.0,1.0,0.0,2.0
TOLLIP-DT,0.0,1.0,0.0,0.0,0.0,2.0
OR2T8,0.0,1.0,0.0,0.0,0.0,2.0
OR2T35,0.0,0.0,0.0,1.0,0.0,2.0
OR2S2,0.0,1.0,0.0,0.0,0.0,2.0
OR2M4,0.0,1.0,0.0,0.0,0.0,2.0
TOMM20L,0.0,1.0,0.0,0.0,0.0,2.0
OR2L1P,0.0,1.0,0.0,0.0,0.0,2.0
OR2L13,0.0,0.0,0.0,1.0,0.0,2.0
OR2I1P,0.0,0.0,0.0,1.0,0.0,2.0
APCDD1L-DT,0.0,1.0,0.0,0.0,0.0,2.0
OR51E1,0.0,1.0,0.0,0.0,0.0,2.0
OR51I1,0.0,0.0,0.0,1.0,0.0,2.0
TNRC18,0.0,1.0,0.0,0.0,0.0,2.0
TNK2-AS1,0.0,1.0,0.0,0.0,0.0,2.0
OR6W1P,0.0,1.0,0.0,0.0,0.0,2.0
APLN,0.0,1.0,0.0,0.0,0.0,2.0
OR6V1,0.0,0.0,0.0,1.0,0.0,2.0
OR6N2,0.0,0.0,0.0,1.0,0.0,2.0
OR6K6,0.0,0.0,1.0,0.0,0.0,2.0
OR6K3,0.0,0.0,0.0,1.0,0.0,2.0
OR6K2,0.0,0.0,0.0,1.0,0.0,2.0
OR6C76,0.0,0.0,0.0,1.0,0.0,2.0
OR6B2,0.0,0.0,0.0,1.0,0.0,2.0
OR5V1,0.0,1.0,0.0,0.0,0.0,2.0
OR5T1,0.0,0.0,0.0,1.0,0.0,2.0
OR5P2,0.0,0.0,0.0,1.0,0.0,2.0
TNNT3,0.0,1.0,0.0,0.0,0.0,2.0
OR5L2,0.0,1.0,0.0,0.0,0.0,2.0
OR5H1,0.0,1.0,0.0,0.0,0.0,2.0
OR5D14,0.0,0.0,1.0,0.0,0.0,2.0
OR5AK4P,0.0,1.0,0.0,0.0,0.0,2.0
OR52N4,0.0,1.0,0.0,0.0,0.0,2.0
ANKS1B,0.0,0.0,0.0,1.0,0.0,2.0
ANKS1A,0.0,1.0,0.0,0.0,0.0,2.0
TRAJ40,0.0,1.0,0.0,0.0,0.0,2.0
NFYCP2,0.0,0.0,0.0,1.0,0.0,2.0
TRIQK,0.0,1.0,0.0,0.0,0.0,2.0
DGKK,0.0,0.0,0.0,1.0,0.0,2.0
DHDH,0.0,0.0,0.0,1.0,0.0,2.0
NHSL3,0.0,1.0,0.0,0.0,0.0,2.0
NHSL1,0.0,1.0,0.0,0.0,0.0,2.0
NHLH1,0.0,0.0,0.0,1.0,0.0,2.0
NHERF2,0.0,0.0,0.0,1.0,0.0,2.0
DHRS4-AS1,0.0,1.0,0.0,0.0,0.0,2.0
NGB,0.0,0.0,0.0,1.0,0.0,2.0
DHRS7C,0.0,1.0,0.0,0.0,0.0,2.0
DIO3OS,0.0,0.0,0.0,1.0,0.0,2.0
TRMT1L,0.0,1.0,0.0,0.0,0.0,2.0
DHRSX,0.0,1.0,0.0,0.0,0.0,2.0
DHX16,0.0,1.0,0.0,0.0,0.0,2.0
NFE4,0.0,1.0,0.0,0.0,0.0,2.0
DHX57,0.0,0.0,0.0,1.0,0.0,2.0
DIAPH1-AS1,0.0,1.0,0.0,0.0,0.0,2.0
NEUROG2,0.0,1.0,0.0,0.0,0.0,2.0
NEUROD6,0.0,1.0,0.0,0.0,0.0,2.0
NEURL4,0.0,1.0,0.0,0.0,0.0,2.0
NIPAL4,0.0,0.0,0.0,1.0,0.0,2.0
NIPSNAP3A,0.0,0.0,0.0,1.0,0.0,2.0
NKAIN2,0.0,1.0,0.0,0.0,0.0,2.0
ANKRD10-IT1,0.0,1.0,0.0,0.0,0.0,2.0
TRIM60,0.0,1.0,0.0,0.0,0.0,2.0
TRIM61,0.0,1.0,0.0,0.0,0.0,2.0
TRIM62,0.0,1.0,0.0,0.0,0.0,2.0
NLRP8,0.0,0.0,0.0,1.0,0.0,2.0
NLRP14,0.0,1.0,0.0,0.0,0.0,2.0
NLRP11,0.0,0.0,0.0,1.0,0.0,2.0
TRIM67-AS1,0.0,0.0,0.0,1.0,0.0,2.0
DGCR6,0.0,1.0,0.0,0.0,0.0,2.0
NLGN4Y,0.0,1.0,0.0,0.0,0.0,2.0
NKX6-2,0.0,1.0,0.0,0.0,0.0,2.0
NKPD1,0.0,1.0,0.0,0.0,0.0,2.0
NKD1,0.0,0.0,0.0,1.0,0.0,2.0
TRIM9,0.0,0.0,0.0,1.0,0.0,2.0
TRIML1,0.0,1.0,0.0,0.0,0.0,2.0
TRIML2,0.0,0.0,0.0,1.0,0.0,2.0
ANKRD13B,0.0,1.0,0.0,0.0,0.0,2.0
NKAIN4,0.0,0.0,0.0,1.0,0.0,2.0
NKAIN3,0.0,1.0,0.0,0.0,0.0,2.0
TRIP11,0.0,1.0,0.0,0.0,0.0,2.0
DIMT1,0.0,1.0,0.0,0.0,0.0,2.0
NELL1,0.0,0.0,0.0,1.0,0.0,2.0
NUFIP2,0.0,1.0,0.0,0.0,0.0,2.0
TSGA13,0.0,1.0,0.0,0.0,0.0,2.0
NCMAP,0.0,0.0,0.0,1.0,0.0,2.0
TSC22D4,0.0,0.0,0.0,1.0,0.0,2.0
NCKAP5L,0.0,1.0,0.0,0.0,0.0,2.0
ANGPTL8,0.0,0.0,0.0,1.0,0.0,2.0
NCKAP5,0.0,0.0,0.0,1.0,0.0,2.0
DMXL2,0.0,1.0,0.0,0.0,0.0,2.0
NCF1B,0.0,1.0,0.0,0.0,0.0,2.0
DNAAF5,0.0,1.0,0.0,0.0,0.0,2.0
DNAAF6,0.0,0.0,0.0,1.0,0.0,2.0
DNAH10,0.0,1.0,0.0,0.0,0.0,2.0
TRPC2,0.0,0.0,0.0,1.0,0.0,2.0
NBPF8,0.0,0.0,0.0,1.0,0.0,2.0
NBPF4,0.0,0.0,0.0,1.0,0.0,2.0
NBPF22P,0.0,0.0,0.0,1.0,0.0,2.0
NBPF12,0.0,0.0,0.0,1.0,0.0,2.0
NBPF1,0.0,0.0,0.0,1.0,0.0,2.0
TSLP,0.0,1.0,0.0,0.0,0.0,2.0
DNAH2,0.0,1.0,0.0,0.0,0.0,2.0
NAV3,0.0,0.0,0.0,1.0,0.0,2.0
NAT8L,0.0,1.0,0.0,0.0,0.0,2.0
DMRTA2,0.0,1.0,0.0,0.0,0.0,2.0
ANKFN1,0.0,1.0,0.0,0.0,0.0,2.0
DMRTA1,0.0,0.0,0.0,1.0,0.0,2.0
NCR3LG1,0.0,0.0,0.0,1.0,0.0,2.0
SPIDR,0.0,1.0,0.0,0.0,0.0,2.0
TRPC4,0.0,1.0,0.0,0.0,0.0,2.0
DIPK2B,0.0,0.0,0.0,1.0,0.0,2.0
TRPC5,0.0,1.0,0.0,0.0,0.0,2.0
NEK4,0.0,1.0,0.0,0.0,0.0,2.0
NEK2-DT,0.0,1.0,0.0,0.0,0.0,2.0
DIRAS1,0.0,0.0,0.0,1.0,0.0,2.0
DIRC3,0.0,1.0,0.0,0.0,0.0,2.0
TRPM3,0.0,1.0,0.0,0.0,0.0,2.0
DISP1,0.0,0.0,0.0,1.0,0.0,2.0
TRPM5,0.0,1.0,0.0,0.0,0.0,2.0
NECTIN3-AS1,0.0,1.0,0.0,0.0,0.0,2.0
NDUFV1-DT,0.0,1.0,0.0,0.0,0.0,2.0
DLG5-AS1,0.0,1.0,0.0,0.0,0.0,2.0
ANKHD1,0.0,1.0,0.0,0.0,0.0,2.0
DLGAP1-AS2,0.0,1.0,0.0,0.0,0.0,2.0
NDUFAF5,0.0,1.0,0.0,0.0,0.0,2.0
DLGAP3,0.0,1.0,0.0,0.0,0.0,2.0
DMBT1,0.0,0.0,1.0,0.0,0.0,2.0
NME1-NME2,0.0,1.0,0.0,0.0,0.0,2.0
NME5,0.0,1.0,0.0,0.0,0.0,2.0
DGCR11,0.0,0.0,0.0,1.0,0.0,2.0
DEFB105A,0.0,0.0,0.0,1.0,0.0,2.0
NRDE2,0.0,1.0,0.0,0.0,0.0,2.0
NRBP2,0.0,1.0,0.0,0.0,0.0,2.0
DEDD2,0.0,0.0,0.0,1.0,0.0,2.0
DEF6,0.0,1.0,0.0,0.0,0.0,2.0
DEFA4,0.0,0.0,0.0,1.0,0.0,2.0
NR2F6,0.0,1.0,0.0,0.0,0.0,2.0
NR1I3,0.0,0.0,1.0,0.0,0.0,2.0
TRBV13,0.0,0.0,0.0,1.0,0.0,2.0
NR1H5P,0.0,1.0,0.0,0.0,0.0,2.0
DEFB106A,0.0,0.0,0.0,1.0,0.0,2.0
ANKRD13C-DT,0.0,1.0,0.0,0.0,0.0,2.0
TRDN,0.0,1.0,0.0,0.0,0.0,2.0
TRDV2,0.0,1.0,0.0,0.0,0.0,2.0
TREH,0.0,1.0,0.0,0.0,0.0,2.0
DEFB107A,0.0,0.0,0.0,1.0,0.0,2.0
DEFB108B,0.0,0.0,0.0,1.0,0.0,2.0
DEFB114,0.0,1.0,0.0,0.0,0.0,2.0
NR0B2,0.0,0.0,0.0,1.0,0.0,2.0
DEFB116,0.0,1.0,0.0,0.0,0.0,2.0
DEFB118,0.0,1.0,0.0,0.0,0.0,2.0
TRAV13-1,0.0,1.0,0.0,0.0,0.0,2.0
NRL,0.0,1.0,0.0,0.0,0.0,2.0
DDX49,0.0,1.0,0.0,0.0,0.0,2.0
NRXN3,0.0,1.0,0.0,0.0,0.0,2.0
NUDT22,0.0,1.0,0.0,0.0,0.0,2.0
NUDT16L2P,0.0,1.0,0.0,0.0,0.0,2.0
NUDT12,0.0,1.0,0.0,0.0,0.0,2.0
TRAM2-AS1,0.0,1.0,0.0,0.0,0.0,2.0
NUAK2,0.0,1.0,0.0,0.0,0.0,2.0
DDIT4L,0.0,0.0,0.0,1.0,0.0,2.0
NTRK3-AS1,0.0,1.0,0.0,0.0,0.0,2.0
ANKRD60,0.0,1.0,0.0,0.0,0.0,2.0
DDO,0.0,0.0,0.0,1.0,0.0,2.0
DDR1-DT,0.0,1.0,0.0,0.0,0.0,2.0
NT5M,0.0,1.0,0.0,0.0,0.0,2.0
ANKRD54,0.0,1.0,0.0,0.0,0.0,2.0
NSUN5P1,0.0,0.0,0.0,1.0,0.0,2.0
NSMCE1-DT,0.0,1.0,0.0,0.0,0.0,2.0
ANKRD53,0.0,0.0,0.0,1.0,0.0,2.0
ANKRD52,0.0,1.0,0.0,0.0,0.0,2.0
NSL1,0.0,0.0,0.0,1.0,0.0,2.0
DDX27,0.0,1.0,0.0,0.0,0.0,2.0
NSG1,0.0,1.0,0.0,0.0,0.0,2.0
NPY6R,0.0,1.0,0.0,0.0,0.0,2.0
NPY,0.0,0.0,0.0,1.0,0.0,2.0
NPVF,0.0,1.0,0.0,0.0,0.0,2.0
TRIM31,0.0,0.0,0.0,1.0,0.0,2.0
NOX5,0.0,0.0,1.0,0.0,0.0,2.0
NOX3,0.0,1.0,0.0,0.0,0.0,2.0
NOTO,0.0,0.0,0.0,1.0,0.0,2.0
DENND2A,0.0,0.0,0.0,1.0,0.0,2.0
NORAD,0.0,0.0,1.0,0.0,0.0,2.0
NOL3,0.0,1.0,0.0,0.0,0.0,2.0
DERL3,0.0,1.0,0.0,0.0,0.0,2.0
NOBOX,0.0,1.0,0.0,0.0,0.0,2.0
TRIM41,0.0,0.0,0.0,1.0,0.0,2.0
TRIM42,0.0,0.0,0.0,1.0,0.0,2.0
DEUP1,0.0,0.0,0.0,1.0,0.0,2.0
NMUR1,0.0,1.0,0.0,0.0,0.0,2.0
NMS,0.0,0.0,0.0,1.0,0.0,2.0
ANKRD18A,0.0,1.0,0.0,0.0,0.0,2.0
TRIM49,0.0,0.0,0.0,1.0,0.0,2.0
ANKRD16,0.0,1.0,0.0,0.0,0.0,2.0
NMNAT2,0.0,1.0,0.0,0.0,0.0,2.0
TRIM51,0.0,1.0,0.0,0.0,0.0,2.0
NMNAT1,0.0,1.0,0.0,0.0,0.0,2.0
DELEC1,0.0,1.0,0.0,0.0,0.0,2.0
NPBWR1,0.0,0.0,0.0,1.0,0.0,2.0
TRGJP1,0.0,1.0,0.0,0.0,0.0,2.0
ANKRD30A,0.0,0.0,0.0,1.0,0.0,2.0
TRGV9,0.0,0.0,0.0,1.0,0.0,2.0
DEFB119,0.0,1.0,0.0,0.0,0.0,2.0
NPS,0.0,0.0,0.0,1.0,0.0,2.0
DEFB121,0.0,1.0,0.0,0.0,0.0,2.0
NPPB,0.0,0.0,0.0,1.0,0.0,2.0
ANKRD36B,0.0,0.0,0.0,1.0,0.0,2.0
ANKRD36,0.0,1.0,0.0,0.0,0.0,2.0
DEFB124,0.0,1.0,0.0,0.0,0.0,2.0
DEFB125,0.0,1.0,0.0,0.0,0.0,2.0
ANKRD35,0.0,1.0,0.0,0.0,0.0,2.0
ANKRD34B,0.0,1.0,0.0,0.0,0.0,2.0
DEFB126,0.0,1.0,0.0,0.0,0.0,2.0
NPIPB3,0.0,0.0,0.0,1.0,0.0,2.0
TRIM17,0.0,0.0,0.0,1.0,0.0,2.0
NPHP3-AS1,0.0,1.0,0.0,0.0,0.0,2.0
NPFFR1,0.0,1.0,0.0,0.0,0.0,2.0
ANKRD33,0.0,1.0,0.0,0.0,0.0,2.0
ANKRD31,0.0,1.0,0.0,0.0,0.0,2.0
ANKRD30B,0.0,1.0,0.0,0.0,0.0,2.0
CYP21A2,0.0,1.0,0.0,0.0,0.0,2.0
PANX2,0.0,1.0,0.0,0.0,0.0,2.0
TMTC1,0.0,1.0,0.0,0.0,0.0,2.0
PPIP5K2,0.0,1.0,0.0,0.0,0.0,2.0
PPP1R27,0.0,1.0,0.0,0.0,0.0,2.0
ARHGEF25,0.0,1.0,0.0,0.0,0.0,2.0
TLR8-AS1,0.0,1.0,0.0,0.0,0.0,2.0
PPP1R1B,0.0,1.0,0.0,0.0,0.0,2.0
CNTNAP3B,0.0,1.0,0.0,0.0,0.0,2.0
TLX3,0.0,1.0,0.0,0.0,0.0,2.0
CNTNAP5,0.0,0.0,0.0,1.0,0.0,2.0
ARHGEF19,0.0,1.0,0.0,0.0,0.0,2.0
COA4,0.0,1.0,0.0,0.0,0.0,2.0
TM4SF4,0.0,1.0,0.0,0.0,0.0,2.0
PPP1R3D,0.0,1.0,0.0,0.0,0.0,2.0
PPFIA4,0.0,1.0,0.0,0.0,0.0,2.0
COL10A1,0.0,1.0,0.0,0.0,0.0,2.0
COL13A1,0.0,0.0,0.0,1.0,0.0,2.0
POU5F1P3,0.0,1.0,0.0,0.0,0.0,2.0
COL16A1,0.0,0.0,0.0,1.0,0.0,2.0
POU4F3,0.0,0.0,0.0,1.0,0.0,2.0
COL17A1,0.0,0.0,0.0,1.0,0.0,2.0
POU1F1,0.0,1.0,0.0,0.0,0.0,2.0
POTEH,0.0,1.0,0.0,0.0,0.0,2.0
PPP1R3A,0.0,1.0,0.0,0.0,0.0,2.0
PPP1R3E,0.0,1.0,0.0,0.0,0.0,2.0
PLPPR1,0.0,1.0,0.0,0.0,0.0,2.0
CNGB3,0.0,1.0,0.0,0.0,0.0,2.0
ARL11,0.0,0.0,0.0,1.0,0.0,2.0
PRAMEF8,0.0,1.0,0.0,0.0,0.0,2.0
PRAMEF4,0.0,0.0,0.0,1.0,0.0,2.0
PRAMEF25,0.0,1.0,0.0,0.0,0.0,2.0
TLCD3B,0.0,1.0,0.0,0.0,0.0,2.0
TLCD4,0.0,1.0,0.0,0.0,0.0,2.0
PRAMEF11,0.0,1.0,0.0,0.0,0.0,2.0
ARK2N,0.0,1.0,0.0,0.0,0.0,2.0
PRAMEF10,0.0,0.0,0.0,1.0,0.0,2.0
PPY2P,0.0,1.0,0.0,0.0,0.0,2.0
ARHGEF39,0.0,1.0,0.0,0.0,0.0,2.0
CNNM1,0.0,0.0,0.0,1.0,0.0,2.0
CNPY1,0.0,1.0,0.0,0.0,0.0,2.0
CNTD1,0.0,0.0,0.0,1.0,0.0,2.0
CNTF,0.0,0.0,0.0,1.0,0.0,2.0
CNTFR,0.0,0.0,0.0,1.0,0.0,2.0
CNTLN,0.0,1.0,0.0,0.0,0.0,2.0
CNTN1,0.0,1.0,0.0,0.0,0.0,2.0
PPP1R3G,0.0,1.0,0.0,0.0,0.0,2.0
TLR10,0.0,1.0,0.0,0.0,0.0,2.0
POTEF,0.0,1.0,0.0,0.0,0.0,2.0
POTEE,0.0,0.0,0.0,1.0,0.0,2.0
POPDC3,0.0,0.0,1.0,0.0,0.0,2.0
TMEM114,0.0,1.0,0.0,0.0,0.0,2.0
PNLIP,0.0,1.0,0.0,0.0,0.0,2.0
TMEM105,0.0,1.0,0.0,0.0,0.0,2.0
PNCK,0.0,1.0,0.0,0.0,0.0,2.0
PMS2P3,0.0,0.0,1.0,0.0,0.0,2.0
PMS2P2,0.0,1.0,0.0,0.0,0.0,2.0
PMS2P1,0.0,1.0,0.0,0.0,0.0,2.0
PMP2,0.0,0.0,0.0,1.0,0.0,2.0
COQ7,0.0,0.0,0.0,1.0,0.0,2.0
PMFBP1,0.0,0.0,0.0,1.0,0.0,2.0
PMF1-BGLAP,0.0,0.0,0.0,1.0,0.0,2.0
TMC5,0.0,1.0,0.0,0.0,0.0,2.0
TMEM117,0.0,1.0,0.0,0.0,0.0,2.0
PMCHL2,0.0,1.0,0.0,0.0,0.0,2.0
TMEM120A,0.0,1.0,0.0,0.0,0.0,2.0
PM20D1,0.0,1.0,0.0,0.0,0.0,2.0
TMEM121,0.0,1.0,0.0,0.0,0.0,2.0
PLVAP,0.0,0.0,0.0,1.0,0.0,2.0
PLSCR2,0.0,0.0,0.0,1.0,0.0,2.0
COX16,0.0,1.0,0.0,0.0,0.0,2.0
PARGP1,0.0,0.0,0.0,1.0,0.0,2.0
TMEM102,0.0,0.0,0.0,1.0,0.0,2.0
PNLIPRP1,0.0,1.0,0.0,0.0,0.0,2.0
TMEM100,0.0,1.0,0.0,0.0,0.0,2.0
PNMA2,0.0,1.0,0.0,0.0,0.0,2.0
COL28A1,0.0,0.0,0.0,1.0,0.0,2.0
POM121L10P,0.0,1.0,0.0,0.0,0.0,2.0
ARHGEF10L,0.0,1.0,0.0,0.0,0.0,2.0
POLR3D,0.0,1.0,0.0,0.0,0.0,2.0
COL6A4P1,0.0,0.0,0.0,1.0,0.0,2.0
COL6A6,0.0,0.0,0.0,1.0,0.0,2.0
POLDIP3,0.0,1.0,0.0,0.0,0.0,2.0
TMCO3,0.0,1.0,0.0,0.0,0.0,2.0
POGZ,0.0,0.0,0.0,1.0,0.0,2.0
TMCO5A,0.0,1.0,0.0,0.0,0.0,2.0
TMCO5B,0.0,1.0,0.0,0.0,0.0,2.0
POFUT1,0.0,0.0,0.0,1.0,0.0,2.0
PODXL,0.0,0.0,0.0,1.0,0.0,2.0
PODNL1,0.0,0.0,0.0,1.0,0.0,2.0
PNRC2,0.0,0.0,0.0,1.0,0.0,2.0
PNPLA8,0.0,1.0,0.0,0.0,0.0,2.0
PNPLA6,0.0,1.0,0.0,0.0,0.0,2.0
PNPLA4,0.0,0.0,0.0,1.0,0.0,2.0
PNMA8B,0.0,1.0,0.0,0.0,0.0,2.0
CNGB1,0.0,1.0,0.0,0.0,0.0,2.0
PRCD,0.0,1.0,0.0,0.0,0.0,2.0
CNGA3,0.0,0.0,0.0,1.0,0.0,2.0
THOC6,0.0,1.0,0.0,0.0,0.0,2.0
CLCN6,0.0,1.0,0.0,0.0,0.0,2.0
PSMA3-AS1,0.0,1.0,0.0,0.0,0.0,2.0
CLCNKB,0.0,1.0,0.0,0.0,0.0,2.0
PSG8,0.0,0.0,0.0,1.0,0.0,2.0
PSG3,0.0,1.0,0.0,0.0,0.0,2.0
CLDN16,0.0,1.0,0.0,0.0,0.0,2.0
PRY,0.0,1.0,0.0,0.0,0.0,2.0
THOC3,0.0,0.0,0.0,1.0,0.0,2.0
CLDN17,0.0,1.0,0.0,0.0,0.0,2.0
THOC7,0.0,1.0,0.0,0.0,0.0,2.0
PRSS40A,0.0,1.0,0.0,0.0,0.0,2.0
CLDN19,0.0,1.0,0.0,0.0,0.0,2.0
PRTFDC1,0.0,1.0,0.0,0.0,0.0,2.0
ARMH3,0.0,1.0,0.0,0.0,0.0,2.0
PRSS8,0.0,0.0,0.0,1.0,0.0,2.0
PRSS58,0.0,1.0,0.0,0.0,0.0,2.0
PRSS53,0.0,1.0,0.0,0.0,0.0,2.0
ARMCX6,0.0,1.0,0.0,0.0,0.0,2.0
ARMCX5,0.0,1.0,0.0,0.0,0.0,2.0
CLDN2,0.0,1.0,0.0,0.0,0.0,2.0
CLCA4,0.0,1.0,0.0,0.0,0.0,2.0
CLCA2,0.0,1.0,0.0,0.0,0.0,2.0
CKM,0.0,1.0,0.0,0.0,0.0,2.0
CIR1,0.0,1.0,0.0,0.0,0.0,2.0
PTCHD4,0.0,1.0,0.0,0.0,0.0,2.0
TGM7,0.0,0.0,0.0,1.0,0.0,2.0
PTCHD3P1,0.0,1.0,0.0,0.0,0.0,2.0
PTCHD1,0.0,1.0,0.0,0.0,0.0,2.0
PSORS1C3,0.0,1.0,0.0,0.0,0.0,2.0
THA1P,0.0,0.0,0.0,1.0,0.0,2.0
PSMG4,0.0,1.0,0.0,0.0,0.0,2.0
THAP1,0.0,1.0,0.0,0.0,0.0,2.0
THAP10,0.0,1.0,0.0,0.0,0.0,2.0
CIART,0.0,1.0,0.0,0.0,0.0,2.0
CIBAR1-DT,0.0,1.0,0.0,0.0,0.0,2.0
THAP2,0.0,1.0,0.0,0.0,0.0,2.0
CIDEA,0.0,0.0,0.0,1.0,0.0,2.0
CIDEC,0.0,0.0,0.0,1.0,0.0,2.0
THAP7,0.0,1.0,0.0,0.0,0.0,2.0
CIDECP1,0.0,0.0,0.0,1.0,0.0,2.0
CIMAP3,0.0,0.0,0.0,1.0,0.0,2.0
THAP9-AS1,0.0,1.0,0.0,0.0,0.0,2.0
CIMIP2A,0.0,1.0,0.0,0.0,0.0,2.0
PRSS47P,0.0,1.0,0.0,0.0,0.0,2.0
PRSS3P2,0.0,0.0,0.0,1.0,0.0,2.0
ARL13A,0.0,1.0,0.0,0.0,0.0,2.0
CMAHP,0.0,1.0,0.0,0.0,0.0,2.0
CLEC4F,0.0,1.0,0.0,0.0,0.0,2.0
PROB1,0.0,1.0,0.0,0.0,0.0,2.0
PRMT9,0.0,1.0,0.0,0.0,0.0,2.0
CLECL1P,0.0,0.0,0.0,0.0,2.0,2.0
PRM1,0.0,0.0,0.0,1.0,0.0,2.0
PRKY,0.0,0.0,0.0,1.0,0.0,2.0
CLK2,0.0,0.0,1.0,0.0,0.0,2.0
CLLU1,0.0,1.0,0.0,0.0,0.0,2.0
CLXN,0.0,0.0,0.0,1.0,0.0,2.0
CMC4,0.0,0.0,1.0,0.0,0.0,2.0
PRSS3P1,0.0,1.0,0.0,0.0,0.0,2.0
CMTM5,0.0,1.0,0.0,0.0,0.0,2.0
CMYA5,0.0,1.0,0.0,0.0,0.0,2.0
ARL16,0.0,1.0,0.0,0.0,0.0,2.0
PRDM9,0.0,0.0,0.0,1.0,0.0,2.0
PRDM16-DT,0.0,1.0,0.0,0.0,0.0,2.0
ARL14EP,0.0,0.0,0.0,1.0,0.0,2.0
PRDM13,0.0,1.0,0.0,0.0,0.0,2.0
PRDM12,0.0,1.0,0.0,0.0,0.0,2.0
GPR150,0.0,1.0,0.0,0.0,0.0,2.0
TIMM17B,0.0,1.0,0.0,0.0,0.0,2.0
PRODH,0.0,1.0,0.0,0.0,0.0,2.0
PROK1,0.0,1.0,0.0,0.0,0.0,2.0
PROKR1,0.0,0.0,0.0,1.0,0.0,2.0
PRSS35,0.0,1.0,0.0,0.0,0.0,2.0
PRSS33,0.0,1.0,0.0,0.0,0.0,2.0
PRSS23-AS1,0.0,0.0,0.0,1.0,0.0,2.0
PRRT2,0.0,1.0,0.0,0.0,0.0,2.0
PRRG2,0.0,1.0,0.0,0.0,0.0,2.0
PRR9,0.0,1.0,0.0,0.0,0.0,2.0
PRR7-AS1,0.0,1.0,0.0,0.0,0.0,2.0
PRR34,0.0,1.0,0.0,0.0,0.0,2.0
PRR29,0.0,1.0,0.0,0.0,0.0,2.0
ARL9,0.0,1.0,0.0,0.0,0.0,2.0
PRR23E,0.0,0.0,0.0,1.0,0.0,2.0
PRR22,0.0,1.0,0.0,0.0,0.0,2.0
CLEC14A,0.0,1.0,0.0,0.0,0.0,2.0
PRPS1L1,0.0,1.0,0.0,0.0,0.0,2.0
TIGD7,0.0,1.0,0.0,0.0,0.0,2.0
CLEC1B,0.0,0.0,0.0,1.0,0.0,2.0
TIMD4,0.0,1.0,0.0,0.0,0.0,2.0
CLEC2L,0.0,1.0,0.0,0.0,0.0,2.0
PROSER2-AS1,0.0,1.0,0.0,0.0,0.0,2.0
PLPPR3,0.0,0.0,0.0,1.0,0.0,2.0
PLPPR4,0.0,1.0,0.0,0.0,0.0,2.0
COX18,0.0,1.0,0.0,0.0,0.0,2.0
PCYT1B,0.0,0.0,0.0,1.0,0.0,2.0
CTSLP3,0.0,1.0,0.0,0.0,0.0,2.0
CTSLP8,0.0,1.0,0.0,0.0,0.0,2.0
CTXN1,0.0,1.0,0.0,0.0,0.0,2.0
PDCL2,0.0,1.0,0.0,0.0,0.0,2.0
PDCD7,0.0,1.0,0.0,0.0,0.0,2.0
CTXN3,0.0,1.0,0.0,0.0,0.0,2.0
PDCD5,0.0,1.0,0.0,0.0,0.0,2.0
CTXND1,0.0,0.0,0.0,1.0,0.0,2.0
PDC,0.0,1.0,0.0,0.0,0.0,2.0
PCSK4,0.0,1.0,0.0,0.0,0.0,2.0
CTNNA2,0.0,1.0,0.0,0.0,0.0,2.0
TMEM54,0.0,0.0,0.0,1.0,0.0,2.0
PCSK2,0.0,1.0,0.0,0.0,0.0,2.0
PCNX4,0.0,1.0,0.0,0.0,0.0,2.0
PCNX3,0.0,0.0,0.0,1.0,0.0,2.0
CWC15,0.0,1.0,0.0,0.0,0.0,2.0
TMEM63B,0.0,1.0,0.0,0.0,0.0,2.0
CWC27,0.0,1.0,0.0,0.0,0.0,2.0
TMEM64,0.0,1.0,0.0,0.0,0.0,2.0
PCGF3-AS1,0.0,0.0,0.0,1.0,0.0,2.0
CTRB1,0.0,1.0,0.0,0.0,0.0,2.0
CTIF,0.0,1.0,0.0,0.0,0.0,2.0
TMEM68,0.0,1.0,0.0,0.0,0.0,2.0
TMEM265,0.0,0.0,0.0,1.0,0.0,2.0
PEX7,0.0,0.0,0.0,1.0,0.0,2.0
TMEM250,0.0,1.0,0.0,0.0,0.0,2.0
TMEM253,0.0,1.0,0.0,0.0,0.0,2.0
TMEM256,0.0,1.0,0.0,0.0,0.0,2.0
CST13P,0.0,1.0,0.0,0.0,0.0,2.0
PEX11G,0.0,1.0,0.0,0.0,0.0,2.0
PET117,0.0,1.0,0.0,0.0,0.0,2.0
TMEM260,0.0,1.0,0.0,0.0,0.0,2.0
CST5,0.0,0.0,0.0,1.0,0.0,2.0
PERM1,0.0,1.0,0.0,0.0,0.0,2.0
TMEM35B,0.0,1.0,0.0,0.0,0.0,2.0
PELP1,0.0,0.0,0.0,1.0,0.0,2.0
ARGLU1,0.0,1.0,0.0,0.0,0.0,2.0
TMEM269,0.0,1.0,0.0,0.0,0.0,2.0
PEBP4,0.0,0.0,0.0,1.0,0.0,2.0
PDXP,0.0,1.0,0.0,0.0,0.0,2.0
CTAG2,0.0,0.0,0.0,1.0,0.0,2.0
TMEM31,0.0,1.0,0.0,0.0,0.0,2.0
PDXDC1,0.0,1.0,0.0,0.0,0.0,2.0
CTAGE1,0.0,0.0,0.0,1.0,0.0,2.0
PCF11,0.0,1.0,0.0,0.0,0.0,2.0
PCED1B,0.0,1.0,0.0,0.0,0.0,2.0
TMEM247,0.0,1.0,0.0,0.0,0.0,2.0
PAXX,0.0,1.0,0.0,0.0,0.0,2.0
TMLHE,0.0,1.0,0.0,0.0,0.0,2.0
PCDH19,0.0,0.0,0.0,1.0,0.0,2.0
PCDH12,0.0,0.0,0.0,1.0,0.0,2.0
PCDH11X,0.0,0.0,0.0,1.0,0.0,2.0
PCDH1,0.0,1.0,0.0,0.0,0.0,2.0
PCBD2,0.0,1.0,0.0,0.0,0.0,2.0
CXXC1P1,0.0,1.0,0.0,0.0,0.0,2.0
PCA3,0.0,1.0,0.0,0.0,0.0,2.0
PBX4,0.0,1.0,0.0,0.0,0.0,2.0
PAX8-AS1,0.0,1.0,0.0,0.0,0.0,2.0
PCDHA1,0.0,0.0,0.0,1.0,0.0,2.0
CYB5D2,0.0,0.0,0.0,1.0,0.0,2.0
CYB5RL,0.0,1.0,0.0,0.0,0.0,2.0
TMPRSS6,0.0,0.0,0.0,1.0,0.0,2.0
PASD1,0.0,0.0,0.0,1.0,0.0,2.0
PARP15,0.0,0.0,0.0,1.0,0.0,2.0
TMSB15B,0.0,1.0,0.0,0.0,0.0,2.0
CYP11B1,0.0,1.0,0.0,0.0,0.0,2.0
TMSB4XP8,0.0,0.0,0.0,1.0,0.0,2.0
TMSB4Y,0.0,0.0,0.0,1.0,0.0,2.0
PCDH8,0.0,1.0,0.0,0.0,0.0,2.0
TMIE,0.0,1.0,0.0,0.0,0.0,2.0
PCDHGC5,0.0,0.0,0.0,1.0,0.0,2.0
PCDHGA12,0.0,0.0,0.0,1.0,0.0,2.0
TMEM72,0.0,1.0,0.0,0.0,0.0,2.0
PCDHGB6,0.0,0.0,0.0,1.0,0.0,2.0
PCDHGB4,0.0,0.0,0.0,1.0,0.0,2.0
PCDHGB2,0.0,0.0,0.0,1.0,0.0,2.0
PCDHGA9,0.0,1.0,0.0,0.0,0.0,2.0
TMEM82,0.0,1.0,0.0,0.0,0.0,2.0
PCDHGA8,0.0,0.0,0.0,1.0,0.0,2.0
PCDHGA3,0.0,0.0,0.0,1.0,0.0,2.0
PCDHGA2,0.0,0.0,0.0,1.0,0.0,2.0
PCDHGA1,0.0,1.0,0.0,0.0,0.0,2.0
PCDHA2,0.0,0.0,0.0,1.0,0.0,2.0
TMEM89,0.0,1.0,0.0,0.0,0.0,2.0
TMEM8B,0.0,1.0,0.0,0.0,0.0,2.0
PCDHB8,0.0,0.0,0.0,1.0,0.0,2.0
PCDHB7,0.0,0.0,0.0,1.0,0.0,2.0
PCDHB3,0.0,1.0,0.0,0.0,0.0,2.0
PCDHB13,0.0,1.0,0.0,0.0,0.0,2.0
PCDHA5,0.0,0.0,0.0,1.0,0.0,2.0
ARFGEF1,0.0,1.0,0.0,0.0,0.0,2.0
PCDHA4,0.0,0.0,0.0,1.0,0.0,2.0
COX19,0.0,1.0,0.0,0.0,0.0,2.0
PGA3,0.0,1.0,0.0,0.0,0.0,2.0
CSNK1A1L,0.0,0.0,0.0,1.0,0.0,2.0
CRAT,0.0,1.0,0.0,0.0,0.0,2.0
CPNE5,0.0,1.0,0.0,0.0,0.0,2.0
CPNE9,0.0,0.0,0.0,1.0,0.0,2.0
PLA2G2A,0.0,0.0,0.0,0.0,2.0,2.0
PKP4-AS1,0.0,0.0,0.0,1.0,0.0,2.0
TMEM169,0.0,1.0,0.0,0.0,0.0,2.0
CPVL-AS2,0.0,1.0,0.0,0.0,0.0,2.0
PITRM1-AS1,0.0,1.0,0.0,0.0,0.0,2.0
PIRT,0.0,1.0,0.0,0.0,0.0,2.0
PIPSL,0.0,0.0,0.0,1.0,0.0,2.0
CRB2,0.0,1.0,0.0,0.0,0.0,2.0
CRPPA,0.0,0.0,0.0,1.0,0.0,2.0
PINLYP,0.0,1.0,0.0,0.0,0.0,2.0
CRELD1,0.0,0.0,0.0,1.0,0.0,2.0
CRIP3,0.0,1.0,0.0,0.0,0.0,2.0
TMEM181,0.0,1.0,0.0,0.0,0.0,2.0
CRISPLD1,0.0,1.0,0.0,0.0,0.0,2.0
CRMA,0.0,1.0,0.0,0.0,0.0,2.0
CROCCP2,0.0,1.0,0.0,0.0,0.0,2.0
CROCCP3,0.0,0.0,1.0,0.0,0.0,2.0
PIEZO2,0.0,0.0,0.0,1.0,0.0,2.0
CPN2,0.0,0.0,0.0,1.0,0.0,2.0
CPN1,0.0,0.0,0.0,1.0,0.0,2.0
TMEM161B-DT,0.0,1.0,0.0,0.0,0.0,2.0
CPED1,0.0,1.0,0.0,0.0,0.0,2.0
PLK5,0.0,1.0,0.0,0.0,0.0,2.0
COX6CP3,0.0,0.0,0.0,1.0,0.0,2.0
PLIN4,0.0,0.0,0.0,1.0,0.0,2.0
TMEM135,0.0,1.0,0.0,0.0,0.0,2.0
PLEKHS1,0.0,0.0,0.0,1.0,0.0,2.0
PLEKHJ1,0.0,1.0,0.0,0.0,0.0,2.0
PLEKHG4B,0.0,0.0,0.0,1.0,0.0,2.0
PLEKHG1,0.0,1.0,0.0,0.0,0.0,2.0
TMEM145,0.0,1.0,0.0,0.0,0.0,2.0
ARHGAP33,0.0,1.0,0.0,0.0,0.0,2.0
PLEKHA8P1,0.0,0.0,0.0,1.0,0.0,2.0
TMEM14B,0.0,1.0,0.0,0.0,0.0,2.0
PLEKHA4,0.0,0.0,0.0,1.0,0.0,2.0
CPEB1-AS1,0.0,1.0,0.0,0.0,0.0,2.0
PLCZ1,0.0,1.0,0.0,0.0,0.0,2.0
PLCXD3,0.0,0.0,0.0,1.0,0.0,2.0
PLCH2,0.0,0.0,0.0,1.0,0.0,2.0
TMEM156,0.0,0.0,0.0,1.0,0.0,2.0
PLCH1,0.0,0.0,0.0,1.0,0.0,2.0
TMEM185B,0.0,0.0,0.0,1.0,0.0,2.0
PIERCE1,0.0,1.0,0.0,0.0,0.0,2.0
TMEM190,0.0,1.0,0.0,0.0,0.0,2.0
TMEM231,0.0,0.0,0.0,1.0,0.0,2.0
PHAF1,0.0,0.0,0.0,1.0,0.0,2.0
CSKMT,0.0,0.0,0.0,1.0,0.0,2.0
CSMD2,0.0,1.0,0.0,0.0,0.0,2.0
PGLYRP3,0.0,0.0,0.0,0.0,2.0,2.0
TMEM225B,0.0,0.0,0.0,1.0,0.0,2.0
TMEM229A,0.0,0.0,0.0,1.0,0.0,2.0
CSN3,0.0,0.0,0.0,1.0,0.0,2.0
PGBD4,0.0,1.0,0.0,0.0,0.0,2.0
TMEM232,0.0,1.0,0.0,0.0,0.0,2.0
CSAG2,0.0,0.0,0.0,1.0,0.0,2.0
TMEM234,0.0,1.0,0.0,0.0,0.0,2.0
TMEM235,0.0,1.0,0.0,0.0,0.0,2.0
TMEM237,0.0,1.0,0.0,0.0,0.0,2.0
PGBD2,0.0,1.0,0.0,0.0,0.0,2.0
TMEM238L,0.0,1.0,0.0,0.0,0.0,2.0
TMEM241,0.0,0.0,0.0,1.0,0.0,2.0
PGAP4,0.0,1.0,0.0,0.0,0.0,2.0
PGAM2,0.0,1.0,0.0,0.0,0.0,2.0
CSAG3,0.0,0.0,0.0,1.0,0.0,2.0
GPR15,0.0,1.0,0.0,0.0,0.0,2.0
PHIP,0.0,1.0,0.0,0.0,0.0,2.0
TMEM198,0.0,1.0,0.0,0.0,0.0,2.0
TMEM201,0.0,1.0,0.0,0.0,0.0,2.0
PHYHIP,0.0,0.0,0.0,1.0,0.0,2.0
PHOX2A,0.0,0.0,0.0,1.0,0.0,2.0
PHOSPHO1,0.0,1.0,0.0,0.0,0.0,2.0
CRX,0.0,0.0,0.0,1.0,0.0,2.0
TMEM207,0.0,1.0,0.0,0.0,0.0,2.0
PHF24,0.0,1.0,0.0,0.0,0.0,2.0
CRYGC,0.0,0.0,0.0,1.0,0.0,2.0
TMEM210,0.0,1.0,0.0,0.0,0.0,2.0
TMEM213,0.0,1.0,0.0,0.0,0.0,2.0
CRYGN,0.0,1.0,0.0,0.0,0.0,2.0
CRYGS,0.0,0.0,0.0,1.0,0.0,2.0
TMEM196,0.0,1.0,0.0,0.0,0.0,2.0
PI4KA,0.0,0.0,0.0,1.0,0.0,2.0
PI4KB,0.0,1.0,0.0,0.0,0.0,2.0
TMEM200B,0.0,1.0,0.0,0.0,0.0,2.0
SLC39A7,0.0,0.0,0.0,0.0,1.0,1.0
FYB2,0.0,0.0,0.0,0.0,1.0,1.0
MIR185,0.0,0.0,0.0,0.0,1.0,1.0
BTNL8,0.0,0.0,0.0,0.0,1.0,1.0
MIR19A,0.0,0.0,0.0,0.0,1.0,1.0
BTNL2,0.0,0.0,0.0,0.0,1.0,1.0
MOG,0.0,0.0,0.0,0.0,1.0,1.0
EPHB1,0.0,0.0,0.0,0.0,1.0,1.0
BTNL3,0.0,0.0,0.0,0.0,1.0,1.0
