no.,original SMILES,final SMILES,exp VDss (L/kg),pred VDss (L/kg),exp CL (mL/min/kg),pred CL (mL/min/kg),exp t1/2 (h),pred t1/2 (h),exp fu,pred fu,exp logVDss,pred logVDss,exp logCL,pred logCL,exp logt1/2,pred logt1/2,exp logfu,pred logfu
1,O)S2NC1=NC(=O)N(C=C1)[C@@H]2CO[C@H](C,NC1=NC(=O)N(C=C1)[C@H]2CO[C@@H](CO)S2,1.18,0.78,3,3.68,19.2,8.67,,,0.07,-0.11,0.48,0.57,1.28,0.94,,
2,O)S2O[C@@H]1C[C@@](C[C@@H](OC(=O)C=C,NC1=NC(=O)N(C=C1)[C@@H]2CO[C@H](CO)S2O[C@@H]1C[C@@](C[C@@H](OC(=O)\C=C\C2=C,0.84,0.79,3.9,4.05,8.92,8.17,,,0.08,-0.10,0.59,0.61,0.95,0.91,,
3,C2=CC=C(O)C(=C2)O)[C@@H]1O)(OC(=O)C=CC3=CC=C(O)C(=C3)O)C(O)=OC[C@@H]1O[C@H](C[C@@H](O)[C@H]1O)O[C@@H]2[C@H](O)C[C@@H](O[C@H]2C)O[C@@H]3[C@H](O)C[C@@H](O[C@H]3C),C(=C(O)C=C2)O)[C@@H]1O)(OC(=O)\C=C/C3=CC(=C(O)C=C3)O)C([O-])=OC[C@@H]1O[C@@H](C[C@@H](O)[C@@H]1O)O[C@H]2[C@H](O)C[C@@H](O[C@H]2C)O[C@@H]3[C@@H](O)C[C@@H](O[C@H]3C)O[C@@H]4CC,0.79,1.01,8.7,13.11,1.37,1.43,,,0.10,0.00,0.94,1.12,0.14,0.16,,
4,O[C@@H]4CC[C@]5(C)[C@@H](CC[C@H]6[C@@H]5CC[C@]7(C)[C@H]([C@H](C[C@]67O)OC(C)=O)C8=CC(=O)OC8)C4,[C@]5(C)[C@@H](CC[C@H]6[C@@H]5CC[C@]7(C)[C@H]([C@H](C[C@]67O)OC(C)=O)C8=CC(=O)OC8)C4,0.78,0.98,0.18,0.35,51.6,36.06,0.07,0.10,0.11,-0.01,-0.74,-0.45,1.71,1.56,-1.15,-1.02
5,NC1(CC1)C(O)=OO[C@@H]1C[C@](O)(C[C@@H](OC(=O)C=,[NH3+]C1(CC1)C([O-])=OO[C@H]1C[C@@](O)(C[C@@H](OC(=O)\C=C\C2=,0.73,0.50,1.5,2.02,5.9,4.52,,,0.14,-0.30,0.18,0.31,0.77,0.66,,
6,CC2=CC(=C(O)C=C2)O)[C@@H]1OC(=O)C=CC3=CC(=C(O)C=C3)O)C(O)=OO[C@H]1[C@@H](C[C@@](O)(C[C@H]1OC,CC(=C(O)C=C2)O)[C@@H]1OC(=O)\C=C/C3=CC(=C(O)C=C3)O)C([O-])=OOC1[C@@H](CC(O)(C[C@H]1OC(=O)\C=C\C2=CC(,0.63,0.79,34.58,23.49,0.57,0.96,,,0.20,-0.10,1.54,1.37,-0.24,-0.02,,
7,(=O)C=CC2=CC=C(O)C(=C2)O)C(O)=O)OC(=O)C=CC3=CC=C(O)C(=C3)OC[C@@H](N)[C@H]1CC[C@@H](N)[C@H](,=C(O)C=C2)O)C([O-])=O)OC(=O)\C=C\C3=CC(=C(O)C=C3)OC[C@@H]([NH3+])[C@H]1CC[C@@H]([NH3+])[C,4.82,1.43,75.81,29.77,3.17,2.05,,,0.68,0.16,1.88,1.47,0.50,0.31,,
8,O1)O[C@@H]2[C@@H](N)[C@@H](O)[C@@H](O)[C@H]([C@H]2O)N(C)C(=O)CNCC(C)N(CC[C@H](C1=CC=CC=C1)C2=CC(=,@H](O1)O[C@@H]2[C@@H]([NH3+])[C@@H](O)[C@@H](O)[C@H]([C@H]2O)N(C)C(=O)C[NH3+]CC(C)[NH+](CC[C@H](C1=CC=CC=C1)C2=C(O)C=,0.27,0.34,1.37,1.47,2.9,3.24,,,0.57,-0.47,0.14,0.17,0.46,0.51,,
9,CC=C2O)CO)C(C)CCCC1=NC2=C(N)N=C3C=CC=CC3=C2[N]1C,CC(=C2)CO)C(C)CCCC1=NC2=C([N]1CCCCN[S](C)(=O)=O)C3=CC=C,2.41,1.91,,,,,0.5,0.27,0.38,0.28,,,,,-0.30,-0.57
10,CCCN[S](C)(=O)=ONC1=NC(=C2N=C[N]([C@@H]3C[C@H](CO,C=C3N=C2NNC1=NC2=C(N=C[N]2[C@@H]3C[C@H](CO)C=C3),3.1,2.46,7.7,5.44,7.1,3.89,,,0.49,0.39,0.89,0.74,0.85,0.59,,
11,)C=C3)C2=N1)NC4CC4COC1=CC2=C(CN(CC2)C3=CC(=C4C=C(OC),C(=N1)NC4CC4COC1=C(OC)C=C2CN(CCC2=C1)C3=[NH+]C4=CC(,0.84,1.06,13,9.73,1,2.06,0.5,0.47,0.08,0.02,1.11,0.99,0.00,0.31,-0.30,-0.33
12,C(=CC4=N3)OC)N)C=C1OCCN(C)CC1=C(OC2=CC=CC=C12)C(=O)NCC,=C(OC)C=C4C(=C3)N)OCC[NH+](C)CC1=C(OC2=C1C=CC=C2)C(=O)NCCOC,6.3,5.01,14,10.02,5.9,5.87,,,0.80,0.70,1.15,1.00,0.77,0.77,,
13,OC3=CC=C(C=C3)C(=O)NOCOC(=O)C1(CC1)OC(=O)C2=CN=C[N]2[C@,3=CC=C(C=C3)C(=O)N[O-]COC(=O)C1(CC1)OC(=O)C2=CN=C[N]2[C@H](C)C,2.6,2.07,16.33,9.02,5.9,5.54,,,0.41,0.32,1.21,0.96,0.77,0.74,,
14,H](C)C3=CC=CC=C3,3=CC=CC=C3,,,50.08,22.60,0.24,0.73,,,,,1.70,1.35,-0.62,-0.14,,
15,CC(=O)NCCC[S](O)(=O)=OC[C@H]1O[C@H](O[C@H]2[C@H](O)[C@@H](O)[C@H](O[C@@H]2CO)O[C@H]([C@H],CC(=O)NCCC[S]([O-])(=O)=OC[C@H]1O[C@H](O[C@H]2[C@H](O)[C@@H](O)[C@H](O[C@@H]2CO)O[C@H]([C@H](O)CO)[C@H,0.3,0.38,3.75,3.52,3.2,2.48,1,0.83,0.52,-0.42,0.57,0.55,0.51,0.40,0.00,-0.08
16,(O)CO)[C@H](O)[C@@H](O)C=O)[C@H](O)[C@@H](O)[C@@H]1N[C@H]3C=C(CO)[C@@H](O)[C@H](O)[C@H]3OCCCC(=O)NC1=CC=C(OCC(O)CNC(C)C)C(=,](O)[C@@H](O)C=O)[C@H](O)[C@@H](O)[C@@H]1[NH2+][C@H]3C=C(CO)[C@@H](O)[C@H](O)[C@H]3OCCCC(=O)NC1=CC(=C(OC[C@@H](O)C[NH2+]C(C,0.32,0.40,2.2,1.98,2.7,3.06,,,0.49,-0.40,0.34,0.30,0.43,0.49,,
17,C1)C(C)=OCCN(CC)CCNC(=O)C1=CC=C(NC(C)=O)C=C,)C)C=C1)C(C)=O,1.7,2.02,10,7.84,3.5,5.13,0.74,0.53,0.23,0.31,1.00,0.89,0.54,0.71,-0.13,-0.28
18,CC(=O)C[C@H](C1=CC=C(C=C1)[N+]([O-,CC[NH+](CC)CCNC(=O)C1=CC=C(NC(C)=O)C=C1CC(=O)C[C@H](C1=CC=C(C=C1)[N+]([O-,1.9,2.32,4,5.21,6.4,4.55,0.9,0.77,0.28,0.36,0.60,0.72,0.81,0.66,-0.05,-0.11
19,])=O)C2=C(O)C3=CC=CC=C3OC2=O,])=O)C2=C([O-])C3=C(OC2=O)C=CC=C3,0.24,0.30,1.28,0.86,7.22,6.62,0.02,0.02,0.62,-0.52,0.11,-0.07,0.86,0.82,-1.70,-1.61
20,CC(=O)NC1=CC=C(O)C=C1,CC(=O)NC1=CC=C(O)C=C1,1,0.68,5,6.39,2.5,2.45,0.52,0.56,0.00,-0.17,0.70,0.81,0.40,0.39,-0.28,-0.25
21,CC(=O)NC1=NN=C(S1)[S](N)(=O)=O,CC(=O)NC1=NN=C(S1)[S](N)(=O)=O,0.37,0.47,0.65,1.17,13,7.95,0.04,0.14,0.43,-0.33,-0.19,0.07,1.11,0.90,-1.40,-0.84
22,CC(=O)N[C@@H](CS)C(O)=OOC(C(=O)O[C@H]1C[N+]2(CCCOC3=CC=C,CC(=O)N[C@@H](CS)C([O-])=OOC(C(=O)O[C@H]1C[N+]2(CCCOC3=CC=CC=C3)C,0.55,0.69,3.1,3.02,5.5,4.49,0.17,0.29,0.26,-0.16,0.49,0.48,0.74,0.65,-0.77,-0.53
26,C=C3)CCC1CC2)(C4=CC=CS4)C5=CC=CS5CC(C)N(CC[C@]1([C@H]2CCCCN2C(=NC1=,CC1CC2)(C4=CC=CS4)C5=CC=CS5CC(C)[NH+](CC[C@]1([C@H]2CCCCN2C(=NC1=O),4.3,3.42,48.5,21.09,,,,,0.63,0.53,1.69,1.32,,,,
27,O)C)C3=CC=CC=C3)C(C)C,C)C3=CC=CC=C3)C(C)C,0.58,0.73,6.79,5.49,1.89,3.05,0.7,0.34,0.24,-0.14,0.83,0.74,0.28,0.48,-0.15,-0.47
28,NC1=NC2=C(N=C[N]2COCCO)C(=O)N1NC1=NC=NC2=C1N=C[N]2CCOC[P](O)(O)=,NC1=NC2=C(N=C[N]2COCCO)C(=O)N1,0.71,0.89,4.7,5.85,2.5,3.44,0.85,0.92,0.15,-0.05,0.67,0.77,0.40,0.54,-0.07,-0.04
29,CN(C)CC1=NN=C2CN=C(C3=CC=CC=C3)C4,NC1=C2N=C[N](CCOC[P]([O-])([O-])=O)C2=NC=N1C[NH+](C)CC1=NN=C2CN=C(C3=CC=CC=C3)C4=C,0.42,0.37,3.7,3.24,1.6,2.29,0.96,0.86,0.38,-0.43,0.57,0.51,0.20,0.36,-0.02,-0.07
30,CN(CC1=C(C)C2=CC=CC=C2O1)C(=O)C=CC,CN(CC1=C(C)C2=C(O1)C=CC=C2)C(=O)\C=C\C3=C,0.98,1.23,6.2,4.60,2.1,3.79,0.31,0.13,0.01,0.09,0.79,0.66,0.32,0.58,-0.51,-0.88
31,3=CC4=C(NC(=O)CC4)N=C3CCOC1=C(C=CC(=C1)CC(=O)N[C@@H](CC(,C4=C(NC(=O)CC4)N=C3CCOC1=C(C=CC(=C1)CC(=O)N[C@@H](CC(C)C)C,0.43,0.54,0.9,1.23,6.4,5.90,,,0.37,-0.27,-0.05,0.09,0.81,0.77,,
32,C)C)C2=C(C=CC=C2)N3CCCCC3)C(O)=OCC[C@@H]1[C@@H](O)N2[C@H]3CC1C4[,2=C(C=CC=C2)N3CCCCC3)C([O-])=OCC[C@@H]1[C@@H](O)[NH+]2[C@H]3C[C@H]1[,0.28,0.35,2.04,2.47,2.5,2.22,,,0.55,-0.45,0.31,0.39,0.40,0.35,,
33,C@@H](O)C5(C[C@H]24)[C@H]3N(C)C6=C5C=CC=C6,C@H]4[C@@H](O)[C@]5(C[C@@H]24)[C@H]3N(C)C6=C5C=CC=C6,4,3.18,9.8,6.77,7.3,5.82,0.24,0.30,0.60,0.50,0.99,0.83,0.86,0.77,-0.62,-0.52
34,CC(C)(C)NCC(O)C1=CC=C(O)C(=C1)COCC(C)(C)[NH2+]C[C@H](O)C1=CC(=C(O)C=C1)COOCC=C1C[N@@+]2(CC[C@@]34[C@@H]2C[C@@H]1C5=CN6[C@H]7C(=CN([C@H]35),OC\C=C1\C[N@@+]2(CC[C@@]34[C@H]2C[C@@H]1\C5=C\N6[C@H]7\C(=C/N([C@H]35)C8=C4C=C,1.9,2.08,7.8,9.19,2.4,3.25,0.92,0.81,0.28,0.32,0.89,0.96,0.38,0.51,-0.04,-0.09
35,C8=CC=CC=C48)[C@H]9C[C@H]%10[C@@]7(CC[N@@+]%10(CC=C)CC9=CCO)C%11=CC=CC=C6%11)CC=CCCC1=CC2=C(C=C1N3CCC(CC3)N4CCOCC,C=C8)[C@@H]\9C[C@H]%10[C@@]7(CC[N@@+]%10(CC=C)CC9=C\CO)C%11=C6C=CC=C%11)CC=CCC1=C(C=C2C(=C1)C(=O)C3=C([NH]C4=C3C=CC,0.32,0.40,1.3,1.66,3.6,5.86,,,0.49,-0.39,0.11,0.22,0.56,0.77,,
36,4)C(C)(C)C5=C(C2=O)C6=CC=C(C=C6[NH]5)C#N,(=C4)C#N)C2(C)C)N5CCC(CC5)[NH+]6CCOCC6,6.35,5.04,7.69,6.48,11.7,10.60,0.003,0.01,0.80,0.70,0.89,0.81,1.07,1.03,-2.52,-2.27
37,NCCCC(O)([P](O)(O)=O)[P](O)(O)=OCC(C)CCC[C@@H](C)[C@H]1CC[C@H]2C(,[NH3+]CCCC(O)([P]([O-])([O-])=O)[P]([O-])([O-])=O0.33CC(C)CCC[C@@H](C)[C@H]1CC[C@H]2\C(CCC[C,,0.56,2.6,2.71,3.1,6.29,0.22,0.31,0.48,-0.25,0.41,0.43,0.49,0.80,-0.66,-0.51
38,CCC[C@]12C)=CC=C3C[C@@H](O)C[C@H](O)C3=CCCN1N=NN(CCN2CCC(CC2)(COC)N(C(=O),@@]12C)=C\C=C\3C[C@@H](O)C[C@H](O)C3=CCCN1N=NN(CC[NH+]2CCC(CC2)(COC)N(C(=O)CC,,,0.82,1.11,48.6,28.57,,,,,-0.09,0.05,1.69,1.46,,
39,CC)C3=CC=CC=C3)C1=OCOC1=CC2=NC(=NC(=C2C=C1OC)N)N(C)C,)C3=CC=CC=C3)C1=OCOC1=C(OC)C=C2C(=NC(=NC2=C1)N(C)CCCNC(=,0.45,0.57,3.9,4.61,1.6,2.28,0.086,0.12,0.35,-0.25,0.59,0.66,0.20,0.36,-1.07,-0.92
40,CCNC(=O)C3CCCO3,O)[C@@H]3CCCO3)N,1.5,1.19,5.9,4.34,4.8,4.25,0.14,0.13,0.18,0.08,0.77,0.64,0.68,0.63,-0.85,-0.88
41,COC1=CC2=C([NH]N=N2)C=C1C(=O)NCC3,COC1=CC2=C([NH]N=N2)C=C1C(=O)NC[C@H]3C,2.72,6.40,12,10.52,3.14,4.45,0.4,0.21,0.43,0.81,1.08,1.02,0.50,0.65,-0.40,-0.68
42,CCCN3CC=C,CC[NH+]3CC=C,1.6,2.01,6.6,6.99,2.8,4.47,,,0.20,0.30,0.82,0.84,0.45,0.65,,
43,O=C1NC=NC2=C1C=N[NH]2FC1=CC=C(C=C1)C(N2CCN(CC2)C3=NC(=N,O=C1NC=NC2=C1C=N[NH]2FC1=CC=C(C=C1)C([NH+]2CCN(CC2)C3=NC(=NC(,0.58,0.62,11,8.78,0.8,1.06,0.97,0.81,0.24,-0.21,1.04,0.94,-0.10,0.03,-0.01,-0.09
44,C(=N3)NCC=C)NCC=C)C4=CC=C(F)C=C4CCC[S@](=O)CCCN(CC)C[C@@H](O)COC1,=N3)NCC=C)NCC=C)C4=CC=C(F)C=C4CCC[S@](=O)CCC[NH+](CC)C[C@@H](O)COC1=C,35.37,28.10,0.97,1.99,1344,176.91,0.01,0.01,1.55,1.45,-0.01,0.30,3.13,2.25,-2.00,-1.88
45,=CC=C(C=C1)C#NCNC(=O)C(N1CCC2=C(C=C(OC)C(=C2)OC)[,C=C(C=C1)C#NCNC(=O)[C@@H]([NH+]1CCC2=C(C=C(OC)C(=C2),1.8,1.87,11.3,9.51,2.4,2.76,,,0.26,0.27,1.05,0.98,0.38,0.44,,
46,C@@H]1CCC3=CC=C(C=C3)C(F)(F)F)C4=CC=CC=C4CN(C)CCC1=C[NH]C2=CC=C(C[S](=O)(=O),OC)[C@@H]1CCC3=CC=C(C=C3)C(F)(F)F)C4=CC=CC=C4C[NH+](C)CCC1=C[NH]C2=C1C=C(C[S](=O)(=O)N,9.75,7.75,10.2,8.38,34.3,23.98,,,0.99,0.89,1.01,0.92,1.54,1.38,,
47,N3CCCC3)C=C12C[N]1C2=C(C(=O)N(CC2)CC3=C(C)[NH]C=N,3CCCC3)C=C2C[N]1C2=C(C(=O)N(CC2)CC3=C(C)[NH]C=N3)C4=,2.2,1.63,8.9,9.52,3.4,3.63,0.6,0.51,0.34,0.21,0.95,0.98,0.53,0.56,-0.22,-0.29
48,3)C4=CC=CC=C14CN[S](=O)(=O)C1=CC(=C(OC)C=C1N)C(=O),C1C=CC=C4CN[S](=O)(=O)C1=C(N)C=C(OC)C(=C1)C(=O)NC[C,1.1,1.38,8.7,7.79,1.6,2.10,0.18,0.16,0.04,0.14,0.94,0.89,0.20,0.32,-0.74,-0.79
49,NC[C@@H]2CCCN2CC=C50CC1=NN=C2CN=C(C3=CC=CC=C3)C4=CC(=CC1=NN=C2CN=C(C3=CC=CC=C3)C4=C(C=CC(=CC[C@H]1CN(CC[C@@]1(C)C2=CC=CC(=C2),@@H]2CCC[NH+]2CC=CC[C@H]1C[NH+](CC[C@@]1(C)C2=CC(=CC=C2)O),2.3,1.83,5.47,4.63,4.8,4.47,0.29,0.15,0.36,0.26,0.74,0.67,0.68,0.65,-0.54,-0.83
53,O)C[C@H](CC3=CC=CC=C3)C(=O)NCC(O)=,C[C@H](CC3=CC=CC=C3)C(=O)NCC([O-])=O,0.43,0.54,5.84,4.59,5.3,4.92,0.2,0.14,0.37,-0.27,0.77,0.66,0.72,0.69,-0.70,-0.84
54,N[C]12CC3[CH2][CH](C[CH]([CH2]3)C1)C2CC1(C)S[C@@H]2[C@H](N=CN3CCCCCC3),[NH3+][C]12C[CH]3C[CH]([CH2]C([CH2]3)C1)C2CC1(C)S[C@@H]2[C@H](N=CN3CCCCCC3)C(=O),6.6,5.24,4.8,6.01,16,11.48,0.33,0.40,0.82,0.72,0.68,0.78,1.20,1.06,-0.48,-0.40
55,C(=O)N2[C@H]1C(O)=O,N2[C@H]1C([O-])=O,0.37,0.42,6.3,4.33,1.1,1.39,0.9,0.60,0.43,-0.38,0.80,0.64,0.04,0.14,-0.05,-0.23
56,COC1=CC(=CN=[N+]1C2=CC=CC=C2)NCNN1C=C(C(O)=O)C(=O)C2=C1C=C(N3CCN,COC1=[N+](N=CC(=C1)N)C2=CC=CC=C2CNN1C=C(C([O-,4,3.18,5.1,8.19,14.1,8.54,,,0.60,0.50,0.71,0.91,1.15,0.93,,
57,(C)CC3)C(=C2)F,])=O)C(=O)C2=C1C=C(N3CC[NH+](C)CC3)C(=C2)F,,,4.56,3.52,4.66,6.97,,,,,0.66,0.55,0.67,0.84,,
58,NCCCNCCS[P](O)(O)=ONCC[C@H](O)C(=O)N[C@@H]1C[C@H](N)[C@@H](O[C@H]2O[C@H](CN)[C@@H](O)[,[NH3+]CCC[NH2+]CCS[P]([O-])([O-])=O[NH3+]CC[C@H](O)C(=O)N[C@@H]1C[C@H]([NH3+])[C@@H](O[C@H]2O[C@H](C[NH3+])[C@@H](,0.09,0.11,30.65,11.78,0.15,0.54,,,1.05,-0.95,1.49,1.07,-0.82,-0.27,,
59,C@H](O)[C@H]2O)[C@H](O)[C@H]1O[C@H]3O[C@H](CO)[C@@H](O)[C@H](N)[C@H]3OCC[C@@]1(O)C(=O)OCC2=C1C=C3N(CC4=,O)[C@H](O)[C@@H]2O)[C@H](O)[C@H]1O[C@H]3O[C@H](CO)[C@@H](O)[C@H]([NH3+])[C@H]3OCC[C@]1(O)C(=O)OCC2=C1C=C3N(CC4=C3N=C5C,0.16,0.20,1.1,1.21,2.4,3.18,0.88,0.80,0.80,-0.70,0.04,0.08,0.38,0.50,-0.06,-0.10
60,CC5=C(N)C=CC=C5N=C34)C2=O,=CC=C(N)C5=C4)C2=O,2.2,1.18,6.5,5.64,7,5.27,0.003,0.01,0.34,0.07,0.81,0.75,0.85,0.72,-2.52,-1.84
61,NCCCCCC(O)=O,[NH3+]CCCCCC([O-])=O,0.39,0.34,2.5,2.52,4.9,3.62,0.92,0.83,0.41,-0.47,0.40,0.40,0.69,0.56,-0.04,-0.08
62,NCC(=O)CCC(O)=O,[NH3+]CC(=O)CCC([O-])=O,0.12,0.15,1.88,2.20,0.83,1.28,0.88,0.78,0.92,-0.82,0.27,0.34,-0.08,0.11,-0.06,-0.11
63,NC1=CC=C(O)C(=C1)C(O)=OCCCCC1=C(C(=O)C2=CC(=C(OCCN(CC)CC),NC1=CC(=C(O)C=C1)C([O-])=OCCCCC1=C(C(=O)C2=CC(=C(OCC[NH+](CC)CC)C(,0.33,0.26,9.3,5.79,0.61,1.08,0.39,0.42,0.48,-0.58,0.97,0.76,-0.21,0.03,-0.41,-0.38
64,C(=C2)I)I)C3=CC=CC=C3O1CN(C)CCCO[C@H]1[C@H](O[C@@H]2OC(,146.660.00020.02=C2)I)I)C3=C(O1)C=CC=C3C[NH+](C)CCCO[C@H]1[C@H](O[C@@H]2OC(C)(,60,21.14,1.9,2.67,820,,,,1.78,1.33,0.28,0.43,2.91,2.17,-3.70,-1.71
65,C)(C)O[C@H]12)[C@H](O)COCN(C)CCC=C1C2=CC=CC=C2CCC3=CC=CC,C)O[C@H]12)[C@H](O)COC[NH+](C)CCC=C1C2=C(CCC3=C1C=CC=C3)C=CC,1.04,0.83,3.48,3.65,4.07,4.09,0.97,0.85,0.02,-0.08,0.54,0.56,0.61,0.61,-0.01,-0.07
66,=C13CCOC(=O)C1=C(COCCN)NC(=C(C1C2=CC=,=C2CCOC(=O)C1=C(COCC[NH3+])NC(=C([C@@H]1C2,8.7,14.17,6.1,9.83,17,19.21,0.07,0.07,0.94,1.15,0.79,0.99,1.23,1.28,-1.15,-1.14
67,CCN(CC)CC1=CC(=CC=C1O)NC2=CC=NC3=,CC[NH+](CC)CC1=C(O)C=CC(=C1)NC2=C3C=CC(=,17,11.67,7,7.25,34,14.41,0.005,0.02,1.23,1.07,0.85,0.86,1.53,1.16,-2.30,-1.63
68,CN(C)CCN1C(=O)C2=CC=CC3=CC(=CC(=C2,C[NH+](C)CCN1C(=O)C2=C3C(=CC=C2)C=C(N)C=,17.4,13.82,217,62.20,2.1,5.25,,,1.24,1.14,2.34,1.79,0.32,0.72,,
69,3)C1=O)NCC1(C)S[C@@H]2[C@H](NC(=O)[C@H](N),C3C1=OCC1(C)S[C@@H]2[C@H](NC(=O)[C@H]([NH3+])C,7.33,5.82,19.32,15.93,4.78,6.04,,,0.87,0.76,1.29,1.20,0.68,0.78,,
70,C3=CC=C(O)C=C3)C(=O)N2[C@H]1C(O)=OCCNC(=O)[C@H]1C[C@H]([C@H](O)[C@@,3=CC=C(O)C=C3)C(=O)N2[C@H]1C([O-])=OCCNC(=O)[C@H]1C[C@@H]([C@H](O)[C@@H]1O,0.25,0.27,3.3,3.05,1.1,1.31,0.85,0.69,0.60,-0.58,0.52,0.48,0.04,0.12,-0.07,-0.16
71,C=CS4)N=CN=C23,=CS4,0.84,1.06,12,7.98,1.33,2.38,0.03,0.03,0.08,0.02,1.08,0.90,0.12,0.38,-1.52,-1.48
72,C[C@H](N)CC1=CC=CC=C1CC1(C)S[C@@H]2[C@H](NC(=O)[C@H](N),C[C@H]([NH3+])CC1=CC=CC=C1CC1(C)S[C@@H]2[C@H](NC(=O)[C@H]([NH3+])C,6.1,4.85,9.7,7.72,7.3,5.95,0.8,0.71,0.79,0.69,0.99,0.89,0.86,0.77,-0.10,-0.15
73,C3=CC=CC=C3)C(=O)N2[C@H]1C(O)=O,3=CC=CC=C3)C(=O)N2[C@H]1C([O-])=O,0.22,0.27,2.8,3.09,1.4,1.15,0.85,0.69,0.66,-0.57,0.45,0.49,0.15,0.06,-0.07,-0.16
74,NC1=CC(=CNC1=O)C2=CC=NC=C2COC1=CC(=CC=C1NC2=C3C=CC=CC3=NC4,NC1=CC(=CNC1=O)C2=CC=NC=C2COC1=C(NC2=C3C=CC=CC3=[NH+]C4=CC=CC=C,1.3,1.03,8.9,7.37,2,2.49,0.89,0.68,0.11,0.01,0.95,0.87,0.30,0.40,-0.05,-0.17
75,=CC=CC=C24)N[S](C)(=O)=OCNC(=O)C1=CC=CC2=C(NC3=CC=C(N[S](C,24)C=CC(=C1)N[S](C)(=O)=OCNC(=O)C1=C2[NH+]=C3C(=CC=CC3=C(NC4=C(O,1.6,1.27,4.3,3.40,4.7,5.66,0.029,0.02,0.20,0.10,0.63,0.53,0.67,0.75,-1.54,-1.68
76,)(=O)=O)C=C3OC)C4=CC=CC(=C4N=C12)COC[C@H]1O[C@@H](OC[C@H]2O[C@@H](O[C@H](C#N)C3=CC=CC=C3)[C@H](O)[C@,0.00110.0029C)C=C(N[S](C)(=O)=O)C=C4)C2=CC=C1)COC[C@H]1O[C@@H](OC[C@H]2O[C@@H](O[C@,0.3,0.38,2.6,2.90,2.4,3.96,,,0.52,-0.42,0.41,0.46,0.38,0.60,-2.96,-2.53
77,@H](O)[C@@H]2O)[C@H](O)[C@@H](O)[C@@H]1OCCC1=C[C@@H]2CN(CCC3=C([NH]C4=CC=,H](C#N)C3=CC=CC=C3)[C@H](O)[C@@H](O)[C@@H]2O)[C@H](O)[C@@H](O)[C@@H]1OCCC1=C[C@@H]2C[NH+](CCC3=C([NH]C4=C3C=,0.21,0.26,1.88,2.04,1.23,1.73,,,0.68,-0.58,0.27,0.31,0.09,0.24,,
78,CC=C34)[C@@](C2)(C(=O)OC)C5=CC6=C(CC3)N1,CC=C4)[C@@](C2)(C(=O)OC)C5=C(OC)C=C6N(C)[N1,12,9.52,12,9.20,18,21.50,,,1.08,0.98,1.08,0.96,1.26,1.33,,
80,CN1N(C(=O)C=C1C)C2=CC=CC=C2C[C@H]1COC2=C3N1C=C(C(O)=O)C(=O)C3,CN1N(C(=O)C=C1C)C2=CC=CC=C2C[C@H]1COC2=C3N1C=C(C([O-,0.77,0.61,0.64,1.31,12,6.92,0.93,0.61,0.11,-0.21,-0.19,0.12,1.08,0.84,-0.03,-0.21
81,=C(N)C(=C2N4CCN(C)CC4)FCC1(C)SC2[C@@H](NC(=O)[C@H](NC(=O),])=O)C(=O)C3=C(N)C(=C2N4CC[NH+](C)CC4)FCC1(C)S[C@@H]2[C@@H](NC(=O)[C@H](NC(=O),2.42,2.13,2.2,2.55,20.1,14.33,0.82,0.68,0.38,0.33,0.34,0.41,1.30,1.16,-0.09,-0.17
82,C3=CN=C4C=CC=NC4=C3O)C5=CC=CC=C5)C(=O)N2[C@H]1C(O)=OCOC1=CC=C(C=C1)[N]2N=C(C(N)=O)C3=C2,C3=C(O)C4=NC=CC=C4N=C3)C5=CC=CC=C5)C(=O)N2[C@H]1C([O-])=OCOC1=CC=C(C=C1)[N]2N=C(C(N)=O)C3=C2C(=O),0.16,0.20,1.9,1.86,1.2,2.30,0.1,0.10,0.80,-0.70,0.28,0.27,0.08,0.36,-1.00,-0.99
83,C(=O)N(CC3)C4=CC=C(C=C4)N5CCCCC5=OCN1CCC2=CC=CC3=C2[C@H]1CC4=C3C(=,N(CC3)C4=CC=C(C=C4)N5CCCCC5=OC[NH+]1CCC2=C3[C@@H]1CC4=CC=C(O)C(=C4C,0.3,0.38,0.8,1.36,12,9.98,0.13,0.08,0.52,-0.42,-0.10,0.13,1.08,1.00,-0.89,-1.10
84,C(O)C=C4)OCCOC1=CC(=CC=C1OC)[C@@H](C[S](C)(=,3=CC=C2)OCCOC1=C(OC)C=CC(=C1)[C@@H](C[S](C)(=O)=O),1.6,1.10,40,32.42,0.68,1.69,0.05,0.09,0.20,0.04,1.60,1.51,-0.17,0.23,-1.30,-1.04
85,O)=O)N2C(=O)C3=CC=CC(=C3C2=O)CC(C)=C[C@@H](O[C@H]1OCCN(CC2=NNC(=O)N,N2C(=O)C3=C(C2=O)C(=CC=C3)CC(C)=OC[C@@H](O[C@H]1OCC[NH+](CC2=N[N-,,,2.38,3.14,6.03,4.91,0.32,0.16,,,0.38,0.50,0.78,0.69,-0.49,-0.80
86,2)[C@H]1C3=CC=C(F)C=C3)C4=CC(=CC(=C4)C(F)(F)F)C(F)(F)FCOC1=CC(=C2C=C(CC3=C([NH]C4=CC=C(C,]C(=O)N2)[C@H]1C3=CC=C(F)C=C3)C4=CC(=CC(=C4)C(F)(F)F)C(F)(F)F,0.94,0.75,1,1.69,13,13.41,0.05,0.04,0.03,-0.13,0.00,0.23,1.11,1.13,-1.30,-1.46
87,l)C=C34)C(=O)N(C)C)OC2=C1OC)CC5=CN=C(N)N=C5NNCC[C@H](O)C(=O)N[C@@H]1C[C@H](N)[C@@H](O[C@H]2O[C@H](CN)CC[C@H]2N,)C=C4)C(=O)N(C)C)O2)C(=C1)CC5=C(N)N=C(N)N=C5[NH3+]CC[C@H](O)C(=O)N[C@@H]1C[C@H]([NH3+])[C@@H](O[C@H]2O[C@H](C[NH3+])CC[C@H,5.06,4.02,7.49,4.92,44.55,22.55,,,0.70,0.60,0.87,0.69,1.65,1.35,,
88,)[C@H](O)[C@H]1O[C@H]3O[C@H](CO)[C@@H](O)[C@H](N)[C@H]3OC[C@@H]1CCN([C@H](C1)C(O)=O)C(=O)[C,]2[NH3+])[C@H](O)[C@H]1O[C@H]3O[C@H](CO)[C@@H](O)[C@H]([NH3+])[C@H]3OC[C@@H]1CCN([C@H](C1)C([O-,0.21,0.26,1.28,1.21,2.46,3.29,,,0.68,-0.58,0.11,0.08,0.39,0.52,,
89,@H](CCCNC(N)=N)N[S](=O)(=O)C2=CC=CC3=C2NCC(C)C3,])=O)C(=O)[C@H](CCCNC(N)=[NH2+])N[S](=O)(=O)C2=C3NC[C@H](C)CC3=CC=C2,0.17,0.21,5,3.67,0.4,0.97,0.46,0.39,0.77,-0.67,0.70,0.56,-0.40,-0.01,-0.34,-0.41
90,=C4CCC(=O)NC4=C3)CC2C[C@@H]1CC[C@H]2[C@@H](C)[C@@H](,=C(CCC(=O)N4)C=C3)CC2C[C@@H]1CC[C@H]2[C@@H](C)[C@@H](O[C@,4.9,3.89,0.83,1.42,75,30.47,0.01,0.01,0.69,0.59,-0.08,0.15,1.88,1.48,-2.00,-1.87
91,O[C@@H]3O[C@@]4(C)CC[C@@H]1[C@@]23OO4)OC(=O)CCC(O)=OCCCN[C@H](C)C(=O)NC1=C(SC=C1C)C(=O,@H]3O[C@]4(C)CC[C@@H]1[C@]23OO4)OC(=O)CCC([O-])=OCCC[NH2+][C@H](C)C(=O)NC1=C(SC=C1C)C(=O),15,4.46,1070,103.08,0.22,0.67,0.25,0.20,1.18,0.65,3.03,2.01,-0.66,-0.17,-0.60,-0.70
92,)OC,,7.7,6.12,126.7,45.15,0.98,1.50,0.46,0.46,0.89,0.79,2.10,1.65,-0.01,0.18,-0.34,-0.33
93,COC1=CC(=C(C=CC)C=C1OC)OC,COC1=C(OC)C=C(\C=C\C)C(=C1)OC,1,1.26,8.8,7.82,3.7,3.43,,,0.00,0.10,0.94,0.89,0.57,0.54,,
94,OC[C@H](O)[C@H]1OC(=O)C(=C1O)OCN1C[C@H]2[C@H](C1)C3=CC(=CC=C3OC,OC[C@H](O)[C@H]1OC(=O)C(=C1[O-])OC[NH+]1C[C@H]2[C@H](C1)C3=C(OC4=C2C=CC=,0.35,0.28,1.05,1.66,11.4,5.87,0.26,0.39,0.46,-0.56,0.02,0.22,1.06,0.77,-0.59,-0.41
95,CNC(=O)C[C@@H](N)C(=O)N[C@@H](C(=,CNC(=O)C[C@@H]([NH3+])C(=O)N[C@@H](C(=O),23,4.47,12.4,9.87,,,0.05,0.09,1.36,0.65,1.09,0.99,,,-1.30,-1.07
96,O)N[C@@H]1[C@H]2SC(C)(C)[C@@H](N2C1=O)C(O)=O)C3=CC=C(O)C=C3CC(C)(O)[C@@H]1CC[C@@](C)(O1)[C@H]2[C@@H](O)C[C@@]3(C)[C@@H]4C[C@H](O[C@@H]5O[C@H](CO)[C@@H](O)[C@H](,N[C@@H]1[C@H]2SC(C)(C)[C@@H](N2C1=O)C([O-])=O)C3=CC=C(O)C=C3CC(C)(O)[C@@H]1CC[C@@](C)(O1)[C@H]2[C@@H](O)C[C@]3(C)[C@@H]4C[C@H](O[C@@H]5O[C,0.27,0.34,2.82,2.61,1.45,1.53,,,0.57,-0.47,0.45,0.42,0.16,0.19,,
97,O)[C@H]5O)[C@H]6C(C)(C)[C@H](CC[C@@]67C[C@@]47CC[C@]23C)O[C@@H]8OC[C@@H](O)[C@H](O)[C@H]8OCO[C@H]1[C@@H](O)[C@H](N)[C@@H](O,@H](CO)[C@@H](O)[C@H](O)[C@H]5O)[C@H]6C(C)(C)[C@H](CC[C@@]67C[C@@]47CC[C@]23C)O[C@@H]8OC[C@H](O)[C@H](O)[C@H]8OCO[C@H]1[C@@H](O)[C@H]([NH3+])[C@@H](O[,0.12,0.15,0.74,0.83,2.65,4.45,0.14,0.13,0.92,-0.82,-0.13,-0.08,0.42,0.65,-0.85,-0.89
98,[C@H]2O[C@@H](CC[C@H]2N)[C@H](C)N)[C@H](O)[C@H]1N(C)C(=O)CN,C@@H]2O[C@@H](CC[C@H]2[NH3+])[C@H](C)[NH3+])[C@H](O)[C@H]1N(C)C(=O)C[NH3+],0.23,0.35,1.37,1.44,2,3.14,,,0.64,-0.46,0.14,0.16,0.30,0.50,,
99,COC1=CN=C(O[C@@H]2C[C@H](N(C2)C(=COC1=C2C=CC(=CC2=C(O[C@@H]3C[C@H](N(C3101CCC1(CC2=C(C1)C=CC=C2)C3=CN=C[NH]3CNCC[C@@H](OC1=CC=CC=C1C)C2=CC=,C=C1CCC1(CC2=C(C1)C=CC=C2)C3=CN=C[NH]3C[NH2+]CC[C@@H](OC1=C(C)C=CC=C1)C2=CC=,2.77,2.20,11.78,8.75,20,11.72,0.012,0.02,0.44,0.34,1.07,0.94,1.30,1.07,-1.92,-1.72
102,CC=C2OC1=C([C@@H]2CC[C@H](CC2)C3=CC=C(,CC=C2[O-,0.85,1.63,9.3,9.87,5.2,8.88,0.02,0.15,0.07,0.21,0.97,0.99,0.72,0.95,-1.70,-0.84
103,CN1[C@@H]2CC[C@H]1CC(C2)OC(=O)C(C,0.0010.0031(C=CC=C4)C1=OC[NH+]1[C@@H]2CC[C@H]1CC(C2)OC(=O)[C@@,0.6,0.76,0.15,0.23,63,28.74,,,0.22,-0.12,-0.82,-0.64,1.80,1.46,-3.00,-2.51
104,O)C3=CC=CC=C3COC1=C2N(C=C(C(O)=O)C(=O)C2=CC(=C1,H](CO)C3=CC=CC=C3COC1=C2N(C=C(C([O-,3.3,2.62,7.6,10.38,4.1,2.91,0.61,0.57,0.52,0.42,0.88,1.02,0.61,0.46,-0.21,-0.24
105,N3CCCC(C3)=C(F)CN)F)C4CC4NC(=O)[C@@H]1CC[C@@H]2CN1C(=O)N2,])=O)C(=O)C2=CC(=C1N3CCC\C(C3)=C(\F)C[NH3+])F)C4CC4NC(=O)[C@@H]1CC[C@@H]2CN1C(=O)N2O[S]([O,1.13,1.42,0.78,1.30,19.64,12.44,0.34,0.27,0.05,0.15,-0.11,0.11,1.29,1.09,-0.47,-0.57
106,O[S](O)(=O)=OCN[S](=O)(=O)CC1=CC=C2[NH]C=C(CCCN3,-])(=O)=OCN[S](=O)(=O)CC1=CC2=C([NH]C=C2CCC[NH+]3,0.24,0.30,2.76,2.79,1.7,1.98,0.93,0.83,0.62,-0.52,0.44,0.45,0.23,0.30,-0.03,-0.08
107,CCN(CC3)C4=C(OC)C=NC=N4)C2=C1COC1=CC=CC=C1OC2=C(OC)N=C(N=C2N[S,CCN(CC3)C4=C(OC)C=NC=N4)C=C1COC1=C(OC2=C(OC)N=C(N=C2N[S](=O)(=O)C3=N,0.87,1.09,6.44,7.23,5.26,4.84,,,0.06,0.04,0.81,0.86,0.72,0.69,,
108,](=O)(=O)C3=NC=C(C)C=C3)C4=CC=NC=C4CNC(=O)C1=CC=CC=C1SC2=CC=C3C(=C2)[,C=C(C)C=C3)C4=CC=NC=C4)C=CC=C1CNC(=O)C1=C(SC2=CC3=C(C=C2)C(=N[NH]3)\C=C,0.27,0.34,0.52,0.82,7.2,5.51,,,0.57,-0.47,-0.28,-0.08,0.86,0.74,,
109,NH]N=C3C=CC4=CC=CC=N4NC1=NC(=O)N(C=N1)[C@@H]2O[C@H](CO,\C4=NC=CC=C4)C=CC=C1NC1=NC(=O)N(C=N1)[C@@H]2O[C@H](CO)[C@@,,,5,3.08,4.3,5.60,0.004,0.01,,,0.70,0.49,0.63,0.75,-2.40,-2.21
110,)[C@@H](O)[C@H]2OCCCC1C(=O)N2N(C1=O)C(=NC3=CC=C(C)C,H](O)[C@H]2OCCC[C@H]1C(=O)N2N(C1=O)C(=NC3=C2C=C(C)C,0.47,0.66,35,22.49,0.36,0.68,,,0.33,-0.18,1.54,1.35,-0.44,-0.17,,
111,=C23)N(C)CCC(C)C(N(CCCN)C(=O)C1=CC=C(C)C=C1)C,=C3)N(C)CCC(C)[C@H](N(CCC[NH3+])C(=O)C1=CC=C(C)C=,0.12,0.15,0.14,0.63,17,12.42,0.004,0.01,0.92,-0.82,-0.85,-0.20,1.23,1.09,-2.40,-1.87
112,2=NC3=C(C(=NS3)C)C(=O)N2CC4=CC=CC=C4,C1)C2=NC3=C(C(=NS3)C)C(=O)N2CC4=CC=CC=C4,6.74,5.36,5.83,4.47,16.3,13.34,,,0.83,0.73,0.77,0.65,1.21,1.13,,
113,)C4=CC=CC=C4C2=OCN1CCN(CCCCN2C(=O)CN(N=CC3=CC=C(,=C3)C4=C(C=CC=C4)C2=OC[NH+]1CC[NH+](CCCCN2C(=O)CN(\N=C\C3=CC=,15,11.91,9,7.21,22,16.15,0.17,0.10,1.18,1.08,0.95,0.86,1.34,1.21,-0.77,-0.99
114,CC[C@H]1OC(=O)[C@H](C)[C@@H](O[C@H]2C[C@@](C)(OC)[C@@H](O)[C@H](C)O2)[C@H](C)[C@@H](O[C@@H]3O[C@H](C),CC[C@H]1OC(=O)[C@H](C)[C@@H](O[C@H]2C[C@@](C)(OC)[C@@H](O)[C@H](C)O2)[C@H](C)[C,13,10.32,2.4,3.21,79,32.63,0.06,0.07,1.11,1.01,0.38,0.51,1.90,1.51,-1.22,-1.18
115,C[C@@H]([C@H]3O)N(C)C)[C@](C)(O)C[C@@H](C)CN(C)[C@H](C)[C@@H](O)[C@]1(C)OCC1(C)S[C@@H]2[C@H](NC(=O)[C@H](NC,@@H](O[C@@H]3O[C@H](C)C[C@@H]([C@H]3O)[NH+](C)C)[C@](C)(O)C[C@@H](C)C[NH+](C)[C@H](C)[C@@H](O)[C@]1(C)OCC1(C)S[C@@H]2[C@H](NC(=O)[C@H](NC(=O)N,33,9.49,10,6.14,69,21.04,0.88,0.45,1.52,0.98,1.00,0.79,1.84,1.32,-0.06,-0.34
116,(=O)N3CCNC3=O)C4=CC=CC=C4)C(=O)N2[C@H]1C(O)=OC[C@H]1[C@H](NC(=O)C(=NOC(C)(C)C(O),3CCNC3=O)C4=CC=CC=C4)C(=O)N2[C@H]1C([O-])=OC[C@H]1[C@H](NC(=O)\C(=N/OC(C)(C)C([O-,0.26,0.19,2.5,2.29,1.2,1.47,0.65,0.44,0.59,-0.73,0.40,0.36,0.08,0.17,-0.19,-0.35
117,=O)C2=CSC(=N2)N)C(=O)N1[S](O)(=O)=O,])=O)C2=CSC(=N2)N)C(=O)N1[S]([O-])(=O)=O,0.18,0.38,1.5,1.57,1.5,2.40,0.4,0.39,0.74,-0.41,0.18,0.20,0.18,0.38,-0.40,-0.41
118,CC1=CC=C(C=C1)C(CN)CC(O)=OCN(C)C(=O)OC1=CC(=CC(=C1)C(O)CNC(C)(,CC1=CC=C(C=C1)[C@@H](C[NH3+])CC([O-])=OCN(C)C(=O)OC1=CC(=CC(=C1)OC(=O)N(C)C)[C@,0.65,0.55,1.7,2.00,5.24,3.85,0.69,0.70,0.19,-0.26,0.23,0.30,0.72,0.59,-0.16,-0.16
119,C)C)OC(=O)N(C)CCC1=NC(=C(C)[N]1C2=CC=C(F)C=C2)C#CC,H](O)C[NH2+]C(C)(C)CCC1=NC(=C(C)[N]1C2=CC=C(F)C=C2)C#CC3=CC(=,1.6,1.27,18,10.17,2.6,3.18,,,0.20,0.10,1.26,1.01,0.41,0.50,,
120,CCN(CC)CCNC(=O)C1=C(O[C@H](C)C(C)=,CC[NH+](CC)CCNC(=O)C1=C(O[C@H](C)C(C)=O),9.7,7.70,2.8,2.00,78.9,30.42,0.01,0.02,0.99,0.89,0.45,0.30,1.90,1.48,-2.00,-1.81
121,NC(=N)NCCC[C@@H]1NC(=O)CCSSC[C@H,NC(=[NH2+])NCCC[C@@H]1NC(=O)CCSSC[C@H],1.5,1.89,9.32,6.22,2.7,3.49,0.46,0.37,0.18,0.28,0.97,0.79,0.43,0.54,-0.34,-0.44
122,](NC(=O)[C@@H]2CCCN2C(=O)[C@H](CC3CC(C)(C)[C@H](NC(=O)[C@H](CC1CCCC1),(NC(=O)[C@@H]2CCCN2C(=O)[C@H](CC3=C[NH]CC(C)(C)[C@H](NC(=O)[C@H](CC1CCCC1)CN([O-,0.42,0.33,2.88,2.24,2.12,2.78,,,0.38,-0.48,0.46,0.35,0.33,0.44,,
124,CN(O)C=O)C(=O)N2CCN(CC2)CC3=CC=C4OCOC4=C3CCN(CC)CCN1C(=O)C2=C3C(=C4[N]([C@@H]5O[C@H](CO)[C@@H](OC)[C@H](O)[C@,])C=O)C(=O)N2CC[NH+](CC2)CC3=CC4=C(OCO4)C=C3CC[NH+](CC)CCN1C(=O)C2=C3C(=C4[N]([C@@H],1.1,1.03,3.1,3.79,9.4,7.00,0.2,0.13,0.04,0.01,0.49,0.58,0.97,0.85,-0.70,-0.90
125,COC1=CC=C2C(=C1)[C@@H]3C[C@@]3(C[N]4C5=CC(=CC=C5C(=C24)C6CCCCC6)C(=,5O[C@H](CO)[C@H](OC)[C@H](O)[C@H]5O)C6=CCOC1=CC2=C(C=C1)C3=C(C4CCCCC4)C5=C(C=C(C=C5)C(=O)N=[S]([O-,8.9,7.08,3.13,3.85,48.9,38.38,,,0.95,0.85,0.50,0.59,1.69,1.58,,
126,O)N[S](=O)(=O)N(C)C)C(=O)N7[C@@H]8CC[C@H]7CN(C)C8CCC(=O)OCC(=O)[C@@]1(OC(=O)CC)[C@@H](C)C[C@H]2[C@@H]3CCC4=CC(=O)C=,])(=O)N(C)C)[N]3C[C@]6(C[C@@H]26)C(=O)N7[C@@H]8CC[C@H]7C[NH+](C)C8CCC(=O)OCC(=O)[C@@]1(OC(=O)CC)[C@@H](C),0.5,0.63,1.33,2.00,5.38,7.00,0.01,0.02,0.30,-0.20,0.12,0.30,0.73,0.84,-2.00,-1.79
127,ONC(=O)C=CC1=CC=CC(=C1)[S](=O)(=O)N,C[C@H]2[C@@H]3CCC4=CC(=O)C=C[C@]4(C)[C[O-,0.29,0.37,36,23.12,0.5,1.10,0.13,0.07,0.54,-0.44,1.56,1.36,-0.30,0.04,-0.89,-1.15
128,C2=CC=CC=C2,]NC(=O)\C=C\C1=CC(=CC=C1)[S](=O)(=O)NC2=CC=CC=C2,0.8,0.64,23.6,6.03,1.6,2.72,0.06,0.02,0.10,-0.20,1.37,0.78,0.20,0.44,-1.22,-1.79
129,CCC(O)=OFC1=CC=C(C=C1)C(=O)CCCN2CCC(CC2)N3,O-])=OFC1=CC=C(C=C1)C(=O)CCC[NH+]2CCC(CC2)N3C(,0.22,0.28,4.49,3.19,0.41,0.87,0.05,0.04,0.66,-0.56,0.65,0.50,-0.39,-0.06,-1.30,-1.37
130,C(=O)NC4=CC=CC=C34CN(C)CCCOC1=N[N](CC2=CC=CC=C2)C3=,=O)NC4=C3C=CC=C4C[NH+](C)CCCOC1=N[N](CC2=CC=CC=C2)C3=CC,3.8,3.61,8.3,6.97,5.8,5.95,,,0.58,0.56,0.92,0.84,0.76,0.77,,
131,C1C=CC=C3CC(C)COC[C@@H](CN(CC1=CC=CC=C1)C2,=CC=C13CC(C)COC[C@@H](CN(CC1=CC=CC=C1)C2=CC=,1.53,1.92,2.28,3.69,8.1,6.97,0.8,0.33,0.18,0.28,0.36,0.57,0.91,0.84,-0.10,-0.48
132,=CC=CC=C2)N3CCCC3COC1=C2C(=O)C3=C(O)C4=C(C[C@](O)(C[C@@H]4O[C@H]5C[C@H](N)[C@H](OCC6,CC=C2)[NH+]3CCCC3COC1=C2C(=O)C3=C(C(=C4C[C@](O)(C[C@H](O[,10.1,8.02,8.7,7.87,14.9,12.82,0.001,0.01,1.00,0.90,0.94,0.90,1.17,1.11,-3.00,-2.21
133,=CC=CC=C6)[C@H](C)O5)C(=O)CO)C(=C3C(=O)C2=CC=C1)OC[C@H]1C[C@H]2[C@@H]3CCC4=CC(=O),C@H]5C[C@H]([NH3+])[C@H](OCC6=CC=CC=C6)[C@H](C)O5)C4=C3O)C(=O)CO)O)C(=O)C2=CC=C1C[C@@H]1C[C@H]2[C@@H]3CCC4=CC(=O)C=C[,48,38.10,18.5,16.71,34.6,26.23,,,1.68,1.58,1.27,1.22,1.54,1.42,,
134,C=C[C@]4(C)[C@@]3(F)[C@@H](O)C[C@]2(C)[C@@]1(O)C(=O)CO,C@]4(C)[C@@]3(F)[C@@H](O)C[C@@]2(C)[C@@]1(O)C(=O)CO,1.3,0.90,2.8,3.64,5.6,4.12,0.36,0.27,0.11,-0.04,0.45,0.56,0.75,0.62,-0.44,-0.56
135,OC(=O)CCNC(=O)C1=CC=CC=C1CC(C)NCC(O)COC1=CC=C(CCOCC2CC2)C=,[O-]C(=O)CCNC(=O)C1=CC=CC=C1CC(C)[NH2+]C[C@@H](O)COC1=CC=C(CCOCC2C,0.28,0.25,9.2,5.17,0.59,0.91,0.17,0.29,0.55,-0.59,0.96,0.71,-0.23,-0.04,-0.77,-0.54
136,C1COC1=CC=C(CCNCC(O)COC2=CC=CC(=C2),C2)C=C1COC1=C(OC)C=C(CC[NH2+]C[C@H](O)COC2=CC(,4.8,3.81,3.4,5.20,17,9.54,0.4,0.43,0.68,0.58,0.53,0.72,1.23,0.98,-0.40,-0.36
137,C)C=C1OCCC[C@H]1N(C2CCCC2)C3=C(C=NC(=N3)N,=CC=C2)C)C=C1CC[C@H]1N(C2CCCC2)C3=C(C=NC(=N3)NC4=C(O,0.67,0.94,5.5,7.06,1.9,3.19,0.015,0.03,0.17,-0.03,0.74,0.85,0.28,0.50,-1.82,-1.48
138,C4=C(OC)C=C(C=C4)C(=O)NC5CCN(C)CC5)N(C)C1=OC[C@@H](O)[C@@H]1[C@H]2[C@@H](C),C)C=C(C=C4)C(=O)NC5CC[NH+](C)CC5)N(C)C1=OC[C@@H](O)[C@@H]1[C@H]2[C@@H](C)C(=C(N,31.2,24.80,17.1,10.91,40.1,21.60,,,1.49,1.39,1.23,1.04,1.60,1.33,,
139,C(=C(N2C1=O)C([O-])=O)SC3C[N]4C=NC=[N+]4C3CC(C)N(CC[C@@](CCN1CCCCC1)(C(N)=O),2C1=O)C([O-])=O)SC3C[N]4C=NC=[N+]4C3CC(C)N(CC[C@@](CC[NH+]1CCCCC1)(C(N)=O)C2,0.2,0.25,2.5,2.92,1.1,1.31,0.92,0.78,0.70,-0.60,0.40,0.46,0.04,0.12,-0.04,-0.11
140,CCOCC[N]1C(=NC2=C1C=CC=C2)C3CCN(C,CCOCC[N]1C(=NC2=C1C=CC=C2)C3CC[NH+](CC3,2.6,2.06,5.43,4.80,12,9.41,,,0.41,0.31,0.73,0.68,1.08,0.97,,
141,C3)CCC4=CC=C(C=C4)C(C)(C)C(O)=OCC(C)(C)C1(O)CC2OC(=O)CC23C(=O)OC4O,)CCC4=CC=C(C=C4)C(C)(C)C([O-])=OCC(C)(C)[C@]1(O)C[C@@H]2OC(=O)C[C@@]23C(,0.61,0.77,2.87,3.48,5.16,4.60,0.13,0.10,0.21,-0.11,0.46,0.54,0.71,0.66,-0.89,-0.98
142,C(=O)C(O)C134143CCNC(=O)CCCC=CC[C@H]1[C@@H](O)C[CCNC(=O)CCC\C=C\C[C@H]1[C@@H](O)C[C@@0.67CC4OC(CCN1CCCCC1)(C2CC3CC2C=C3)C4=CC,=O)O[C@@H]4OC(=O)[C@H](O)[C@]134O[C@](CC[NH+]1CCCCC1)([C@H]2C[C@@H]3C[C,2.5,1.98,10,6.69,3.2,3.15,0.12,0.09,0.40,0.30,1.00,0.83,0.51,0.50,-0.92,-1.04
145,=CC=C4COC1=CC(=CC(=C1OC)OC)C(=O)C(=O)N2C,@H]2C=C3)C4=CC=CC=C4COC1=C(OC)C(=CC(=C1)C(=O)C(=O)N2CCCC[C@,12,3.22,12,9.32,24,15.13,0.097,0.12,1.08,0.51,1.08,0.97,1.38,1.18,-1.01,-0.92
146,CCC[C@H]2C(=O)OC(CCCC3=CN=CC=C3)CCCC4=CN=CC=C4CCN1C[C@H]2CN(C)C[C@@H](C1)C2OC(=,H]2C(=O)OC(CCCC3=CN=CC=C3)CCCC4=CN=CC=C4)OCCC[NH+]1C[C@H]2C[NH+](C)C[C@@H](C1)C2OC(,1.34,1.06,8.5,6.02,1.1,2.24,,,0.13,0.03,0.93,0.78,0.04,0.35,,
147,CC(C)NCC(O)COC1=CC=C(COCCOC(C)C)C,CC(C)[NH2+]C[C@@H](O)COC1=CC=C(COCCOC(,9,7.15,17,12.04,8.6,4.73,,,0.95,0.85,1.23,1.08,0.93,0.68,,
148,=C1CC1=C[NH]C2=C1C3=C(C=C2O)N(C[C@H]3,C)C)C=C1=O)C4=CC5=C([NH]4)C=CC(=C5)NC(=O)NC6=CC7,2.4,1.91,3.7,5.06,10,6.88,0.66,0.49,0.38,0.28,0.57,0.70,1.00,0.84,-0.18,-0.31
149,=O)NC6=CC=C7[NH]C(=CC7=C6)C(=O)N8C[H]%10)CCC1(C)S[C@@H]2[C@H](NC(=O)[C@H](NC,(=C[NH]C%10=C(O)C=C89)C)C=C6CC1(C)S[C@H]2[C@H](NC(=O)[C@H](NC(=O)NC(,0.05,0.06,0.5,0.77,1.6,3.10,,,1.30,-1.19,-0.30,-0.11,0.20,0.49,,
150,(=O)NC(N)=N)C3=CC=CC=C3)C(=O)N2[C@@H]1C(O)=OO=[S](=O)(N1CC2=CC(=CC=C2N(C[C@H]1C,N)=N)C3=CC=CC=C3)C(=O)N2[C@@H]1C([O-])=OO=[S](=O)(N1CC2=C(C=CC(=C2)C#N)N(C[C@H]1C,0.24,0.30,1.6,1.84,2.09,1.70,0.8,0.57,0.62,-0.52,0.20,0.27,0.32,0.23,-0.10,-0.24
151,C3=CC=CC=C3)CC4=CN=C[NH]4)C#N)C5=CC=CS5CC(C)C[C@H](NC(=O)[C@H](CC1=CC=CC=,C3=CC=CC=C3)CC4=CN=C[NH]4)C5=CC=CS5CC(C)C[C@H](NC(=O)[C@H](CC1=CC=CC=C1)NC,0.84,1.03,9.6,5.22,1.6,2.83,0.01,0.01,0.08,0.01,0.98,0.72,0.20,0.45,-2.00,-1.94
152,C1)NC(=O)C2=CN=CC=N2)B(O)OCOC1=CC=CC=C1OC2=C(N[S](=O)(=O)C3=,(=O)C2=NC=CN=C2)B(O)OCOC1=C(OC2=C(OCCO)N=C(N=C2N[S](=O)(=O)C3,10,4.09,19,8.27,18,12.53,0.17,0.12,1.00,0.61,1.28,0.92,1.26,1.10,-0.77,-0.92
153,CC=C(C=C3)C(C)(C)C)N=C(N=C2OCCO)C4=NC=CC=N4O=C1NC2=CC(=CC=C2C=C1)OCCCCN3CCN,=CC=C(C=C3)C(C)(C)C)C4=NC=CC=N4)C=CC=C1O=C1NC2=C(C=C1)C=CC(=C2)OCCCC[NH+]3CCN(,0.29,0.36,2.1,2.74,4.1,5.23,0.037,0.03,0.54,-0.44,0.32,0.44,0.61,0.72,-1.43,-1.57
154,(CC3)C4=C5C=CSC5=CC=C4CCC[C@H]1CN([C@@H](CC)C(N)=O)C(=O),CC3)C4=C5C=CSC5=CC=C4,1.46,1.84,0.34,1.00,54.37,26.42,0.002,0.01,0.16,0.26,-0.47,0.00,1.74,1.42,-2.70,-2.28
155,C1BrC1=CC=C2NC(=O)CN=C(C3=CC=CC=N3),CCC[C@H]1CN([C@@H](CC)C(N)=O)C(=O)C1,0.56,0.99,0.75,1.43,8.98,6.30,0.825,0.72,0.25,0.00,-0.12,0.15,0.95,0.80,-0.08,-0.14
156,C2=C1NC1=C(CC(O)=O)C=CC=C1C(=O)C2=CC=C(,BrC1=CC2=C(NC(=O)CN=C2C3=NC=CC=C3)C=C1NC1=C(C=CC=C1CC([O-,0.85,1.48,0.51,0.65,21,12.18,0.48,0.21,0.07,0.17,-0.29,-0.19,1.32,1.09,-0.32,-0.68
157,Br)C=C2CCN(CC)CCNC(=O)C1=CC(=C(N)C=C1OC)B,0.00110.01])=O)C(=O)C2=CC=C(Br)C=C2,0.11,0.09,1.3,1.14,2.6,3.20,,,0.96,-1.04,0.11,0.06,0.41,0.51,-2.96,-1.98
158,COC1=C2OC3=CC=C(C[C@@H]4N(C)CCC5=CC(=C(OC6=C(OC)C(=C(Br)C7=C6[C@H](,CC[NH+](CC)CCNC(=O)C1=C(OC)C=C(N)C(=C1)BrCOC1=C2OC3=CC=C(C[C@@H]4[NH+](C)CCC5=C,3.1,2.58,13,7.50,2.9,3.47,0.6,0.39,0.49,0.41,1.11,0.88,0.46,0.54,-0.22,-0.41
159,CC(=C2)C=C1)N(C)CC7)OC)C=C45)OC)C=CC[N]1C=C(NC(=O)C2=CC(=C[N]2C)NC(=O)C,C(=C(OC6=C(OC)C(=C(Br)C7=C6[C@H](CC(=C2)C=C1)[NH+](C)CC7)OC)C=C45)OC)C=C3C[N]1C=C(NC(=O)C2=CC(=C[N]2C)NC(=O)C3=CC(,51,5.74,9.6,6.84,59.4,35.30,0.22,0.17,1.71,0.76,0.98,0.84,1.77,1.55,-0.66,-0.77
160,3=CC(=C[N]3C)NC(=O)C4=CC(=C[N]4C)NC(=O)C(Br)=C)C=C1C(=O)NCCN=C(N)N,=C[N]3C)NC(=O)C4=CC(=C[N]4C)NC(=O)C(Br)=C)C=C1C(=O)NCC[NH+]=C(N)N,0.36,0.45,5.15,3.40,8.3,7.26,,,0.44,-0.34,0.71,0.53,0.92,0.86,,
161,SC(=C4)Br)[N]12CCCC1O[C@@H]2C[C@H]3[C@@H]4CCC5,C4)Br)[N]12CCC[C@@H]1O[C@@H]2C[C@@H]3[C@@H]4CC,0.75,0.94,2,1.69,4.8,5.73,0.092,0.06,0.12,-0.03,0.30,0.23,0.68,0.76,-1.04,-1.21
162,=CC(=O)C=C[C@]5(C)[C@H]4[C@@H](O)C[C@]3(C)[C@@]2(O1)C(=O)COCOC1=CC(=C(C(=O)CCCN2CCCC2)C(=C1)O,C5=CC(=O)C=C[C@]5(C)[C@H]4[C@@H](O)C[C@]3(C)[C@@]2(O1)C(=O)COCOC1=CC(=C(C(=O)CCC[NH+]2CCCC2)C(=C1)OC),3.9,3.10,20,12.71,2.8,3.00,0.13,0.10,0.59,0.49,1.30,1.10,0.45,0.48,-0.89,-1.00
163,C)OC164CCC1=CC=CC2=C1OC(=C2)C(O)CNC(C)(C)CCC1=C2OC(=CC2=CC=C1)[C@@H](O)C[NH2+]C(](N)(=O)=O)C(O)=OCCCC(=O)N1CCCN(CC1)C2=NC(=C3C=C(O,])=O)[S](N)(=O)=OCCCC(=O)N1CCCN(CC1)C2=NC3=CC(=C(OC)C=C3,1.3,1.37,5.6,7.00,3.3,4.79,0.4,0.37,0.11,0.14,0.75,0.84,0.52,0.68,-0.40,-0.43
167,C)C(=CC3=N2)OC)NCCCCN1CCCCC1C(=O)NC2=C(C)C=CC=C2,C(=N2)N)OCCCCC[NH+]1CCCC[C@@H]1C(=O)NC2=C(C)C=CC,0.72,0.72,4.8,3.92,2,2.49,0.06,0.07,0.14,-0.14,0.68,0.59,0.30,0.40,-1.22,-1.13
168,CO[C@]12CC[C@@]3(C[C@@H]1[C@](C)(,=C2CCO[C@@]12CC[C@]3(C[C@@H]1[C@](C)(O)C(C)(,0.84,0.86,4.3,5.79,3.1,1.81,0.056,0.06,0.08,-0.07,0.63,0.76,0.49,0.26,-1.25,-1.25
169,O)C(C)(C)C)[C@H]4CC5=CC=C(O)C6=C5[C@@]3(CCN4CC7CC7)[C@H]2O6,C)C)[C@H]4CC5=C6C(=C(O)C=C5)O[C@H]2[C@@]36CC[NH+]4CC7CC7,4.9,3.89,19,13.88,3.2,4.51,0.04,0.07,0.69,0.59,1.28,1.14,0.51,0.65,-1.40,-1.16
170,C[S](=O)(=O)OCCCCO[S](C)(=O)=O,C[S](=O)(=O)OCCCCO[S](C)(=O)=O,0.55,0.70,2.4,2.71,3.4,2.45,1,0.75,0.26,-0.16,0.38,0.43,0.53,0.39,0.00,-0.12
171,CCCC[S@](=N)(=O)CC[C@H](N)C(O)=OOC1=CC=C2C[C@H]3N(CC[C@@]4(CCCC[,CCCC[S@](=N)(=O)CC[C@H]([NH3+])C([O-])=OOC1=CC2=C(C[C@H]3[NH+](CC[C@@]24CCCC[C,0.26,0.33,2.28,2.75,1.68,2.00,,,0.59,-0.48,0.36,0.44,0.23,0.30,,
172,C@@]34O)C2=C1)CC5CCC5,@]34O)CC5CCC5)C=C1,12,7.66,41,25.25,4.8,5.43,0.17,0.17,1.08,0.88,1.61,1.40,0.68,0.73,-0.77,-0.77
173,CCCCNC(=N)NC(N)=NCO[C@H]1C[C@H]2OC[C@@]2(OC(C)=O)[C@H]3[C@H](OC(=O)C4=CC=CC=C4)[C@]5,CCCCNC(=[NH2+])NC(N)=[NH2+]CO[C@H]1C[C@@H]2OC[C@]2(OC(C)=O)[C@H]3[C@H](OC(=O)C4=CC=CC=C4)[C@@]5(O)C[C@H](,1.84,1.46,6.58,6.76,4.62,4.25,0.9,0.81,0.26,0.17,0.82,0.83,0.66,0.63,-0.05,-0.09
174,(O)C[C@H](OC(=O)[C@H](O)[C@@H](NC(=O)OC(C)(C)C)C6=CC=CC=C6)C(=C([C@@H](OC)C(=O)[C@]13C)C5(C)C)CC[C@H]1CN(CCN1)C2=C(F)C=C3C(=O)C(=C,OC(=O)[C@H](O)[C@@H](NC(=O)OC(C)(C)C)C6=CC=CC=C6)C(=C([C@@H](OC)C(=O)[C@@]13C)C5(C)C)CC[C@H]1CN(CC[NH2+]1)C2=C(OC(F)F)C3=C(C=C2,48,15.10,11,8.20,74.5,37.38,0.24,0.11,1.68,1.18,1.04,0.91,1.87,1.57,-0.62,-0.94
175,N(C4CC4)C3=C2OC(F)F)C(O)=O,F)C(=O)C(=CN3C4CC4)C([O-])=O,1.1,1.29,2.7,2.56,5.9,7.21,,,0.04,0.11,0.43,0.41,0.77,0.86,,
176,C[N]1C=NC2=C1C(=O)N(C)C(=O)N2CC[C@H](CCCC(C)(C)O)[C@H]1CC[C@H]2C(,C[N]1C=NC2=C1C(=O)N(C)C(=O)N2CC[C@H](CCCC(C)(C)O)[C@H]1CC[C@H]2\C(CCC[,0.63,0.83,1.4,2.05,4.9,3.28,0.64,0.64,0.20,-0.08,0.15,0.31,0.69,0.52,-0.19,-0.19
177,CCC[C@]12C)=CC=C3C[C@@H](O)C[C@H](O)C3=CCC1=CC=C(C=C1CC2=CC=C(S2)C3=CC=C(F,C@]12C)=C\C=C/3C[C@@H](O)C[C@H](O)C3=CCC1=C(CC2=CC=C(S2)C3=CC=C(F)C=C3)C=C(C=C,0.25,0.56,0.31,0.61,11,11.08,,,0.60,-0.25,-0.51,-0.21,1.04,1.04,,
178,)C=C3)[C@@H]4O[C@H](CO)[C@@H](O)[C@H](O)[C@H]4OCCOC1=NC2=CC=CC(=C2[N]1CC3=CC=C(C,1)[C@@H]4O[C@H](CO)[C@@H](O)[C@H](O)[C@H]4OCCOC1=NC2=C([N]1CC3=CC=C(C=C3)C4=C(C=CC,1.19,1.21,2.74,2.72,10.3,8.88,0.01,0.02,0.08,0.08,0.44,0.43,1.01,0.95,-2.00,-1.82
179,=C3)C4=CC=CC=C4C5=NN=N[NH]5)C(O)=OCOCOC[C@H](CCC1(CCCC1)C(=O)NC2CCC,=C4)C5=NN=N[N-]5)C(=CC=C2)C([O-])=OCOCOC[C@H](CCC1(CCCC1)C(=O)NC2CCC(CC2),0.13,0.16,0.37,0.60,9.7,5.19,0.002,0.01,0.89,-0.79,-0.43,-0.22,0.99,0.72,-2.70,-2.29
180,(CC2)C(O)=O)C(O)=OCSCCNC1=NC(=NC2=C1N=C[N]2[C@@H]3,C([O-])=O)C([O-])=OCSCCNC1=C2N=C[N]([C@@H]3O[C@H](CO[P]([O-,0.25,0.32,2.3,2.64,16,8.65,0.87,0.53,0.60,-0.50,0.36,0.42,1.20,0.94,-0.06,-0.28
181,P](O)(O)=O)[C@@H](O)[C@H]3O)SCCC(F)(F)FCCCCCC1=CC(=C([C@@H]2C=C(C)CC[C@,])=O)[C@@H](O)[C@H]3O)C2=NC(=N1)SCCC(F)(F)FCCCCCC1=CC(=C([C@@H]2C=C(C)CC[C@H]2C(C,0.04,0.09,8.84,6.16,8.5,6.50,0.02,0.04,1.40,-1.04,0.95,0.79,0.93,0.81,-1.70,-1.42
182,H]2C(C)=C)C(=C1)O)OCCCCCC1=CC2=C(C(=C1)O)C3=C(C=CC(=C,)=C)C(=C1)O)OCCCCCC1=CC2=C(C(=C1)O)C3=CC(=CC=C3C(C)(C,6.69,3.85,13.55,9.90,23.82,19.55,,,0.83,0.59,1.13,1.00,1.38,1.29,,
183,3)C)C(C)(C)O2,)O2)C,16.98,13.48,17.85,10.75,25.51,16.03,,,1.23,1.13,1.25,1.03,1.41,1.20,,
184,C[C@H](CS)C(=O)N1CCC[C@H]1C(O)=OCCNC(=O)OC1CCN(CC1)C2=NN=CC3=CC(=,C[C@H](CS)C(=O)N1CCC[C@H]1C([O-])=OCCNC(=O)OC1CCN(CC1)C2=C3C=C(OC)C(=CC3=C,0.75,0.60,12,7.09,2,2.18,0.73,0.69,0.12,-0.22,1.08,0.85,0.30,0.34,-0.14,-0.16
185,C(OC)C=C23)OCCC1(C)S[C@@H]2[C@H](NC(=O)C(C(O)=O),N=N2)OCCC1(C)S[C@@H]2[C@H](NC(=O)[C@@H](C([O-,0.67,0.84,37.6,14.74,0.25,0.77,0.08,0.09,0.17,-0.07,1.58,1.17,-0.60,-0.11,-1.10,-1.03
186,C3=CC=CC=C3)C(=O)N2[C@H]1C(O)=O187N[Pt++]|1(N)|[O-]C(=O)C2(CCC2)C([O-]|1)=ON[Pt++]1(N)[O-]C(=O)[C]2(C[CH2]C2)C(=O)[O-]1CC(C)(C(O)=O)C1=CC=C(C=C1)C(=O)CCCN,])=O)C3=CC=CC=C3)C(=O)N2[C@H]1C([O-])=OCC(C)(C([O-,0.17,0.20,1.9,1.91,1.1,1.56,0.52,0.37,0.77,-0.69,0.28,0.28,0.04,0.19,-0.28,-0.44
188,2CCC(CC2)OC(C3=CC=CC=C3)C4=CC=CC=C4CC(C)C[C@H](NC(=O)[C@H](CCC1=CC=CC,])=O)C1=CC=C(C=C1)C(=O)CCC[NH+]2CCC(CC2)OC(C3=CC=CC=C3)C4=CC=CC=C4CC(C)C[C@H](NC(=O)[C@H](CCC1=CC=CC=C1)N,0.41,0.52,0.4,0.94,9.8,6.88,0.05,0.03,0.39,-0.29,-0.40,-0.03,0.99,0.84,-1.30,-1.48
189,=C1)NC(=O)CN2CCOCC2)C(=O)N[C@@H](CC3=CC=CC=C3)C(=O)N[C@@H](CC(C)C)CCN3CCCC3)OCCC(C(O)=O)C1=CC=C2C(=C1)[NH]C3=CC=C,C(=O)C[NH+]2CCOCC2)C(=O)N[C@@H](CC3=CC=CC=C3)C(=O)N[C@@H](CC(C)C)C(=O)[C@@]4(C)3=C1OC)OCC[C@H](C([O-,0.13,0.16,39.5,15.92,1.1,2.51,0.02,0.03,0.89,-0.79,1.60,1.20,0.04,0.40,-1.70,-1.56
193,CC(C)(C)NC[C@@H](O)COC1=CC=CC2=C1,0.0010.0024CC(C)(C)[NH2+]C[C@@H](O)COC1=C2CCC(=O)N,0.22,0.18,0.51,0.53,9.9,6.80,,,0.66,-0.75,-0.29,-0.27,1.00,0.83,-3.00,-2.62
194,CCC(=O)N2NC(=O)OC[C@@H]1[C@H](NC(=O)C(=NOC,C2=CC=C1NC(=O)OC[C@@H]1[C@H](NC(=O)\C(=N\OCC([O-,,,10.1,7.39,4.7,4.92,,,,,1.00,0.87,0.67,0.69,,
195,C(O)=O)C2=CSC(=N2)N)C(=O)N1[S](O)(=O)=OCOC1=CC=CC=C1OCCNCC(O)COC2=CC=C,])=O)C2=CSC(=N2)N)C(=O)N1[S]([O-])(=O)=OCOC1=C(OCC[NH2+]C[C@@H](O)COC2=C3C(=CC,0.18,0.23,1.5,1.71,1.6,1.76,0.72,0.52,0.74,-0.64,0.18,0.23,0.20,0.25,-0.14,-0.28
196,C3=C2C4=CC=CC=C4[NH]3CCN(CC)C1=CC2=C(C=C1)C=C(O2)C(=O)NC3=CC=C4[NH]C(=CC4=C3)C(=O)N5C[C@,=C2)[NH]C4=CC=CC=C34)C=CC=C1CCN(CC)C1=CC2=C(C=C1)C=C(O2)C(=O)NC3=CC4,1.3,1.64,7.8,7.06,2.4,3.28,0.02,0.02,0.11,0.21,0.89,0.85,0.38,0.52,-1.70,-1.66
197,=CC=CC=C8)C=C56)CC[C@@H](N(C)C(=O)N1CC[C@@H](C[C@,[NH]C7=C(OC(=O)NC8=CC=CC=C8)C=C56)C)C=C3C[C@@H](N(C)C(=O)N1CC[C@@H](C[C@@H]1C2,0.09,0.11,2.9,2.47,0.48,1.91,,,1.05,-0.95,0.46,0.39,-0.32,0.28,,
198,@H]1C2=C(C)C=C(F)C=C2)N3CCN(CC3)C(C)=O)C4=CC(=CC(=C4)C(F)(F)F)C(F)(F)F,=C(C)C=C(F)C=C2)[NH+]3CCN(CC3)C(C)=O)C4=CC(=CC(=C4)C(F)(F)F)C(F)(F)F,2.77,2.20,3.07,3.44,15.6,17.06,1,0.18,0.44,0.34,0.49,0.54,1.19,1.23,0.00,-0.75
199,CN(C)N=NC1=CC=C(C=C1)C(O)=OOC1=CC2=C(C=C1O)[C@H](CC3=C4C=CC=,CN(C)N=NC1=CC=C(C=C1)C([O-])=OOC1=C(O)C=C2[C@H](CC3=C4C=CC=CC4=CC=C3,0.25,0.20,1.3,1.63,2.5,2.04,,,0.60,-0.70,0.11,0.21,0.40,0.31,,
200,CC4=CC=C3)NCC2CC1=C(N2[C@H](SC1)[C@H](NC(=O)[C@H],)[NH2+]CCC2=C1CC1=C(N2[C@@H](SC1)[C@H](NC(=O)[C@H]([N,1.09,1.37,156,72.84,1.58,2.90,,,0.04,0.14,2.19,1.86,0.20,0.46,,
201,(N)C3=CC=C(O)C=C3)C2=O)C(O)=OC[N]1N=NN=C1SCC2=C(N3[C@H](SC2)[C@,H3+])C3=CC=C(O)C=C3)C2=O)C([O-])=OC[N]1N=NN=C1SCC2=C(N3[C@H](SC2)[C@H](NC(,0.23,0.23,2.5,2.84,1.1,1.12,0.39,0.57,0.64,-0.64,0.40,0.45,0.04,0.05,-0.41,-0.24
202,H](NC(=O)[C@H](O)C4=CC=CC=C4)C3=O)C(O)=ON[C@@H](C(=O)N[C@H]1[C@H]2SCC(=C(,=O)[C@H](O)C4=CC=CC=C4)C3=O)C([O-])=O[NH3+][C@@H](C(=O)N[C@@H]1[C@H]2SCC(=C(,0.16,0.13,3.6,2.89,0.75,1.01,0.25,0.19,0.80,-0.87,0.56,0.46,-0.12,0.01,-0.60,-0.72
203,N2C1=O)C(O)=O)CSC3=C[NH]N=N3)C4=CC=C(O)C=C4CC1=NN=C(SCC2=C(N3[C@H](SC2)[C@H](,N2C1=O)C([O-])=O)CSC3=C[NH]N=N3)C4=CC=C(O)C=C4CC1=NN=C(SCC2=C(N3[C@H](SC2)[C@H](NC(=O),0.22,0.24,3.3,2.77,1.2,1.58,0.4,0.36,0.66,-0.62,0.52,0.44,0.08,0.20,-0.40,-0.45
204,O)=O)S1CC1=NN=C(SCC2=C(N3[C@H](SC2)[C@H](,CC1=NN=C(SCC2=C(N3[C@H](SC2)[C@H](NC(=O),0.13,0.16,0.95,1.09,1.91,1.96,,,0.89,-0.79,-0.02,0.04,0.28,0.29,,
205,NC(=O)C[N]4C=NN=N4)C3=O)C(O)=O)S1CCN1CCN(C(=O)N[C@H]([C@H](C)O)C(=O),C[N]4C=NN=N4)C3=O)C([O-])=O)S1CCN1CCN(C(=O)N[C@H]([C@H](C)O)C(=O)N[C@,0.12,0.15,0.89,1.54,1.7,1.51,0.18,0.20,0.92,-0.82,-0.05,0.19,0.23,0.18,-0.74,-0.70
206,N[C@@]2(OC)[C@H]3SCC(=C(N3C2=O)C(O)=O)CSC4=NN=N[N]4C)C(=O)C1=OCC1=NN=C(SCC2=C(N3[C@H](SC2)[C@H](,@]2(OC)[C@H]3SCC(=C(N3C2=O)C([O-])=O)CSC4=NN=N[N]4C)C(=O)C1=OCC1=NN=C(SCC2=C(N3[C@H](SC2)[C@H](NC(=O),0.19,0.24,1.1,1.42,1.9,1.90,,,0.72,-0.62,0.04,0.15,0.28,0.28,,
207,NC(=O)[C@H](O)C4=CC=CC=C4)C3=O)C(O)=O)S1CON=C(C(=O)N[C@H]1C2SCC(=C(N2C1=O),[C@H](O)C4=CC=CC=C4)C3=O)C([O-])=O)S1CO\N=C(/C(=O)N[C@H]1[C@@H]2SCC(=C(N2C1=O)C([O-,0.13,0.16,2.6,2.46,1,1.63,,,0.89,-0.80,0.41,0.39,0.00,0.21,,
208,C(O)=O)C[N+]34CCC(CC3)(CC4)C(N)=O)C5=NSC(=N5)NCON=C(C(=O)N[C@H]1[C@H]2SCC(=C(N2C,])=O)C[N+]34CCC(CC3)(CC4)C(N)=O)C5=NSC(=N5)NCO\N=C(/C(=O)N[C@H]1[C@H]2SCC(=C(N2C1=O),0.27,0.34,1.7,1.78,2.2,2.44,,,0.57,-0.47,0.23,0.25,0.34,0.39,,
209,1=O)C([O-])=O)C[N+]3(C)CCCC3)C4=CSC(=N4)NCON=C(C(=O)N[C@H]1[C@H]2SCC(=C(N2C,C([O-])=O)C[N+]3(C)CCCC3)C4=CSC(=N4)NCO\N=C(\C(=O)N[C@H]1[C@@H]2SCC(=C(N2C1=,0.28,0.29,2.2,2.32,1.9,2.25,0.78,0.63,0.55,-0.54,0.34,0.37,0.28,0.35,-0.11,-0.20
210,1=O)C(O)=O)C)C3=CSC(=N3)NNC1=NC(=CS1)C(=NOCC(O)=O)C(=O)N[C@,O)C([O-])=O)C)C3=CSC(=N3)NNC1=NC(=CS1)\C(=N/OCC([O-,0.28,0.22,1.9,2.18,2.1,1.44,0.78,0.62,0.55,-0.65,0.28,0.34,0.32,0.16,-0.11,-0.21
211,H]2[C@H]3SCC(=C(N3C2=O)C(O)=O)C=CN2C1=O)C(O)=O)CSC3=NN=N[N]3CCON=C(C(=O)N[C@H]1[C@H]2SCC(=C(N2C,])=O)C(=O)N[C@H]2[C@H]3SCC(=C(N3C2=O)C([O-])=O)C=C=O)C([O-])=O)CSC3=NN=N[N]3CCO\N=C(\C(=O)N[C@H]1[C@H]2SCC(=C(N2C1=O),0.24,0.16,1,1.69,3.2,2.81,0.31,0.30,0.62,-0.79,0.00,0.23,0.51,0.45,-0.51,-0.53
214,1=O)C(O)=O)CSC3=NC(=C(CC(O)=O)S3)C)C4=CSC(=N4)NO[C@@H](C(=O)N[C@@H]1[C@H]2SCC(=C,C([O-])=O)CSC3=NC(=C(CC([O-])=O)S3)C)C4=CSC(=N4)NO[C@@H](C(=O)N[C@@H]1[C@H]2SCC(=C(N2C1,0.054,0.07,0.61,0.89,4.2,3.28,0.18,0.16,1.27,-1.17,-0.21,-0.05,0.62,0.52,-0.74,-0.81
215,(N2C1=O)C(O)=O)CSC3=NN=N[N]3C[S](O)(=O)=O)C4=CC=CC=C4CCN1CCN(C(=O)N[C@@H](C(=O)N[C@H]2,=O)C([O-])=O)CSC3=NN=N[N]3C[S]([O-])(=O)=O)C4=CC=CC=C4CCN1CCN(C(=O)N[C@@H](C(=O)N[C@H]2[C@H]3SCC(=C(N3C2=O)C([O-,0.14,0.18,0.38,0.72,5.1,3.27,0.02,0.05,0.85,-0.75,-0.42,-0.14,0.71,0.51,-1.70,-1.31
216,[C@H]3SCC(=C(N3C2=O)C(O)=O)CSC4=NN=N[N]4C)C5=CC=C(O)C=C5)C(=O)C1=ONCC1=CC=CC=C1CC(=O)N[C@H]2[C@H]3S,])=O)CSC4=NN=N[N]4C)C5=CC=C(O)C=C5)C(=O)C1=O[NH3+]CC1=C(CC(=O)N[C@H]2[C@H]3SCC(=C(N3,0.17,0.21,1.3,1.35,1.8,2.37,0.07,0.07,0.77,-0.67,0.11,0.13,0.26,0.38,-1.15,-1.13
217,CC(=C(N3C2=O)C(O)=O)CSC4=NN=N[N]4CC(O)=OCON=C(C(=O)N[C@H]1[C@H]2SCC(=C(N2C1=O)C([O-,C2=O)C([O-])=O)CSC4=NN=N[N]4CC([O-])=O)C=CC=C1CO\N=C(\C(=O)N[C@H]1[C@H]2SCC(=C(N2C1=O),0.17,0.21,0.66,1.08,3,2.10,0.19,0.21,0.77,-0.67,-0.18,0.03,0.48,0.32,-0.72,-0.67
218,])=O)C[N+]3=CC=C(N)[N]3CCO)C4=CSC(=N4)NCON=C(C(=O)N[C@H]1[C@H]2SCC(=C(N2C,C([O-])=O)C[N+]3=CC=C(N)[N]3CCO)C4=CSC(=N4)NCO\N=C(/C(=O)N[C@H]1[C@H]2SCC(=C(N2C1=O),0.3,0.31,1.77,2.07,2.9,2.51,,,0.52,-0.51,0.25,0.32,0.46,0.40,,
219,1=O)C(O)=O)COC(C)=O)C3=CSC(=N3)NCO[C@]1(NC(=O)[CH]2S[C](S2)=[C](C(N)=O,C([O-])=O)COC(C)=O)C3=CSC(=N3)NCO[C@@]1(NC(=O)[CH]2S[C](S2)=[C](C(N)=O)C([,0.19,0.15,2.7,2.64,1.2,1.76,0.6,0.40,0.72,-0.82,0.43,0.42,0.08,0.25,-0.22,-0.40
220,)C(O)=O)[C@H]3SCC(=C(N3C1=O)C(O)=O)CSC4=NN=N[N]4CCN(C)CC[N]1N=NN=C1SCC2=C(N3[C@H](S,O-])=O)[C@@H]3SCC(=C(N3C1=O)C([O-])=O)CSC4=NN=N[N]4CC[NH+](C)CC[N]1N=NN=C1SCC2=C(N3[C@H](SC2,0.13,0.16,0.42,0.65,4.5,3.63,0.15,0.16,0.89,-0.79,-0.38,-0.19,0.65,0.56,-0.82,-0.81
221,C2)[C@H](NC(=O)CC4=CSC(=N4)N)C3=O)C(O)=OCO[C@]1(NC(=O)CC2=CC=CS2)[C@H]3SCC,)[C@H](NC(=O)CC4=CSC(=N4)N)C3=O)C([O-])=OCO[C@]1(NC(=O)CC2=CC=CS2)[C@@H]3SCC(=C(,0.26,0.30,5.8,4.24,0.84,1.23,0.5,0.36,0.59,-0.52,0.76,0.63,-0.08,0.09,-0.30,-0.44
222,(=C(N3C1=O)C(O)=O)COC(N)=OCON=C(C(=O)N[C@@H]1[C@H]2SCC(=C(N,N3C1=O)C([O-])=O)COC(N)=OCO\N=C(\C(=O)N[C@@H]1[C@H]2SCC(=C(N2C1=,0.17,0.16,3.6,3.04,0.81,1.07,0.73,0.53,0.77,-0.80,0.56,0.48,-0.09,0.03,-0.14,-0.27
223,2C1=O)C(O)=O)CN3C=CN4[N-]C=CC=C34)C5=NSC(=N5)NOC(=O)C1=C([NH]C=N1)C(=O)N[C@@H](C(=O)N[C@@H]2C3SCC(=C(N3C2=O)C(O)=O),O)C([O-])=O)CN3C=CN4[N-]C=CC=C34)C5=NSC(=N5)N[O-]C(=O)C1=C([NH]C=N1)C(=O)N[C@@H](C(=O)N[C,0.24,0.30,2.1,2.07,1.7,2.15,0.74,0.45,0.62,-0.52,0.32,0.31,0.23,0.33,-0.13,-0.35
224,C[N+]4=CC=C(CC[S](O)(=O)=O)C=C4)C5=CC=CC=C5C[N]1N=NN=C1SCC2=C(N3[C@H](SC2)[C@,@@H]2[C@H]3SCC(=C(N3C2=O)C([O-])=O)C[N+]4=CC=C(CC[S]([O-])(=O)=O)C=C4)C5=CC=CC=C5C[N]1N=NN=C1SCC2=C(N3[C@H](SC2)[C@H](NC(,0.21,0.26,1.7,2.04,1.8,1.90,,,0.68,-0.58,0.23,0.31,0.26,0.28,,
225,H](NC(=O)[C@H](NC(=O)C4=CNC(=CC4=O)C)C5=CC=C(O)C=C5)C3=O)C(O)=OCON=C(C(=O)N[C@H]1[C@H]2SCC(=C(N2C1=O)C([O-,=O)[C@H](NC(=O)C4=CNC(=CC4=O)C)C5=CC=C(O)C=C5)C3=O)C([O-])=OCO\N=C(\C(=O)N[C@H]1[C@H]2SCC(=C(N2C1=O),0.15,0.19,0.48,0.81,5.4,4.12,0.03,0.06,0.82,-0.72,-0.32,-0.09,0.73,0.61,-1.52,-1.25
226,])=O)C[N+]3=CC=CC4=C3CCC4)C5=CSC(=N5)NCC=CC1=C(N2[C@H](SC1)[C@H](NC(=O)[C,C([O-])=O)C[N+]3=C4CCCC4=CC=C3)C5=CSC(=N5)NC\C=C/C1=C(N2[C@H](SC1)[C@H](NC(=O)[C@H](,0.24,0.30,1.9,2.09,1.7,2.50,0.9,0.58,0.62,-0.53,0.28,0.32,0.23,0.40,-0.05,-0.24
227,@H](N)C3=CC=C(O)C=C3)C2=O)C(O)=OCOC1=C(N2[C@H](SC1)[C@H](NC(=O)[C@,[NH3+])C3=CC=C(O)C=C3)C2=O)C([O-])=OCOC1=C(N2[C@H](SC1)[C@H](NC(=O)[C@H]([NH,0.21,0.20,2.9,2.68,1.2,1.23,0.59,0.50,0.68,-0.69,0.46,0.43,0.08,0.09,-0.23,-0.30
228,H](N)C3=CCC=CC3)C2=O)C(O)=ONC(=O)C1=CC=[N+](CC2=C(N3[C@H](SC2)[,3+])C3=CCC=CC3)C2=O)C([O-])=ONC(=O)C1=CC=[N+](CC2=C(N3[C@H](SC2)[C@H](,0.17,0.21,4.78,4.06,0.74,0.96,0.1,0.24,0.77,-0.67,0.68,0.61,-0.13,-0.02,-1.00,-0.62
229,C@H](NC(=O)[C@@H](C4=CC=CC=C4)[S](O)(=O)=O)C3=O)C([O-])=O)C=C1230CCON=C(C(=O)N[C@H]1[C@H]2SCC(=C(N2CCO\N=C(\C(=O)N[C@H]1[C@H]2SCC(=C(N2C1=C(N2C1=O)C([O-,NC(=O)[C@@H](C4=CC=CC=C4)[S]([O-])(=O)=O)C3=O)C([O-])=O)C=C11=O)C([O-,0.29,0.35,1.96,1.87,1.64,1.94,0.8,0.34,0.54,-0.46,0.29,0.27,0.21,0.29,-0.10,-0.47
231,])=O)C[N+]3=CC=CC=C3)C4=CSC(=N4)N)C(O)=OOC(=O)C1=C(CS[C@@H]2[C@H](NC(=O)C[,])=O)C[N+]3=CC=CC=C3)C4=CSC(=N4)N)C([O-])=O[O-,0.31,0.25,2.4,2.00,1.8,2.22,0.79,0.52,0.51,-0.61,0.38,0.30,0.26,0.35,-0.10,-0.28
232,N]3C=NN=N3)C(=O)N12)CSC4=NN=CS4CON=C(C(=O)N[C@H]1[C@H]2SCC=C(N2C,]C(=O)C1=C(CS[C@H]2[C@H](NC(=O)C[N]3C=NN=N3)C(=O)N12)CSC4=NN=CS4CO\N=C(\C(=O)N[C@H]1[C@@H]2SCC=C(N2C1=O,,,5.37,3.78,0.64,0.84,,,,,0.73,0.58,-0.19,-0.07,,
233,1=O)C(O)=O)C3=CSC(=N3)NNC1=NC(=NS1)C(=NO)C(=O)N[C@H]2[C@H,)C([O-])=O)C3=CSC(=N3)NNC1=NC(=NS1)\C(=N\O)C(=O)N[C@H]2[C@H]3SC,0.2,0.23,2.1,2.34,1.5,1.55,0.72,0.47,0.70,-0.65,0.32,0.37,0.18,0.19,-0.14,-0.33
234,]3SCC(=C(N3C2=O)C(O)=O)C=C4CCN([C@@H]5CCNC5)C4=OCN1N(CC2=C(N3[C@H](SC2)[C@H](NC(=O),C(=C(N3C2=O)C([O-])=O)\C=C4/CCN([C@@H]5CC[NH2+]C5)C4=OCN1N(CC2=C(N3[C@H](SC2)[C@H](NC(=O)\C(=N\,0.27,0.34,1.5,1.76,3.3,2.91,0.62,0.46,0.57,-0.47,0.18,0.25,0.52,0.46,-0.21,-0.34
235,C(=NOC(C)(C)C(O)=O)C4=NSC(=N4)N)C3=O)C(O)=O)C=C(NC(=O)NCCN)C1=NCON=C(C(=O)N[C@H]1[C@H]2SCC(=C(N2C,OC(C)(C)C([O-])=O)C4=NSC(=N4)N)C3=O)C([O-])=O)C=C(NC(=O)NCC[NH3+])C1=NCO\N=C(\C(=O)N[C@H]1[C@H]2SCC(=C(N2C1=O),0.17,0.21,1.16,1.52,2.58,2.49,0.81,0.48,0.77,-0.67,0.06,0.18,0.41,0.40,-0.09,-0.32
236,1=O)C(O)=O)CSC3=NC(=O)C(=NN3C)O)C4=CSC(=N4)NCON=C(C(=O)N[C@H]1[C@H]2SCC(=C(N2C,C([O-])=O)CSC3=NC(=O)C(=NN3C)O)C4=CSC(=N4)NCO\N=C(/C(=O)N[C@H]1[C@H]2SCC(=C(N2C1=O),0.12,0.15,0.22,0.59,7.6,4.25,0.1,0.13,0.92,-0.82,-0.66,-0.23,0.88,0.63,-1.00,-0.87
237,1=O)C(O)=O)COC(N)=O)C3=CC=CO3CON=C(C(=O)N[C@@H]1[C@H]2SCC(=C(N,C([O-])=O)COC(N)=O)C3=CC=CO3CO\N=C(\C(=O)N[C@@H]1[C@@H]2SCC(=C(N2C1,0.15,0.18,2.2,2.38,1.1,1.43,,,0.82,-0.75,0.34,0.38,0.04,0.15,,
238,2C1=O)C(O)=O)CSC3=CN=NS3)C4=CSC(=N4)NCC(C)C[C@H](NC(=O)[C@@H](NC(=O)C1=,=O)C([O-])=O)CSC3=CN=NS3)C4=CSC(=N4)NCC(C)C[C@H](NC(=O)[C@@H](NC(=O)C1=NC(=C,0.2,0.16,4.1,2.98,1.14,1.89,0.12,0.15,0.70,-0.80,0.61,0.47,0.06,0.28,-0.92,-0.82
239,NC(=CC=C1)C2=CC=CC=C2)[C@@H](C)O)B(O)OCC(=O)OCC1=C(N2[C@H](SC1)[C@H](NC(=,C=C1)C2=CC=CC=C2)[C@@H](C)O)B(O)OCC(=O)OCC1=C(N2[C@H](SC1)[C@H](NC(=O)CC#,0.87,1.10,0.29,0.98,42.1,19.47,,,0.06,0.04,-0.54,-0.01,1.62,1.29,,
240,O)CC#N)C2=O)C(O)=OCC1=C(N2[C@H](SC1)[C@H](NC(=O)[C@H],N)C2=O)C([O-])=OCC1=C(N2[C@H](SC1)[C@H](NC(=O)[C@H]([NH3,0.49,0.39,3.69,3.87,2.02,1.70,,,0.31,-0.41,0.57,0.59,0.31,0.23,,
241,(N)C3=CC=CC=C3)C2=O)C(O)=O[O-,+])C3=CC=CC=C3)C2=O)C([O-])=O[O-,0.21,0.26,3.9,3.45,0.57,0.78,0.85,0.65,0.68,-0.59,0.59,0.54,-0.24,-0.11,-0.07,-0.19
242,]C(=O)C1=C(CS[C@@H]2[C@H](NC(=O)CC3=CC=CS3)C(=O)N12)C[N+]4=CC=CC=C4CC(=O)OCC1=C(N2[C@H](SC1)[C@H](NC(=,]C(=O)C1=C(CS[C@H]2[C@H](NC(=O)CC3=CC=CS3)C(=O)N12)C[N+]4=CC=CC=C4CC(=O)OCC1=C(N2[C@H](SC1)[C@H](NC(=O)CC3,0.46,0.37,3.3,3.15,1.5,1.61,0.8,0.43,0.34,-0.44,0.52,0.50,0.18,0.21,-0.10,-0.37
243,O)CC3=CC=CS3)C2=O)C(O)=OCC(=O)OCC1=C(N2[C@H](SC1)[C@H](NC(=,=CC=CS3)C2=O)C([O-])=OCC(=O)OCC1=C(N2[C@H](SC1)[C@H](NC(=O)CSC,0.07,0.09,1.8,2.56,0.95,1.27,0.22,0.28,1.15,-1.06,0.26,0.41,-0.02,0.10,-0.66,-0.56
244,O)CSC3=CC=NC=C3)C2=O)C(O)=OCC1=C(N2[C@H](SC1)[C@H](NC(=O)[C@H],3=CC=NC=C3)C2=O)C([O-])=OCC1=C(N2[C@H](SC1)[C@@H](NC(=O)[C@H]([N,0.13,0.16,2.7,3.01,1.2,1.29,0.55,0.40,0.89,-0.79,0.43,0.48,0.08,0.11,-0.26,-0.40
245,(N)C3=CCC=CC3)C2=O)C(O)=OCOCC1=C(N=C(C(C)C)C(=C1C2=CC=C(F)C=,H3+])C3=CCC=CC3)C2=O)C([O-])=OCOCC1=C(C2=CC=C(F)C=C2)C(=C(N=C1C(C)C)C(,0.21,0.24,3.3,3.68,0.85,1.06,0.95,0.70,0.68,-0.63,0.52,0.57,-0.07,0.03,-0.02,-0.16
246,C2)C=C[C@@H](O)C[C@@H](O)CC(O)=O)C(C)CCN(C)CCCNC(=O)C(COC1=CC=CC2=CC=C,C)C)\C=C/[C@@H](O)C[C@@H](O)CC([O-])=OC[NH+](C)CCCNC(=O)\C(COC1=C2C=CC=CC2=CC,0.33,0.42,2.9,3.38,1.8,2.69,0.01,0.01,0.48,-0.38,0.46,0.53,0.26,0.43,-2.00,-1.85
247,C=C12)=CCCCCC(=O)NOOC(=O)C1=CC=C(NC(=O)NCCN2CCN=C2C3,=C1)=C\CCCCC(=O)N[O-][O-,0.45,0.57,1.82,2.78,2.1,2.95,,,0.35,-0.25,0.26,0.44,0.32,0.47,,
248,=CC=NC=C3)C=C1C[C@@H](O)[C@@H]1[C@H]2SC(=C(N2C1,]C(=O)C1=CC=C(NC(=O)NCCN2CCN=C2C3=CC=NC=C3)C=C1C[C@@H](O)[C@@H]1[C@H]2SC(=C(N2C1=O)C([,0.35,0.44,1.67,2.18,4.9,4.38,,,0.46,-0.36,0.22,0.34,0.69,0.64,,
249,=O)C(O)=O)CN,O-])=O)C[NH3+],0.23,0.29,7.67,5.68,0.5,0.80,,,0.64,-0.54,0.88,0.75,-0.30,-0.09,,
250,CCCC[P](O)(=O)CCCNC[C@H](CCC(O)=O)[C@H]1CC[C@H]2[C@,CCCC[P]([O-])(=O)CCC[NH3+]C[C@H](CCC([O-,,,1.56,2.23,2.1,2.24,,,,,0.19,0.35,0.32,0.35,,
251,@H]3[C@H](O)C[C@@H]4C[C@H](O)CC[CC=C(C=C1)[N](=O)=OOC(=O)C1N=C(C2=CC=CC=C2)C3=CC(=CC,])=O)[C@H]1CC[C@H]2[C@@H]3[C@H](O)C[C@=C1)[N+]([O-])=O[O-,0.19,0.24,5.7,3.06,1.42,2.03,,,0.72,-0.62,0.76,0.49,0.15,0.31,,
254,,]C(=O)[C@H]1N=C(C2=CC=CC=C2)C3=C(NC1=O),0.2,0.16,1.1,1.03,2.4,3.40,,,0.70,-0.80,0.04,0.01,0.38,0.53,,
255,3=CC=CC=C3,])C1)C3=CC=CC=C3,0.25,0.37,0.37,1.29,8.3,8.07,0.056,0.04,0.60,-0.43,-0.43,0.11,0.92,0.91,-1.25,-1.37
256,,,6.6,5.24,33,14.11,4.5,3.48,0.36,0.33,0.82,0.72,1.52,1.15,0.65,0.54,-0.44,-0.49
257,CCN(CC)CCCC(C)NC1=CC=NC2=CC(=CC=C,CC[NH+](CC)CCC[C@H](C)NC1=C2C=CC(=CC2=[,2.5,5.12,6.1,8.22,4.7,5.05,,,0.40,0.71,0.79,0.91,0.67,0.70,,
258,,,140,111.26,4.1,5.94,570,143.68,0.43,0.20,2.15,2.05,0.61,0.77,2.76,2.16,-0.37,-0.70
259,N2,CC=C2,3.3,6.51,2.5,4.19,22,16.05,0.7,0.38,0.52,0.81,0.40,0.62,1.34,1.21,-0.15,-0.42
260,C=C13,C=C2,10,12.15,16,13.24,11,15.37,0.056,0.05,1.00,1.08,1.20,1.12,1.04,1.19,-1.25,-1.27
262,C=C13CN(C)[C@H]1[C@@H]2C[C@H]3C(=C(O)[C,CC=C2C[NH+](C)[C@H]1[C@@H]2C[C@H]3C(=C([O-,13.7,11.21,11.5,7.86,25.8,17.75,,,1.14,1.05,1.06,0.90,1.41,1.25,,
263,@]2(O)C(=O)C(=C1O)C(N)=O)C(=O)C4=C(O),])[C@]2(O)C(=O)C(=C1[O-,0.9,0.97,2,1.60,7,8.15,0.52,0.29,0.05,-0.02,0.30,0.21,0.85,0.91,-0.28,-0.54
264,O)C3=CC=CC=C23C1CN=C(N1)C2CC2(C3=CC=CC=C3)C4=CC,C3=C2C=CC=C3C1C[NH+]=C(N1)[C@@H]2CC2(C3=CC=CC=C3)C4,3.9,3.10,1.5,1.43,36,17.59,0.24,0.13,0.59,0.49,0.18,0.16,1.56,1.25,-0.62,-0.89
265,=CC=C4CCC#CC[C@H](C)[C@H](O)C#C[C@H]1[C,=CC=CC=C4CCC#CC[C@H](C)[C@H](O)C#C[C@H]1[C@H](O),4.1,3.95,8.6,12.86,7.3,8.13,0.5,0.23,0.61,0.60,0.93,1.11,0.86,0.91,-0.30,-0.64
266,@H](O)C[C@@H]2CC(C[C@H]12)=CCOCC(O)=OCC(C)C(=O)OCC(=O)[C@]12O[C@H](O[C@@H]1C[C@@H]3[C@@H]4CCC5=CC(=O)C=,C[C@@H]2C\C(C[C@H]12)=C/COCC([O-])=OCC(C)C(=O)OCC(=O)[C@@]12O[C@H](O[C@@H]1,0.08,0.28,3.8,5.55,1.1,1.08,,,1.10,-0.55,0.58,0.74,0.04,0.03,,
267,C[C@]5(C)[C@H]4[C@@H](O)C[C@]23C)C6CCCCC6CC(C)[N@+]1(C)[C@H]2CC[C@H]1C[C@@,C[C@@H]3[C@@H]4CCC5=CC(=O)C=C[C@]5(C)[C@H]4[C@H](O)C[C@]23C)C6CCCCC6CC(C)[N+]1(C)[C@H]2CC[C@H]1CC(C2)OC(=O)[C,2.9,2.30,33.3,15.54,0.37,1.07,0.01,0.02,0.46,0.36,1.52,1.19,-0.43,0.03,-2.00,-1.74
268,H](C2)OC(=O)[C@@H](C3CCCC3)C4=CC=CC=C4NC1=NC(=O)N(C[C@@H](CO)OC[P](O)(O)=,@@H](C3CCCC3)C4=CC=CC=C4NC1=NC(=O)N(C[C@@H](CO)OC[P]([O-])([O-,1.25,1.55,8.41,9.40,3.3,4.48,,,0.10,0.19,0.92,0.97,0.52,0.65,,
269,O)C=C1CC1(C)C[C@@H]1C(=O)NC(=CCCCCSC[C@,])=O)C=C1CC1(C)C[C@@H]1C(=O)N\C(=C/CCCCSC[C@H]([N,0.49,0.39,2.5,3.41,2.6,2.53,1,0.90,0.31,-0.41,0.40,0.53,0.41,0.40,0.00,-0.05
270,H](N)C(O)=O)C(O)=OOC(=O)[C@H](CCC1=CC=CC=C1)N[C@H]2,H3+])C([O-])=O)C([O-])=O[O-,0.15,0.19,2.3,2.36,0.86,1.30,0.6,0.46,0.82,-0.72,0.36,0.37,-0.07,0.11,-0.22,-0.33
271,CCCN3CCC[C@H](N3C2=O)C(O)=OCC(C)[C@@H]1N(C)C(=O)[C@@H](CC2=C,]C(=O)[C@H](CCC1=CC=CC=C1)[NH2+][C@H]2CCCN3CCC[C@H](N3C2=O)C([O-])=OCC(C)[C@@H]1N(C)C(=O)[C@@H](CC2=CC=CC=C2)NC(=O)[C@H](CC([O-,3.7,1.77,2.1,2.01,50.6,16.81,,,0.57,0.25,0.32,0.30,1.70,1.23,,
272,C=CC=C2)NC(=O)[C@H](CC(O)=O)NC(=O)CNC(=O)[C@H](CCCNC(N)=N)NC1=OCOC1=CC=C(C=C1OC2CCCC2)[C@@]3(CC[,])=O)NC(=O)CNC(=O)[C@H](CCCNC(N)=[NH2+])NC1=OCOC1=C(OC2CCCC2)C=C(C=C1)C3(CCC(CC3)C([O,0.26,0.33,1.18,1.79,3.6,2.84,,,0.59,-0.48,0.07,0.25,0.56,0.45,,
273,C@H](CC3)C(O)=O)C#N,-])=O)C#N,0.23,0.29,0.5,0.98,7.9,6.17,0.006,0.01,0.64,-0.54,-0.30,-0.01,0.90,0.79,-2.22,-1.83
274,CNC(NC#N)=NCCSCC1=C(C)[NH]C=N1C[N+]1(CC2CC2)[C@@H]3C[C@H](C[C@H],CNC(NC#N)=NCCSCC1=C(C)[NH]C=N1C[N+]1(CC2CC2)[C@@H]3CC(C[C@H]1[C@@H]4,1.2,1.16,8.1,6.07,2.2,2.33,0.78,0.75,0.08,0.06,0.91,0.78,0.34,0.37,-0.11,-0.13
275,1[C@@H]4O[C@H]34)OC(=O)[C@H](CO)C5=CC=CC=C5C4)C(O)=OOC(=O)C1=CN(C2CC2)C3=CC(=C(F)C=C3C1,O[C@H]34)OC(=O)[C@H](CO)C5=CC=CC=C5C=CC=C3)C=C2)C=CC=C1)CC4=CC=C(C=C4)C([O-])=O[O-,1.12,1.41,25,18.20,0.83,1.29,,,0.05,0.15,1.40,1.26,-0.08,0.11,,
278,=O)N4CCNCC4CN(C)[C@H]([C@H]1CCCC[C@H]1O)C2=C,]C(=O)C1=CN(C2CC2)C3=C(C=C(F)C(=C3)N4CC[NH2+]CC4)C1=OC[NH+](C)[C@H]([C@H]1CCCC[C@H]1O)C2=CC(=,2.1,1.21,8.3,6.04,3.8,7.33,0.7,0.58,0.32,0.08,0.92,0.78,0.58,0.87,-0.15,-0.23
279,C(=CC=C2)OCO[C@@H]1CN(CCCOC2=CC=C(F)C=C2)C,CC=C2)OCO[C@@H]1C[NH+](CCCOC2=CC=C(F)C=C2)CC[,,,2.2,4.70,3.85,4.23,,,,,0.34,0.67,0.59,0.63,,
280,C[C@@H]1NC(=O)C3=C(OC)C=C(N)C(=C3)CN(C)CCCC1(OCC2=CC(=CC=C12)C#N)C3=,C[NH+](C)CCC[C@]1(OCC2=C1C=CC(=C2)C#N)C3,1.2,1.53,1.5,2.78,11.7,11.31,0.02,0.03,0.08,0.19,0.18,0.44,1.07,1.05,-1.70,-1.57
281,CC=C(F)C=C3NC1=NC(=NC2=C1N=C[N]2[C@H]3C[C@H](,=CC=C(F)C=C3NC1=C2N=C[N]([C@@H]3C[C@H](O)[C@@H](CO,12,9.53,4.3,5.68,33,18.93,0.2,0.16,1.08,0.98,0.63,0.75,1.52,1.28,-0.70,-0.79
282,CC[C@H]1OC(=O)[C@H](C)[C@@H](O[C@H]2C[C@@](C)(OC)[C@@H](O)[C@H](C)O2)[C@H](C)[C@@H](O[C@@H]3O[C@H](C),CC[C@H]1OC(=O)[C@H](C)[C@@H](O[C@H]2C[C@@](C)(OC)[C@@H](O)[C@H](C)O2)[C@H](C)[C,7.7,3.47,14,9.77,16,8.92,0.79,0.65,0.89,0.54,1.15,0.99,1.20,0.95,-0.10,-0.19
283,C[C@@H]([C@H]3O)N(C)C)[C@@](C)(C[C@@H](C)C(=O)[C@H](C)[C@@H](O)[C@]1(C)O)OCOCC=C1O[C@@H]2CC(=O)N2[C@H]1C(O)=,@@H](O[C@@H]3O[C@@H](C)C[C@@H]([C@H]3O)[NH+](C)C)[C@@](C)(C[C@@H](C)C(=O)[C@H](C)[C@@H](O)[C@]1(C)O)OC,1.5,1.76,7.3,4.70,2.8,3.30,0.23,0.18,0.18,0.25,0.86,0.67,0.45,0.52,-0.64,-0.74
284,COC1=CC=CC=C1OC2=C(N[S](=O)(=O)C3=,OC\C=C1\O[C@@H]2CC(=O)N2[C@H]1C([O-])=OCOC1=C(OC2=C(OCCO)N=C(N=C2N[S](=O)(=O)C3,0.22,0.28,3.1,3.07,0.9,1.33,0.91,0.82,0.66,-0.56,0.49,0.49,-0.05,0.12,-0.04,-0.08
285,CC=C(C)C=N3)N=C(N=C2OCCO)C4=CC=NC(=C4)C5=NN=N[NH]5COC1=CC=C(C=C1)[C@@H]2SC3=C(C=CC(,=NC=C(C)C=C3)C4=CC(=NC=C4)C5=NN=N[N-]5)C=CC=C1,0.23,0.29,10.5,6.69,2.6,3.40,0.02,0.02,0.64,-0.54,1.02,0.83,0.41,0.53,-1.70,-1.70
286,CCCC(=O)OCOC(=O)C1=C(C)NC(=C(C1C2=,)N(CC[NH+](C)C)C(=O)[C@@H]2OC(C)=OCCCC(=O)OCOC(=O)C1=C(C)NC(=C([C@H]1C2=C(,9.7,3.14,13.7,9.96,10.6,9.68,0.1,0.07,0.99,0.50,1.14,1.00,1.03,0.99,-1.00,-1.17
287,NC1CCN(C1)C2=C(F)C=C3C(=O)C(=CN(C4C,0.00380.01,0.58,0.73,142,43.79,0.3,1.04,,,0.24,-0.14,2.15,1.64,-0.52,0.02,-2.42,-2.05
288,CCC[C@@H]1C[C@H](N(C)C1)C(=O)N[C@,O)C(=CN3C4CC4)C([O-])=OCCC[C@@H]1C[C@H]([NH+](C)C1)C(=O)N[C@H](,1.9,1.46,4.7,4.35,5.4,7.43,0.96,0.73,0.28,0.16,0.67,0.64,0.73,0.87,-0.02,-0.14
289,O)[C@@H](O)[C@H]2O,](O)[C@@H]2O,0.79,0.95,4.5,3.66,2.1,2.55,0.06,0.14,0.10,-0.02,0.65,0.56,0.32,0.41,-1.22,-0.84
290,NC1=NC(=NC2=C1N=C[N]2[C@@H]3O[C@,NC1=C2N=C[N]([C@@H]3O[C@H](CO)[C@@H](O,0.88,0.81,1.6,1.92,43.2,24.23,0.64,0.50,0.06,-0.09,0.20,0.28,1.64,1.38,-0.19,-0.30
291,,,1.75,2.20,7.7,7.57,4,3.92,0.53,0.55,0.24,0.34,0.89,0.88,0.60,0.59,-0.28,-0.26
292,)C=C13,CC=C2[O-,13,14.46,8.2,9.80,26,22.05,0.029,0.08,1.11,1.16,0.91,0.99,1.41,1.34,-1.54,-1.12
293,=C23)[N](=O)=O,=C3)C=C1,2.9,0.97,0.88,0.83,38,23.34,0.15,0.03,0.46,-0.02,-0.06,-0.08,1.58,1.37,-0.82,-1.51
294,COC(=O)[C@@H](N1CCC2=C(C1)C=CS2)C3,COC(=O)[C@@H]([NH+]1CCC2=C(C1)C=CS2)C3=,3.3,4.85,4,5.44,7.6,5.77,0.56,0.26,0.52,0.69,0.60,0.74,0.88,0.76,-0.25,-0.59
295,CN1CCN(CC1)C2=NC3=CC(=CC=C3NC4=C,C[NH+]1CCN(CC1)C2=NC3=C(NC4=C2C=CC=C4)C,2.01,2.08,23.65,13.91,5.06,5.26,0.02,0.03,0.30,0.32,1.37,1.14,0.70,0.72,-1.70,-1.54
296,OC1(CN(C1)C(=O)C2=C(NC3=C(F)C=C(I)C=,OC1(CN(C1)C(=O)C2=C(NC3=C(F)C=C(I)C=C3)C(=,1.6,2.01,2.5,4.14,10,10.87,0.055,0.06,0.20,0.30,0.40,0.62,1.00,1.04,-1.26,-1.22
297,C3)C(=C(F)C=C2)F)[C@@H]4CCCCN4298CCOC(=O)[C@H]1[C@H](C[C@@H]2CC[CCCOC(=O)[C@H]1[C@H](C[C@@H]2CC[C@H]1[NH](O)[C@@H]5OC1=C2[C@]45CCN3CCOC1=CC=C2C(=CC1=O)[C@H](CCC3=CC(,C(F)C=C2)F)[C@@H]4CCCC[NH2+]4CC(=C2[C@@]34CC[NH+]5C)C=C1COC1=CC=C2C(=CC1=O)[C@H](CCC3=C2C(=C(O,15.4,12.23,2.8,3.01,68.8,44.42,0.05,0.04,1.19,1.09,0.45,0.48,1.84,1.65,-1.30,-1.39
301,=C(OC)C(=C23)OC)OC)NC(C)=OCOC1=CC=C(C=CC2=CC(=C(OC)C(=C2)OC),C)C(=C3)OC)OC)NC(C)=OCOC1=C(O[P]([O-])([O-,6.1,4.84,2.1,3.20,58,20.77,0.61,0.28,0.79,0.69,0.32,0.50,1.76,1.32,-0.21,-0.56
302,OC)C=C1O[P](O)(O)=OCC1=NC2=C([NH]1)C3=CC=CC=C3N(CC2)C,])=O)C=C(C=C1)\C=C/C2=CC(=C(OC)C(=C2)OC)OCCC1=NC2=C([NH]1)C3=C(C=CC=C3)N(CC2)C(=O),0.11,0.14,5.86,4.26,0.47,1.05,0.23,0.14,0.96,-0.86,0.77,0.63,-0.33,0.02,-0.64,-0.85
303,(=O)C4=CC=C(NC(=O)C5=CC=CC=C5C6=CC=CC=C6)C=C4COC1=C(OCCCN2CCOCC2)C=CC3=C1N=C(,C4=CC=C(NC(=O)C5=C(C=CC=C5)C6=CC=CC=C6)C=C4COC1=C2N=C(NC(=O)C3=CN=C(N)N=C3)N4CCN=,0.76,0.96,3,2.69,6.7,9.50,0.01,0.01,0.12,-0.02,0.48,0.43,0.83,0.98,-2.00,-2.04
304,NC(=O)C4=CN=C(N)N=C4)N5CCN=C35CC[C@@]1(O)C(=O)OCC2=C1C=C3N(CC4=,C4C2=CC=C1OCCC[NH+]5CCOCC5CC[C@@]1(O)C(=O)OCC2=C1C=C3N(CC4=C3N=C,10.34,8.22,6.42,6.02,25.2,16.62,,,1.01,0.91,0.81,0.78,1.40,1.22,,
305,C3N=C5C=CC=CC5=C4CC[Si](C)(C)C)C2=O,5C=CC=CC5=C4CC[Si](C)(C)C)C2=O,3.26,1.84,4.2,3.79,13.2,9.56,,,0.51,0.26,0.62,0.58,1.12,0.98,,
306,CN1[C@@H](CCC1=O)C2=CC=CN=C2,CN1[C@@H](CCC1=O)C2=CN=CC=C2,1.1,0.72,0.89,1.72,17,7.58,,,0.04,-0.14,-0.05,0.24,1.23,0.88,,
307,O=C1OC2=C(C=CC=C2)C=C1CCCCCCCCC=CCCCCCCCC(=O)OC[C@H]1,O=C1OC2=C(C=CC=C2)C=C1CCCCCCCC\C=C\CCCCCCCC(=O)OC[C@H]1O[C@,1.1,0.87,23.6,13.35,0.8,1.13,0.17,0.20,0.04,-0.06,1.37,1.13,-0.10,0.05,-0.77,-0.70
308,O[C@H]([C@@H](O)[C@@H]1O)N2C=CC(=NC2=O)NC[C@@H](O)[C@@H]1[C@@H]2SC(=C(N2,H]([C@@H](O)[C@@H]1O)N2C=CC(=NC2=O)NC[C@@H](O)[C@H]1[C@@H]2SC(=C(N2C1=O)C([,0.41,0.52,0.36,1.13,0.36,1.03,,,0.39,-0.29,-0.44,0.05,-0.44,0.01,,
309,C1=O)C([O-])=O)S[C@H]3CC[S@@](=O)C3C[N]1N=NN=C1SCC2=C(N3[C@H](SC2)[C@,O-])=O)S[C@H]3CC[S@](=O)C3C[N]1N=NN=C1SCC2=C(N3[C@@H](SC2)[C@H](N,0.21,0.26,5.1,4.28,0.9,1.08,0.9,0.62,0.68,-0.58,0.71,0.63,-0.05,0.03,-0.05,-0.21
310,H](NC(=O)C(=NOCC(O)=O)C4=N[NH]C=C4)C3=O)C(O)=OC[C@@H](OC1=CC(=CN=C1N)C2=C[N](N=,C(=O)\C(=N\OCC([O-])=O)C4=N[NH]C=C4)C3=O)C([O-])=OC[C@@H](OC1=C(N)N=CC(=C1)C2=C[N](N=C2)C3,0.22,0.22,1.83,1.49,1.33,1.51,,,0.66,-0.66,0.26,0.17,0.12,0.18,,
311,COC1=CC2=C(C=C1OCCCCCCC(=O)NO)C(=,COC1=C(OCCCCCCC(=O)N[O-,22.15,17.60,9.75,7.90,38.9,24.93,0.09,0.06,1.35,1.25,0.99,0.90,1.59,1.40,-1.05,-1.24
312,NC=N2)NC3=CC=CC(=C3)C#C,])C=C2C(=NC=NC2=C1)NC3=CC(=CC=C3)C#C,0.56,0.69,11.99,7.08,5.01,6.35,,,0.25,-0.16,1.08,0.85,0.70,0.80,,
313,NC#NCN1CCN(CC1)C(C2=CC=CC=C2)C3=CC=CC,NC#NC[NH+]1CC[NH+](CC1)C(C2=CC=CC=C2)C3=CC=,0.78,0.62,17,12.98,0.43,0.69,,,0.11,-0.21,1.23,1.11,-0.37,-0.16,,
314,=C3NC1=NC(=O)N(C=C1)[C@@H]2C=C(CO)[C,CC=C3NC1=NC(=O)N(C=C1)[C@@H]2C=C(CO)[C@@H](,16.5,13.10,14.5,11.80,13.53,11.52,,,1.22,1.12,1.16,1.07,1.13,1.06,,
315,@@H](O)[C@H]2O,O)[C@H]2O,,,3.61,4.58,,,,,,,0.56,0.66,,,,
316,CCC[C@H](NC1=NC(=NC=C1C)C2=CC(=C(,CCC[C@H](NC1=C(C)C=NC(=N1)C2=CC(=C(NC(=,0.73,0.85,1.1,1.41,8,4.77,0.87,0.80,0.14,-0.07,0.04,0.15,0.90,0.68,-0.06,-0.10
317,NC(=O)NCC)C=C2)OC)C3=CN=CC=C3NC1=NC(=O)N(C=C1)[C@@H]2O[C@H](CO,O)NCC)C=C2)OC)C3=CN=CC=C3NC1=NC(=O)N(C=C1)[C@@H]2O[C@H](CO)[C@@,3.41,2.71,22.2,10.54,2.9,4.50,,,0.53,0.43,1.35,1.02,0.46,0.65,,
318,)[C@@H](O)[C@@H]2OC[N]1C(=NC2=CC(=CC=C12)C(=O)N(CCC(O,H](O)[C@@H]2OC[N]1C(=NC2=C1C=CC(=C2)C(=O)N(CCC([O-,0.67,0.78,41.67,16.79,0.17,0.54,0.87,0.86,0.17,-0.11,1.62,1.22,-0.77,-0.27,-0.06,-0.07
319,)=O)C3=CC=CC=N3)CNC4=CC=C(C=C4)C(N)=NCC(C)(C)C1=NC(=C(S1)C2=CC=NC(=N2)N)C,])=O)C3=NC=CC=C3)CNC4=CC=C(C=C4)C(N)=[NH2+]CC(C)(C)C1=NC(=C(S1)C2=NC(=NC=C2)N)C3=C(F),0.85,1.02,1.93,2.25,7.3,5.26,0.65,0.29,0.07,0.01,0.29,0.35,0.86,0.72,-0.19,-0.54
320,3=CC=CC(=C3F)N[S](=O)(=O)C4=C(F)C=CC=C4F,C(=CC=C3)N[S](=O)(=O)C4=C(F)C=CC=C4F,0.65,0.82,2.86,2.19,2.6,5.69,0.003,0.01,0.19,-0.09,0.46,0.34,0.41,0.75,-2.52,-2.29
321,CN(C)N=NC1=C([NH]C=N1)C(N)=OOCCN(CCC1=C[NH]C2=CC=CC=C12)CC3=C,CN(C)N=NC1=C([NH]C=N1)C(N)=OOCC[NH+](CCC1=C[NH]C2=C1C=CC=C2)CC3=CC,1.2,0.95,2.6,3.17,6.2,5.02,1,0.91,0.08,-0.02,0.41,0.50,0.79,0.70,0.00,-0.04
322,C=C(C=CC(=O)NO)C=C3COC(=O)N[C@@H](C(C)C)C(=O)N1CCC[C@H]1C2=NC=C([NH]2)C3=CC=C(C=C3)C4=,=C(\C=C/C(=O)N[O-])C=C3COC(=O)N[C@@H](C(C)C)C(=O)N1CCC[C@H]1C2=NC=C([NH]2)C3=CC=C(C=C3)C4=CC=C(C=C4)C5,2.17,1.72,7.6,5.37,12.43,8.86,0.23,0.15,0.34,0.24,0.88,0.73,1.09,0.95,-0.64,-0.82
323,CC=C(C=C4)C5=CN=C([NH]5)[C@@H]6CCCN6C(=O)[C@@H](NC(=O)OC)C(C)C,=CN=C([NH]5)[C@@H]6CCCN6C(=O)[C@@H](NC(=O)OC)C(C)C,0.67,0.84,1,1.58,13.5,10.64,0.01,0.01,0.17,-0.07,0.00,0.20,1.13,1.03,-2.00,-1.86
324,NC1=CC=NC=C1325CCN(CC)CC[S](=O)(=O)[C@@H]1CCN2[C@CC[NH+](CC)CC[S](=O)(=O)[C@@H]1CCN2[C@H],NC1=CC=[NH+]C=C1,2.6,2.06,9.3,8.64,3.6,2.30,1,0.81,0.41,0.31,0.97,0.94,0.56,0.36,0.00,-0.09
326,C@@H]2CC[C@@]5(C)[C@H]4CC[C@@]5(O)C#CCC(C)(C)OC(=O)N[C@H]1CCCCCC=C[C@@H]2C[C@]2(NC(=O)[C@@H]3C[C@H](CN3C,CC[C@@]5(C)[C@@H]4CC[C@@]5(O)C#CCC(C)(C)OC(=O)N[C@H]1CCCCC\C=C\[C@@H]2C[C@]2(NC(=O)[C@@H]3C[C@H](CN3C1=O)OC(=O,5.18,4.11,15.71,8.60,2.31,3.48,,,0.71,0.61,1.20,0.93,0.36,0.54,,
327,1=O)OC(=O)N4CC5=CC=CC(=C5C4)F)C(=O)N[S](=O)(=O)C6CC6O=C1CN(N=CC2=CC=C(O2)C3=CC=C(C=C3,)N4CC5=C(C4)C(=CC=C5)F)C(=O)N=[S]([O-])(=O)C6CC6[O-,0.22,0.28,11.53,9.08,1.81,2.83,0.02,0.03,0.66,-0.56,1.06,0.96,0.26,0.45,-1.70,-1.51
328,)[N](=O)=O)C(=O)N1CO[C@@H](C(=O)N1CC2=C(C1)C(=N[NH]2),][N+](=O)C1=CC=C(C=C1)C2=CC=C(O2)\C=N\N3CC(=O)NC3=OCO[C@@H](C(=O)N1CC2=C(C1)C(=N[NH]2)NC(=O,0.37,0.47,0.43,0.83,10,6.68,,,0.43,-0.33,-0.37,-0.08,1.00,0.82,,
329,NC(=O)C3=CC=C(C=C3)N4CCN(C)CC4)C5=CC=CC=C5,)C3=CC=C(C=C3)N4CC[NH+](C)CC4)C5=CC=CC=C,2.5,3.15,6.1,6.55,25,15.17,,,0.40,0.50,0.79,0.82,1.40,1.18,,
330,H](CO)[C@@H](O)[C@H](O)[C@H]3O)C=CNC1=CC=C(C=C1)[S](=O)(=O)C2=CC=C(N)C,@H](CO)[C@@H](O)[C@H](O)[C@H]3O)C=C1,1.7,1.35,3,3.48,12.2,8.27,0.09,0.07,0.23,0.13,0.48,0.54,1.09,0.92,-1.05,-1.14
331,=C2CCN(CC)CCN(CC1=CC=C(C=C1)C2=CC=C(,NC1=CC=C(C=C1)[S](=O)(=O)C2=CC=C(N)C=C2CC[NH+](CC)CCN(CC1=CC=C(C=C1)C2=CC=C(C=,0.83,0.90,0.48,0.96,22,10.64,0.25,0.22,0.08,-0.04,-0.32,-0.02,1.34,1.03,-0.60,-0.65
332,C=C2)C(F)(F)F)C(=O)CN3C4=C(CCC4)C(=O)N=C3SCC5=CC=C(F)C=C5NC(=O)C([C@@H]1CCN(CCC2=CC=C3OCC,C2)C(F)(F)F)C(=O)CN3C(=NC(=O)C4=C3CCC4)SCC5=CC=C(F)C=C5NC(=O)C([C@@H]1CC[NH+](CCC2=CC3=C(OCC3),11.9,9.44,4.11,4.34,40.9,32.60,,,1.08,0.98,0.61,0.64,1.61,1.51,,
333,C3=C2)C1)(C4=CC=CC=C4)C5=CC=CC=C5CC(C)CN(C[C@@H](O)[C@H](CC1=CC=CC,C=C2)C1)(C4=CC=CC=C4)C5=CC=CC=C5CC(C)CN(C[C@@H](O)[C@H](CC1=CC=CC=C1)N,2.6,2.06,12,8.23,3.6,5.46,0.02,0.02,0.41,0.31,1.08,0.92,0.56,0.74,-1.70,-1.61
334,=C1)NC(=O)O[C@H]2CO[C@H]3OCC[C@@H]23)[S](=O)(=O)C4=CC=C(N)C=C4COC1=C(C=C(C=C1C(C)(C)C)N2C=CC(=O)N,C(=O)O[C@H]2CO[C@H]3OCC[C@@H]23)[S](=O)(=O)C4=CC=C(N)C=C4COC1=C(C=C(C=C1C2=CC3=CC=C(N[S](C)(=O)=O),,,7.81,6.76,15,9.22,0.05,0.06,,,0.89,0.83,1.18,0.96,-1.30,-1.25
335,C2=O)C3=CC=C4C=C(N[S](C)(=O)=O)C=CC4=C3COC1=C2C(=O)C3=C(O)C4=C(C[C@](O)(C[,C=C3C=C2)N4C=CC(=O)NC4=O)C(C)(C)CCOC1=C2C(=O)C3=C(C(=C4C[C@@](O)(C[C@H](O,2.13,1.69,,,5.7,6.79,0.005,0.01,0.33,0.23,,,0.76,0.83,-2.30,-2.05
336,C@@H]4O[C@H]5C[C@H](N)[C@H](O)[C@H](C)O5)C(C)=O)C(=C3C(=O)C2=CC=C1)OCC(C)NC[C@@H](O)COC1=C(C)C(=C(O)C(=,[C@H]5C[C@H]([NH3+])[C@H](O)[C@H](C)O5)C4=C3O)C(C)=O)O)C(=O)C2=CC=C1CC(C)[NH2+]C[C@@H](O)COC1=C(C)C(=C(O)C(=,32.05,38.61,47.57,28.94,14.24,14.29,0.06,0.09,1.51,1.59,1.68,1.46,1.15,1.16,-1.22,-1.07
337,C1)C)CNC1=NC(=O)N(C=N1)[C@H]2C[C@H](O)[C,C1)C)CNC1=NC(=O)N(C=N1)[C@H]2C[C@H](O)[C@@H](,3.6,2.86,16.2,14.10,3.1,3.20,,,0.56,0.46,1.21,1.15,0.49,0.51,,
338,@@H](CO)O2OC(=O)C1=CC=C(C=C1)[N]2N=C(N=C2C3=,CO)O2OC1=C(C=CC=C1)C2=N[N](C3=CC=C(C=C3)C([O-,4.6,1.88,130,37.04,0.58,1.02,1,0.87,0.66,0.27,2.11,1.57,-0.24,0.01,0.00,-0.06
339,CC=CC=C3O)C4=CC=CC=C4OC[C@@]1(COC(=O)CCC(O)=O)[C@@H](CC[,])=O)C(=N2)C4=C(O)C=CC=C4C[C@@]1(COC(=O)CCC([O-,0.2,0.17,0.84,0.79,4.05,4.28,0.004,0.01,0.70,-0.76,-0.08,-0.10,0.61,0.63,-2.40,-2.25
340,C@]2(C)[C@@H]1CCC(=C)[C@H]2C=CC3=CCOC3=O)OC(=O)CCC(O)=ONC1=NC(=C(F)C=C1F)N2C=C(C(O)=O)C(=O,])=O)[C@@H](CC[C@]2(C)[C@@H]1CCC(=C)[C@H]2\C=C\C3=CCOC3=O)OC(=O)CCC([O-])=ONC1=C(F)C=C(F)C(=N1)N2C=C(C([O-,0.13,0.16,2,2.43,1.9,2.30,,,0.89,-0.79,0.30,0.39,0.28,0.36,,
341,,,0.35,0.44,2.33,2.24,2.1,3.19,0.16,0.10,0.46,-0.36,0.37,0.35,0.32,0.50,-0.80,-0.99
342,l)C2=C1CN(C)[C@H]1[C@@H]2C[C@@H]3[C@H](,C1C[NH+](C)[C@H]1[C@@H]2C[C@@H]3[C@H](O),2.2,2.20,0.17,0.19,200,72.05,0.051,0.03,0.34,0.34,-0.77,-0.72,2.30,1.86,-1.29,-1.52
343,O)C(=O)C(=C1O)C(N)=O)OCCC(CC)COC(C(=O)OCCN(C)C)(C1=CC=CC,])[C@]2(O)C(=O)C(=C1[O-])C(N)=OCCC(CC)COC(C(=O)OCC[NH+](C)C)(C1=CC=CC=C,1.3,0.90,1.1,1.28,12,8.99,0.59,0.21,0.11,-0.05,0.04,0.11,1.08,0.95,-0.23,-0.68
344,=C1)C2=CC=CC=C2NC1=NC(=O)N(C=C1F)[C@H]2C[C@H](O)[C,1)C2=CC=CC=C2NC1=NC(=O)N(C=C1F)[C@H]2C[C@H](O)[C@H](C,7.1,5.64,5.7,6.13,34,21.42,,,0.85,0.75,0.76,0.79,1.53,1.33,,
345,@@H](CO)O2CC=C4)[C@]5(O)C[C@H](OC(=O)[C@H](O)[,O)O2,0.91,1.67,5.09,6.99,0.78,1.10,,,0.04,0.22,0.71,0.84,-0.11,0.04,,
347,C@@H](NC(=O)C6=CC=CC=C6)C7=CC=CC=C7)C(=C([C@@H](OC(C)=O)C3=O)C5(C)C)CC(=O)N(O)CCCCCNC(=O)CCC(=O)N(O)CC,@]5(O)C[C@H](OC(=O)[C@H](O)[C@@H](NC(=O)C6=CC=CC=C6)C7=CC=CC=C7)C(=C([C@@H](OC(C)=O)C3=O)C5(C)C)CCC(=O)N([O-])CCCCCNC(=O)CCC(=O)N([O-,6.9,5.48,8.6,6.35,31,20.16,,,0.84,0.74,0.93,0.80,1.49,1.30,,
348,CCCNC(=O)CCC(=O)N(O)CCCCCNCNCCCN1C2=CC=CC=C2CCC3=CC=CC=C1,])CCCCCNC(=O)CCC(=O)N([O-])CCCCC[NH3+]C[NH2+]CCCN1C2=C(CCC3=C1C=CC=C3)C=CC=C,1.35,1.07,8.33,6.22,3.05,2.97,,,0.13,0.03,0.92,0.79,0.48,0.47,,
349,,,15,7.23,11,10.44,22,20.05,0.16,0.19,1.18,0.86,1.04,1.02,1.34,1.30,-0.80,-0.72
350,C2=C1CN(C)C[C@H](C1=CC=C(O)C=C1)C2(O)CC,C[NH+](C)C[C@H](C1=CC=C(O)C=C1)C2(O)CCCC,0.45,1.54,0.12,0.20,46,30.12,0.03,0.04,0.35,0.19,-0.92,-0.70,1.66,1.48,-1.52,-1.37
351,CCC2C[C@@H]1C[C@H]2[C@@H]3CCC4=CC(=O,C2C[C@@H]1C[C@@H]2[C@H]3CCC4=CC(=O)C=C[,3.5,3.09,4.9,6.82,8.4,6.61,0.7,0.64,0.54,0.49,0.69,0.83,0.92,0.82,-0.15,-0.19
352,)C=C[C@]4(C)[C@@]3(F)[C@@H](O)C[C@]2(C)[C@@]1(O)C(=O)COCCCCCCC(C)(C)C1=CC(=C2[C@H]3CC(=CC,C@]4(C)[C@@]3(F)[C@@H](O)C[C@]2(C)[C@@]1(O)C(=O)COCCCCCCC(C)(C)C1=CC2=C([C@H]3CC(=CC[C@@,0.94,0.86,3.3,4.03,3.7,4.01,0.32,0.24,0.03,-0.07,0.52,0.61,0.57,0.60,-0.49,-0.62
353,[C@@H]3C(C)(C)OC2=C1)CO)O354CCN[C@@H](C)CC1=CC=CC(=C1)C(F)(F)FCC[NH2+][C@@H](C)CC1=CC(=CC=C1)C(F)(F)FCCCCCN(CCCOC)C(=O)[C@@H](CCC(O)=O,H]3C(C)(C)O2)CO)C(=C1)OCCCCCN(CCCOC)C(=O)[C@@H](CCC([O-,5.06,4.02,21.38,11.66,7.33,9.97,0.66,0.45,0.70,0.60,1.33,1.07,0.87,1.00,-0.18,-0.35
355,C[C@H](C1=C[NH]C=N1)C2=CC=CC(=C2C),,0.18,0.31,3.7,3.11,1.2,2.02,0.024,0.05,0.74,-0.51,0.57,0.49,0.08,0.31,-1.62,-1.35
356,COC(=O)[C@@H]([C@H]1CCCCN1)C2=CC=,C[C@H](C1=C[NH]C=N1)C2=C(C)C(=CC=C2)CCOC(=O)[C@@H]([C@H]1CCCC[NH2+]1)C2=CC=,1.6,1.72,11,7.68,2.2,3.52,0.06,0.07,0.20,0.24,1.04,0.89,0.34,0.55,-1.22,-1.16
357,CC=C2COC(=O)C1=C(C)NC(=C([C@@H]1C2=CC=,CC=C2COC(=O)C1=C(C)NC(=C([C@@H]1C2=CC(=CC=C2)[N+]([O-,2.65,2.64,6.67,5.49,8,6.20,0.87,0.70,0.42,0.42,0.82,0.74,0.90,0.79,-0.06,-0.15
358,CC(=C2)[N](=O)=O)C(=O)OCCCN3CCC(CC3)(C4=CC=CC=C4)C5=CC=CC=C5)CC[C@@H](CN1CC(=O)NC(=O)C1)N2CC(=O),])=O)C(=O)OCCC[NH+]3CCC(CC3)(C4=CC=CC=C4)C5=CC=CC=C5)CC[C@@H](C[NH+]1CC(=O)NC(=O)C1)[NH+]2CC(=,8.4,6.67,9.3,8.67,22,14.91,,,0.92,0.82,0.97,0.94,1.34,1.17,,
359,NC(=O)C2C[C@H](CN1CCOCC1)C(C(=O)N2CCCC2)(C,O)NC(=O)C2C[C@H](C[NH+]1CCOCC1)C(C(=O)N2CCCC2)(C3=,0.55,0.69,3.1,3.52,2.5,2.90,1,0.85,0.26,-0.16,0.49,0.55,0.40,0.46,0.00,-0.07
360,3=CC=CC=C3)C4=CC=CC=C4C[C@@]12CCCCC[C@@H](CC3=C1C=C(O),CC=CC=C3)C4=CC=CC=C4C[C@]12CCCCC[C@@H](CC3=C1C=C(O)C=C3)[C,0.47,0.59,2.19,3.47,3.18,4.46,,,0.33,-0.23,0.34,0.54,0.50,0.65,,
361,C=C3)[C@@H]2NCC(=O)NC1=C(I)C(=C(I)C(=C1I)C(O)=O)NC(,@@H]2[NH3+]CC(=O)NC1=C(I)C(=C(I)C(=C1I)NC(C)=O)C([O-,5.6,4.45,27.5,22.56,3.9,5.64,0.08,0.15,0.75,0.65,1.44,1.35,0.59,0.75,-1.10,-0.84
362,C)=OCN1C(=O)CN=C(C2=CC=CC=C2)C3=CC(=C,])=OCN1C(=O)CN=C(C2=CC=CC=C2)C3=C1C=CC(=C3),0.26,0.32,1.7,1.70,1.8,2.03,1,0.31,0.59,-0.49,0.23,0.23,0.26,0.31,0.00,-0.51
363,,,1,1.22,0.38,0.57,42,20.31,0.023,0.03,0.00,0.09,-0.42,-0.24,1.62,1.31,-1.64,-1.46
364,NC[C@@H]1CC[C@@H](N)[C@H](O1)O[C@@H]2[C@@H](N)C[C@@H](N)[C@H](O[,[NH3+]C[C@@H]1CC[C@@H]([NH3+])[C@H](O1)O[C@@H]2[C@@H]([NH3+])C[C@@H]([NH3+])[C,0.21,0.26,0.06,0.25,48,20.99,0.06,0.09,0.68,-0.58,-1.22,-0.60,1.68,1.32,-1.22,-1.06
365,C@H]3O[C@H](CO)[C@@H](O)[C@H](N)[C@H]3O)[C@H]2O,@H](O[C@H]3O[C@H](CO)[C@@H](O)[C@H]([NH3+])[C@H]3O)[C@H]2O,0.13,0.16,0.8,0.95,2.4,2.57,,,0.89,-0.79,-0.10,-0.02,0.38,0.41,,
366,,,0.19,0.24,5.3,3.78,0.65,1.06,,,0.72,-0.62,0.72,0.58,-0.19,0.03,,
367,CC1=C(C(=O)N[C@H]2[C@H]3SC(C)(C)[C@,CC1=C(C(=O)N[C@H]2[C@@H]3SC(C)(C)[C@@H],0.22,0.25,3.5,2.00,1.4,2.34,0.005,0.01,0.66,-0.60,0.54,0.30,0.15,0.37,-2.30,-2.20
368,OC[C@@H]1CC[C@@H](O1)[N]2C=NC3=C2,OC[C@@H]1CC[C@@H](O1)[N]2C=NC3=C2N=CN,0.11,0.26,2,2.19,0.88,1.06,0.033,0.04,0.96,-0.58,0.30,0.34,-0.06,0.02,-1.48,-1.43
369,N=CNC3=OOC(=O)C1=CC(=CC=C1O)C2=CC=C(F)C=C2,C3=O,0.77,1.09,11,9.23,1.4,1.86,0.95,0.90,0.11,0.04,1.04,0.97,0.15,0.27,-0.02,-0.04
372,C[C@H]1O[C@H](C[C@H](O)[C@@H]1O)O[C@H]2[C@@H](O)C[C@@H](O[C@@H]2C)O[C@H]3[C@@H](O)C[C@@H](O[C@@H],OC1=C(C=C(C=C1)C2=C(F)C=C(F)C=C2)C([O-])=O0.0970.00160.0039C[C@H]1O[C@H](C[C@H](O)[C@@H]1O)O[C@H]2[C@@H](O)C[C@@H](O[C@@H]2C)O[C@H]3[C,,0.12,0.1,0.26,10,7.35,,,1.01,-0.91,-1.00,-0.59,1.00,0.87,-2.80,-2.40
373,3C)O[C@H]4CC[C@@]5(C)[C@H](CC[C@@H]6[C@@H]5CC[C@]7(C)[C@H](CC[C@]67O)C8=CC(=O)OC8)C4C[C@H]1O[C@H](C[C@H](O)[C@@H]1O)O[C@H]2[C@@H](O)C[C@@H](O[C@@H]2C)O[C@H]3[C@@H](O)C[C@@H](O[C@@H],@@H](O)C[C@@H](O[C@@H]3C)O[C@H]4CC[C@]5(C)[C@H](CC[C@@H]6[C@H]5CC[C@]7(C)[C@H](CC[C@]67O)C8=CC(=O)OC8)C4C[C@H]1O[C@H](C[C@H](O)[C@@H]1O)O[C@H]2[C@@H](O)C[C@@H](O[C@@H]2C)O[C@H]3[C,0.44,0.55,0.043,0.21,180,67.27,0.066,0.09,0.36,-0.26,-1.37,-0.68,2.26,1.83,-1.18,-1.03
374,3C)O[C@H]4CC[C@@]5(C)[C@H](CC[C@@H]6[C@@H]5C[C@@H](O)[C@]7(C)[C@H](CC[C@]67O)C8=CC(=O)OC8)C4COC1=C2O[C@H]3[C@@H](O)CC[C@H]4[C,@@H](O)C[C@@H](O[C@@H]3C)O[C@H]4CC[C@@]5(C)[C@H](CC[C@@H]6[C@H]5C[C@@H](O)[C@]7(C)[C@H](CC[C@]67O)C8=CC(=O)OC8)C4COC1=C2O[C@H]3[C@@H](O)CC[C@H]4[C@H]5,4.1,1.62,1.7,0.92,38,26.79,0.7,0.25,0.61,0.21,0.23,-0.04,1.58,1.43,-0.15,-0.61
375,@H]5CC(=C2[C@@]34CCN5C)C=C1CC(C)C[C@@H]1N2C(=O)[C@](C)(NC(=O)[C@@H]3C[C@H]4[C@@H](CC5=C[NH]C6=,CC(=C2[C@@]34CC[NH+]5C)C=C1CC(C)C[C@@H]1N2C(=O)[C@](C)(NC(=O)[C@@H,1.07,1.77,4.21,6.22,3.42,4.93,,,0.03,0.25,0.62,0.79,0.53,0.69,,
376,C5C4=CC=C6)N(C)C3)O[C@@]2(O)[C@@H]7CCCN7C1=OCN1C[C@@H](C[C@H]2[C@H]1CC3=C[NH]C4=CC=CC2=C34)C(=O)N[C@]5(C)O[C@]6(,]3C[C@H]4[C@@H](CC5=C[NH]C6=C5C4=CC=C6)[NH+](C)C3)O[C@]2(O)[C@@H]7CCCN7C1=OC[NH+]1C[C@@H](C[C@@H]2[C@H]1CC3=C[NH]C4=C3C2=CC=C4)C(=O)N[C@]5(C)O[C@@]6(O)[C,4.02,3.20,12.85,8.98,8.84,6.58,,,0.60,0.50,1.11,0.95,0.95,0.82,,
377,O)[C@@H]7CCCN7C(=O)[C@H](CC8=CC=CC=C8)N6C5=OCC[C@H]1CN2CC[C@H]1C[C@@H]2[C@@,@H]7CCCN7C(=O)[C@H](CC8=CC=CC=C8)N6C5=CC[C@H]1C[NH+]2CC[C@H]1C[C@@H]2[C@@H],0.33,1.29,15.07,11.33,0.55,1.31,0.07,0.06,0.48,0.11,1.18,1.05,-0.26,0.12,-1.15,-1.22
378,H](O)C3=CC=NC4=CC=C(OC)C=C34C[C@H](CCC1=CC=CC=C1)NC[C@H](O)C2,(O)C3=C4C=C(OC)C=CC4=NC=C3C[C@H](CCC1=CC=CC=C1)[NH2+]C[C@H](O)C2=,2.8,4.18,4.2,4.71,5.7,7.01,0.22,0.23,0.45,0.62,0.62,0.67,0.76,0.85,-0.66,-0.63
379,=CC=C(O)C(=C2)C(N)=OCOC1=CC=C(C=C1)[C@@H]2SC3=CC=CC=,CC(=C(O)C=C2)C(N)=OCOC1=CC=C(C=C1)[C@@H]2SC3=C(C=CC=C3)N(,4.8,2.68,29,19.75,3.3,5.95,,,0.68,0.43,1.46,1.30,0.52,0.77,,
380,C3N(CCN(C)C)C(=O)[C@@H]2OC(C)=OC[C@H](C1=CC=CC=N1)C2=C(CCN(C)C)CC,CC[NH+](C)C)C(=O)[C@@H]2OC(C)=OC[C@H](C1=NC=CC=C1)C2=C(CC[NH+](C)C)CC3=,4.1,3.26,13,9.14,5.6,6.07,0.18,0.12,0.61,0.51,1.11,0.96,0.75,0.78,-0.74,-0.92
381,3=C2C=CC=C3CCC1=C2N=C(C=C(NCC3=C[N](=CC=C3)=O,C2C=CC=C3CCC1=C2N=C(C=C(NCC3=C[N+](=CC=C3)[O-,2.16,3.57,4.83,5.55,4.6,6.63,,,0.33,0.55,0.68,0.74,0.66,0.82,,
382,)[N]2N=C1)N4CCCC[C@H]4CCO383CN(C)CCOC(C1=CC=CC=C1)C2=CC=CC=C2C[NH+](C)CCOC(C1=CC=CC=C1)C2=CC=CC=C2CCC(C)(C)NCC(O)COC1=CC=CC=C1C(=O)C,])[N]2N=C1)N4CCCC[C@@H]4CCOCCC(C)(C)[NH2+]C[C@@H](O)COC1=C(C=CC=C1),0.32,0.40,4.65,4.79,2.1,3.08,0.19,0.16,0.49,-0.39,0.67,0.68,0.32,0.49,-0.72,-0.80
384,CC2=CC=CC=C2CN1C(=O)N(C)C2=C([N](CC(O)CO)C=N2)C1,C(=O)CCC2=CC=CC=C2CN1C(=O)N(C)C2=C([N](C[C@H](O)CO)C=N2)C1=,1.2,1.51,11,9.34,1.5,2.37,0.017,0.03,0.08,0.18,1.04,0.97,0.18,0.37,-1.77,-1.54
385,=OOCCN(CCO)C1=NC2=C(N=C(N=C2N3CCCC,OCCN(CCO)C1=NC2=C(N=C(N=C2C(=N1)N3CCCC,0.42,0.53,4.8,4.74,1.7,2.67,,,0.38,-0.28,0.68,0.68,0.23,0.43,,
386,C3)N(CCO)CCO)C(=N1)N4CCCCC4CC(C)N(CCC(C(N)=O)(C1=CC=CC=C1)C2=C,C3)N(CCO)CCO)N4CCCCC4CC(C)[NH+](CC[C@](C(N)=O)(C1=CC=CC=C1)C2=,0.82,0.92,2,2.60,13,11.15,0.009,0.03,0.09,-0.04,0.30,0.41,1.11,1.05,-2.05,-1.50
387,C=CC=N2)C(C)CCN(CCCCCCN(C)C(=O)OC1=C[N+](=CC=C1,NC=CC=C2)C(C)CCN(CCCCCCN(C)C(=O)OC1=C[N+](=CC=C1)C)C(=,0.52,0.65,0.9,1.84,7,6.75,0.16,0.20,0.28,-0.18,-0.05,0.26,0.85,0.83,-0.80,-0.71
388,)C)C(=O)OC2=C[N+](=CC=C2)C[Na+].[Na+].CC(C)(C)[N+]([O-,O)OC2=C[N+](=CC=C2)CCC(C)(C)\[N+]([O-])=C/C1=C(C=C(C=C1)[S]([O-,1,1.22,0.2,0.72,59.8,23.34,,,0.00,0.09,-0.70,-0.14,1.78,1.37,,
389,])=CC1=C(C=C(C=C1)[S]([O-])(=O)=O)[S]([O-])(=O)=OCC(CN1CCN(CCOCCO)CC1)CN2C3=CC=CC,])(=O)=O)[S]([O-])(=O)=OC[C@@H](CN1C2=C(SC3=C1C=CC=C3)C=CC=C2),0.18,0.23,1.35,1.47,3.6,3.39,0.6,0.30,0.74,-0.64,0.13,0.17,0.56,0.53,-0.22,-0.52
390,=C3SC4=C2C=CC=C4,C[NH+]4CC[NH+](CCOCCO)CC4,4.06,5.11,16.27,11.65,3.11,4.57,,,0.61,0.71,1.21,1.07,0.49,0.66,,
391,OC1=CC(=C(O)C=C1)[S](O)(=O)=O,OC1=CC(=C(O)C=C1)[S]([O-])(=O)=O,0.12,0.15,0.87,1.59,2.01,2.05,,,0.92,-0.82,-0.06,0.20,0.30,0.31,,
393,C=C4)[C@]5(O)C[C@H](OC(=O)[C@H](O)[C@@H](NC(=O)OC(C)(C)C)C6=CC=CC=C6)C(=C([C@@H](O)C3=O)C5(C)C)CCN(CCOC1=CC=C(N[S](C)(=O)=O)C=C1)CC,5(O)C[C@H](OC(=O)[C@H](O)[C@@H](NC(=O)OC(C)(C)C)C6=CC=CC=C6)C(=C([C@@H](O)C3=O)C5(C)C)CC[NH+](CCOC1=CC=C(N[S](C)(=O)=O)C=C1)CCC2,2.1,2.64,14,10.28,11,13.91,0.04,0.06,0.32,0.42,1.15,1.01,1.04,1.14,-1.40,-1.24
394,C2=CC=C(N[S](C)(=O)=O)C=C2O=C1CN2[C@@H]3CC(C[C@H]2CC1C3)OC(,=CC=C(N[S](C)(=O)=O)C=C2O=C1C[NH+]2[C@@H]3CC(C[C@H]2CC1C3)OC(=,3.3,2.62,5.2,5.62,8.1,6.84,0.36,0.24,0.52,0.42,0.72,0.75,0.91,0.83,-0.44,-0.62
395,=O)C4=C[NH]C5=CC=CC=C45,O)C4=C[NH]C5=C4C=CC=C5,2,2.52,180,64.90,0.13,0.49,0.49,0.35,0.30,0.40,2.26,1.81,-0.89,-0.31,-0.31,-0.45
396,C=CC=C45)CC3)C(=O)NC2=C1,5=C4C=CC=C5)CC3)C(=O)N2,3.4,2.70,9.5,7.03,7.5,6.81,0.082,0.06,0.53,0.43,0.98,0.85,0.88,0.83,-1.09,-1.24
397,NCCC1=CC(=C(O)C=C1)OC[C@H](O)[C@H]1C2[C@H](C)C(=C(N2C1=,[NH3+]CCC1=CC(=C(O)C=C1)OC[C@H](O)[C@H]1[C@H]2[C@H](C)C(=C(N2C1=O,0.74,0.93,65.9,32.24,0.42,0.90,0.87,0.83,0.13,-0.03,1.82,1.51,-0.38,-0.04,-0.06,-0.08
398,O)C(O)=O)S[C@H]3CN[C@H](CN[S](N)(=O)=O)C3CCN1CC(CCN2CCOCC2)C(C1=O)(C3=CC=C,)C([O-])=O)S[C@H]3C[NH2+][C@H](CN[S](N)(=O)=O)C3CCN1C[C@@H](CC[NH+]2CCOCC2)C(C1=O)(C3=,0.23,0.29,3.26,2.88,1.2,1.68,0.92,0.78,0.64,-0.54,0.51,0.46,0.08,0.23,-0.04,-0.11
399,C=C3)C4=CC=CC=C4COC1=CC2=NC(=NC(=C2C=C1OC)N)N3CC,CC=CC=C3)C4=CC=CC=C4COC1=C(OC)C=C2C(=NC(=NC2=C1)N3CCN(CC3)C,1.2,1.46,5.3,5.31,4.1,4.86,,,0.08,0.16,0.72,0.72,0.61,0.69,,
400,N(CC3)C(=O)C4COC5=CC=CC=C5O4CN(C)CCC=C1C2=CC=CC=C2COC3=CC=CC,(=O)[C@H]4COC5=C(O4)C=CC=C5)NC[NH+](C)CC\C=C1\C2=C(COC3=C1C=CC=C3)C=C,1.3,0.93,1.6,1.94,10,7.71,0.017,0.03,0.11,-0.03,0.20,0.29,1.00,0.89,-1.77,-1.55
401,=C13C[C@H]1O[C@H]([C@H](O)[C@@H]1O)N2,C=C2C[C@H]1O[C@H]([C@H](O)[C@@H]1O)N2C=C(F),12,6.79,14,12.07,15,11.56,0.2,0.17,1.08,0.83,1.15,1.08,1.18,1.06,-0.70,-0.76
402,C=C(F)C(=O)NC2=OCN1C(=O)N(C)C2=C([N](CC3OCCO3)C=N2),C(=O)NC2=O,0.28,0.35,11,7.01,0.35,0.73,0.61,0.70,0.55,-0.45,1.04,0.85,-0.46,-0.14,-0.21,-0.15
403,C1=OCOC1=CC=CC2=C1C(=O)C3=C(O)C4=C(C[C,CN1C(=O)N(C)C2=C([N](CC3OCCO3)C=N2)C1=OCOC1=C2C(=O)C3=C(C(=C4C[C@](O)(C[C@H](O[,1.03,0.85,6.83,6.59,1.66,2.11,,,0.01,-0.07,0.83,0.82,0.22,0.32,,
404,@](O)(C[C@@H]4O[C@H]5C[C@H](N)[C@H](O)[C@H](C)O5)C(=O)CO)C(=C3C2=O)OC[C@@H]1[C@H]2[C@H](O)[C@H]3[C@H],C@H]5C[C@H]([NH3+])[C@H](O)[C@H](C)O5)C4=C3O)C(=O)CO)O)C(=O)C2=CC=C1C[C@H]1[C@H]2[C@H](O)[C@@H]3[C@H]([NH+],22,27.67,15,18.59,32,22.98,0.28,0.19,1.34,1.44,1.18,1.27,1.51,1.36,-0.55,-0.72
405,(N(C)C)C(=C(C(N)=O)C(=O)[C@@]3(O)C(=C2C(=O)C4=C(O)C=CC=C14)O)OCCCCCCCCOCCOC(=O)CN(CC(O)=O)C1=C,(C)C)C(=C(C(N)=O)C(=O)[C@@]3(O)C(=C2C(=O)C4=C1C=CC=C4O)[O-])[O-]CCCCCCCCOCCOC(=O)CN(CC([O-,0.69,0.87,0.46,0.82,14,11.36,0.12,0.19,0.16,-0.06,-0.34,-0.09,1.15,1.06,-0.92,-0.73
406,C=CC=C1OCCOC2=CC=CC=C2N(CC(O)=O)CC(=O)OCCOCCCCCCCCCON=C(C(=O)N[C@H]1[C@H]2SCC(=C(N2C1=O)C([O-,])=O)C1=C(OCCOC2=C(C=CC=C2)N(CC([O-])=O)CC(=O)OCCOCCCCCCCC)C=CC=C1CO\N=C(\C(=O)N[C@H]1[C@@H]2SCC(=C(N2C1=O)C([O-,1.1,0.90,14,8.19,3.5,3.30,,,0.04,-0.04,1.15,0.91,0.54,0.52,,
407,])=O)C[N+]3=CC=C(C=C3)C4=CN=CO4)C5=CSC(=N5)NCCCCN(CCCC)CCCOC1=CC=C(C=C1)C(=O),])=O)C[N+]3=CC=C(C=C3)C4=CN=CO4)C5=CSC(=N5)NCCCC[NH+](CCCC)CCCOC1=CC=C(C=C1)C(=O)C2,0.22,0.28,1.76,2.02,1.78,2.60,,,0.66,-0.56,0.25,0.30,0.25,0.42,,
408,C2=C(CCCC)OC3=C2C=C(N[S](C)(=O)=O)C=C3FC1=CC=C(C=C1)C(=O)CCCN2CCC(=CC2)N,=C(CCCC)OC3=C2C=C(N[S](C)(=O)=O)C=C3FC1=CC=C(C=C1)C(=O)CCC[NH+]2CCC(=CC2)N3,20,15.89,33.33,15.06,16,10.92,0.02,0.01,1.30,1.20,1.52,1.18,1.20,1.04,-1.70,-1.84
409,3C(=O)NC4=C3C=CC=C4CCOC1=CC=C(C=C2NCCC3=CC(=C(OCC)C,C(=O)NC4=C3C=CC=C4CCOC1=C(OCC)C=C(C=C1)\C=C2\NCCC3=C2C=C(,1.41,1.78,8.92,6.67,1.9,3.47,,,0.15,0.25,0.95,0.82,0.28,0.54,,
410,=C23)OCC)C=C1OCCCNCC[C@H](OC1=CC=CC2=C1C=CC=C2)C,OCC)C(=C3)OCCC[NH2+]CC[C@H](OC1=C2C=CC=CC2=CC=C1)C3,1.9,1.51,3.5,4.62,9.3,8.90,0.12,0.07,0.28,0.18,0.54,0.66,0.97,0.95,-0.92,-1.13
411,3=CC=CS3COC1=CC=CC2=C1[C@H](CO)N3[C@@H](,=CC=CS3COC1=C2[C@H](CO)[NH+]3[C@@H](CC2=CC=C1),,,8.57,8.24,12,11.80,0.04,0.06,,,0.93,0.92,1.08,1.07,-1.40,-1.25
412,C2)[C@H]4[C@H](C[C@@H]([C@H]3C#N)N4C)C(O)=OCC(=N)N1CC[C@@H](C1)OC2=CC=C(C=C2),[C@H]4[C@H](C[C@@H]([C@H]3C#N)[NH+]4C)C([O-])=OCC(=[NH2+])N1CC[C@@H](C1)OC2=CC=C(C=C2)[,0.23,0.29,3.06,3.58,1.52,2.06,,,0.64,-0.54,0.49,0.55,0.18,0.31,,
413,[C@H](CC3=CC=C4C=CC(=CC4=C3)C(N)=N)C(O)=OCC(C)[C@@H](C=C(C)C(O)=O)N(C)C(=O)[C,C@@H](CC3=CC4=CC(=CC=C4C=C3)C(N)=[NH2+])C([O-])=OCC(C)[C@@H](\C=C(/C)C([O-,1.55,1.45,1.86,2.18,24.02,12.84,,,0.19,0.16,0.27,0.34,1.38,1.11,,
415,@@H](NC(=O)[C@H]1CCCCN1C(C)C)C(C)(C)C,])=O)N(C)C(=O)[C@@H](NC(=O)[C@H]1CCCC[NH+]1C(C)C)C(C)(C)C,1.26,1.00,0.97,1.57,17.5,8.99,,,0.10,0.00,-0.01,0.20,1.24,0.95,,
416,CC1=NN(C(=O)C1)C2=CC=CC=C2OCC(CO)NN1C(=O)C2=C(C1=O)C3=C([N]([C@@H]4O[C@H](CO)[C@@H](O)[C@H](O)[,CC1=NN(C(=O)C1)C2=CC=CC=C2OCC(CO)NN1C(=O)C2=C3C(=C4[N]([C@@H]5O[C,0.23,0.46,1.42,1.89,2.36,3.35,0.89,0.63,0.64,-0.33,0.15,0.28,0.37,0.52,-0.05,-0.20
417,C@H]4O)C5=CC(=CC=C35)O)C6=C2C7=CC=C(O)C=C7[NH]6CN1CCC2=C(C1)SC(=N2)C(=O)N[C@@H]3C,@H](CO)[C@@H](O)[C@H](O)[C@@H]5O)C6=C(C=CC(=C6)O)C4=C2C1=O)[NH]C7=CC(=CC=C37)OCN(C)C(=O)[C@H]1CC[C@H](NC(=O)C(=O)NC2=N,1.45,1.15,25.3,11.42,4.01,5.66,,,0.16,0.06,1.40,1.06,0.60,0.75,,
418,[C@H](CC[C@@H]3NC(=O)C(=O)NC4=NC=,H+](C)CC4)S3,1.53,1.64,5.19,4.93,6.7,6.35,0.5,0.25,0.18,0.21,0.72,0.69,0.83,0.80,-0.30,-0.61
419,CC[N+](C)(C)C1=CC=CC(=C1)OCN1CCC[C@@H]1CC2=C[NH]C3=CC=C(CC,CC[N+](C)(C)C1=CC(=CC=C1)OC[NH+]1CCC[C@@H]1CC2=C[NH]C3=C2C=C(CC[,1.1,1.38,9.6,12.36,1.8,3.17,,,0.04,0.14,0.98,1.09,0.26,0.50,,
420,[S](=O)(=O)C4=CC=CC=C4)C=C23CCCCCCCC(=O)N[C@H](CN1CCCC1)[C@H,S](=O)(=O)C4=CC=CC=C4)C=C3CCCCCCCC(=O)N[C@H](C[NH+]1CCCC1)[C@H](,1.6,2.02,5.3,5.91,4.2,4.81,0.15,0.16,0.20,0.30,0.72,0.77,0.62,0.68,-0.82,-0.80
421,](O)C2=CC=C3OCCOC3=C2O=C1N(CCNCCCNCCN2C(=O)C3=C(C2=O)C,O)C2=CC3=C(OCCO3)C=C2O=C1N(CC[NH2+]CCC[NH2+]CCN2C(=O)C3=C(C2,,,20.95,12.27,7.7,5.30,0.21,0.16,,,1.32,1.09,0.89,0.72,-0.68,-0.81
422,4=CC=CC=C4C=C3)C(=O)C5=C1C=CC6=CC=CC=C56CC(=O)[C@H]1CC[C@H]2[C@@H]3CC[C@,=O)C4=CC=CC=C4C=C3)C(=O)C5=C6C=CC=CC6=CC=C15CC(=O)[C@H]1CC[C@H]2[C@@H]3CC[C@@H]4C,12,9.53,5.7,4.23,52.6,35.80,,,1.08,0.98,0.76,0.63,1.72,1.55,,
423,@H]4C[C@H](O)CC[C@]4(C)[C@H]3CC[C@]12C,[C@H](O)CC[C@]4(C)[C@H]3CC[C@]12C,2,1.59,22,12.45,4.7,5.65,0.01,0.02,0.30,0.20,1.34,1.10,0.67,0.75,-2.00,-1.71
424,C1CN(CCN1)C2=C3OCCOC3=CC=C2C[C@H](N[C@@H](CCC1=CC=CC=C1)C(O),C1CN(CC[NH2+]1)C2=C3OCCOC3=CC=C2C[C@H]([NH2+][C@@H](CCC1=CC=CC=C1)C([O-,3.6,2.86,8,7.08,8.2,4.56,,,0.56,0.46,0.90,0.85,0.91,0.66,,
425,=O)C(=O)N2CCC[C@H]2C(O)=OCOC1=CC=C(C[C@H](NC(=O)CC(C)(C)N)C(=O)N[C@@H](CC2=C[NH]C=N2)C(=O)N[C,])=O)C(=O)N2CCC[C@H]2C([O-])=OCOC1=CC=C(C[C@H](NC(=O)CC(C)(C)[NH3+])C(=,0.38,0.48,1.6,1.83,39,13.49,0.62,0.49,0.42,-0.32,0.20,0.26,1.59,1.13,-0.21,-0.31
426,@@H](CC3CCCCC3)[C@@H](O)[C@@H](O)CC(C)C)C=C1COC1=CC=C(C=C1)C(=O)NC2=CC=CC=C2C,O)N[C@@H](CC2=C[NH]C=N2)C(=O)N[C@@H](CC3CCCCC3)[C@@H](O)[C@@H](O)CC(C)C)C=C1COC1=CC=C(C=C1)C(=O)NC2=C(CC[C@H]3CCCC,7.5,5.96,0.45,1.09,1.72,2.42,0.07,0.07,0.88,0.78,-0.35,0.04,0.24,0.38,-1.15,-1.16
427,CC3CCCCN3CNN=C1NN=C2CCN(CC2=C1)C(=O)C3=CC=C,[NH+]3C)C=CC=C2,2.2,2.77,13,9.71,2.6,3.95,0.26,0.18,0.34,0.44,1.11,0.99,0.41,0.60,-0.59,-0.73
428,C=C3CC1=CC(=C(C=C1C(=O)NC(N)=N)[S](C)(=O),N\N=C1\NN=C2CCN(CC2=C1)C(=O)C3=CC=CC=C3CC1=C(C=C(C(=C1)[N]2C=CC=C2)[S](C)(=O)=O)C(,2.2,1.75,13,10.00,5.6,3.47,,,0.34,0.24,1.11,1.00,0.75,0.54,,
429,=O)[N]2C=CC=C2CCN1C=C(C(O)=O)C(=O)C2=CC(=C(N=C12),=O)NC(N)=NCCN1C=C(C([O-,1.1,0.88,8.2,4.09,2.2,2.78,,,0.04,-0.05,0.91,0.61,0.34,0.44,,
430,N3CCNCC3)F431CSC1=CC=C(C=C1)C(=O)C2=C(C)NC(=O)N2,])=O)C(=O)C2=C1N=C(N3CC[NH2+]CC3)C(=C2)FCSC1=CC=C(C=C1)C(=O)C2=C(C)NC(=O)N2,2,1.55,5.4,4.03,5.1,5.54,0.8,0.70,0.30,0.19,0.73,0.60,0.71,0.74,-0.10,-0.16
432,CCCN1C(=O)NC(=O)C2=C1[NH]C=N2CCN(CC)C(=O)C(=CC1=CC(=C(O)C(=C1)[N],CCCN1C(=O)NC(=O)C2=C1[NH]C=N2CCN(CC)C(=O)\C(=C/C1=CC(=C(O)C(=C1)O)[N+]([,0.63,0.82,4,3.65,1.8,2.27,0.55,0.64,0.20,-0.08,0.60,0.56,0.26,0.36,-0.26,-0.19
433,(=O)=O)O)C#NCCOC1=CC(=CC(=C1[N]2C=CC=C2)OCC)CC,O-])=O)C#NCCOC1=C([N]2C=CC=C2)C(=CC(=C1)CC3=C(N)N=,0.27,0.34,12,7.60,2.4,2.59,0.02,0.04,0.57,-0.47,1.08,0.88,0.38,0.41,-1.70,-1.40
434,3=C(N)N=C(N)N=C3COC1=CC=CC2=C1C(=O)C3=C(O)C4=C(C[C@](O)(C[C@@H]4O[C@H]5C[C@H](N)[C@,C(N)N=C3)OCCCOC1=C2C(=O)C3=C(C(=C4C[C@](O)(C[C@H](O[,2.5,1.99,3.5,4.18,9.4,6.67,0.12,0.10,0.40,0.30,0.54,0.62,0.97,0.82,-0.92,-1.01
435,@H](O)[C@H](C)O5)C(=O)CO)C(=C3C2=O)CC(C)(C)NC(=O)[C@H]1CC[C@H]2[C@@H],C@H]5C[C@@H]([NH3+])[C@@H](O)[C@H](C)O5)C4=C3O)C(=O)CO)O)C(=O)C2=CC=C1CC(C)(C)NC(=O)[C@H]1CC[C@H]2[C@@H]3CC=C,45,29.98,20,19.57,36,21.66,0.25,0.17,1.65,1.48,1.30,1.29,1.56,1.34,-0.60,-0.76
436,3CC=C4C=C(CC[C@]4(C)[C@H]3CC[C@]12C)C(O)=O437CCCCC1=NC=C(C=C(CC2=CC=CS2)C(O)=O)NC(=N)NCCCC[C@@H]1NC(=O)CCSSC[C@H](NC(=O)[C@@H]2CCCN2C(=O)C(CC3=C[,4C=C(CC[C@]4(C)[C@H]3CC[C@]12C)C([O-])=OCCCCC1=NC=C(\C=C(/CC2=CC=CS2)C([O-NC(=[NH2+])NCCCC[C@@H]1NC(=O)CCSSC[C@H](NC(=O)[C@@H]2CCCN2C(=O)[C@@H](CC3=C[,0.54,0.67,0.33,0.66,27,13.32,0.03,0.03,0.27,-0.17,-0.48,-0.18,1.43,1.12,-1.52,-1.58
439,NH]C4=CC=CC=C34)NC(=O)[C@H](CC(O)=O)NC(=O)CNC1=O)C(N)=OCN(C)[C@H]1[C@@H]2C[C@@H]3CC4=C(F,NH]C4=C3C=CC=C4)NC(=O)[C@H](CC([O-])=O)NC(=O)CNC1=O)C(N)=OC[NH+](C)[C@H]1[C@@H]2C[C@@H]3CC4=C(C(=,0.17,0.22,1.2,1.52,4.2,3.04,0.75,0.35,0.77,-0.66,0.08,0.18,0.62,0.48,-0.12,-0.46
440,)C=C(NC(=O)CN5CCCC5)C(=C4C(=O)C3=C(O)[C@]2(O)C(=O)C(=C1O)C(N)=O)OCN1C[C@@H](C=C2[C@H]1CC3=C[NH]C4=CC=CC2=C34)C(=O)N[C@]5(C)O[C@@]6(O),C(NC(=O)C[NH+]5CCCC5)C=C4F)O)C(=O)C3=C([O-])[C@]2(O)C(=O)C(=C1[O-])C(N)=OC[NH+]1C[C@@H](C=C2[C@H]1CC3=C[NH]C4=C,2.3,1.83,3.71,3.06,,,0.18,0.20,0.36,0.26,0.57,0.49,,,-0.74,-0.71
441,[C@@H]7CCCN7C(=O)[C@H](CC8=CC=CC=C8)N6C5=OCO[C@H]1[C@@H](C[C@H](O)CN)O[C@H]2C[C@H]3O[C@@H](CC[C@@H]4O[C@@H](CC[C@@]56C[C@H]7O[C@@H]8[C@@H],3C2=CC=C4)C(=O)N[C@@]5(C)O[C@@]6(O)[C@H]7CCCN7C(=O)[C@@H](CC8=CC=CC=C8)N6C5=OCO[C@H]1[C@@H](C[C@H](O)C[NH3+])O[C@H]2C[C@H]3O[C@@H](CC[C@@H]4O[C@H](CC[C@,3.6,2.86,15,11.28,2.1,2.42,0.02,0.03,0.56,0.46,1.18,1.05,0.32,0.38,-1.70,-1.53
442,(O[C@H]9CC[C@H](CC(=O)O[C@H]12)O[C@@H]9[C@@H]8O5)[C@H]7O6)CC4=C)C[C@@H](C)C3=CCOCCOC1=C(OCCOC)C=C2C(=NC=NC2=C1,@]56C[C@H]7O[C@@H]8[C@@H](O[C@H]9CC[C@H](CC(=O)O[C@H]12)O[C@@H]9[C@@H]8O5)[C@H]7O6)CC4=C)C[C@@H](C)C3=CCOCCOC1=C(OCCOC)C=C2C(=NC=NC2=C1)NC3=,1.46,1.16,0.75,1.38,37.8,17.87,0.43,0.28,0.16,0.06,-0.12,0.14,1.58,1.25,-0.37,-0.55
443,)NC3=CC(=CC=C3)C#CC[C@@H](O)[C@@H]1[C@H]2[C@@H](C),CC(=CC=C3)C#CC[C@@H](O)[C@H]1[C@@H]2[C@@H](C)C(=C(N2C1=O)C([O-,0.77,0.97,1.69,2.45,6.5,7.17,0.07,0.06,0.11,-0.01,0.23,0.39,0.81,0.86,-1.15,-1.25
444,C(=C(N2C1=O)C(O)=O)S[C@@H]3CN[C@@H](C3)C(=O)NC4=CC=CC(=C4)C(O)=OCC[C@H]1OC(=O)[C@H](C)[C@@H](O[C@H]2C[C@@](C)(OC)[C@@H](O)[C@H](C)O2)[C@H](C)[C@@H](O[C@@H]3O[C@H](C),])=O)S[C@@H]3C[NH2+][C@@H](C3)C(=O)NC4=CC(=CC=C4)C([O-])=OCC[C@H]1OC(=O)[C@H](C)[C@@H](O[C@H]2C[C@@](C)(OC)[C@@H](O)[C@H](C)O2)[C@H](C)[C,0.12,0.15,0.45,0.81,3.8,2.86,0.1,0.15,0.92,-0.82,-0.35,-0.09,0.58,0.46,-1.00,-0.83
445,C[C@@H]([C@H]3O)N(C)C)[C@](C)(O)C[C@@H](C)C(=O)[C@H](C)[C@@H](O)[C@]1(C)OCOC(=O)CCC1=CC=C(OCC(O)CNC(C)C)C=,@@H](O[C@@H]3O[C@H](C)C[C@@H]([C@H]3O)[NH+](C)C)[C@](C)(O)C[C@@H](C)C(=O)[C@H](C)[C@@H](O)[C@]1(C)OCOC(=O)CCC1=CC=C(OC[C@H](O)C[NH2+]C(C)C),0.95,1.70,5.6,4.07,2,2.85,0.1,0.16,0.02,0.23,0.75,0.61,0.30,0.45,-1.00,-0.79
446,C1COC1=CC2=C([NH]C(=N2)[S@](=O)CC3=C(,C=C1COC1=CC2=C([NH]C(=N2)[S@](=O)CC3=C(C)C(=C,1.2,1.51,290,59.63,0.15,0.52,0.59,0.56,0.08,0.18,2.46,1.78,-0.82,-0.29,-0.23,-0.25
447,C)C(=C(C)C=N3)OC)C=C1C[C@]12CC[C@H]3[C@@H](CCC4=CC(=CC,(C)C=N3)OC)C=C1C[C@]12CC[C@H]3[C@@H](CCC4=C3C=CC(=C4),0.2,0.38,3.85,4.46,0.83,1.05,0.03,0.06,0.70,-0.42,0.59,0.65,-0.08,0.02,-1.52,-1.21
448,=C34)O)[C@@H]1CC[C@@H]2OC[C@]12CC[C@H]3[C@@H](CCC4=CC(=CC,O)[C@H]1CC[C@@H]2OC[C@@]12CC[C@H]3[C@@H](CCC4=C3C=CC(=C,1.2,1.72,30,19.36,1.7,2.39,0.016,0.04,0.08,0.24,1.48,1.29,0.23,0.38,-1.80,-1.46
449,@@H]2O[P](O)(O)=OCCC(=C)C(=O)C1=CC=C(OCC(O)=O)C(=C1C,([O-])([O-])=O,0.12,0.15,0.94,1.36,2.4,2.92,0.5,0.13,0.92,-0.82,-0.03,0.13,0.38,0.47,-0.30,-0.88
450,,,0.26,0.30,8.7,4.11,0.5,1.00,,,0.59,-0.52,0.94,0.61,-0.30,0.00,,
451,CC[C@@H](CO)NCCN[C@@H](CC)COCC[C@@H](CO)[NH2+]CC[NH2+][C@@H](CC)CO,,1.7,1.35,10,7.95,3.1,3.38,0.18,0.32,0.23,0.13,1.00,0.90,0.49,0.53,-0.74,-0.50
452,CC[N]1C=NC(=C1C(=O)NC)C(=O)NCC[C@]12CC[C@H]3[C@@H](CCC4=CC(=CC,CC[N]1C=NC(=C1C(=O)NC)C(=O)NCC[C@]12CC[C@H]3[C@@H](CCC4=C3C=CC(=C4),0.73,0.92,12.1,7.58,0.83,1.38,0.92,0.78,0.14,-0.04,1.08,0.88,-0.08,0.14,-0.04,-0.11
453,=C34)O)[C@@H]1CC[C@@]2(O)C#CC[C@]12CC[C@H]3[C@@H](CCC4=CC(=CC,O)[C@@H]1CC[C@@]2(O)C#CC[C@]12CC[C@H]3[C@@H](CCC4=C3C=CC(=C4),4.3,3.41,7,8.72,9.7,6.75,0.014,0.02,0.63,0.53,0.85,0.94,0.99,0.83,-1.85,-1.70
454,=C34)O)[C@@H]1CC[C@@]2(O[S](O)(=O)=O)C#CC[C@]12CC[C@H]3[C@@H](CCC4=CC(=CC,O)[C@@H]1CC[C@@]2(O[S]([O-])(=O)=O)C#CC[C@@]12CC[C@H]3[C@@H](CCC4=C3C=CC(=C,0.61,0.77,1.3,1.69,9.3,5.53,,,0.21,-0.11,0.11,0.23,0.97,0.74,,
455,=C34)O[S](O)(=O)=O)[C@@H]1CC[C@@]2(O)C#C,4)O[S]([O-])(=O)=O)[C@@H]1CC[C@@]2(O)C#C,2.3,1.83,4.7,2.84,8.4,5.23,0.011,0.01,0.36,0.26,0.67,0.45,0.92,0.72,-1.96,-1.83
456,CCNCC(O)C1=CC=CC(=C1)OC#CCOC1=CC(=CC(=C1O)OC)[C@H]2[C@@H]3[C@H](COC3=O)[C@H](O[C@@H]4O[C@@,CC[NH2+]C[C@H](O)C1=CC(=CC=C1)OCOC1=C(O)C(=CC(=C1)[C@H]2[C@H]3[C@H](COC3=O)[C@H](O[C@@H]4O[C@H]5CO[C@@H](C),2.1,2.27,14,14.69,2.2,2.51,0.77,0.79,0.32,0.36,1.15,1.17,0.34,0.40,-0.11,-0.10
459,H]5CO[C@@H](C)O[C@H]5[C@H](O)[C@H]4O)C6=CC7=C(OCO7)C=C26,O[C@H]5[C@H](O)[C@H]4O)C6=C2C=C7OCOC7=C6)OC,0.18,0.23,0.5,0.82,5.7,5.42,0.12,0.08,0.74,-0.64,-0.30,-0.09,0.76,0.73,-0.92,-1.12
460,=C(C=C3)[S](C)(=O)=OC[N]1N=NC(=N1)N(CC2=CC(=CC(=C2)C(F)(,=C3)[S](C)(=O)=OC[N]1N=NC(=N1)N(CC2=CC(=CC(=C2)C(F)(F)F)C(,1.5,1.19,0.79,0.78,26,17.24,0.081,0.05,0.18,0.08,-0.10,-0.11,1.41,1.24,-1.09,-1.30
461,F)F)C(F)(F)F)[C@H]3CCCN(C[C@@H]4CC[C@H](CC4)C(O)=O)C5=C(C)C=C(C)C=C35CC[C@@]1(O)C(=O)OCC2=C1C=C3N(CC4=,F)(F)F)[C@H]3CCCN(CC4CCC(CC4)C([O-0.0010.0030])=O)C5=C3C=C(C)C=C5CCC[C@@]1(O)C(=O)OCC2=C1C=C3N(CC4=C5[C@,1.82,1.45,0.84,1.07,51.94,29.23,,,0.26,0.16,-0.08,0.03,1.72,1.47,-3.00,-2.52
462,C5[C@@H](N)CCC6=C(C)C(=CC(=C56)N=C34)F)C2=OCCOC(=O)NC1=C(N)C=C(NCC2=CC=C(F)C=,@H]([NH3+])CCC6=C(C)C(=CC(=C56)N=C34)F)C2=CCOC(=O)NC1=C(N)C=C(NCC2=CC=C(F)C=C2)C=,0.44,0.55,0.96,1.95,6.7,7.08,,,0.36,-0.26,-0.02,0.29,0.83,0.85,,
463,C2)C=C1COC1=C(OC)C=C(CCN(C)CCCN2CC3=CC(=,C1COC1=C(OC)C=C(CC[NH+](C)CCCN2CC3=C(C=C(,2.5,1.99,8.3,6.71,9,7.19,0.2,0.12,0.40,0.30,0.92,0.83,0.95,0.86,-0.70,-0.93
464,C(OC)C=C3C2=O)OC)C=C1NC(=N)NC1=NC(=CS1)CSCCC(=N)N[S](N)(=,OC)C(=C3)OC)C2=O)C=C1NC(=[NH2+])NC1=NC(=CS1)CSCCC(=N)N[S](N)(=,2.4,2.13,15.71,12.33,2.04,2.64,0.12,0.13,0.38,0.33,1.20,1.09,0.31,0.42,-0.92,-0.89
465,O)=OC[C@@H](O)[C@@H]1[C@H]2SC(=C(N2C1,O)=OC[C@@H](O)[C@@H]1[C@H]2SC(=C(N2C1=O)C([,1.2,0.95,6.6,5.65,2.8,3.37,0.84,0.62,0.08,-0.02,0.82,0.75,0.45,0.53,-0.08,-0.21
466,=O)C(O)=O)[C@H]3CCCO3O=[S](=O)(N1CCCNCC1)C2=CC=CC3=CN=C,O-])=O)[C@H]3CCCO3O=[S](=O)(N1CCC[NH2+]CC1)C2=C3C=CN=CC3=C,0.18,0.23,2.23,2.69,1.4,1.37,,,0.74,-0.64,0.35,0.43,0.15,0.14,,
467,C=C23CCOC(=O)C1=C(C)NC(=C(C1C2=CC=CC(=C,C=C2,1.22,1.16,77.5,28.76,0.44,1.07,,,0.09,0.07,1.89,1.46,-0.36,0.03,,
468,OC1=CC=C(C=C1)[C@H]2CNCCC3=C2C=C(,0.00360.02OC1=CC=C(C=C1)[C@H]2C[NH2+]CCC3=C2C=C(O,4.4,3.50,11,11.76,10,7.32,,,0.64,0.54,1.04,1.07,1.00,0.86,-2.44,-1.65
469,C[C@@H](C(O)=O)C1=CC(=CC=C1)OC2=C,C[C@@H](C([O-,0.5,0.63,41.5,25.47,1,1.74,0.12,0.14,0.30,-0.20,1.62,1.41,0.00,0.24,-0.92,-0.87
470,C=CC=C2CC(CC1=CC=C(O)C=C1)NCC(O)C2=CC(=CC,])=O)C1=CC(=CC=C1)OC2=CC=CC=C2C[C@@H](CC1=CC=C(O)C=C1)[NH2+]C[C@@H](,0.1,0.12,0.6,0.63,2.24,4.24,0.02,0.02,1.00,-0.91,-0.22,-0.20,0.35,0.63,-1.70,-1.80
471,(=C2)O)O472O=C1NCC2(CCN(CCC3=CC=CC=C3)CC2)O1O=C1NCC2(CC[NH+](CCC3=CC=CC=C3)CC2)O1CCC(=O)N(C1CCN(CC1)CCC2=CC=CC=C2),O)C2=CC(=CC(=C2)O)OCCC(=O)N(C1CC[NH+](CC1)CCC2=CC=CC=C2)C3,1.2,1.51,29,23.85,0.87,1.60,0.53,0.26,0.08,0.18,1.46,1.38,-0.06,0.20,-0.28,-0.58
473,C3=CC=CC=C3CCCCC1=NC(=C(CC(=S)N(C)C)C(=O)N1CC2,=CC=CC=C3CCCCC1=NC(=C(CC(=S)N(C)C)C(=O)N1CC2=CC=,0.89,1.86,4.7,5.99,3,4.20,0.16,0.06,0.05,0.27,0.67,0.78,0.48,0.62,-0.80,-1.22
474,=CC=C(C=C2)C3=CC=CC=C3C4=NN=N[NH]4)COC(=O)C1=CN(C2CC2)C3=C(C#N)C(=C(F)C,C(C=C2)C3=C(C=CC=C3)C4=NN=N[N-]4)C[O-,0.6,0.76,9.6,4.85,5.5,6.11,,,0.22,-0.12,0.98,0.69,0.74,0.79,,
475,=C3C1=O)N4C[C@@H]5NCCO[C@H]5C4CC(C)(C)NC(=O)[C@H]1CC[C@H]2[C@@H],]C(=O)C1=CN(C2CC2)C3=C(C=C(F)C(=C3C#N)N4C[C@@H]5[NH2+]CCO[C@H]5C4)C1=OCC(C)(C)NC(=O)[C@H]1CC[C@H]2[C@@H]3CC[C,1.42,1.30,5.75,4.15,13.42,10.12,0.75,0.57,0.15,0.11,0.76,0.62,1.13,1.01,-0.12,-0.25
476,3CC[C@H]4NC(=O)C=C[C@]4(C)[C@H]3CC[C@]12C477CCCCCCCCC1=CC=C(CCC(N)(CO)CO)C=C1CCCCCCCCC1=CC=C(CCC([NH3+])(CO)CO)C=C1CN1CC[C@@H]([C@H](O)C1)C2=C(O)C=C(,@H]4NC(=O)C=C[C@]4(C)[C@H]3CC[C@@]12CC[NH+]1CC[C@@H]([C@H](O)C1)C2=C3OC(=CC(,1.1,0.99,2.4,2.81,6,5.84,0.095,0.07,0.04,0.00,0.38,0.45,0.78,0.77,-1.02,-1.18
478,FC(F)(F)COC1=CC=C(OCC(F)(F)F)C(=C1)C(,FC(F)(F)COC1=CC(=C(OCC(F)(F)F)C=C1)C(=O)NC[,1.5,1.62,6.1,7.56,5.2,6.32,0.06,0.07,0.18,0.21,0.79,0.88,0.72,0.80,-1.22,-1.17
479,=O)NCC2CCCCN2CN1CCN(CC1)C2=C(F)C=C3C(=O)C(=CN(C,C@H]2CCCC[NH2+]2C[NH+]1CCN(CC1)C2=C(F)C3=C(C=C2F)C(=O)C(=,6.1,4.85,4.9,5.82,12,8.75,0.52,0.35,0.79,0.69,0.69,0.76,1.08,0.94,-0.28,-0.46
480,CF)C3=C2F)C(O)=O481CO[C@@]1(NC(=O)CSC(F)F)[C@H]2OCC(=CO[C@@]1(NC(=O)CSC(F)F)[C@H]2OCC(=C(N2C1OC(C[N]1C=NC=N1)(C[N]2C=NC=N2)C3=C,CN3CCF)C([O-])=OOC(C[N]1C=NC=N1)(C[N]2C=NC=N2)C3=C(F)C=C(,1.6,1.49,2.4,2.59,8.6,7.59,0.73,0.46,0.20,0.17,0.38,0.41,0.93,0.88,-0.14,-0.34
483,C=C(F)C=C3F,F)C=C3,0.75,0.94,0.31,1.00,30,14.92,0.89,0.47,0.12,-0.03,-0.51,0.00,1.48,1.17,-0.05,-0.32
484,NC1=C(F)C=NC(=O)N1NC1=NC(=NC2=C1N=C[N]2[C@@H]3O[C@,NC1=C(F)C=NC(=O)N1NC1=C2N=C[N]([C@H]3O[C@H](CO)[C@@H](O)[,0.68,0.54,2,3.54,4.2,2.31,1,0.63,0.17,-0.26,0.30,0.55,0.62,0.36,0.00,-0.20
485,H](CO)[C@@H](O)[C@@H]3O)FCCOC(=O)C1=C2CN(C)C(=O)C3=CC(=CC=C,C@@H]3O)C2=NC(=N1)FCCOC(=O)C1=C2CN(C)C(=O)C3=C(C=CC(=C3)F)[N,2.2,2.84,3.2,5.41,11,6.94,0.76,0.75,0.34,0.45,0.51,0.73,1.04,0.84,-0.12,-0.13
486,3[N]2C=N1)FCC1(C)O[C@@H]2C[C@H]3[C@@H]4C[C@,]2C=N1CC1(C)O[C@@H]2C[C@H]3[C@H]4C[C@H](F)C5=,0.8,1.01,16,12.73,0.78,1.29,0.58,0.31,0.10,0.00,1.20,1.10,-0.11,0.11,-0.24,-0.51
487,H](F)C5=CC(=O)C=C[C@@]5(C)[C@H]4[C@@H](O)C[C@]3(C)[C@@]2(O1)C(=O)COCN1C(=O)CN=C(C2=CC=CC=C2F)C3=CC(=,CC(=O)C=C[C@@]5(C)[C@@H]4[C@@H](O)C[C@@]3(C)[C@@]2(O1)C(=O)COCN1C(=O)CN=C(C2=C(F)C=CC=C2)C3=C1C=CC(=,1.08,1.79,9.5,8.15,1.68,2.30,0.24,0.13,0.03,0.25,0.98,0.91,0.23,0.36,-0.62,-0.90
488,CC=C13)[N](=O)=OC[C@@H]1C[C@H]2[C@@H]3C[C@H](F)C4,C3)[N+]([O-])=OC[C@@H]1C[C@@H]2[C@@H]3C[C@@H](F)C4=,1.9,1.51,1.4,1.33,25,16.09,0.17,0.13,0.28,0.18,0.15,0.12,1.40,1.21,-0.77,-0.88
489,=CC(=O)C=C[C@]4(C)[C@H]3[C@@H](O)C[C@]2(C)[C@H]1C(=O)COOC1=CC=C2C(=C1)OC3=CC(=CC=C3C24OC,CC(=O)C=C[C@]4(C)[C@H]3[C@@H](O)C[C@]2(C)[C@H]1C(=O)COOC1=CC2=C(C=C1)C3(OC(=O)C4=C3C=CC=C4)C5,0.68,1.09,7,5.87,1.3,2.06,0.04,0.05,0.17,0.04,0.85,0.77,0.11,0.31,-1.40,-1.30
490,(=O)C5=CC=CC=C45)ONC1=NC(=O)N(C=C1)[C@@H]2O[C@H](CO,=C(O2)C=C(O)C=C5NC1=NC(=O)N(C=C1)[C@@H]2O[C@H](CO)C[C@,0.14,0.18,1.3,1.48,1.6,3.52,0.11,0.06,0.85,-0.75,0.11,0.17,0.20,0.55,-0.96,-1.25
491,)C[C@@H]2F,@H]2F,0.7,1.27,6.1,5.38,1.8,1.89,1,0.91,0.15,0.10,0.79,0.73,0.26,0.28,0.00,-0.04
492,FC1=CNC(=O)NC1=OOCCN1CCN(CCC=C2C3=CC=CC=C3SC4=C,FC1=CNC(=O)NC1=OOCC[NH+]1CC[NH+](CC\C=C2/C3=C(SC4=C2C=C(,0.23,0.29,26,10.56,0.12,0.37,0.64,0.61,0.64,-0.54,1.41,1.02,-0.92,-0.43,-0.19,-0.22
493,C=C(C=C24)C(F)(F)F)CC1OCCN1CCN(CCCN2C3=CC=CC=C3SC4=CC,C=C4)C(F)(F)F)C=CC=C3)CC1OCC[NH+]1CC[NH+](CCCN2C3=C(SC4=C2C=C(C=,,,4.14,5.96,34.2,25.60,,,,,0.62,0.78,1.53,1.41,,
494,=C(C=C24)C(F)(F)F)CC1CCOC(=O)NC1=CC=C(NCC2=CC=C(F)C=C2,C4)C(F)(F)F)C=CC=C3)CC1CCOC(=O)NC1=C(N)N=C(NCC2=CC=C(F)C=C2)C=,2.9,3.65,9.7,9.26,12.3,14.78,0.04,0.04,0.46,0.56,0.99,0.97,1.09,1.17,-1.40,-1.35
495,)N=C1NC[C@@H]1C[C@H]2C3C[C@H](F)C4=CC(=O)C=C[C@]4(C)[C@@]3(F)[C@@H](O)C[C,C1C[C@H]1C[C@H]2[C@@H]3C[C@H](F)C4=CC(=O),1.1,1.25,1.6,2.45,8.5,6.34,0.15,0.14,0.04,0.10,0.20,0.39,0.93,0.80,-0.82,-0.86
496,@]2(C)[C@@]1(OC(=O)C5=CC=CO5)C(=O)SCCC(=O)O[C@@]1([C@H](C)C[C@H]2[C@,C=C[C@]4(C)[C@@]3(F)[C@@H](O)C[C@]2(C)[C@@]1(OC(=O)C5=CC=CO5)C(=O)SCFCCC(=O)O[C@@]1([C@H](C)C[C@H]2[C@H]3C[C,4.95,3.93,13.4,12.18,10.6,7.24,,,0.69,0.59,1.13,1.09,1.03,0.86,,
497,@H]3C[C@H](F)C4=CC(=O)C=C[C@]4(C)[C@@]3(F)[C@@H](O)C[C@]12C)C(=O)SCFCC(C)[N]1C2=CC=CC=C2C(=C1C=C[C@H](,@H](F)C4=CC(=O)C=C[C@@]4(C)[C@@]3(F)[C@@H](O)C[C@@]12C)C(=O)SCFCC(C)[N]1C2=C(C=CC=C2)C(=C1\C=C/[C@H](O)C[,3.6,2.86,17,14.68,6,6.27,0.1,0.08,0.56,0.46,1.23,1.17,0.78,0.80,-1.00,-1.09
498,O)C[C@H](O)CC(O)=O)C3=CC=C(F)C=C3COCCCCC(=NOCCN)C1=CC=C(C=C1)C(F)(F,0.00790.01C@H](O)CC([O-])=O)C3=CC=C(F)C=C3COCCCC\C(=N/OCC[NH3+])C1=CC=C(C=C1)C(F)(F,0.42,0.24,16,8.19,0.7,1.57,,,0.38,-0.61,1.20,0.91,-0.15,0.20,-2.10,-1.99
499,)FNC1=NC(=O)C2=NC(=CN=C2N1)CNC3=CC=,)FNC1=NC(=O)C2=C(N1)N=CC(=N2)CNC3=CC=C(C=,23.5,18.65,31.95,19.29,12.5,8.80,0.2,0.20,1.37,1.27,1.50,1.29,1.10,0.94,-0.70,-0.70
500,C(C=C3)C(=O)N[C@@H](CCC(O)=O)C(O)=ONC1=NC(=O)C2=C(NCC(CNC3=CC=C(C=C3,C3)C(=O)N[C@@H](CCC([O-])=O)C([O-])=ONC1=NC(=O)C2=C(NC[C@@H](CNC3=CC=C(C=C3,9.7,2.93,52,14.21,2.6,3.29,0.5,0.36,0.99,0.47,1.72,1.15,0.41,0.52,-0.30,-0.45
501,)C(=O)N[C@@H](CCC(O)=O)C(O)=O)N2C=O)N1,)C(=O)N[C@@H](CCC([O-])=O)C([O-])=O)N2C=O)N1,0.25,0.38,5.8,4.51,1.3,1.82,0.087,0.16,0.60,-0.42,0.76,0.65,0.11,0.26,-1.06,-0.78
502,CC1=C[NH]N=C1OC[C@H]1N[C@H]([C@H](O)[C@@H]1O)C,CC1=C[NH]N=C1OC[C@H]1[NH2+][C@H]([C@H](O)[C@@H]1O)C2,0.35,0.44,0.73,1.89,4.42,3.27,,,0.46,-0.36,-0.14,0.28,0.65,0.51,,
503,2=C[NH]C3=C2N=CNC3=OC[C@@H](O[C@H]1OCCN(CC2=NC(=O)N(,=C[NH]C3=C2N=CNC3=OC[C@@H](O[C@H]1OCC[NH+](CC2=NC(=O)N(N2)[P]([O-])([O-,,,1.56,2.52,11.6,6.30,,,,,0.19,0.40,1.06,0.80,,
504,N2)[P](O)(O)=O)[C@H]1C3=CC=C(F)C=C3)C4=CC(=CC(=C4)C(F)(F)F)C(F)(F)F,])=O)[C@H]1C3=CC=C(F)C=C3)C4=CC(=CC(=C4)C(F)(F)F)C(F)(F)F,0.07,0.10,18.6,8.37,2.2,4.02,0.02,0.03,1.15,-1.00,1.27,0.92,0.34,0.60,-1.70,-1.57
505,OC(=O)[P](O)(O)=O506O[P](O)(=O)OC(C[N]1C=NC=N1)(C[N]2C=N(=O)CCCCC2=CC=CC=C2)C3CCCCC3O[P](O)(=O)OCN1C(=O)NC(C1=O)(C2=CC=C,[O-]C(=O)[P]([O-])([O-])=O[O-][P]([O-])(=O)CCCCC2=CC=CC=C2)C3CCCCC3[O-][P]([O-,0.5,0.52,2.1,2.13,4.7,3.51,0.85,0.65,0.30,-0.28,0.32,0.33,0.67,0.55,-0.07,-0.19
509,C=C2)C3=CC=CC=C3C[C@@](O)(C=C[C@H]1CC=CC(=O)O1)[C@,])(=O)OCN1C(=O)NC(C1=O)(C2=CC=CC=C2)C3=CC=CC=C3C[C@](O)(\C=C/[C@H]1CC=CC(=O)O1)[C@@H](C[,0.06,0.08,3.5,2.84,9.5,7.32,0.05,0.06,1.22,-1.12,0.54,0.45,0.98,0.86,-1.30,-1.19
510,@H](C[C@@H](O)C=CC=CC=CCO)O[P](O)(O)=OCN[C@@H]1CCC2=C(C1)C3=CC(=CC=C3[N,C@@H](O)\C=C/C=C\C=C\CO)O[P]([O-])([O-])=OC[NH2+][C@@H]1CCC2=C(C1)C3=C([NH]2)C=CC(,0.086,0.11,1.2,1.97,1.5,1.69,,,1.07,-0.97,0.08,0.29,0.18,0.23,,
512,H]2)C(N)=OC[C@]12CC[C@H]3C([C@@H](CCCCCCCC,=C3)C(N)=OC[C@]12CC[C@@H]3[C@@H]([C@@H](CCCCCC,3.6,2.86,2.5,4.76,24,11.43,0.85,0.68,0.56,0.46,0.40,0.68,1.38,1.06,-0.07,-0.17
513,C[S](=O)CCCC(F)(F)C(F)(F)F)CC4=CC(=CC=C34)O)[C@@H]1CC[C@@H]2ON[S](=O)(=O)C1=CC(=C(NCC2=CC=CO2)C=,CCC[S](=O)CCCC(F)(F)C(F)(F)F)CC4=C3C=CC(=C4)O)[C@@H]1CC[C@@H]2O,4.15,3.30,11.8,6.56,16,16.73,0.01,0.02,0.62,0.52,1.07,0.82,1.20,1.22,-2.00,-1.80
514,C[C@@H]1[C@H](O)CC[C@]2(C)[C@H]1CC[C@]3(C)[C@H]2[C@H](O)C[C@H]4C([C@,C([O-])=OC[C@@H]1[C@H](O)CC[C@]2(C)[C@H]1CC[C@@,0.12,0.27,1.6,1.78,2.5,2.74,0.012,0.03,0.92,-0.57,0.20,0.25,0.40,0.44,-1.92,-1.55
515,H](C[C@]34C)OC(C)=O)=C(CCC=C(C)C)C([O-])=OCC1(C)S[C@@H]2[C@H](NC(=O)[C@H](NC,]3(C)[C@H]2[C@H](O)C[C@H]4\C([C@H](C[C@@]34C)OC(C)=O)=C(\CCC=C(C)C)C([O-])=OCC1(C)S[C@H]2[C@H](NC(=O)[C@H](NC(=O)N3C,0.23,0.29,0.35,1.04,9.8,4.52,0.02,0.02,0.64,-0.54,-0.46,0.02,0.99,0.66,-1.70,-1.66
516,(=O)N3CCN(N=CC4=CC=CO4)C3=O)C5=CC=C(O)C=C5)C(=O)N2[C@H]1C(O)=O,CN(\N=C/C4=CC=CO4)C3=O)C5=CC=C(O)C=C5)C(=O)N2[C@H]1C([O-])=O,0.2,0.25,3.61,2.77,1.3,2.35,,,0.70,-0.60,0.56,0.44,0.11,0.37,,
517,NCC1(CCCCC1)CC(O)=O[Gd+3]|1|2|[N;v4](CC[N;v4]|1(CC([O-])=O)CC([O-])=O)(CC[N;v4]|2(CC([O-,[NH3+]CC1(CCCCC1)CC([O-])=O[O-]C(=O)C[N]12CC[N](CC([O-])=O)(CC([O-,0.71,0.56,1.7,2.19,5.3,4.72,0.97,0.87,0.15,-0.25,0.23,0.34,0.72,0.67,-0.01,-0.06
518,])=O)[C@H](COCC3=CC=CC=C3)C([O-])=O)CC([O-])=OOCC1O[Gd+3]|2|3|4|5|6|7|[O-]C(=O)C[N;v4]8|2CC[N;v4]|3(CC[N;v4]|4(CC[,])=O)[Gd+3]1[N](CC2)(CC([O-])=O)C(COCC3=CC=CC=C3)C([O-])=OOC[C@@H]1O[Gd+3]23456[O-,0.21,0.26,1.6,1.36,1.81,1.78,1,0.52,0.68,-0.58,0.20,0.13,0.26,0.25,0.00,-0.29
519,N;v4]|5(CC8)CC([O-]|6)=O)[C@@H]1CO)CC([O-]|7)=O[Gd+3]|1|2|3|4|5|6|7|[O-]C(=O)CN|1(CCN|2(CC([O-,]C(=O)C[NH]27CC[NH]3(CC[NH]4(CC[NH]5(CC7)CC(=O)[O-]6)[C@@H]1CO)CC([O-])=OCNC1=[OH][Gd+3]23456[O-,0.22,0.28,2,1.69,1.3,1.60,1,0.74,0.66,-0.56,0.30,0.23,0.11,0.20,0.00,-0.13
520,]|3)=O)CC(=O|4)NC)CCN|5(CC([O-]|6)=O)CC(=O|7)NC[Gd+3]|1|2|3|4|5|6|7|[O-]C(=O)CN|1(CCN|2(CC([O-]|3)=O)CC([O-,]C(=O)C[NH]2(CC[N]3(CC[NH]4(CC(=O)[O-]5)CC(=[OH]6)NC)CC([O-])=O)C1CCOC1=CC=C(C[C@H]2C[N@+]34CC[N@@+]5(C,0.2,0.25,1.79,1.66,1.46,1.67,,,0.70,-0.60,0.25,0.22,0.16,0.22,,
521,]|4)=O)CC(CC8=CC=C(OCC)C=C8)N|5(CC([O-]|6)=O)CC([O-]|7)=O[Gd+3]|1|2|3|4|5|6|7|[O-]C(=O)C[N;v4]|1(CC[N;v4]|2(CC([O-,C([O-])=O)CC(=O)[O-][Gd+3]3567([O-]C(=O)C4)[O-]C(=O)C[N+]26CC(=O)[O-]7)C=C1[O-]C(=O)C[N]12CC[N]34CC[N]56CC(=O)[O-,0.15,0.19,0.1,0.80,16.3,3.52,0.16,0.36,0.82,-0.72,-1.00,-0.10,1.21,0.55,-0.80,-0.45
522,]|3)=O)CC([O-]|4)=O)CC[N;v4]|5(CC([O-]|6)=O)CC([O-]|7)=O[Gd+3]|1|2|3|4|5|6|7|[OH;v3]C(C)C[N;v4]8|1CC[,][Gd+3]135([O-]C(=O)C4)([O-]C(=O)C2)[O-]C(=O)C6C[C@H]1C[NH]23CC[NH]45CC[NH]6(CC[NH]7(CC,0.27,0.34,1.94,1.72,1.6,1.60,1,0.70,0.57,-0.47,0.29,0.24,0.20,0.20,0.00,-0.16
523,N;v4]|2(CC[N;v4]|3(CC[N;v4]|4(CC8)CC([O-]|5)=O)CC([O-]|6)=O)CC([O-]|7)=O[Gd+3]|1|2|3|4|5|6|7|[O-]C(=O)CN|1(CCN|2(CC([O-,2)CC(=O)[O-][Gd+3]3467(O1)[O-]C(=O)C5)CC([O-])=OCOCCNC1=[OH][Gd+3]23456[O-,0.2,0.25,1.5,1.63,1.6,1.76,,,0.70,-0.60,0.18,0.21,0.20,0.25,,
524,]|3)=O)CC(=O|4)NCCOC)CCN|5(CC([O-]|6)=O)CC(=O|7)NCCOC,]C(=O)C[NH]2(CC[NH]3(CC([O-])=O)C1)CC[NH]4(CC(=O)[O-]5)CC(=[OH]6)NCCOC,0.16,0.20,1.2,1.29,1.7,2.01,1,0.76,0.80,-0.70,0.08,0.11,0.23,0.30,0.00,-0.12
525,[Gd+3]|1|2|3|4|5|6|7|[O-COC1=CC=C2CN(C)CC[C@@]34C=C[C@H](,CCOC1=CC=C(C[C@H]2C[N@+]34CC[N@@+]5(CCOC1=C2O[C@H]3C[C@@H](O)C=C[C@]34CC[N,0.21,0.19,3.57,0.80,0.95,3.52,0.9,0.36,0.68,-0.72,0.55,-0.10,-0.02,0.55,-0.05,-0.45
527,O)C[C@@H]3OC1=C24CC[N+](CC)(CC)CCOC1=CC=CC(=C1OCC[N,H+](C)CC(=C24)C=C1CC[N+](CC)(CC)CCOC1=C(OCC[N+](CC)(CC)CC)C,2.3,1.97,5.6,10.72,5.3,5.31,0.83,0.64,0.36,0.29,0.75,1.03,0.72,0.73,-0.08,-0.20
528,+](CC)(CC)CC)OCC[N+](CC)(CC)CCCOC1=C(OC)C=C(CCN(C)CCC[C@@](C#N)(,(=CC=C1)OCC[N+](CC)(CC)CCCOC1=C(OC)C=C(CC[NH+](C)CCC[C@@](C#N)(C(,0.27,0.34,1.51,2.22,2.52,4.28,,,0.57,-0.47,0.18,0.35,0.40,0.63,,
529,C(C)C)C2=CC(=C(OC)C(=C2)OC)OC)C=C1CC(C)=CCC[C@@]1(C)OC2=C(C=C1)C(=C3C(=O)C4=C[C@@H]5C[C@@H]6C(C)(C)O[C,C)C)C2=CC(=C(OC)C(=C2)OC)OC)C=C1CC(C)=CCC[C@@]1(C)OC2=C(C=C1)C(=C3C(=O)C,1.75,2.07,14.3,10.55,1.8,3.06,0.07,0.05,0.24,0.32,1.16,1.02,0.26,0.49,-1.15,-1.31
530,@@](CC=C(C)C(O)=O)(C5=O)[C@@]46OC3=C2CC=C(C)C)O531NC1=NC2=C(N=C[N]2COC(CO)CO)C(=O)N1C[C@H]1NCC2=CC(=CC=C12)C3=CC=C4C(,4=C[C@@H]5C[C@H]6C(C)(C)O[C@@](C\C=C(\C)C([O-])=O)(C5=O)[C@@]46OC3=C2CC=C(C)C)ONC1=NC2=C(N=C[N]2COC(CO)CO)C(=O)N1C[C@H]1[NH2+]CC2=C1C=CC(=C2)C3=C(OC(F)F),0.99,0.93,1.24,1.41,14.6,10.12,0.99,0.92,0.00,-0.03,0.09,0.15,1.16,1.01,0.00,-0.03
532,=O)C(=CN(C5CC5)C4=C3OC(F)F)C(O)=OCOC1=C(N2CCNC(C)C2)C(=CC3=C1N(C=C(,C4=C(C=C3)C(=O)C(=CN4C5CC5)C([O-])=OCOC1=C2N(C=C(C([O-,1,1.05,1.23,1.46,,,0.25,0.14,0.00,0.02,0.09,0.16,,,-0.60,-0.87
533,C(O)=O)C3=O)C4CC4)FOC(=O)C1=C(C=CC(=O)NC2=CC=CC=C2)C3,])=O)C(=O)C2=CC(=C1N3CC[NH2+][C@H](C)C3)F)C4CC4[O-,1.7,1.67,2.8,3.24,10,9.97,0.8,0.68,0.23,0.22,0.45,0.51,1.00,1.00,-0.10,-0.17
534,COC1=CC2=NC=NC(=C2C=C1OCCCN3CCO,]C(=O)C1=C(\C=C/C(=O)NC2=CC=CC=C2)C3=C([NCOC1=C(OCCC[NH+]2CCOCC2)C=C3C(=NC=NC3=,0.12,0.15,0.089,0.25,,,0.002,0.01,0.92,-0.82,-1.05,-0.60,,,-2.70,-2.29
535,NC1=NC(=O)N(C=C1)[C@@H]2O[C@H](CO,NC1=NC(=O)N(C=C1)[C@@H]2O[C@@H](CO)[C@,23,18.25,12,9.06,34,21.77,0.089,0.06,1.36,1.26,1.08,0.96,1.53,1.34,-1.05,-1.26
536,)[C@@H](O)C2(F)FCON=C1CN(CC1CN)C2=C(F)C=C3C(=O)C(=,@H](O)C2(F)FCO\N=C1/CN(C[C@@H]1C[NH3+])C2=C(F)C=C3C(,1.5,1.21,32,15.57,1,1.38,1,0.84,0.18,0.08,1.51,1.19,0.00,0.14,0.00,-0.08
537,CN(C4CC4)C3=N2)C(O)=OC[C@@H]([C@@](O)(C[N]1C=NC=N1)C2=C,=O)C(=CN(C4CC4)C3=N2)C([O-])=OC[C@@H]([C@@](O)(C[N]1C=NC=N1)C2=C(F)C=C,3.52,2.79,7.2,5.03,8.3,6.89,0.3,0.40,0.55,0.45,0.86,0.70,0.92,0.84,-0.52,-0.39
538,C=C(F)C=C2F)[S](C)(=O)=OCN[C@@H]1[C@@H](O)[C@H](OC[C@]1(C)O)O[C@H]2[C@H](N)C[C@H](N)[C@@H](,(F)C=C2)[S](C)(=O)=OC[NH2+][C@@H]1[C@@H](O)[C@H](OC[C@]1(C)O)O[C@@H]2[C@H]([NH3+])C[C@H]([NH3+])[C@,0.62,0.78,0.19,0.65,49,20.52,,,0.21,-0.11,-0.72,-0.19,1.69,1.31,,
539,O[C@H]3O[C@@H](CC[C@H]3N)[C@@H](C)N)[C@@H]2OCC[C@]12CC[C@H]3[C@@H](CCC4=CC(=O,@H](O[C@H]3O[C@@H](CC[C@H]3[NH3+])[C@@H](C)[NH3+])[C@@H]2OCC[C@]12CC[C@H]3[C@@H](CCC4=CC(=O)CC[C,0.33,0.26,1,1.16,4.7,3.24,1,0.59,0.48,-0.58,0.00,0.06,0.67,0.51,0.00,-0.23
540,)CC[C@H]34)[C@@H]1C=C[C@@]2(O)C#CC[C@H](NC(=O)[C@@H](CC1=C[NH]C2=C1C=CC=C2)NC(=O)[C@@H](N)CC3=CN=C[N,@H]34)[C@@H]1C=C[C@@]2(O)C#CC[C@H](NC(=O)[C@@H](CC1=C[NH]C2=C1C=CC=C2)NC(=O)[C@@H]([NH3+])CC3=CN=C[NH]3)C(,0.46,1.41,0.8,1.60,10,5.91,0.023,0.03,0.34,0.15,-0.10,0.20,1.00,0.77,-1.64,-1.50
541,H]3)C(=O)N[C@@H](CC4=C[NH]C5=C4C=CC=C5)C(=O)N[C@H](CC6=CC=CC=C6)C(=O)N[C@@H](CCCCN)C(N)=OC[C@@H]1C(=O)O[C@H]2C[C@@]34[C@H,=O)N[C@@H](CC4=C[NH]C5=C4C=CC=C5)C(=O)N[C@H](CC6=CC=CC=C6)C(=O)N[C@@H](CCCC[NH3+])C(N)=OC[C@@H]1C(=O)O[C@H]2C[C@@]34[C@H]5C[C,0.42,0.53,3.1,2.46,2.46,3.01,,,0.38,-0.28,0.49,0.39,0.39,0.48,,
542,]5C[C@@H](C(C)(C)C)C36[C@@H](O)C(=O)O[C@H]6OC4(C(=O)O5)[C@@]12OC[C@@H]1C(=O)O[C@H]2[C@H](O)C34[C,@@H](C(C)(C)C)[C@@]36[C@@H](O)C(=O)O[C@H]6O[C@@]4(C(=O)O5)[C@@]12OC[C@@H]1C(=O)O[C@H]2[C@H](O)[C@]34[C@H],0.62,0.78,2.3,2.90,3.8,3.57,,,0.21,-0.11,0.36,0.46,0.58,0.55,,
543,@H]5C[C@@H](C(C)(C)C)C36[C@@H](O)C(=O)O[C@H]6OC4(C(=O)O5)[C@@]12OCCOC1=C(C=C(C=N1)[S](=O)(=O)N2CCN(C,5C[C@@H](C(C)(C)C)[C@@]36[C@@H](O)C(=O)O[C@H]6O[C@]4(C(=O)O5)[C@@]12OCCOC1=C(C=C(C=N1)[S](=O)(=O)N2CC[NH+](CC),0.91,0.81,2.3,2.62,5.2,4.86,0.8,0.49,0.04,-0.09,0.36,0.42,0.72,0.69,-0.10,-0.31
544,C)CC2)C3=NC(=O)C4=N[N](CCOC)C(=C4N3)CCCC1=CC=C(C=C1)[S](=O)(=O)NC(=O)N[C@,CC2)C3=NC(=O)C4=N[N](CCOC)C(=C4N3)CCCC1=CC=C(C=C1)[S]([O-,2.4,1.91,14.3,10.27,4,4.64,,,0.38,0.28,1.16,1.01,0.60,0.67,,
545,@H]2[C@H](O)[C@]3(C)CC[C@H]2C3(C)C546CC1=CC=C(C=C1)[S](=O)(=O)NC(=O)NN2C[CC1=CN=C(C=N1)C(=O)NCCC2=CC=C(C=C,])(=O)=NC(=O)N[C@@H]2[C@H](O)[C@]3(C)CC[C@H]2C3(C)CCC1=CC=C(C=C1)[S]([O-])(=O)=NC(=O)[N-CC1=NC=C(N=C1)C(=O)NCCC2=CC=C(C=C2)[S]([,0.27,0.33,0.34,0.73,9.2,7.99,0.03,0.05,0.57,-0.49,-0.47,-0.14,0.96,0.90,-1.52,-1.33
548,2)[S](=O)(=O)NC(=O)NC3CCCCC3N[C@@H](CCC(=O)N[C@@H](CC1=CC=C(,O-])(=O)=NC(=O)NC3CCCCC3[NH3+][C@@H](CCC(=O)N[C@@H](CC1=CC(=C(,0.16,0.20,0.56,0.90,3.3,4.26,0.02,0.03,0.80,-0.70,-0.25,-0.04,0.52,0.63,-1.70,-1.56
549,O)C(=C1)O)C(O)=O)C(O)=O,O)C=C1)O)C([O-])=O)C([O-])=O,0.21,0.26,4.6,4.04,0.5,0.83,,,0.68,-0.58,0.66,0.61,-0.30,-0.08,,
550,,@H](O)[C@@H](O)[C@@H]1O,0.24,0.30,1.6,2.17,2.37,2.34,0.71,0.66,0.62,-0.52,0.20,0.34,0.37,0.37,-0.15,-0.18
551,C=C2)[S](=O)(=O)NC(=O)NC3CCCCC3,[S]([O-])(=O)=NC(=O)NC3CCCCC3,0.08,0.10,0.82,1.14,2.2,3.59,0.021,0.01,1.10,-1.00,-0.09,0.06,0.34,0.55,-1.68,-1.89
552,OC[C@@H](O)CO[N+]([O-])=O[Br-,OC[C@@H](O)CO[N+]([O-])=OC[N+]1(C)CC[C@H](C1)OC(=O)[C@@](O)(C2CCC,0.76,0.47,3.63,3.76,2.5,2.31,,,0.12,-0.33,0.56,0.57,0.40,0.36,,
553,].C[N+]1(C)CCC(C1)OC(=O)C(O)(C2CCCC2)C3=CC=CC=C3CC1(C)[C@H](CC[C@@]2(C)[C@H]1CC[C@@]3(C)[C@@H]2C(=O)C=C4[C@@H]5C[C@](C)(CC[C@]5(C)CC[C@]34C)C(O)=O)O[C@,C2)C3=CC=CC=C3CC1(C)[C@H](CC[C@@]2(C)[C@H]1CC[C@@]3(C)[C@H]2C(=O)C=C4[C@@H]5C[C@](C)(CC[C@]5(C)CC[C@]34C)C([O-,0.37,0.56,16.8,11.66,0.65,1.70,,,0.43,-0.25,1.23,1.07,-0.19,0.23,,
554,H]6O[C@@H]([C@@H](O)[C@H](O)[C@H]6O[C@@H]7O[C@@H]([C@@H](O)[C@H](O)[C@H]7O)C(O)=O)C(O)=OCOC1=C2C(=N)C3=C(O)C4=C(C[C@](O)(C[,])=O)O[C@H]6O[C@@H]([C@@H](O)[C@@H](O)[C@H]6O[C@@H]7O[C@@H]([C@@H](O)[C@H](O)[C@@H]7O)C([O-])=O)C([O-])=OCOC1=C2C(=N)C3=C(C(=C4C[C@@](O)(C[C@H](O,0.06,0.15,0.13,0.16,8.83,10.63,,,1.22,-0.82,-0.89,-0.79,0.95,1.03,,
555,C@@H]4O[C@H]5C[C@H](N)[C@H](O)[C@H](C)O5)C(=O)CO)C(=C3C(=O)C2=CC=C1)OCN1[C@@H]2CCC[C@H]1CC(C2)NC(=O)C3,[C@H]5C[C@H]([NH3+])[C@H](O)[C@H](C)O5)C4=C3O)C(=O)CO)O)C(=O)C2=CC=C1C[N]1N=C(C(=O)NC2C[C@H]3CCC[C@@H](C2)[N,15.45,12.27,15,12.28,13.8,14.59,,,1.19,1.09,1.18,1.09,1.14,1.16,,
556,=N[N](C)C4=CC=CC=C34C[C@@H]1CN(CCN1)C2=C(F)C(=C3C(=O)C(,H+]3C)C4=CC=CC=C14C[C@@H]1CN(CC[NH2+]1)C2=C(F)C(=C3C(=O)C(,3.7,2.94,9.1,8.08,5.2,4.92,0.35,0.33,0.57,0.47,0.96,0.91,0.72,0.69,-0.46,-0.48
557,=CN(C4CC4)C3=C2)C(O)=O)CCC1=NC(=C(F)C(=N1)NNC(=O)C(CC2CCCC,=CN(C4CC4)C3=C2)C([O-])=O)CCC1=NC(=C(F)C(=N1)NNC(=O)[C@@H](CC2CCCC,,,5.9,4.71,9.2,8.64,0.82,0.65,,,0.77,0.67,0.96,0.94,-0.09,-0.19
558,2)CN(O)C=O)N3CCN4CCOCC4C3O=C1C=CC2=C3N1C[C@@H](CN4CCC(CC4,2)CN([O-])C=O)N3CC[NH+]4CCOC[C@H]4C3O=C1C=CC2=C3N1C[C@@H](C[NH+]4CCC(CC4)[,0.75,0.94,5.6,5.17,4.2,4.94,,,0.12,-0.02,0.75,0.71,0.62,0.69,,
559,)NCC5=CC6=C(OCCC6)C=N5)N3C(=O)C=N2COC1=CC=CC2=C1C(=N[N]2CC3=CC=CC(=,NH2+]CC5=NC=C6OCCCC6=C5)N3C(=O)C=N2COC1=C2C(=N[N](CC3=CC(=CC=C3)CNC(=O)C(C),2.7,2.68,9.23,5.81,12.6,9.54,,,0.43,0.43,0.97,0.76,1.10,0.98,,
560,C3)CNC(=O)C(C)(C)O)N[S](=O)(=O)C4=CC=,,1.65,1.31,5.1,3.74,13.5,10.91,,,0.22,0.12,0.71,0.57,1.13,1.04,,
561,NC[C@H]1OB(O)C2=C1C=CC=C2OCCCOOC(=O)C1=CC=CC(=N1)CC2=CC(=CC=C2O,[NH3+]C[C@H]1OB(O)C2=C1C=CC=C2OCCCO[O-,2.37,1.88,4.1,5.34,11.6,6.94,,,0.37,0.27,0.61,0.73,1.06,0.84,,
562,C[C@@H](OC1=C(SC(=C1)[N]2C=NC3=CC=,C[C@@H](OC1=C(SC(=C1)[N]2C=NC3=C2C=C(C[,0.77,0.61,2,1.46,8.15,7.72,,,0.11,-0.21,0.30,0.16,0.91,0.89,,
563,C(CN4CCN(C)CC4)C=C23)C(N)=O)C5=CC=CC=C5C(F)(F)F,NH+]4CC[NH+](C)CC4)C=C3)C(N)=O)C5=C(C=CC=C5)C(F)(F)F,12,9.53,20,12.05,10.3,12.57,,,1.08,0.98,1.30,1.08,1.01,1.10,,
564,,,5.6,4.44,4.5,3.83,15,9.95,0.28,0.22,0.75,0.65,0.65,0.58,1.18,1.00,-0.55,-0.65
565,NC(=N)N[C@@H](CS)C(O)=OOC1(CCN(CCCC(=O)C2=CC=C(F)C=C2)CC1),NC(=[NH2+])N[C@H](CS)C([O-])=OOC1(CC[NH+](CCCC(=O)C2=CC=C(F)C=C2)CC1)C,0.25,0.31,2.88,3.03,1.34,1.89,,,0.60,-0.50,0.46,0.48,0.13,0.28,,
566,,,17,17.44,7.8,7.18,35,20.68,0.08,0.06,1.23,1.24,0.89,0.86,1.54,1.32,-1.10,-1.25
567,CC(N)CCCC(C)(C)OCN1CC[C@@]23[C@H]4OC5=C2C(=CC=C5,C[C@@H]([NH3+])CCCC(C)(C)OC[NH+]1CC[C@@]23[C@H]4OC5=C2C(=CC=C5OC,2.14,2.01,10.72,7.92,2.5,3.50,,,0.33,0.30,1.03,0.90,0.40,0.54,,
568,OC(C)=O)C[C@@H]1[C@@H]3C=C[C@@H]4OC(C)=O,(C)=O)C[C@@H]1[C@@H]3C=C[C@@H]4OC(C)=,1.31,1.42,212.3,56.05,0.062,0.35,,,0.12,0.15,2.33,1.75,-1.21,-0.46,,
569,CN1C(=O)NC(=O)C(C)(C1=O)C2=CCCCC2COC(=O)C[C@@](O)(CCCC(C)(C)O)C(=O)O[,CN1C(=O)NC(=O)[C@](C)(C1=O)C2=CCCCC2COC(=O)C[C@@](O)(CCCC(C)(C)O)C(=O)O[C@H],1.1,0.87,3.4,2.97,4.9,4.70,0.53,0.44,0.04,-0.06,0.53,0.47,0.69,0.67,-0.28,-0.36
570,C@H]1[C@H]2C3=C(CCN4CCC[C@]24C=C1OC)C=C5OCOC5=C3N[S](=O)(=O)C1=CC2=C(NCN[S]2(=O)=O)C=,1[C@H]2C3=C(CC[NH+]4CCC[C@]24C=C1OC)C=C5OCOC5=C3N[S](=O)(=O)C1=C(C=C2NCN[S](=O)(=O)C2=C1)C(,1.8,1.48,2.96,4.44,9.8,8.02,,,0.26,0.17,0.47,0.65,0.99,0.90,,
573,C1C(F)(F)FCN1CC[C@@]23[C@H]4CCC(=O)[C@@H]2,F)(F)FC[NH+]1CC[C@@]23[C@H]4CCC(=O)[C@@H]2OC,2.2,1.75,9.7,6.16,5.2,4.61,,,0.34,0.24,0.99,0.79,0.72,0.66,,
574,OC5=C(O)C=CC(=C35)C[C@@H]14CC[C@@]1(O)C(=O)OCC2=C1C=C3N(CC4=,5=C3C(=CC=C5O)C[C@@H]14CC[C@@]1(O)C(=O)OCC2=C1C=C3N(CC4=C3N=C,4.3,3.42,28,25.72,2.3,3.25,0.86,0.75,0.63,0.53,1.45,1.41,0.36,0.51,-0.07,-0.12
575,C3N=C5C=CC(=CC5=C4)O)C2=OCCN(CCO)CCCC(C)NC1=CC=NC2=CC(=CC,5C=CC(=CC5=C4)O)C2=OCC[NH+](CCO)CCC[C@@H](C)NC1=C2C=CC(=CC,0.22,0.44,2.23,3.13,1.67,2.33,,,0.66,-0.35,0.35,0.50,0.22,0.37,,
576,CN1[C@@H](C[C@@H](O)C1=O)C2=CC=C,,700,137.06,11,8.00,850,94.82,0.57,0.37,2.85,2.14,1.04,0.90,2.93,1.98,-0.24,-0.44
577,N=C2CC[C@@]1(O)CN2CC[C@H]1C[C@@H]2[C,CN1[C@@H](C[C@@H](O)C1=O)C2=CN=CC=C2CC[C@@]1(O)C[NH+]2CC[C@H]1C[C@@H]2[C@,0.85,0.68,1.8,2.16,5.9,4.39,,,0.07,-0.17,0.26,0.33,0.77,0.64,,
578,@@H](O)C3=CC=NC4=CC=C(OC)C=C34CN(C)CCCN1C2=CC=CC=C2CCC3=CC(=CC,@H](O)C3=C4C=C(OC)C=CC4=NC=C3C[NH+](C)CCCN1C2=C(CCC3=C1C=CC(=C3)O)C=,6.8,5.40,12,8.46,6.7,5.41,0.47,0.41,0.83,0.73,1.08,0.93,0.83,0.73,-0.33,-0.39
579,=C13)OOCC1=NC=C2CN=C(C3=CC=CC=C3F)C4=C(,CC=C2OCC1=NC=C2CN=C(C3=C(F)C=CC=C3)C4=C(C=C,6.6,5.22,9.2,15.88,10,7.80,0.36,0.30,0.82,0.72,0.96,1.20,1.00,0.89,-0.44,-0.53
580,OC[C@H]1O[C@H]([C@H](O)[C@@H](O)[C@@H]1O)C2=C(O)[C@@](O)([C@@H]3O[C,OC[C@H]1O[C@H]([C@H](O)[C@@H](O)[C@@H]1O)C2=C([O-,0.77,1.28,9.71,5.60,1.1,2.55,0.1,0.05,0.11,0.11,0.99,0.75,0.04,0.41,-1.00,-1.35
581,@H](CO)[C@@H](O)[C@H](O)[C@H]3O)C(=C(C(=O)C=CC4=CC=C(O)C=C4)C2=O)OCN[C@@H]1C[C@H]2OC(C)([C@@H]1OC)[,])[C@@](O)([C@H]3O[C@@H](CO)[C@@H](O)[C@H](O)[C@H]3O)C(=C(C(=O)\C=C\C4=CC=C(O)C=C4)C2=O)[O-]C[NH2+][C@@H]1C[C@H]2O[C@](C)([C@@H]1O,0.2,0.25,1,1.42,2.9,3.96,0.22,0.19,0.70,-0.60,0.00,0.15,0.46,0.60,-0.66,-0.71
582,N]3C4=CC=CC=C4C5=C6[C@@H](O)NC(=O)C6=C7C8=CC=CC=C8[N]2C7=C35,C)[N]3C4=C(C=CC=C4)C5=C3C6=C(C7=C(C=CC=C142.040.00220.017)[N]26)C8=C5[C@@H](O)NC8=O,0.15,0.31,0.0037,0.09,790,,,,0.82,-0.51,-2.43,-1.03,2.90,2.15,-2.66,-2.25
583,NC(=O)NOCC1=CC(=C2C(=O)C3=C(O)C=C(O)C4=C5C(,NC(=O)N[O-]CC1=C2C3=C(C)C=C(O)C4=C3C5=C6C2=C(C(=C1),0.52,0.52,1.5,2.17,3.4,1.93,1,0.52,0.28,-0.28,0.18,0.34,0.53,0.29,0.00,-0.29
584,=CC(=C6C(=O)C7=C(O)C=C(C)C8=C7C(=C56)C(=C34)C2=C18)O)O)OCCCCCN(C)CCC(O)([P](O)(O)=O)[P](O)(O)=,O)C(=O)C7=C6C(=C(O)C=C7O)C8=C5C(=C(O)C=C8O)C4=OCCCCC[NH+](C)CCC(O)([P]([O-])([O-])=O)[P]([O-,0.25,0.31,0.13,0.33,42,27.03,,,0.60,-0.50,-0.89,-0.48,1.62,1.43,,
585,NC1=NC=NC2=C1C(=N[N]2C3CCCN(C3)C(=,])([O-])=ONC1=C2C(=NC=N1)[N](N=C2C3=CC=C(OC4=CC=C,0.55,0.47,1.8,2.26,14,10.96,0.15,0.24,0.26,-0.33,0.26,0.35,1.15,1.04,-0.82,-0.62
586,O)C=C)C4=CC=C(OC5=CC=CC=C5)C=C4,C=C4)C=C3)[C@H]5CCCN(C5)C(=O)C=C,9.75,5.87,16.4,7.68,5,5.49,0.03,0.02,0.99,0.77,1.21,0.89,0.70,0.74,-1.52,-1.66
587,CC(C)CC1=CC=C(C=C1)C(C)C(O)=OCCCCCCCN(CC)CCCC(O)C1=CC=C(N[S](C),CC(C)CC1=CC=C(C=C1)[C@H](C)C([O-])=OCCCCCCC[NH+](CC)CCC[C@@H](O)C1=CC=C(N[,0.15,0.19,0.82,1.00,1.6,2.26,0.006,0.01,0.82,-0.72,-0.09,0.00,0.20,0.35,-2.22,-2.01
588,(=O)=O)C=C1C[C@@H]1O[C@H](C[C@H](N)[C@@H]1O),S](C)(=O)=O)C=C1C[C@@H]1O[C@H](C[C@H]([NH3+])[C@@H]1O),12,9.54,26,14.85,7,5.83,0.6,0.25,1.08,0.98,1.41,1.17,0.85,0.77,-0.22,-0.61
589,O[C@H]2C[C@@](O)(CC3=C(O)C4=C(C(=C23)O)C(=O)C5=CC=CC=C5C4=O)C(C)=O,O[C@H]2C[C@@](O)(CC3=C2C(=C4C(=O)C5=C(C=CC=C5)C(=O)C4=C3O)O)C(C)=O,38,30.16,24,12.71,16,13.24,0.076,0.09,1.58,1.48,1.38,1.10,1.20,1.12,-1.12,-1.03
590,C1CN=C(N1)C2COC3=CC=CC=C3O2CN(CC(=O)NO)C(=O)[C@@H]1CCCC[C@@,C1C[NH+]=C(N1)[C@H]2COC3=C(O2)C=CC=C3CN(CC(=O)N[O-,3.3,1.91,10,10.19,4.2,3.15,,,0.52,0.28,1.00,1.01,0.62,0.50,,
591,H]1C(O)=O,])C(=O)[C@@H]1CCCC[C@@H]1C([O-])=O,1,0.80,6.3,4.68,2.6,2.43,1,0.83,0.00,-0.10,0.80,0.67,0.41,0.39,0.00,-0.08
592,OCCNC(=O)C=CC1=CC=CC=C1CO[P](=O)(C1=CC(=CC(=C1)C=CC#N)C)C2=,OCCNC(=O)\C=C/C1=CC=CC=C1CO[P@](=O)(C1=CC(=CC(=C1)C)\C=C/C#N)C2=C([,0.11,0.21,0.99,2.52,1.35,1.98,,,0.96,-0.68,0.00,0.40,0.13,0.30,,
593,CO[P](=O)(C1=CC(=CC(=C1)C=CC#N)C)C2=,CO[P@](=O)(C1=CC(=CC(=C1)C)\C=C/C#N)C2=C([,0.56,0.66,1.71,1.87,4.4,5.75,,,0.25,-0.18,0.23,0.27,0.64,0.76,,
594,CC(C(O)C1=CC=C(O)C=C1)N2CCC(CC2)CC,C[C@@H]([C@@H](O)C1=CC=C(O)C=C1)[NH+]2C,0.97,0.92,1.83,1.95,7.4,7.55,,,0.01,-0.04,0.26,0.29,0.87,0.88,,
595,3=CC=CC=C3CCCCCNC(=O)C1=COC(=N1)[C@@H]2[C@,CC(CC2)CC3=CC=CC=C3CCCCCNC(=O)C1=COC(=N1)[C@@H]2[C@H]3CC[,18.99,14.02,64.57,37.90,4.32,4.80,,,1.28,1.15,1.81,1.58,0.64,0.68,,
596,H]3CC[C@H](O3)[C@@H]2CC4=CC=CC=C4CCC(O)=OC[C@@H]2CC(C[C@H]12)=CCCCC(O)=OCN1CCN(CC1)CC2=CC=C(C=C2)C(=O)NC3=,C@H](O3)[C@@H]2CC4=C(CCC([O-])=O)C=CC=C4C[C@@H]2C\C(C[C@H]12)=C\CCCC([O-])=OC[NH+]1CC[NH+](CC1)CC2=CC=C(C=C2)C(=O)NC,4.4,2.64,6.4,5.20,22,10.30,,,0.64,0.42,0.81,0.72,1.34,1.01,,
600,CC=C(C)C(=C3)NC4=NC=CC(=N4)C5=CC=CN=C5CC1=NC=C[N]1CCC(C(N)=O)(C2=CC=CC=C,3=CC(=C(C)C=C3)NC4=NC(=CC=N4)C5=CN=CC=CCC1=NC=C[N]1CCC(C(N)=O)(C2=CC=CC=C2)C3=,3.9,4.91,3.3,4.30,22,10.98,0.05,0.04,0.59,0.69,0.52,0.63,1.34,1.04,-1.30,-1.41
601,2)C3=CC=CC=C3C[C@@H](O)[C@@H]1[C@H]2CC(=C(N2C1,CC=CC=C3C[C@@H](O)[C@@H]1[C@H]2CC(=C(N2C1=O)C([,1.51,1.20,6.1,4.63,3.2,5.17,0.12,0.09,0.18,0.08,0.79,0.67,0.51,0.71,-0.92,-1.06
602,=O)C(O)=O)SCCNC=NCN(C)CCCN1C2=CC=CC=C2CCC3=CC=CC=,O-])=O)SCCNC=[NH2+]C[NH+](C)CCCN1C2=C(CCC3=C1C=CC=C3)C=CC=,0.24,0.28,3,3.67,0.95,1.11,0.86,0.83,0.62,-0.55,0.48,0.56,-0.02,0.05,-0.07,-0.08
603,C13C[N](C)(=O)CCCN1C2=CC=CC=C2CCC3=CC,C2C[N+](C)([O-,12,7.49,13,10.86,16,16.10,0.075,0.18,1.08,0.87,1.11,1.04,1.20,1.21,-1.12,-0.74
604,=CC=C13,])CCCN1C2=C(CCC3=C1C=CC=C3)C=CC=C2[O-][P]([O-])(=O)C([NH2+]C1CCCCCC1)[P]([O-,1.9,1.67,12,8.30,1.8,2.75,,,0.28,0.22,1.08,0.92,0.26,0.44,,
605,O[P](O)(=O)C(NC1CCCCCC1)[P](O)(O)=OCCC1=CC2=C(CC(C2)NC[C@H](O)C3=CC=,])([O-])=OCCC1=C(CC)C=C2CC(CC2=C1)[NH2+]C[C@H](O)C,0.24,0.30,2.16,2.78,1.82,3.06,0.9,0.69,0.62,-0.52,0.33,0.44,0.26,0.49,-0.05,-0.16
606,C(O)C4=C3C=CC(=O)N4)C=C1CCCC(C)(C)NC(=O)[C@@H]1CN(CCN1C[C@@H](O)C[C@@H](CC2=CC=CC=C2)C(=O)N[C,3=C4C=CC(=O)NC4=C(O)C=C3CC(C)(C)NC(=O)[C@@H]1C[NH+](CC[NH+]1C[C@,19.4,11.64,4.48,5.79,92.5,30.46,0.05,0.04,1.29,1.07,0.65,0.76,1.97,1.48,-1.30,-1.44
607,@@H]3[C@H](O)CC4=CC=CC=C34)CC5=CC=CN=C5N[S](=O)(=O)C1=CC=C(C=C1)[S](=O)(=O)N,@H](O)C[C@@H](CC2=CC=CC=C2)C(=O)N[C@@H]3[C@H](O)CC4=C3C=CC=C4)CC5=CN=CC=C5N[S](=O)(=O)C1=CC=C(C=C1)[S](=O)(=O)NC2=C3[,0.82,1.03,18,11.37,1,2.09,0.36,0.17,0.09,0.01,1.26,1.06,0.00,0.32,-0.44,-0.78
608,CC1(C)C(=CC=CC=CC=CC2=[N+](CCCC[S]([O-,CC1(C)\C(=C\C=C\C=C/C=C\C2=[N+](CCCC[S]([O-,0.68,0.86,0.72,1.09,20.3,13.33,0.001,0.01,0.17,-0.07,-0.14,0.04,1.31,1.12,-3.00,-2.30
609,])(=O)=O)C3=CC=C4C=CC=CC4=C3C2(C)C)N(CCCC[S](O)(=O)=O)C5=CC=C6C=CC=CC6=C15COC1=CC=C2[N](C(=C(CC(O)=O)C2=C1)C),])(=O)=O)C3=C(C4=CC=CC=C4C=C3)C2(C)C)N(CCCC[S]([O-])(=O)=O)C5=C1C6=CC=CC=C6C=C5COC1=CC2=C(C=C1)[N](C(=C2CC([O-,0.035,0.09,6.8,4.23,0.065,0.40,0.05,0.03,1.46,-1.05,0.83,0.63,-1.19,-0.39,-1.30,-1.57
610,CC(C(O)=O)C1=CC=C(C=C1)N2CC3=C(C=C,C[C@H](C([O-,0.096,0.12,1.3,1.10,1.4,2.38,0.01,0.01,1.02,-0.92,0.11,0.04,0.15,0.38,-2.00,-1.83
611,C=C3)C2=OO=C(NC1CCN(CC1)CCC2=C[NH]C3=CC=CC,])=O)C1=CC=C(C=C1)N2CC3=C(C=CC=C3)C2=OO=C(NC1CC[NH+](CC1)CCC2=C[NH]C3=C2C=CC=,0.12,0.14,0.65,0.67,2.11,2.71,0.01,0.01,0.92,-0.84,-0.19,-0.18,0.32,0.43,-2.00,-1.98
612,=C23)C4=CC=CC=C4,C3)C4=CC=CC=C4,4.9,3.89,20,13.39,4.3,6.30,0.15,0.11,0.69,0.59,1.30,1.13,0.63,0.80,-0.82,-0.94
613,NC(=O)C1=CC(=CC=C1)NNC(=N)NCCCNC(=O)[C@@H]1CCCCN1C(=,NC(=O)C1=CC(=CC=C1)NNC(=[NH2+])NCCCNC(=O)[C@@H]1CCCCN1C(=O,1.9,1.51,7.9,6.07,5,3.59,,,0.28,0.18,0.90,0.78,0.70,0.55,,
614,O)[C@@H](CC2CCCCC2)NCC(O)=OCN(C)CCCNC1=NC=C(C)C2=C1C3=C4C=CC,)[C@@H](CC2CCCCC2)[NH2+]CC([O-])=OC[NH+](C)CCCNC1=C2C(=C(C)C=N1)[NH]C3=CC=,0.26,0.33,6.1,4.80,1,1.53,0.76,0.61,0.59,-0.49,0.79,0.68,0.00,0.19,-0.12,-0.21
615,(=CC4=CC=C3[NH]2)OCOC1=CC=CC2=C1C(=O)C3=C(O)C4=C(C[C,C4C=C(O)C=CC4=C23COC1=C2C(=O)C3=C(C(=C4C[C@](O)(C[C@H](O[,11,8.74,18,11.46,19,13.67,,,1.04,0.94,1.26,1.06,1.28,1.14,,
616,@](O)(C[C@@H]4O[C@H]5C[C@H](N)[C@H](I)[C@H](C)O5)C(=O)CO)C(=C3C2=O)OCC(=O)N(CC(O)CO)C1=C(I)C(=C(I)C(=C1I)C,C@H]5C[C@H]([NH3+])[C@H](I)[C@@H](C)O5)C4=C3O)C(=O)CO)O)C(=O)C2=CC=C1CC(=O)N(C[C@H](O)CO)C1=C(I)C(=C(I)C(=C1I)C(,53.6,42.56,140,47.45,10.3,12.17,,,1.73,1.63,2.15,1.68,1.01,1.09,,
617,(=O)NCC(O)CO)C(=O)NCC(O)COCN(C(=O)CO)C1=C(I)C(=C(I)C(=C1I)C(=O)N,=O)NC[C@H](O)CO)C(=O)NC[C@H](O)COCN(C(=O)CO)C1=C(I)C(=C(I)C(=C1I)C(=O)NC[C@,0.16,0.28,2,2.15,1.5,1.99,1,0.36,0.80,-0.55,0.30,0.33,0.18,0.30,0.00,-0.44
618,C[C@H](O)CO)C(=O)NC[C@H](O)COC[C@H](O)C(=O)NC1=C(I)C(=C(I)C(=C1I)C(,H](O)CO)C(=O)NC[C@H](O)COC[C@H](O)C(=O)NC1=C(I)C(=C(I)C(=C1I)C(=O)NC,0.23,0.32,1.4,1.70,2.3,2.31,1,0.32,0.64,-0.50,0.15,0.23,0.36,0.36,0.00,-0.49
619,=O)NC(CO)CO)C(=O)NC(CO)COCOC[C@@H](O)CN(C(C)=O)C1=C(I)C(=C(I),(CO)CO)C(=O)NC(CO)COCOC[C@@H](O)CN(C(C)=O)C1=C(I)C(=C(I)C(=C1I,0.28,0.35,1.9,1.93,2.1,2.73,1,0.51,0.55,-0.45,0.28,0.29,0.32,0.44,0.00,-0.29
620,C(=C1I)C(=O)NC[C@H](O)CO)C(=O)NC[C@H](O)CO621COCC(=O)NC1=C(I)C(=C(I)C(=C1I)C(=O)N(COCC(=O)NC1=C(I)C(=C(I)C(=C1I)C(=O)NC[C@H]C(=O)[C@H](CO)C3=CC=CC=C3CCCCC1=NC2(CCCC2)C(=O)N1CC3=CC=C(,)C(=O)NC[C@H](O)CO)C(=O)NC[C@H](O)COC@H](CO)C3=CC=CC=C3CCCCC1=NC2(CCCC2)C(=O)N1CC3=CC=C(C=C3),0.2,0.25,1.27,1.77,2.04,2.29,1,0.33,0.70,-0.60,0.10,0.25,0.31,0.36,0.00,-0.48
624,C=C3)C4=CC=CC=C4C5=NN=N[NH]5CCC1=C2CN3C(=O)C4=C(C=C3C2=NC5=CC,C4=C(C=CC=C4)C5=NN=N[N-]5CCC1=C2C=C(OC(=O)N3CCC(CC3)[NH+]4CCCCC4,0.94,0.75,2.3,2.40,14,8.98,0.1,0.04,0.03,-0.13,0.36,0.38,1.15,0.95,-1.00,-1.35
625,=C(OC(=O)N6CCC(CC6)N7CCCCC7)C=C15)[C@@](O)(CC)C(=O)OC4CC1=C(CO)C2=C(C)C3(CC3)[C@@](C)(O)C(,)C=CC2=NC5=C1CN6C(=O)C7=C(C=C56)[C@@](O)(CC)C(=O)OC7CC1=C(CO)C2=C(C)C3(CC3)[C@@](C)(O)C(=O)C2,3.5,2.78,7,6.36,9,9.45,0.51,0.21,0.54,0.44,0.85,0.80,0.95,0.98,-0.29,-0.68
626,=O)C2=C1C[C@@H](C1=NC(=CS1)C2=CC=C(C=C2)C#,=C1C[C@@H](C1=NC(=CS1)C2=CC=C(C=C2)C#N)[C@,3.1,2.46,140,35.48,0.3,0.89,,,0.49,0.39,2.15,1.55,-0.52,-0.05,,
627,N)[C@@](O)(C[N]3C=NC=N3)C4=CC(=CC=C4F)FCN[C@@H]1[C@@H](O)[C@H](OC[C@]1(C)O)O[C@@H]2[C@@H](O)[C@H](O[C@H]3,](O)(C[N]3C=NC=N3)C4=C(F)C=CC(=C4)FC[NH2+][C@@H]1[C@@H](O)[C@H](OC[C@]1(C)O)O[C@@H]2[C@@H](O)[C@H](O[C@H]3O[C@H,5.37,4.26,0.85,1.29,86.9,36.96,0.01,0.01,0.73,0.63,-0.07,0.11,1.94,1.57,-2.00,-1.93
628,O[C@H](CN)[C@@H](O)[C@H](O)[C@H]3O)[C@@H](N)C[C@H]2NC(=O)[C@@H](O)CCC1(C)[C@@H](CC[C@]2(C)[C@@H]1CC[C@@]3(C)C2C(=O)C=C4[C@H]5C[C@@](C)(CC[C@@]5(C)CC[C@]34C)C(O)=O)O[C@H],](C[NH3+])[C@@H](O)[C@H](O)[C@H]3O)[C@@H]([NH3+])C[C@H]2NC(=O)[C@@H](O)C[NH3+]CC1(C)[C@@H](CC[C@]2(C)[C@@H]1CC[C@@]3(C)[C@@H]2C(=O)C=C4[C@H]5C[C@@](C)(CC[C@@]5(C)CC[C@@]34C)C([O-,0.32,0.27,1.3,1.30,24,10.74,0.95,0.85,0.49,-0.57,0.11,0.11,1.38,1.03,-0.02,-0.07
629,6O[C@@H]([C@@H](O)[C@H](O)[C@H]6O[C@@H]7O[C@@H]([C@@H](O)[C@H](O)[C@H]7O)C(O)=O)C(O)=OCOC1=CC(=CC=C1C2=NC3=CN=CC=C3[NH,])=O)O[C@H]6O[C@@H]([C@@H](O)[C@@H](O)[C@H]6O[C@@H]7O[C@@H]([C@@H](O)[C@H](O)[C@H]7O)C([O-])=O)C([O-])=OCOC1=C(C=CC(=C1)[S](C)=O)C2=NC3=C([NH]2)C=,0.05,0.09,0.05,0.17,23.1,12.75,,,1.30,-1.04,-1.30,-0.78,1.36,1.11,,
630,]2)[S](C)=O,CN=C3,1.67,1.33,20.7,10.84,1.2,1.48,0.48,0.27,0.22,0.12,1.32,1.03,0.08,0.17,-0.32,-0.57
631,NNC(=O)C1=CC=NC=C1,NNC(=O)C1=CC=NC=C1,0.82,0.97,7.4,6.63,1,1.25,1,0.91,0.09,-0.01,0.87,0.82,0.00,0.10,0.00,-0.04
632,CC(C)NCC(O)C1=CC=C(O)C(=C1)OO=[N](=O)O[C@H]1CO[C@@H]2[C@@H](C,CC(C)[NH2+]C[C@H](O)C1=CC(=C(O)C=C1)O[O-,1.5,1.66,56,28.29,0.41,0.84,0.71,0.78,0.18,0.22,1.75,1.45,-0.39,-0.07,-0.15,-0.11
633,O[C@H]12)O[N](=O)=OO[C@@H]1CO[C@@H]2[C@H](CO[C@H]12,][N+](=O)O[C@H]1CO[C@@H]2[C@@H](CO[C@H]12)O[N+]([O-])=OO[C@@H]1CO[C@@H]2[C@H](CO[C@H]12)O[N+],1.9,1.51,31,14.97,1.7,2.02,0.72,0.68,0.28,0.18,1.49,1.18,0.23,0.31,-0.14,-0.17
634,)O[N](=O)=OO[C@H]1CO[C@@H]2[C@@H](CO[C@H]12,([O-])=OO[C@H]1CO[C@@H]2[C@@H](CO[C@H]12)O[N+],0.86,0.72,6.2,4.56,1.9,3.03,,,0.07,-0.14,0.79,0.66,0.28,0.48,,
635,)O[N](=O)=OCN1C(=C(O)C2=CC=CC=C2[S]1(=O)=O)C(=,([O-])=OCN1C(=C([O-,0.7,0.78,2,3.36,4.1,3.07,1,0.78,0.15,-0.11,0.30,0.53,0.61,0.49,0.00,-0.11
636,O)NC3=NOC(=C3)CCOC(=O)C1=C(C)NC(=C(C1C2=CC=CC3=N,])C2=C(C=CC=C2)[S]1(=O)=O)C(=O)NC3=NOC(=C3)CCOC(=O)C1=C(C)NC(=C([C@@H]1C2=CC=CC3=N,0.19,0.17,0.07,0.14,33,16.65,0.035,0.03,0.72,-0.77,-1.15,-0.85,1.52,1.22,-1.46,-1.50
637,ON=C23)C(=O)OC(C)C)CCCC(C)N1N=CN(C1=O)C2=CC=C(C=C2)N3C,ON=C23)C(=O)OC(C)C)CCC[C@@H](C)N1N=CN(C1=O)C2=CC=C(C=C2)N3,1.5,1.89,26,16.33,3.3,3.87,0.04,0.04,0.18,0.28,1.41,1.21,0.52,0.59,-1.40,-1.40
638,CN(CC3)C4=CC=C(OCC5COC(C[N]6C=NC=COC1=CC2=C(CC(=O)N(CCCN(C)C[C@H]3,CCN(CC3)C4=CC=C(OC[C@@H]5CO[C@](C[N]6C0.0020.0039COC1=C(OC)C=C2CC(=O)N(CCC[NH+](C)C[C@H],7.4,5.88,5.1,3.35,25,18.31,,,0.87,0.77,0.71,0.53,1.40,1.26,-2.70,-2.41
639,CC4=CC(=C(OC)C=C34)OC)CC2)C=C1OCCOC1=CC=C(CN(CCC(O)=O)C(=O)CNC(=O),3CC4=C3C=C(OC)C(=C4)OC)CCC2=C1COC1=C(OC)C=C(CN(CCC([O-,1.66,1.32,10.27,8.05,,,0.28,0.18,0.22,0.12,1.01,0.91,,,-0.55,-0.75
640,CC2=CC=C(NC(=O)NC3=CC=CC=C3C)C(=C2)OC)C=C1OCC[C@H]1CCC[C@@]2(C)O[C@H]2C[C@H](,])=O)C(=O)CNC(=O)CC2=CC(=C(NC(=O)NC3=C(C)C=CC=C3)C=C2)OC)C=C1C[C@H]1CCC[C@@]2(C)O[C@H]2C[C@H](NC(=O,0.25,0.31,11,7.23,1.6,2.54,,,0.60,-0.50,1.04,0.86,0.20,0.41,,
641,NC(=O)C[C@H](O)C(C)(C)C(=O)[C@H](C)[C@H]1O)C(C)=CC3=CSC(=N3)CCC(C)C[C@H](NC(=O)CNC(=O)C1=CC(=CC,)C[C@H](O)C(C)(C)C(=O)[C@H](C)[C@H]1O)\C(C)=C\C3=CSC(=N3)C,11,8.74,10,6.19,17,14.94,0.2,0.15,1.04,0.94,1.00,0.79,1.23,1.17,-0.70,-0.83
642,,,3.61,2.87,0.5,1.14,97,25.49,0.01,0.02,0.56,0.46,-0.30,0.06,1.99,1.41,-2.00,-1.71
644,FC1=CC=C(C=C1)C(=O)C2CCN(CC2)CCN3C,FC1=CC=C(C=C1)C(=O)C2CC[NH+](CC2)CCN3C(=,2.9,2.86,19,13.02,2.8,3.57,0.47,0.35,0.46,0.46,1.28,1.11,0.45,0.55,-0.33,-0.45
645,(=O)NC4=CC=CC=C4C3=O646CCC(=O)C1(CCN(C)CC1)C2=CC=CC(=C2)OCCC(=O)C1(CC[NH+](C)CC1)C2=CC(=CC=C2)OCC(C(O)=O)C1=CC=CC(=C1)C(=O)C2=CC=C,O)NC4=C(C=CC=C4)C3=OC[C@@H](C([O-,3.9,3.10,6.7,6.04,12,7.73,0.055,0.05,0.59,0.49,0.83,0.78,1.08,0.89,-1.26,-1.32
647,C=C2OC(=O)C1CC[N]2C1=CC=C2C(=O)C3=CC=C,])=O)C1=CC(=CC=C1)C(=O)C2=CC=CC=C2[O-,0.13,0.09,1.6,1.10,2.1,2.66,0.008,0.01,0.89,-1.05,0.20,0.04,0.32,0.42,-2.10,-1.86
648,C=C3CSC[C@H](NC(=O)COC1=C2C=CN=CC2=CC=C1)C(=O)N[C@@H](CC3=CC=CC=C3)[C,]C(=O)[C@@H]1CC[N]2C1=CC=C2C(=O)C3=CC=C0.00680.02C=C3CSC[C@H](NC(=O)COC1=C2C=CN=CC2=CC=C1)C,0.11,0.11,0.35,0.53,5.1,4.00,,,0.96,-0.96,-0.46,-0.27,0.71,0.60,-2.17,-1.80
649,@H](O)C(=O)N4CSC[C@H]4C(=O)NC(C)(C)CCCCCCCCCC=CC=CC(=O)NCC(=O)N[C@@H]1[C@@H](O)[C@@H](O)[C@@H](NC2,(=O)N[C@@H](CC3=CC=CC=C3)[C@H](O)C(=O)N4CSC[C@H]4C(=O)NC(C)(C)CCCCCCCCCC\C=C/C=C/C(=O)NCC(=O)N[C@@H]1,0.11,0.14,10.5,7.47,0.44,1.23,,,0.96,-0.86,1.02,0.87,-0.36,0.09,,
650,=C3N=CN=C3N=C[NH]2)O[C@H]1[C@@H](O)COCC[C@@]1(O)C[C@H](O[C@@H]2C[C@@H]([C@H](O)[C@H](C)O2)N3CCOCC3)C4=C,[C@@H](O)[C@@H](O)[C@@H](NC2=C3N=CN=C3N=C[NH]2)O[C@H]1[C@@H](O)COCC[C@@]1(O)C[C@H](O[C@@H]2C[C@@H]([C@,0.17,0.21,2.7,3.18,1.3,2.33,,,0.77,-0.67,0.43,0.50,0.11,0.37,,
651,(O)C5=C(C(=C4[C@H]1O)O)C(=O)C6=C(C(=CC=C6)O)C5=ONCCCNC1=CC=C2C(=N[N]3C4=C(O)C=CC(,H](O)[C@H](C)O2)[NH+]3CCOCC3)C4=C([C@H]1O)C(=C5C(=O)C6=C(C(=CC=C6)O)C(=O)C5=C4O)O[NH3+]CCCNC1=C2C(=O)C3=C([N]4N=C(C[NH2+],20.9,16.60,42.8,24.35,10.7,12.75,0.09,0.08,1.32,1.22,1.63,1.39,1.03,1.11,-1.05,-1.07
652,=C4C(=O)C1=C23)O)CNCCOCCC1=C(O)C=C(O)C(=C1CC(=O)N(CCOC)C,CCO)C(=C24)C=C1)C(=CC=C3O)OCCC1=C(CC(=O)N(CCOC)CCOC)C(=C(O)C=C1O)C(,12,9.52,18,12.94,32,25.44,,,1.08,0.98,1.26,1.11,1.51,1.41,,
653,COC)C(=O)C2=CC=C(OCCN3CCOCC3)C(=C2)OCN[C@@H](CC1=C[NH]C2=C1C=C(O)C=C2),=O)C2=CC(=C(OCC[NH+]3CCOCC3)C=C2)OC[NH3+][C@@H](CC1=C[NH]C2=C1C=C(O)C=C2)C(,1.32,1.13,6.87,6.56,5.94,7.75,,,0.12,0.05,0.84,0.82,0.77,0.89,,
654,C(O)=OCCCC1=C(OCCC[S](=O)(=O)C2=CC=C(C=C2,[O-])=OCCCC1=C(OCCC[S](=O)(=O)C2=CC=C(C=C2)C(=O),0.8,0.75,1.72,2.57,6.14,4.35,,,0.10,-0.12,0.24,0.41,0.79,0.64,,
655,)C(=O)CCC(O)=O)C=CC(=C1O)C(C)=OCC(C)(N)CC(=O)N[C@@H]1CCC2=CC=CC=,CCC([O-])=O)C=CC(=C1O)C(C)=OCC(C)([NH3+])CC(=O)N[C@@H]1CCC2=C(C=CC=,,,17.44,8.76,0.04,0.29,,,,,1.24,0.94,-1.40,-0.54,,
656,C2N(CC3=CC=C(C=C3)C4=CC=CC=C4C5=NN=N[NH]5)C1=O,C2)N(CC3=CC=C(C=C3)C4=C(C=CC=C4)C5=NN=N[N-]5)C1=O,0.2,0.25,3.05,2.93,3.8,4.96,0.06,0.06,0.70,-0.60,0.48,0.47,0.58,0.70,-1.22,-1.26
657,=C[N]3CC4=CC=C(C=C4)C#NCC(CCC1=CC=CC=C1)NCC(O)C2=CC=C(O),[N]3CC4=CC=C(C=C4)C#NC[C@H](CCC1=CC=CC=C1)[NH2+]C[C@@H](O)C2,0.8,1.01,3.2,3.63,2.6,3.92,,,0.10,0.00,0.51,0.56,0.41,0.59,,
658,C(=C2)C(N)=OCOC[C@@H](NC(C)=O)C(=O)NCC1=CC=CC,=CC(=C(O)C=C2)C(N)=O,4.8,2.89,23,14.76,4.4,5.70,0.5,0.33,0.68,0.46,1.36,1.17,0.64,0.76,-0.30,-0.48
659,=C1C[C@@H]1O[C@H](C[C@@H]([C@@H]1O[S](C)(=O)=O)N2CC2)O[C@H]3C[C@@](O)(C,COC[C@@H](NC(C)=O)C(=O)NCC1=CC=CC=C1C[C@@H]1O[C@H](C[C@@H]([C@@H]1O[S](C)(=,0.58,0.50,17.2,10.31,12.3,6.60,0.85,0.74,0.24,-0.30,1.24,1.01,1.09,0.82,-0.07,-0.13
660,C4=C3C(=C5C(=O)C6=CC=CC=C6C(=O)C5=C4O)O)C(C)=ONC(=N)C1=CC=C(C=C1)C(=O)N[C@@H](CC,O)=O)[NH+]2CC2)O[C@H]3C[C@@](O)(CC4=C3C(=C5C(=O)C6=C(C=CC=C6)C(=O)C5=C4O)O)C(C)=ONC(=[NH2+])C1=CC=C(C=C1)C(=O)N[C@@H](CC2,2.95,3.72,23.54,17.69,7.33,6.91,0.006,0.02,0.47,0.57,1.37,1.25,0.87,0.84,-2.22,-1.77
661,2=CC=C(O)C=C2)C(=O)N3CCC(CC3)OCC(O)=ONC1=NC(=O)N(C=C1)[C@@H]2CS[C@H](C,=CC=C(O)C=C2)C(=O)N3CCC(CC3)OCC([O-])=O,0.29,0.36,1.9,2.32,2.1,2.73,0.94,0.58,0.54,-0.44,0.28,0.36,0.32,0.44,-0.03,-0.24
662,O)O2,NC1=NC(=O)N(C=C1)[C@@H]2CS[C@@H](CO)O2,1.3,0.96,4.8,4.75,9.1,6.34,0.94,0.88,0.11,-0.02,0.68,0.68,0.96,0.80,-0.03,-0.06
663,NC(CC1=CC=CC=N1)C2=CC=CC=C2COC(=O)C1=CN=C2[N]1CCC3=CC=CC=C3C,[NH3+][C@@H](CC1=NC=CC=C1)C2=CC=CC=C2COC(=O)C1=CN=C2[N]1CCC3=C(C=CC=C3)[C]2=[,1.62,2.04,1.8,3.19,10.4,7.87,,,0.21,0.31,0.26,0.50,1.02,0.90,,
664,2=C4CCN(CC4)CCC5=CC=C(OCC6=CC=C7C=OC[S](=O)(=O)C1=CC(=CC2=C1[N](CC3=CC=,0.0010.0029C]4CC[NH+](CC4)CCC5=CC=C(OCC6=NC7=CC=C,6.03,4.79,14.14,8.92,10.6,10.70,,,0.78,0.68,1.15,0.95,1.03,1.03,-3.00,-2.53
667,CC(=O)OC1C(=O)[C@]23C[C@H]2C[C@H]4OC[C@@]4(OC(C)=O)[C@H]3[C@H](OC(=O,CC[C@H]4CC([O-])=O)C2=CC(=C1)FCC(=O)O[C@H]1C(=O)[C@]23C[C@H]2C[C@H]4OC[C@@]4(OC(C)=O)[C@H]3[C@H](OC(=O)C5=CC,1,0.79,1.21,1.28,11.8,8.33,,,0.00,-0.10,0.08,0.11,1.07,0.92,,
668,)C5=CC=CC=C5)[C@]6(O)C[C@H](OC(=O)[C@H](O)[C@@H](NC(=O)OC(C)(C)C)C7=CC=CC=C7)C(=C1C6(C)C)CCC(C)OC(=O)CCCC=CC[C@H]1[C@@H](O),=CC=C5)[C@]6(O)C[C@H](OC(=O)[C@H](O)[C@@H](NC(=O)OC(C)(C)C)C7=CC=CC=C7)C(=C1C6(C)C)CCC(C)OC(=O)CCC\C=C\C[C@H]1[C@@H](O)C[C@,17,13.50,10.8,7.26,33.9,27.38,,,1.23,1.13,1.03,0.86,1.53,1.44,,
669,C[C@@H](O)[C@@H]1CC[C@@H](O)CCC2=CC=CC=C2C[C@@H]1CC[C@@]23CCC(=O)[C@H]2[C@]1(C)[C@@H](C[C@@](C)(C=C)[C@@H](,@H](O)[C@@H]1CC[C@@H](O)CCC2=CC=CC=C2C[C@@H]1CC[C@@]23CCC(=O)[C@H]2[C@]1(C)[,,,6.7,6.17,0.28,0.66,0.1,0.07,,,0.83,0.79,-0.55,-0.18,-1.00,-1.17
670,O)[C@@H]3C)OC(=O)CS[C@@H]4CC[C@@H](N)C[C@H]4OCNCC[C@@H](O)[C@@H]1C[C@@H](CN1),C@@H](C[C@@](C)(C=C)[C@@H](O)[C@@H]3C)OC(=O)CS[C@H]4CC[C@@H]([NH3+])C[C@H]4OC[NH2+]CC[C@@H](O)[C@@H]1C[C@@H](C[NH,1.32,1.05,3.96,5.62,6.4,4.91,0.17,0.15,0.12,0.02,0.60,0.75,0.81,0.69,-0.77,-0.82
671,SC2=C(N3[C@H]([C@H]2C)[C@@H]([C@@H](C)O)C3=O)C(O)=OOC(=O)CSC1=NN=C(Br)[N]1C2=CC=C(C3CC,2+]1)SC2=C(N3[C@H]([C@@H]2C)[C@@H]([C@@H](C)O)C3=O)C([O-])=O[O-,0.22,0.37,2.02,2.41,1.48,1.76,,,0.66,-0.44,0.31,0.38,0.17,0.24,,
672,3)C4=CC=CC=C24N#CC1=CC=C(C=C1)C([N]2C=NC=N2)C3=C,]C(=O)CSC1=NN=C(Br)[N]1C2=C3C=CC=CC3=C(C=C2)C4CC4N#CC1=CC=C(C=C1)C([N]2C=NC=N2)C3=CC=C(C,0.29,0.32,1.43,1.30,5,4.97,0.02,0.02,0.54,-0.49,0.16,0.11,0.70,0.70,-1.70,-1.78
673,C=C(C=C3)C#N,=C3)C#N,1.9,1.51,0.57,0.92,45,22.32,0.41,0.20,0.28,0.18,-0.24,-0.04,1.65,1.35,-0.39,-0.69
674,CC[C@H](N1CCCC1=O)C(N)=OCCCCN1CCCC[C@H]1C(=O)NC2=C(C)C=C,CC[C@H](N1CCCC1=O)C(N)=OCCCC[NH+]1CCCC[C@H]1C(=O)NC2=C(C)C=CC=,0.6,0.76,0.9,1.40,8.23,5.56,0.9,0.86,0.22,-0.12,-0.05,0.15,0.92,0.75,-0.05,-0.07
675,C=C2CC[C@@H]1CN(CC[C@]1(C(O)=O)C2=CC=C,C2CC[C@@H]1C[NH+](CC[C@]1(C([O-,0.49,0.83,8.7,6.34,0.79,1.64,0.03,0.05,0.31,-0.08,0.94,0.80,-0.10,0.21,-1.52,-1.29
676,C=C2)C3CCC(CC3)(C#N)C4=CC=C(F)C=C4677N[C@@H](CC1=CC=C(O)C(=C1)O)C(O)=O[NH3+][C@@H](CC1=CC(=C(O)C=C1)O)C([O-])=OC[C@H]1COC2=C(N3CCN(C)CC3)C(=CC4=,])=O)C2=CC=CC=C2)C3CCC(CC3)(C#N)C4=CC=C(F)C=C4C[C@H]1COC2=C3N1C=C(C([O-,1.17,1.31,0.43,0.83,33,18.01,0.453,0.20,0.07,0.12,-0.37,-0.08,1.52,1.26,-0.34,-0.70
678,C2N1C=C(C(O)=O)C4=O)FNC1=NC(=O)C2=C(NC[C@H](CNC3=CC=C(,])=O)C(=O)C3=CC(=C2N4CC[NH+](C)CC4)FNC1=NC(=O)C2=C(NC[C@H](CNC3=CC=C(C=C3),1.2,1.44,1.9,2.24,8.8,8.26,0.75,0.65,0.08,0.16,0.28,0.35,0.94,0.92,-0.12,-0.19
679,C=C3)C(=O)N[C@@H](CCC(O)=O)C(O)=O)N2C=O)N1COC1=CC=C2SC3=CC=CC=C3N(C[C@H](C),C(=O)N[C@@H](CCC([O-])=O)C([O-])=O)N2C=O)N1COC1=CC2=C(SC3=C(C=CC=C3)N2C[C@H](C)C[N,0.27,0.34,4.1,3.79,1.1,1.63,,,0.57,-0.47,0.61,0.58,0.04,0.21,,
680,CN(C)C)C2=C1CC[C@]12CC[C@H]3[C@@H](CCC4=CC(=O,H+](C)C)C=C1CC[C@]12CC[C@H]3[C@@H](CCC4=CC(=O)CC[C,12,6.26,9.9,10.74,30,21.09,,,1.08,0.80,1.00,1.03,1.48,1.32,,
681,)CC[C@H]34)[C@@H]1CC[C@@]2(O)C#CCNC[C@H](O)CC12CCC(C3=CC=CC=C13)C,@H]34)[C@@H]1CC[C@@]2(O)C#CC[NH2+]C[C@H](O)CC12CCC(C3=C1C=CC=C3)C4,1.5,1.36,1.8,2.49,9.4,5.52,0.025,0.03,0.18,0.13,0.26,0.40,0.97,0.74,-1.60,-1.55
682,4=CC=CC=C24CN1CC[C@]23CCCC[C@H]2[C@H]1CC4=C,=C2C=CC=C4C[NH+]1CC[C@@]23CCCC[C@H]2[C@H]1CC4=C3,18.8,14.93,14.6,12.88,18.8,16.54,,,1.27,1.17,1.16,1.11,1.27,1.22,,
683,3C=C(O)C=C4C[C@@H]1CC(=O)NN=C1C2=CC=C(NN=C(,C=C(O)C=C4C[C@@H]1CC(=O)NN=C1C2=CC=C(NN=C(C#N)C#,11.5,5.22,15.7,16.46,13.5,10.12,0.6,0.26,1.06,0.72,1.20,1.22,1.13,1.01,-0.22,-0.59
684,C#N)C#N)C=C2NCCCC[C@H](N[C@H]1CCC2=C(C=CC=C2),N)C=C2[NH3+]CCCC[C@H]([NH2+][C@H]1CCC2=C(C=CC,0.24,0.40,3.8,4.32,1.1,2.29,0.02,0.03,0.62,-0.40,0.58,0.64,0.04,0.36,-1.70,-1.51
685,N(CC(O)=O)C1=O)C(O)=ONC(=O)N1C2=C(CC(O)C3=C1C=CC=C3)C=C,=C2)N(CC([O-])=O)C1=O)C([O-])=ONC(=O)N1C2=C(C[C@H](O)C3=C1C=CC=C3)C=CC,1.98,1.57,1.23,1.71,,,,,0.30,0.20,0.09,0.23,,,,
686,C=C2,=C2,0.72,0.91,0.88,1.48,9.8,8.70,0.7,0.33,0.14,-0.04,-0.06,0.17,0.99,0.94,-0.15,-0.48
687,CCN(CC)CC(=O)NC1=C(C)C=CC=C1C688CC#CC[N]1C(=NC2=C1C(=O)N(CC3=NC4=CCC#CC[N]1C(=NC2=C1C(=O)N(CC3=NC4=CC=CC=](O)[C@@H](O)[C@H]2OCC(=O)NC[C@H]1CN(C(=O)O1)C2=CC=C(N,CC[NH+](CC)CC(=O)NC1=C(C)C=CC=C1CH](O)[C@@H]2OCC(=O)NC[C@H]1CN(C(=O)O1)C2=CC(=C(C=C2)N,1.8,1.58,16,10.89,1.6,2.03,0.33,0.28,0.26,0.20,1.20,1.04,0.20,0.31,-0.48,-0.55
690,3CCOCC3)C(=C2)F,3CCOCC3)F,0.58,0.68,1.8,2.99,4.5,3.53,0.69,0.55,0.24,-0.16,0.26,0.48,0.65,0.55,-0.16,-0.26
691,OC(=O)CCCC[C@@H]1CCSS1,[O-]C(=O)CCCC[C@@H]1CCSS1,0.1,0.14,11.5,7.96,0.21,0.31,,,1.00,-0.86,1.06,0.90,-0.68,-0.50,,
692,OC(=O)CCCC[C@H]1CCSS1C[C@@H](CC1=CC=CC=C1)NC(=O)[C@@H,[O-]C(=O)CCCC[C@H]1CCSS1C[C@@H](CC1=CC=CC=C1)NC(=O)[C@@H]([NH3,0.11,0.14,13.4,8.43,0.21,0.31,,,0.96,-0.86,1.13,0.93,-0.68,-0.51,,
693,](N)CCCCNNCCCC[C@H](N[C@@H](CCC1=CC=CC=C,+])CCCC[NH3+][NH3+]CCCC[C@H]([NH2+][C@@H](CCC1=CC=C,0.6,0.76,17,13.06,1.2,1.89,,,0.22,-0.12,1.23,1.12,0.08,0.28,,
694,1)C(O)=O)C(=O)N2CCC[C@H]2C(O)=OCCN(CC)C(=O)N[C@@H]1CN(C)[C@@H]2C,C=C1)C([O-])=O)C(=O)N2CCC[C@H]2C([O-])=OCCN(CC)C(=O)N[C@@H]1C[NH+](C)[C@@H]2CC,0.89,0.81,1.2,1.64,42,15.35,1,0.68,0.05,-0.09,0.08,0.22,1.62,1.19,0.00,-0.17
695,C3=C[NH]C4=CC=CC(=C34)C2=C1CCN1C=C(C(O)=O)C(=O)C2=CC(=C(N3CCN[,3=C[NH]C4=C3C(=CC=C4)C2=C1CCN1C=C(C([O-,1.73,2.16,13.3,10.05,1.8,2.49,,,0.24,0.34,1.12,1.00,0.26,0.40,,
696,C@@H](C)C3)C(=C12)F)FNC1=NC(=C2[NH]C=NC2=N1)OCC3=CC(=C,])=O)C(=O)C2=C1C(=C(N3CC[NH2+][C@@H](C)C3)C(=C2)F)F,2.04,1.62,3.98,3.17,8.1,7.80,,,0.31,0.21,0.60,0.50,0.91,0.89,,
697,S3)BrFC(F)(F)CNC(=O)C1(CCCCN2CCC(CC2)NC(,NC1=NC2=C([NH]C=N2)C(=N1)OCC3=CC(=CS3)BrFC(F)(F)CNC(=O)C1(CCCC[NH+]2CCC(CC2)NC(=O,,,21.55,9.85,2.92,4.08,,,,,1.33,0.99,0.47,0.61,,
698,=O)C3=C(C=CC=C3)C4=CC=C(C=C4)C(F)(F)F)C5=C(C=CC=C5)C6=C1C=CC=C6,)C3=C(C=CC=C3)C4=CC=C(C=C4)C(F)(F)F)C5=C(C0.0020.0038=CC=C5)C6=C1C=CC=C6,16.3,11.24,8.7,5.35,39.7,33.22,,,1.21,1.05,0.94,0.73,1.60,1.52,-2.70,-2.42
699,CC(C)N1CCC(CC1)N(C(=O)CC2=CC=CC=C2,CC(C)[NH+]1CCC(CC1)N(C(=O)CC2=CC=CC=C2)C,1.3,1.31,1,1.38,17,14.58,0.09,0.03,0.11,0.12,0.00,0.14,1.23,1.16,-1.05,-1.48
700,,,6.6,5.24,16,10.50,6.5,9.63,0.15,0.10,0.82,0.72,1.20,1.02,0.81,0.98,-0.82,-1.01
701,CCCCC1=NC(=C(CO)[N]1CC2=CC=C(C=C2),CCCCC1=NC(=C(CO)[N]1CC2=CC=C(C=C2)C3=C(,1.6,1.18,4,2.87,4.9,6.54,0.12,0.07,0.20,0.07,0.60,0.46,0.69,0.82,-0.92,-1.14
702,CC1=C(C=C(C=C1F)C(=O)NC2CC2)C3=CC=,CC1=C(C=C(C=C1F)C(=O)NC2CC2)C3=NC=C(C=C,0.37,0.47,8.2,4.70,1.8,3.04,0.01,0.01,0.43,-0.33,0.91,0.67,0.26,0.48,-2.00,-1.92
703,C(C=N3)C(=O)NCC(C)(C)CCC[C@H](C)C(=O)O[C@H]1C[C@@H](C)C=,3)C(=O)NCC(C)(C)CCC[C@H](C)C(=O)O[C@H]1C[C@@H](C)C=C2C=,1.67,2.10,3.77,3.34,6.95,7.91,,,0.22,0.32,0.58,0.52,0.84,0.90,,
704,C2C=C[C@H](C)[C@H](CC[C@@H](O)C[C@@H](O)CC(O)=O)[C@@H]12CCCCCN(CCCOC)C(=O)C(CCC(O)=O)NC(=,C[C@H](C)[C@H](CC[C@@H](O)C[C@@H](O)CC([O-])=O)[C@@H]12CCCCCN(CCCOC)C(=O)[C@@H](CCC([O-,0.87,0.48,7.2,6.44,1.4,1.71,0.043,0.05,0.06,-0.32,0.86,0.81,0.15,0.23,-1.37,-1.26
705,CN(C1CCN(CC1)C[C@H](O)COC2=CC=C(F),CN(C1CC[NH+](CC1)C[C@H](O)COC2=CC(=C(F)C,0.24,0.30,1,1.74,5.2,2.95,,,0.62,-0.52,0.00,0.24,0.72,0.47,,
706,C(=C2)F)C3=NC4=CC=CC=C4S3COC1=CC=C2[NH]C3=C(CCN[C@]34CS[C@H]5[C@H]6[C@@H]7N(C)[C@@H](CC8=C7,=C2)F)C3=NC4=C(S3)C=CC=C4COC1=CC2=C([NH]C3=C2CC[NH2+][C@]34CS[C@H]5[C@H]6[C@H]7[NH+](C)[C@@H](CC8=C7C(=C,2.6,4.35,1.7,2.50,21.6,17.43,0.003,0.01,0.41,0.64,0.23,0.40,1.33,1.24,-2.52,-2.15
707,C(=C(OC)C(=C8)C)O)[C@H](O)N6[C@@H](COC4=O)C9=C5C(=C(C)C%10=C9OCO%10)OC(C)=O)C2=C1CC[C@@]1(O)C(=O)OCC2=C1C=C3N(CC4=,(OC)C(=C8)C)O)[C@H](O)[NH+]6[C@@H](COC4=O)C9=C5C(=C(C)C%10=C9OCO%10)OC(C)=O)C=CCC[C@@]1(O)C(=O)OCC2=C1C=C3N(CC4=C3N=C,7.3,5.80,2.76,3.67,50.68,32.03,,,0.86,0.76,0.44,0.56,1.70,1.51,,
708,C3N=C5C=C6OCCOC6=CC5=C4CN7CCN(C)CC7)C2=OFC1=C[C@H]2CN(CCN3C=C(C(=C1)[C@H]2,5C=C6OCCOC6=CC5=C4C[NH+]7CC[NH+](C)CC7)C2=OFC1=C[C@H]2CN(CCN3C=C(C(=C1)[C@H]23)C4=,4.77,3.79,25.07,13.86,3.54,4.51,,,0.68,0.58,1.40,1.14,0.55,0.65,,
709,3)C4=C(C(=O)NC4=O)C5=C[N]6C=CC=CC6=N5)C(=O)N7CCCCC7CSCC[C@H](N)C(=O)N[C@]1(C[S](=O)(=O)[,C(C(=O)NC4=O)C5=C[N]6C=CC=CC6=N5)C(=O)N7CCCCC7CSCC[C@H]([NH3+])C(=O)N[C@@]1(C[S](=O)(=O),1.2,1.19,10.3,5.20,2.7,4.15,0.02,0.03,0.08,0.07,1.01,0.72,0.43,0.62,-1.70,-1.53
710,C@H]2[C@@H]([C@@H]12)C(O)=O)C(O)=ON[C@]1(C[S](=O)(=O)[C@H]2[C@@H]([C@,[C@H]2[C@@H]([C@@H]12)C([O-])=O)C([O-])=O[NH3+][C@]1(C[S](=O)(=O)[C@H]2[C@@H]([C@@,0.44,0.42,9.73,5.85,0.84,1.02,,,0.36,-0.38,0.99,0.77,-0.08,0.01,,
711,@H]12)C(O)=O)C(O)=OCC(C)C1=NN=C(C)[N]1C2C[C@@H]3CC[C,H]12)C([O-])=O)C([O-])=OCC(C)C1=NN=C(C)[N]1C2C[C@H]3CC[C@H](C2)[,0.21,0.26,2.4,3.01,1.23,1.96,,,0.68,-0.58,0.38,0.48,0.09,0.29,,
714,@H](C2)N3CC[C@@H](NC(=O)C4CCC(F)(F)CC4)C5=CC=CC=C5,NH+]3CC[C@@H](NC(=O)C4CCC(F)(F)CC4)C5=CC=CC=C5,2.3,1.83,9.4,7.36,12.8,10.61,0.25,0.15,0.36,0.26,0.97,0.87,1.11,1.03,-0.60,-0.83
715,C(=CC=C23)C(F)(F)FCC(C)OC1=CC=CC=C1N2CCN(CC2)CC3=CC,0.00380.01=CC(=C3)C(F)(F)FCC(C)OC1=C(C=CC=C1)N2CC[NH+](CC2)CC3=CC(,10,7.94,15,7.68,37,24.94,,,1.00,0.90,1.18,0.89,1.57,1.40,-2.42,-2.06
716,=CC(=C3)C(=O)N4CCCCC4NC1=NC2=NC=C(CCC3=CC=C(C=C3)C(=O),=CC=C3)C(=O)N4CCCCC4NC1=NC2=NC=C(CCC3=CC=C(C=C3)C(=O)N[C@,1.54,1.85,6.17,4.78,4.6,5.76,0.011,0.01,0.19,0.27,0.79,0.68,0.66,0.76,-1.96,-1.85
717,N[C@@H](CC(=C)C(O)=O)C(O)=O)N=C2C(=N1)NCC1=C(O)C=CC2=C1OC[C@H]([C@H]2C3=,@H](CC(=C)C([O-])=O)C([O-])=O)N=C2C(=N1)NCC1=C2OC[C@H]([C@@H](C3=CC=C(O)C=C3)C2,0.7,0.56,3.08,2.46,8.2,5.98,,,0.15,-0.25,0.49,0.39,0.91,0.78,,
718,CC=C(O)C=C3)C4=CC=C(O)C=C4COC(=O)NC1=NC2=CC(=CC=C2[NH]1)C(=O,=CC=C1O)C4=CC=C(O)C=C4COC(=O)NC1=NC2=C([NH]1)C=CC(=C2)C(=O)C3=,1.2,1.25,8.42,7.46,5.3,3.79,,,0.08,0.10,0.93,0.87,0.72,0.58,,
719,)C3=CC=CC=C3720CN(C)CC(OC1=CC=CC=C1)OC2=CC=CC=C2C[NH+](C)CC(OC1=CC=CC=C1)OC2=CC=CC=C2CC(CCC1=CC=C2OCOC2=C1)NCC(O)C3=CC,CC=CC=C3C[C@H](CCC1=CC2=C(OCO2)C=C1)[NH2+]C[C@,1.2,0.95,15,7.52,1.1,2.25,0.086,0.07,0.08,-0.02,1.18,0.88,0.04,0.35,-1.07,-1.16
721,=C(O)C(=C3)C(N)=ONC(=N)C1=CC=C(CNC(=O)[C@@H]2CCN2C,@H](O)C3=CC(=C(O)C=C3)C(N)=ONC(=[NH2+])C1=CC=C(CNC(=O)[C@@H]2CCN2C(,7.9,6.28,16,9.93,11,8.01,,,0.90,0.80,1.20,1.00,1.04,0.90,,
722,(=O)[C@H](NCC(O)=O)C3CCCCC3)C=C1723COC1=CC2=C([NH]C=C2CCNC(C)=O)C=C1CN1C(=C(O)C2=CC=CC=C2[S]1(=O)=O)C(=,=O)[C@H]([NH2+]CC([O-])=O)C3CCCCC3)C=C1COC1=CC2=C([NH]C=C2CCNC(C)=O)C=C1CN1C(=C([O-,0.23,0.29,1.9,2.42,1.6,2.12,0.93,0.66,0.64,-0.54,0.28,0.38,0.20,0.33,-0.03,-0.18
724,O)NC3=NC=C(C)S3725CC1CCN(CCCC(=O)C2=CC=C(F)C=C2)CC1CC1CC[NH+](CCCC(=O)C2=CC=C(F)C=C2)CC1,])C2=C(C=CC=C2)[S]1(=O)=O)C(=O)NC3=NC=C(C)S3,0.15,0.19,0.12,0.15,18,11.12,0.003,0.01,0.82,-0.72,-0.92,-0.82,1.26,1.05,-2.52,-2.06
726,C(O)=OC[C@@H]1O[C@H](C[C@H](N)[C@@H]1O)O[C@@H]2[C@H](C)O[C@H](C[C@@H]2O),([O-])=OC[C@@H]1O[C@H](C[C@H]([NH3+])[C@@H]1O)O[C@@H]2[C@H](C)O[C@H](C[C@H]2O)O[C@H],0.48,0.60,7,4.96,1,1.41,0.14,0.20,0.32,-0.22,0.85,0.70,0.00,0.15,-0.85,-0.70
727,O[C@H]3C[C@@](O)(CC4=C(O)C5=C(C(=C34)O)C(=O)C6=CC=CC=C6C5=O)C(=O)COCO[C@@H]1C[C@@](C)(O)CC2=C1C(=C3C(=O)C4=C(O)C=C5C(=C4C(=O)C3=C2)O[C@,3C[C@@](O)(CC4=C3C(=C5C(=O)C6=C(C=CC=C6)C(=O)C5=C4O)O)C(=O)COCO[C@@H]1C[C@@](C)(O)CC2=C1C(=C3C(=O)C4=C(C(=O)C3=C2)C5=C(C=C4O)[C@@]6(C)O[C@@,2.4,3.02,2.5,4.05,21,13.52,,,0.38,0.48,0.40,0.61,1.32,1.13,,
728,@H]6O[C@]5(C)[C@@H](O)[C@H]([C@@H]6O)N(C)C)O,H](O5)[C@@H](O)[C@@H]([C@@H]6O)[NH+](C)C)O,9.14,7.26,11.61,11.70,13.22,12.59,,,0.96,0.86,1.06,1.07,1.12,1.10,,
729,CCOC(=O)C1(CCN(C)CC1)C2=CC=CC=C2CC(C)NCC(O)COC1=CC=CC2=C1C=C(C)[N,CCOC(=O)C1(CC[NH+](C)CC1)C2=CC=CC=C2CC(C)[NH2+]C[C@@H](O)COC1=C2C=C(C)[NH]C2,2.3,2.66,4.9,6.51,7.9,5.94,0.42,0.46,0.36,0.43,0.69,0.81,0.90,0.77,-0.38,-0.34
730,H]2,=CC=C1C[NH+]1CCCC[C@@H]1C(=O)NC2=C(C)C=CC=C2,2.17,2.05,5.83,9.60,4.61,4.22,0.51,0.47,0.34,0.31,0.77,0.98,0.66,0.63,-0.29,-0.33
731,CN1CCCCC1C(=O)NC2=C(C)C=CC=C2C,,0.95,1.14,6.8,8.82,2,2.42,0.3,0.35,0.02,0.06,0.83,0.95,0.30,0.38,-0.52,-0.45
732,CCCC(C)(COC(N)=O)COC(N)=O,CCCC(C)(COC(N)=O)COC(N)=O,0.7,0.88,0.6,1.29,14,7.12,1,0.72,0.15,-0.05,-0.22,0.11,1.15,0.85,0.00,-0.14
733,CCC1(CCCCN(C)C1)C2=CC=CC(=C2)O,CC[C@@]1(CCCC[NH+](C)C1)C2=CC(=CC=C2)O,3.3,3.20,28,21.91,1.7,2.55,0.73,0.57,0.52,0.51,1.45,1.34,0.23,0.41,-0.14,-0.24
734,S=C1NC=NC2=C1N=C[NH]2C[C@@H](O)[C@@H]1[C@H]2[C@@H](C),S=C1NC=NC2=C1N=C[NH]2C[C@@H](O)[C@@H]1[C@H]2[C@@H](C)C(=C(N,1,1.07,15,12.17,1,1.57,0.85,0.67,0.00,0.03,1.18,1.09,0.00,0.20,-0.07,-0.17
735,C(=C(N2C1=O)C(O)=O)S[C@@H]3CN[C@@H](C3)C(=O)N(C)C,2C1=O)C([O-])=O)S[C@@H]3C[NH2+][C@@H](C3)C(=O)N(C)C,0.3,0.25,3.9,3.53,1,1.60,0.87,0.77,0.52,-0.60,0.59,0.55,0.00,0.20,-0.06,-0.11
736,O[S](=O)(=O)CCSCC1=C(O)C(=C(CO)C=N1)CO.O=C[C@@H]2,[O-][S](=O)(=O)CCS,0.65,0.52,20.5,8.77,0.36,0.70,,,0.19,-0.29,1.31,0.94,-0.44,-0.16,,
737,CCC(=O)N2,CC1=C(O)C(=C(CO)C=N1)CO,0.66,0.70,7.9,6.98,0.98,1.40,,,0.18,-0.16,0.90,0.84,-0.01,0.15,,
738,CC(C)NCC(O)C1=CC(=CC(=C1)O)OCO[C@@H](C)C(=O)N1CCN(CC1)C2=NC(=,CC(C)[NH2+]C[C@H](O)C1=CC(=CC(=C1)O)OCO[C@@H](C)C(=O)N1CCN(CC1)C2=NC3=CC(=C(,6.03,3.14,14.07,15.39,6.41,4.85,0.9,0.83,0.78,0.50,1.15,1.19,0.81,0.69,-0.05,-0.08
739,C3C=C(OC)C(=CC3=N2)OC)NCCC(=O)C(CC(C)N(C)C)(C1=CC=CC=C1)C2,OC)C=C3C(=N2)N)OCCCC(=O)C(C[C@H](C)[NH+](C)C)(C1=CC=CC=C1),0.44,0.64,0.53,1.02,,,,,0.36,-0.20,-0.28,0.01,,,,
742,=CC=CC=C2,C2=CC=CC=C2,4.4,5.48,1.7,3.58,31,20.02,0.21,0.11,0.64,0.74,0.23,0.55,1.49,1.30,-0.68,-0.97
743,CN[C@@H](C)CC1=CC=CC=C1COC1=CC=CC(=C1C(=O)N[C@H]2[C@H]3S,C[NH2+][C@@H](C)CC1=CC=CC=C1COC1=C(C(=O)N[C@@H]2[C@H]3SC(C)(C)[C@@,4.3,3.41,4.4,5.68,12,11.60,0.85,0.67,0.63,0.53,0.64,0.75,1.08,1.06,-0.07,-0.17
744,C(C)(C)[C@@H](N3C2=O)C(O)=O)OC,H](N3C2=O)C([O-])=O)C(=CC=C1)OC,0.32,0.25,6.6,5.32,0.64,0.88,0.43,0.35,0.49,-0.60,0.82,0.73,-0.19,-0.05,-0.37,-0.45
745,CN1C=CNC1=SCCC#CC(C)C1(CC=C)C(=O)NC(=O)N(C)C1=,CN1C=CNC1=SCCC#C[C@@H](C)[C@]1(CC=C)C(=O)NC(=O)N(C),0.86,0.98,3.7,4.57,2.4,2.60,,,0.07,-0.01,0.57,0.66,0.38,0.41,,
746,CN(CC1=CN=C2N=C(N)N=C(N)C2=N1)C3=C,C1=OCN(CC1=NC2=C(N)N=C(N)N=C2N=C1)C3=CC=C(C,1.1,0.81,12,6.84,1.6,2.62,0.27,0.21,0.04,-0.09,1.08,0.84,0.20,0.42,-0.57,-0.67
747,C=C(C=C3)C(=O)N[C@@H](CCC(O)=O)C(O)=O,=C3)C(=O)N[C@@H](CCC([O-])=O)C([O-])=O,0.43,0.54,2.1,2.39,3.9,4.52,0.37,0.30,0.37,-0.27,0.32,0.38,0.59,0.66,-0.43,-0.52
748,COC1=C2OC(=O)C=CC2=CC3=C1OC=C3,COC1=C2OC=CC2=CC3=C1OC(=O)C=C3,0.61,0.77,12,9.28,,,0.09,0.08,0.21,-0.11,1.08,0.97,,,-1.05,-1.09
749,C[C@](N)(CC1=CC=C(O)C(=C1)O)C(O)=OC[C@]([NH3+])(CC1=CC(=C(O)C=C1)O)C([O-])=OCC[C@@H](CO)NC(=O)[C@H]1CN(C)[C@,CC[C@@H](CO)NC(=O)[C@H]1C[NH+](C)[C@@H,0.69,1.16,3.5,4.58,5.9,4.20,0.85,0.78,0.16,0.06,0.54,0.66,0.77,0.62,-0.07,-0.11
750,@H]2CC3=C[NH]C4=CC=CC(=C34)C2=C1C[N+]1(CC[C@@]23[C@H]4OC5=C(O)C=CC,]2CC3=C[NH]C4=C3C(=CC=C4)C2=C1C[N@+]1(CC[C@]23[C@H]4OC5=C2C(=CC=C5O)C,0.96,1.21,7.18,8.21,1.85,2.63,,,0.02,0.08,0.86,0.91,0.27,0.42,,
751,(=C25)C[C@@H]1[C@]3(O)CCC4=O)CC6CCC[C@@H]1CC2=CC(=O)CC[C@@H]2[C@H],[C@@H]1[C@]3(O)CCC4=O)CC6CC6C[C@@H]1CC2=CC(=O)CC[C@@H]2[C@H]3CC[C,2.6,2.06,22,19.27,2.5,2.93,0.87,0.70,0.41,0.31,1.34,1.28,0.40,0.47,-0.06,-0.15
752,3CC[C@]4(C)[C@@H](O)CC[C@H]4[C@H]1,@@]4(C)[C@H](O)CC[C@H]4[C@H]13COC(=O)[C@@H]([C@@H]1CCCC[NH2+]1)C2=CC,0.8,1.01,20,14.84,0.65,0.93,,,0.10,0.01,1.30,1.17,-0.19,-0.03,,
753,COC(=O)C(C1CCCCN1)C2=CC=CC=C2C[C@H]1C[C@H]2[C@@H]3CC[C@](O)(C(=,=CC=C2C[C@H]1C[C@H]2[C@@H]3CC[C@@](O)(C(=O)C,2.2,2.66,0.55,1.86,4.8,6.06,0.85,0.72,0.34,0.42,-0.26,0.27,0.68,0.78,-0.07,-0.14
754,O)CO)[C@@]3(C)C[C@H](O)[C@@H]2[C@@]4(C)C=CC(=O)C=C14CCN(CC)CCNC(=O)C1=CC(=C(N)C=C1OC)C,O)[C@@]3(C)C[C@H](O)[C@@H]2[C@@]4(C)C=CC(=O)C=C14,1.2,0.87,6.1,4.62,2.3,2.41,0.23,0.13,0.08,-0.06,0.79,0.66,0.36,0.38,-0.64,-0.89
755,COC1=CC=C2C[C@@H]3C4=C(CC[N+]3(C)C)C=C(OC)C(=C4OC5=CC=C(C[C@H]6C7=C,COC1=C2OC3=CC4=C(CC[N+](C)(C)[C@H]4CC5=,3.2,2.23,5.7,7.65,7.2,3.87,0.6,0.54,0.51,0.35,0.76,0.88,0.86,0.59,-0.22,-0.27
756,C(=C(OC)C=C7CC[N+]6(C)C)OC1=C2)C=C5)CC1NC2=CC(=C(C=C2C(=O)N1C3=CC=CC=,CC=C(OC6=C7[C@@H](CC(=C2)C=C1)[N+](C)(C)CCC7=CC(=C6OC)OC)C=C5)C=C3OC,0.4,0.50,1.2,2.13,5.1,6.73,0.65,0.30,0.40,-0.30,0.08,0.33,0.71,0.83,-0.19,-0.52
757,C[S](=O)(=O)C1=CC=C2SC3=CC=CC=C3N(C,=O)N1C3=C(C)C=CC=C3C[S](=O)(=O)C1=CC2=C(SC3=C(C=CC=C3)N2CCC[,1.6,1.27,1.4,1.41,20,13.79,0.05,0.04,0.20,0.10,0.15,0.15,1.30,1.14,-1.30,-1.45
758,CCN4CCC(CC4)C(N)=O)C2=C1,NH+]4CCC(CC4)C(N)=O)C=C1COCCC1=CC=C(OC[C@@H](O)C[NH2+]C(C)C)C=,,,12.14,8.21,4,4.80,,,,,1.08,0.91,0.60,0.68,,
759,COCCC1=CC=C(OCC(O)CNC(C)C)C=C1CN(C(C)=O)C1=C(I)C(=C(I)C(=C1I)C(O)=O),C1CN(C(C)=O)C1=C(I)C(=C(I)C(=C1I)NC(C)=O)C([O-,3.1,1.91,13,10.01,3.6,3.87,0.88,0.74,0.49,0.28,1.11,1.00,0.56,0.59,-0.06,-0.13
760,NC(C)=O,])=O,0.17,0.30,2.7,2.13,1.3,1.73,1,0.35,0.77,-0.52,0.43,0.33,0.11,0.24,0.00,-0.46
761,CC1=NC=C([N]1CCO)[N](=O)=O,CC1=NC=C([N]1CCO)[N+]([O-])=O,0.4,0.50,0.85,1.64,7.1,4.51,0.96,0.84,0.40,-0.30,-0.07,0.22,0.85,0.65,-0.02,-0.08
762,CC(N)COC1=C(C)C=CC=C1CCC1(C)S[C@@H]2[C@H](NC(=O)[C@H](NC,C[C@H]([NH3+])COC1=C(C)C=CC=C1CCC1(C)S[C@@H]2[C@H](NC(=O)[C@H](NC(=O)N,5.9,4.68,8.3,8.08,9.9,6.20,0.36,0.45,0.77,0.67,0.92,0.91,1.00,0.79,-0.44,-0.35
763,(=O)N3CCN(C3=O)[S](C)(=O)=O)C4=CC=CC=C4)C(=O)N2[C@H]1C(O)=OCN1CCN2[C@H](C1)C3=C(CC4=C2C=CC=C,3CCN(C3=O)[S](C)(=O)=O)C4=CC=CC=C4)C(=O)N2[C@H]1C([O-])=OC[NH+]1CCN2[C@H](C1)C3=C(CC4=C2C=CC=C4),0.09,0.11,2.1,2.15,1.2,1.43,0.7,0.50,1.05,-0.95,0.32,0.33,0.08,0.16,-0.15,-0.30
764,4)C=CC=C3COCC(=O)O[C@]1(CCN(C)CCCC2=NC3=CC,C=CC=C3COCC(=O)O[C@@]1(CC[NH+](C)CCCC2=NC3=C([,13.75,8.00,21.9,14.88,9.6,10.87,0.05,0.17,1.14,0.90,1.34,1.17,0.98,1.04,-1.30,-0.78
765,=CC=C3[NH]2)CCC4=CC(=CC=C4[C@@H]1C(C)C)F@H]3OC[C@](C)(O)[C@H](NC)[C@H]3O)[C@H]2OCC1=NC=C2CN=C(C3=CC=CC=C3F)C4=CC(,NH]2)C=CC=C3)CCC4=C(C=CC(=C4)F)[C@@H]1C(C)CH](O[C@H]3OC[C@](C)(O)[C@H]([NH2+]C)[C@H]3O)[C@H]2OCC1=NC=C2CN=C(C3=C(F)C=CC=C3)C4=C(C=CC(,3.1,3.91,4,4.87,13,11.23,0.005,0.01,0.49,0.59,0.60,0.69,1.11,1.05,-2.30,-2.02
768,COC1=CC(=C(OC)C=C1)[C@H](O)CNC(=O),COC1=CC(=C(OC)C=C1)[C@H](O)CNC(=O)C[NH3,1.1,1.38,5.3,3.41,3.1,4.88,0.017,0.03,0.04,0.14,0.72,0.53,0.49,0.69,-1.77,-1.53
769,CC#C[C@]1(O)CC[C@H]2[C@@H]3CCC4=C,+]CC#C[C@]1(O)CC[C@H]2[C@@H]3CCC4=CC(=O),0.67,0.84,27.9,14.58,0.6,1.02,0.7,0.75,0.17,-0.07,1.45,1.16,-0.22,0.01,-0.15,-0.12
770,C(=O)CCC4=C3[C@H](C[C@]12C)C5=CC=C(C=C5)N(C)COCCN1C[C@H](O)[C@@H](O)[C@H](O)[C,CCC4=C3[C@@H](C[C@]12C)C5=CC=C(C=C5)N(C)COCC[NH+]1C[C@H](O)[C@@H](O)[C@H](O)[C@H,0.45,0.57,0.5,0.99,16.6,12.67,0.02,0.02,0.35,-0.25,-0.30,-0.01,1.22,1.10,-1.70,-1.61
771,@H]1CO,]1CO,0.28,0.35,1.7,2.49,2.3,2.70,1,0.86,0.55,-0.45,0.23,0.40,0.36,0.43,0.00,-0.07
772,C[N+](C)(C)NCCC([O-])=OCCN(CC)C(=O)[C@@]1(C[C@@H]1CN)C2=,C[N+](C)(C)NCCC([O-])=OCCN(CC)C(=O)[C@@]1(C[C@@H]1C[NH3+])C2=C,0.7,0.56,2.8,2.52,6.2,4.81,,,0.15,-0.26,0.45,0.40,0.79,0.68,,
773,CC=CC=C2,C=CC=C2,4.51,3.59,8.17,9.60,6.48,4.11,0.87,0.69,0.65,0.55,0.91,0.98,0.81,0.61,-0.06,-0.16
774,CC1=C(C=C(C#N)C(=O)N1)C2=CC=NC=C2CN(C)[C@H]1[C@@H]2C[C@@H]3CC4=C(,CC1=C(C=C(C#N)C(=O)N1)C2=CC=NC=C2CN(C)C1=C2C[C@H]3C[C@H]4[C@H]([NH+](C)C),0.25,0.31,6.2,5.55,0.8,1.50,0.035,0.07,0.60,-0.50,0.79,0.74,-0.10,0.18,-1.46,-1.15
775,C=CC(=C4C(=O)C3=C(O)[C@]2(O)C(=O)C(=C1O)C(N)=O)O)N(C)C,C(=C(C(N)=O)C(=O)[C@@]4(O)C(=C3C(=O)C2=C(O)C=C1)[O-])[O-],1.6,1.27,1.2,1.49,17,10.82,0.005,0.03,0.20,0.10,0.08,0.17,1.23,1.03,-2.30,-1.46
776,NC1=[N](=O)C(=NC(=C1)N2CCCCC2)NNC1=NC(=CS1)CC(=O)NC2=CC=C(CCNC[C,NC1=[N+]([O-])C(=NC(=C1)N2CCCCC2)NNC1=NC(=CS1)CC(=O)NC2=CC=C(CC[NH2+]C[C@,0.9,1.13,11.5,8.93,1.5,2.22,1,0.87,0.05,0.05,1.06,0.95,0.18,0.35,0.00,-0.06
777,@H](O)C3=CC=CC=C3)C=C2CN1CCN2C(C1)C3=CC=CC=C3CC4=CC=CN,H](O)C3=CC=CC=C3)C=C2C[NH+]1CCN2[C@H](C1)C3=C(CC4=C2N=CC=C4),23.8,16.47,13.6,10.19,50,22.53,0.29,0.19,1.38,1.22,1.13,1.01,1.70,1.35,-0.54,-0.73
778,=C24CN(C)CCN1C(=O)C2=C3C(=CC=C2)C=C(C=,C=CC=C3C[NH+](C)CCN1C(=O)C2=C3C(=CC=C2)C=C(C=C3,4.2,3.47,8,7.74,15,11.37,0.15,0.20,0.62,0.54,0.90,0.89,1.18,1.06,-0.82,-0.70
779,C3C1=O)[N+]([O-])=OOCCNCCNC1=CC=C(NCCNCCO)C2=C1C(=,C1=O)[N+]([O-])=OOCC[NH2+]CCNC1=C2C(=O)C3=C(C(=CC=C3O)O),11.3,8.97,34.6,16.32,28.7,14.62,,,1.05,0.95,1.54,1.21,1.46,1.17,,
780,O)C3=C(O)C=CC(=C3C2=O)OCN(C1CCN(CC1)C2=NC3=C(C=CC=C3)[N]2,C(=O)C2=C(NCC[NH2+]CCO)C=C1CN(C1CCN(CC1)C2=NC3=C(C=CC=C3)[N]2CC4=C,12,9.53,7.9,6.04,53,28.23,0.25,0.24,1.08,0.98,0.90,0.78,1.72,1.45,-0.60,-0.63
781,CC4=CC=C(F)C=C4)C5=NC=CC(=O)N5,C=C(F)C=C4)C5=NC=CC(=O)N5,0.38,0.48,1.03,1.64,9.6,9.66,,,0.42,-0.32,0.01,0.22,0.98,0.98,,
782,CCOC(=O)[C@H](CCC1=CC=CC=C1)N[C@,CCOC(=O)[C@H](CCC1=CC=CC=C1)[NH2+][C@@,1.1,1.39,10,7.31,1.5,2.12,0.77,0.54,0.04,0.14,1.00,0.86,0.18,0.33,-0.11,-0.27
783,@H](C)C(=O)N2CC3=C(C[C@H]2C(O)=O)C=C(OC)C(=C3)OCCCOC(=O)[NH-,H](C)C(=O)N2CC3=C(C[C@H]2C([O-])=O)C=C(OC)C(=C3)OC,,,6.3,5.33,1.3,1.85,0.12,0.10,,,0.80,0.73,0.11,0.27,-0.92,-1.02
784,;v3]C1=C[N+](=NO1)N2CCOCC2C[C@@H]1C[C@H]2[C@H]3CCC4=CC(=O),CCOC(=O)[N-]C1=C[N+](=NO1)N2CCOCC2C[C@H]1C[C@H]2[C@H]3CCC4=CC(=O)C=C[C@],1.4,1.11,11,7.80,1.6,2.81,1,0.91,0.15,0.05,1.04,0.89,0.20,0.45,0.00,-0.04
785,CC(C)(O)C1=CC=CC=C1CC[C@@H](SCC2(,CC(C)(O)C1=C(CC[C@@H](SCC2(CC2)CC([O-,2.2,1.75,12.7,10.91,4.4,4.11,0.01,0.01,0.34,0.24,1.10,1.04,0.64,0.61,-2.00,-1.83
786,CC2)CC(O)=O)C3=CC=CC(=C3)C=CC4=CC=CC1=NC=C([N]1CC(O)CN2CCOCC2)[N+]([O,])=O)C3=CC(=CC=C3)\C=C\C4=NC5=CC(=CC=C5C0.0020.0035CC1=NC=C([N]1C[C@@H](O)C[NH+]2CCOCC2)[N,0.15,0.19,0.68,0.97,5,5.08,,,0.82,-0.72,-0.17,-0.01,0.70,0.71,-2.70,-2.46
787,-])=OCN1CC[C@@]23[C@H]4OC5=C(O)C=CC(=C,+]([O-])=OC[NH+]1CC[C@]23[C@H]4OC5=C2C(=CC=C5O)C[,0.75,0.82,1.6,2.48,6.2,5.25,,,0.12,-0.08,0.20,0.39,0.79,0.72,,
788,25)C[C@@H]1[C@@H]3C=C[C@@H]4OCN1CC[C@@]23[C@H]4OC5=C(O)C=CC(=C25)C[C@@H]1[C@@H]3C=C[C@@H]4O[C,C@H]1[C@H]3C=C[C@@H]4OC[NH+]1CC[C@@]23[C@H]4OC5=C2C(=CC=C5O),2.3,2.23,26,22.16,2,3.47,0.65,0.63,0.36,0.35,1.41,1.35,0.30,0.54,-0.19,-0.20
789,@@H]6O[C@@H]([C@@H](O)[C@H](O)[C@H]6O)C(O)=OCO[C@]1(NC(=O)[C@H](C(O)=O)C2=CC=C(,C[C@@H]1[C@@H]3C=C[C@@H]4O[C@@H]6O[C@@H]([C@@H](O)[C@H](O)[C@H]6O)C([O-])=OCO[C@]1(NC(=O)[C@H](C([O-,0.12,0.15,2.2,2.78,1.4,2.19,0.67,0.59,0.92,-0.82,0.34,0.44,0.15,0.34,-0.17,-0.23
790,O)C=C2)[C@H]3OCC(=C(N3C1=O)C(O)=O)C,])=O)C2=CC=C(O)C=C2)[C@H]3OCC(=C(N3C1=O),0.17,0.21,0.72,1.06,2.9,2.30,0.39,0.26,0.77,-0.67,-0.14,0.03,0.46,0.36,-0.41,-0.59
792,COC1=C(C)C2=C(C(=C1CC=C(C)CCC(O)=O),COC1=C(C\C=C(\C)CCC([O-,1.8,2.95,11,7.32,2.2,2.59,0.93,0.83,0.26,0.47,1.04,0.86,0.34,0.41,-0.03,-0.08
793,O)C(=O)OC2CC(C)(C)NCC(O)COC1=CC=CC2=C1CC(O)C,])=O)C(=C2C(=O)OCC2=C1C)OCC(C)(C)[NH2+]C[C@H](O)COC1=C2C[C@@H](O),0.77,0.79,2.33,2.72,9.7,5.78,0.02,0.04,0.11,-0.10,0.37,0.44,0.99,0.76,-1.70,-1.39
794,(O)C2NC(=N)NC1=CC=C(C=C1)C(=O)OC2=CC=C3,[C@H](O)CC2=CC=C1NC(=[NH2+])NC1=CC=C(C=C1)C(=O)OC2=CC3=C,1.9,1.75,2.9,4.55,9.2,6.91,0.14,0.27,0.28,0.24,0.46,0.66,0.96,0.84,-0.85,-0.57
795,C=C(C=CC3=C2)C(N)=NCCOC1=CC=C2C=CC=CC2=C1C(=O)N[C@H,C=C(C=C3C=C2)C(N)=[NH2+]CCOC1=C(C(=O)N[C@H]2[C@H]3SC(C)(C)[C@@H,5.71,4.54,81.96,28.97,1.84,3.28,,,0.76,0.66,1.91,1.46,0.26,0.52,,
796,]3[C@H]4SC(C)(C)[C@@H](N4C3=O)C(O)=COC1=C(C=CC=C1)N2CCN(CC2)C[C@@H](,](N3C2=O)C([O-])=O)C4=CC=CC=C4C=C1COC1=C(C=CC=C1)N2CC[NH+](CC2)C[C@@H](O),0.22,0.22,3.3,3.21,0.7,1.05,0.13,0.09,0.66,-0.66,0.52,0.51,-0.15,0.02,-0.89,-1.03
797,O)COC3=C4C=CC=CC4=CC=C3O[C@H]1CC[C@@]2(O)[C@H]3CC4=CC=C(,COC3=C4C=CC=CC4=CC=C3O[C@H]1CC[C@@]2(O)[C@H]3CC4=C5C(=C(O)C=,,,11,7.54,3.3,5.93,0.008,0.02,,,1.04,0.88,0.52,0.77,-2.10,-1.82
798,O)C5=C4[C@@]2(CCN3CC6CCC6)[C@H]1OOC1=CC=C2C[C@H]3N(CC[C@@]45[C@@,C4)O[C@@H]1[C@@]25CC[NH+]3CC6CCC6OC1=C2O[C@H]3C(=C)CC[C@@]4(O)[C@H]5CC(=,4.6,3.65,22,20.37,3.7,4.37,0.5,0.44,0.66,0.56,1.34,1.31,0.57,0.64,-0.30,-0.36
799,H](OC1=C24)C(=C)CC[C@@]35O)CC6CC6OC1=CC=C2C[C@H]3N(CC[C@@]45[C@@,C2[C@@]34CC[NH+]5CC6CC6)C=C1OC1=C2O[C@H]3C(=O)CC[C@@]4(O)[C@H]5CC(=,8.2,3.83,15,18.17,8.8,6.76,0.65,0.37,0.91,0.58,1.18,1.26,0.94,0.83,-0.19,-0.44
800,H](OC1=C24)C(=O)CC[C@@]35O)CC=COC1=CC=C2C[C@H]3N(CC[C@@]45[C@@,C2[C@@]34CC[NH+]5CC=C)C=C1OC1=C2O[C@H]3C(=O)CC[C@@]4(O)[C@H]5CC(=,1.7,3.03,23,19.48,1.1,1.80,0.54,0.56,0.23,0.48,1.36,1.29,0.04,0.26,-0.27,-0.25
801,H](OC1=C24)C(=O)CC[C@@]35O)CC6CC6CCN(CC)CCOC(=O)C(CC1CCCO1)CC2=CC=,C2[C@]34CC[NH+]5CC6CC6)C=C1CC[NH+](CC)CCOC(=O)[C@@H](C[C@@H]1CCC,7.6,4.38,57,33.30,1.9,3.34,0.79,0.55,0.88,0.64,1.76,1.52,0.28,0.52,-0.10,-0.26
802,CC3=C2C=CC=C3COC1=CC2=CC=C(C=C2C=C1)[C@H](C)C(O,O1)CC2=C3C=CC=CC3=CC=C2,0.98,2.11,10.8,7.62,1.35,2.12,0.2,0.04,0.01,0.32,1.03,0.88,0.13,0.33,-0.70,-1.42
803,)=ONC(=N)N1CCC[C@@H](CNC(=O)C[C@H](N,COC1=CC2=CC=C(C=C2C=C1)[C@H](C)C([O-])=ONC(=[NH2+])N1CCC[C@@H](CNC(=O)C[C@H](N[,0.09,0.10,0.07,0.22,16.63,7.80,0.002,0.01,1.05,-0.99,-1.15,-0.65,1.22,0.89,-2.70,-2.26
804,[S](=O)(=O)C2=CC=C3C=CC=CC3=C2)C(=O)N(CC(O)=O)C4CC4)C1CN[S](=O)(=O)CCC1=CC=C2[NH]C=C(C3CC,S](=O)(=O)C2=CC3=CC=CC=C3C=C2)C(=O)N(CC([O-])=O)C4CC4)C1CN[S](=O)(=O)CCC1=CC2=C([NH]C=C2C3CC[NH+,0.36,0.45,6.4,4.83,1.9,2.19,0.55,0.41,0.44,-0.34,0.81,0.68,0.28,0.34,-0.26,-0.39
805,N(C)CC3)C2=C1CC(C)[C@@H]1CC[C@H](CC1)C(=O)N[C@,](C)CC3)C=C1CC(C)C1CCC(CC1)C(=O)N[C@H](CC2=CC=CC=C2,2.4,2.28,6.6,7.55,6.6,3.48,0.7,0.49,0.38,0.36,0.82,0.88,0.82,0.54,-0.15,-0.31
806,H](CC2=CC=CC=C2)C(O)=OC[C@@H](C1=CC=CC=N1)C2=C(CCN(C)C)S,)C([O-])=OC[C@@H](C1=NC=CC=C1)C2=C(CC[NH+](C)C)SC,0.15,0.19,1.8,1.89,1.5,1.98,0.029,0.03,0.82,-0.72,0.26,0.28,0.18,0.30,-1.54,-1.55
807,C3=CC=CC=C23CN(C)CCC1=C(CC2=CC=CN=N2)C3=CC=C(,3=C2C=CC=C3C[NH+](C)CCC1=C(CC2=NN=CC=C2)C3=C(C1)C=,1.83,2.31,5.31,6.77,9.1,11.73,,,0.26,0.36,0.73,0.83,0.96,1.07,,
808,F)C=C3C1C[C@@H](C1=CN=CC=N1)C2=C(CCN(C)C),C(F)C=C3C[C@@H](C1=NC=CN=C1)C2=C(CC[NH+](C)C)CC,1.11,1.56,2.33,3.92,9,9.03,,,0.05,0.19,0.37,0.59,0.95,0.96,,
809,CC3=CC=CC=C23C[C@@H](C1=CC=CN=C1F)C2=C(CCN(C)C),3=C2C=CC=C3C[C@@H](C1=C(F)N=CC=C1)C2=C(CC[NH+](C)C),1.86,2.32,3.4,4.40,11,8.49,,,0.27,0.37,0.53,0.64,1.04,0.93,,
810,SC3=CC=CC=C23O[C@@H](CNC[C@H](O)[C@H]1CCC2=CC(,SC3=C2C=CC=C3O[C@@H](C[NH2+]C[C@H](O)[C@H]1CCC2=C(O1,5.73,3.49,10.4,7.50,15,12.88,,,0.76,0.54,1.02,0.88,1.18,1.11,,
811,=CC=C2O1)F)[C@@H]3CCC4=CC(=CC=C4O3)F,)C=CC(=C2)F)[C@@H]3CCC4=C(O3)C=CC(=C4)F,11,8.74,14,11.19,10,8.35,0.02,0.03,1.04,0.94,1.15,1.05,1.00,0.92,-1.70,-1.47
812,N[Pt]1OCC(=O)O1CCCC1=C2N(CC)C(=CC(=O)C2=CC3=C1OC(,N[Pt]1OCC(=O)O1CCCC1=C2N(CC)C(=CC(=O)C2=CC3=C1OC(=CC3=,0.67,0.66,4.05,3.10,2.1,2.34,0.84,0.69,0.17,-0.18,0.61,0.49,0.32,0.37,-0.08,-0.16
813,=CC3=O)C(O)=O)C(O)=OCCC1=NN(CCCN2CCN(CC2)C3=CC=CC(=C3,O)C([O-])=O)C([O-])=OCCC1=NN(CCC[NH+]2CCN(CC2)C3=CC(=CC=C3)C,0.43,0.54,10.2,4.43,0.9,1.49,0.11,0.08,0.37,-0.27,1.01,0.65,-0.05,0.17,-0.96,-1.08
814,CN1CCOC(C2=CC=CC=C2)C3=CC=CC=C3C,l)C(=O)N1CCOC4=CC=CC=C4C[NH+]1CCO[C@H](C2=CC=CC=C2)C3=C(C1)C=C,0.51,0.64,7.5,5.89,1.2,2.60,0.01,0.02,0.29,-0.19,0.88,0.77,0.08,0.41,-2.00,-1.80
815,816COC1=NC(=NC2=C1N=C[N]2[C@@H]3O[CCOC1=C2N=C[N]([C@@H]3O[C@H](CO)[C@@H](CO[C@@H]1CN(CCO1)[C@H]2C[C@@H](O[C@@H](C)[C@H]2O)O[C@H]3C[C@@](O)(,C=C3CO[C@@H]1C[NH+](CCO1)[C@H]2C[C@@H](O[C@@H](C)[C@H]2O)O[C@H]3C[C@@](O)(CC4=C3,5.6,4.81,12,10.38,5,9.60,0.8,0.77,0.75,0.68,1.08,1.02,0.70,0.98,-0.10,-0.11
818,CC4=C3C(=C5C(=O)C6=C(C=CC=C6OC)C(=O)C5=C4O)O)C(=O)CO,C(=C5C(=O)C6=C(C=CC=C6OC)C(=O)C5=C4O)O)C(=O)CO,49,30.93,15.32,13.44,49.2,24.24,,,1.69,1.49,1.19,1.13,1.69,1.38,,
819,CN(C)C(=O)OC1=CC=CC(=C1)[N+](C)(C)CCCN[C@@H]1C[C@H](N)[C@@H](O[C@H],CN(C)C(=O)OC1=CC(=CC=C1)[N+](C)(C)CCC[NH2+][C@@H]1C[C@H]([NH3+])[C@H](O[C@H]2OC(=CC[C@H]2[NH3+])C[NH3+])[C@H](O)[C@,0.74,1.20,9.2,7.46,1.3,1.74,,,0.13,0.08,0.96,0.87,0.11,0.24,,
820,2OC(=CC[C@H]2N)CN)[C@H](O)[C@H]1O[C@H]3OC[C@](C)(O)[C@H](NC)[C@H]3OCN1CCN(CC1)C2=NC=C(N(C)C(=O)C(C)(C),H]1O[C@H]3OC[C@](C)(O)[C@H]([NH2+]C)[C@H]CN(C(=O)C(C)(C)C1=CC(=CC(=C1)C(F)(F)F)C(F)(F),0.073,0.13,0.55,0.85,3.2,3.32,1,0.79,1.14,-0.88,-0.26,-0.07,0.51,0.52,0.00,-0.10
821,C3=CC(=CC(=C3)C(F)(F)F)C(F)(F)F)C(=C2)C4=CC=CC=C4CCC1=CC=NC2=C1NC(=O)C3=CC=CN=C3N2,F)C2=C(C=C(N=C2)N3CC[NH+](C)CC3)C4=C(C)C=CC=C4CC1=C2NC(=O)C3=C(N=CC=C3)N(C4CC4)C2=NC=,5.54,4.40,2.83,3.00,34.28,31.60,0.003,0.01,0.74,0.64,0.45,0.48,1.54,1.50,-2.52,-2.25
822,C4CC4CC(C)NC[C@@H](O)COC1=CC=CC2=C1N(C,C1CC(C)[NH2+]C[C@@H](O)COC1=C2N(CCCC2=CC,1.3,1.03,0.3,1.00,53,18.56,0.32,0.25,0.11,0.01,-0.52,0.00,1.72,1.27,-0.49,-0.61
823,CC2)C(=O)C3=CC=CN=C3COC(=O)C1=C(C)NC(=C(C1C2=CC=CC(=C2),=C1)C(=O)C3=CN=CC=C3COC(=O)C1=C(C)NC(=C([C@@H]1C2=CC(=CC=C2,0.67,0.99,3.6,4.73,12.4,9.10,,,0.17,0.00,0.56,0.68,1.09,0.96,,
824,[N](=O)=O)C(=O)OCCN(C)CC3=CC=CC=C3),)[N+]([O-])=O)C(=O)OCC[NH+](C)CC3=CC=CC=C3)C,1,1.26,11,9.05,4.1,5.73,0.01,0.01,0.00,0.10,1.04,0.96,0.61,0.76,-2.00,-1.89
825,[O-][N+](=O)OCCNC(=O)C1=CC=CN=C1,[O-][N+](=O)OCCNC(=O)C1=CN=CC=C1,1.4,1.11,11.5,9.13,0.8,1.00,0.76,0.70,0.15,0.05,1.06,0.96,-0.10,0.00,-0.12,-0.16
826,CN1CCC[C@H]1C2=CC=CN=C2COC(=O)C1=C(C)NC(=C(C1C2=CC=CC=C2[,C[NH+]1CCC[C@H]1C2=CN=CC=C2COC(=O)C1=C(C)NC(=C(C1C2=C(C=CC=C2)[N+]([,2.6,2.06,18,11.74,2,2.96,0.95,0.84,0.41,0.31,1.26,1.07,0.30,0.47,-0.02,-0.07
827,N](=O)=O)C(=O)OC)CCN1C(=O)C=C(NCCN(CCO)CCCC2=CC=C(C,O-])=O)C(=O)OC)CCN1C(=O)C=C(NCC[NH+](CCO)CCCC2=CC=C(C=,0.79,1.58,7.3,9.13,1.9,2.55,0.044,0.04,0.10,0.20,0.86,0.96,0.28,0.41,-1.36,-1.37
828,=C2)[N+]([O-])=O)N(C)C1=OCOCCOC(=O)C1=C(C)NC(=C(C1C2=CC=CC(,C2)[N+]([O-])=O)N(C)C1=OCOCCOC(=O)C1=C(C)NC(=C([C@H]1C2=CC(=CC=,1.96,1.56,20.89,12.75,1.52,2.21,0.09,0.14,0.29,0.19,1.32,1.11,0.18,0.34,-1.05,-0.87
829,=C2)[N](=O)=O)C(=O)OC(C)C)CCOC(=O)C1=CC=C2C(=C1)NC(=O)C2=C(NC,C2)[N+]([O-])=O)C(=O)OC(C)C)CCOC(=O)C1=CC2=C(C=C1)\C(C(=O)N2)=C(\NC3=C,1.1,4.28,15,11.51,1.3,2.85,0.016,0.02,0.04,0.63,1.18,1.06,0.11,0.45,-1.80,-1.67
830,3=CC=C(C=C3)N(C)C(=O)CN4CCN(C)CC4)C5=CC=CC=C5COC(=O)C1=C(C)NC(=C(C1C2=CC=CC=C2[,C=C(C=C3)N(C)C(=O)C[NH+]4CC[NH+](C)CC4)C5=CC=CC=C5COC(=O)C1=C(C)NC(=C([C@H]1C2=C(C=CC=C2)[,15,11.91,19.9,12.30,9.5,9.67,0.02,0.03,1.18,1.08,1.30,1.09,0.98,0.99,-1.70,-1.60
831,N](=O)=O)C(=O)OCC(C)C)CO=C1CN=C(C2=CC=CC=C2)C3=CC(=CC=C3,N+]([O-])=O)C(=O)OCC(C)C)C[O-,5.5,4.37,15,12.30,11,8.09,0.003,0.01,0.74,0.64,1.18,1.09,1.04,0.91,-2.52,-2.11
832,N1)[N](=O)=OCCOC(=O)C1=C(C)NC(=C(C1C2=CC=CC(=C,][N+](=O)C1=CC2=C(NC(=O)CN=C2C3=CC=CC=C3)C=C1CCOC(=O)C1=C(C)NC(=C([C@H]1C2=CC(=CC=C2),1.7,0.86,0.86,0.91,26,16.70,0.13,0.07,0.23,-0.07,-0.07,-0.04,1.41,1.22,-0.89,-1.17
833,2)[N](=O)=O)C(=O)OC)CO=C1CN(N=CC2=CC=C(O2)[N](=O)=O)C(=O,[N+]([O-])=O)C(=O)OC)C,6.1,3.28,25,16.86,8.2,5.43,0.02,0.02,0.79,0.52,1.40,1.23,0.91,0.73,-1.70,-1.60
834,)N1[O-][N+](=O)OCC(CO[N+]([O-,[O-][N+](=O)C1=CC=C(O1)\C=N/N2CC(=O)NC2=O,0.57,0.56,9.7,6.57,0.97,1.38,0.17,0.20,0.24,-0.25,0.99,0.82,-0.01,0.14,-0.77,-0.69
835,])=O)O[N+]([O-])=OCNC(NCCSCC1=CSC(=N1)CN(C)C)=C[N](=,[O-][N+](=O)OCC(CO[N+]([O-])=O)O[N+]([O-])=OCN\C(NCCSCC1=CSC(=N1)C[NH+](C)C)=C/[N+]([O,,,194.3,47.64,4.5,3.15,0.4,0.37,,,2.29,1.68,0.65,0.50,-0.40,-0.43
836,O)=OCOC1=CC(=CC(=C1O)OC)C2C3C(COC3=O),-])=OCOC1=C(O)C(=CC(=C1)[C@H]2[C@@H]3[C@H](COC3=O)[C@@H](O[C@@H]4O[C@H]5CO[C@H](C,1,1.04,9.8,8.72,1.5,1.90,0.65,0.56,0.00,0.02,0.99,0.94,0.18,0.28,-0.19,-0.25
837,C(OC4OC5COC(C)OC5C(O)C4N(C)C)C6=CC7=C(OCO7)C=C26CCCCC(C)(C)[C@@H](O)C=C[C@H]1[C@@,)O[C@H]5[C@H](O)[C@@H]4[NH+](C)C)C6=C2C=C7OCOC7=C6)OCCCCCC(C)(C)[C@@H](O)\C=C\[C@H]1[C@@H](O),0.3,0.38,0.4,1.16,14,9.83,0.013,0.03,0.52,-0.42,-0.40,0.07,1.15,0.99,-1.89,-1.50
838,CN1CC(C2=CC=CC=C2)C3=CC=CC(=C3C1),C[NH+]1C[C@@H](C2=CC=CC=C2)C3=C(C1)C(=C,0.16,0.20,13.2,9.80,0.8,1.24,,,0.80,-0.70,1.12,0.99,-0.10,0.09,,
839,CNCCC=C1C2=CC=CC=C2CCC3=CC=CC=C,C=C3)NC[NH2+]CCC=C1C2=C(CCC3=C1C=CC=C3)C=CC=,6,7.55,22,17.72,6.5,7.66,0.4,0.22,0.78,0.88,1.34,1.25,0.81,0.88,-0.40,-0.65
842,COC1=CC=C2[C@H](OC(=O)C2=C1OC)[C@,C2COC1=C(OC)C2=C(C=C1)[C@H](OC2=O)[C@@H]3,22,12.63,10,10.31,30,24.58,0.12,0.09,1.34,1.10,1.00,1.01,1.48,1.39,-0.92,-1.07
843,@H]3N(C)CCC4=CC5=C(OCO5)C(=C34)OCCC(C)(F)C[C@H](N[C@@H](C1=CC=C(C=C,[NH+](C)CCC4=C3C(=C5OCOC5=C4)OCCC(C)(F)C[C@H]([NH2+][C@@H](C1=CC=C(C=C1),2.3,1.83,16.88,12.43,2.13,3.14,,,0.36,0.26,1.23,1.09,0.33,0.50,,
844,1)C2=CC=C(C=C2)[S](C)(=O)=O)C(F)(F)F)C(=O)NC3(CC3)C#NCC1COC2=C(N3CCN(C)CC3)C(=CC4=C2N1,C2=CC=C(C=C2)[S](C)(=O)=O)C(F)(F)F)C(=O)NC3(CC3)C#NC[C@H]1COC2=C3N1C=C(C([O-,1.63,1.30,0.19,0.60,108,44.86,,,0.21,0.11,-0.72,-0.22,2.03,1.65,,
845,C=C(C(O)=O)C4=O)FOC[C@H]1O[C@H]([C@H](O)[C@@H](O)[C,])=O)C(=O)C3=CC(=C2N4CC[NH+](C)CC4)FOC[C@H]1O[C@H]([C@H](O)[C@@H](O)[C@H]1,1.6,1.47,2.5,2.32,8.9,8.38,0.75,0.68,0.20,0.17,0.40,0.37,0.95,0.92,-0.12,-0.17
846,@H]1O)N2C=C(F)C(=O)NC2=ONCCCC[C@H](NC(=O)[C@@H](CC1=CC(=C(O)C(=C1)Br)Br)NC(=O)N2CCC(CC2)N3CC4,O)N2C=C(F)C(=O)NC2=O[NH3+]CCCC[C@H](NC(=O)[C@@H](CC1=CC(=C(O)C(=C1)Br)Br)NC(=O)N2CCC(CC2)N3CC4=C(NC3,0.33,0.47,1.38,2.21,4.21,3.53,,,0.48,-0.33,0.14,0.34,0.62,0.55,,
847,=CC=CC=C4NC3=O)C(=O)N5CCN(CC5)C6=CC=NC=C6CO[C@H]1C[C@H](O[C@@H](C)[C@@H]1O)O[C@H]2[C@H](C)[C@@H](O[C@H]3O[C@@H](C)C[C@H]([C@H]3O)N(C)C)[C@@,=O)C=CC=C4)C(=O)N5CCN(CC5)C6=CC=[NH+]C=C6CO[C@H]1C[C@H](O[C@@H](C)[C@@H]1O)O[C@H]2[C@H](C)[C@@H](O[C@H]3O[C@@H](C)C[,0.31,0.39,2.6,2.83,2.5,4.52,,,0.51,-0.41,0.41,0.45,0.40,0.65,,
848,H](C)C[C@]4(CO4)C(=O)[C@H](C)[C@@H](O)[C@@H](C)[C@@H](C)OC(=O)[C@@H]2COC1=C(CNCC[C@]2(CCOC3(CCCC3)C2)C4,C@H]([C@H]3O)[NH+](C)C)[C@@H](C)C[C@]4(CO4)C(=O)[C@H](C)[C@@H](O)[C@@H](C)[C@@H](C)OC(=O)[C@@H]2CCOC1=C(C[NH2+]CC[C@@]2(CCOC3(CCCC3)C2)C,0.77,0.97,9.1,6.79,1.05,1.88,0.4,0.30,0.11,-0.01,0.96,0.83,0.02,0.28,-0.40,-0.52
849,=CC=CC=N4)SC=C1CCCC1=NC(=C([N]1CC2=CC=C(C=C2)C3=C,4=NC=CC=C4)SC=C1CCCC1=NC(=C([N]1CC2=CC=C(C=C2)C3=C(C=CC,0.78,0.98,6.89,6.60,1.8,3.46,,,0.11,-0.01,0.84,0.82,0.26,0.54,,
850,(C=CC=C3)C4=NN=N[NH]4)C(O)=O)C(C)(C)COC1=CC=C(CC(C)(C)NC[C@H](O)C2=CC(,=C3)C4=NN=N[N-]4)C([O-])=O)C(C)(C)OCOC1=CC=C(CC(C)(C)[NH2+]C[C@H](O)C2=C3OC,,,0.29,0.52,10.8,8.37,,,,,-0.54,-0.28,1.03,0.92,,
851,=CC3=C2OCC(=O)N3)O)C=C1CC1=C(C=C(C#N)C(=O)N1)C2=C[N]3C=CN=,C(=O)NC3=CC(=C2)O)C=C1CC1=C(C=C(C#N)C(=O)N1)C2=C[N]3C=CN=C3C=C,15.85,6.75,12.45,8.30,22.1,12.00,0.4,0.25,1.20,0.83,1.10,0.92,1.34,1.08,-0.40,-0.60
852,C3C=C2OC(=O)C1=CC(=CC=C1O)N=NC2=CC=C(O),OC1=C(C=C(C=C1)N=NC2=CC(=C(O)C=C2)C([O-,0.64,0.51,11,7.01,67.69,17.55,,,0.19,-0.29,1.04,0.85,1.83,1.24,,
853,C(=C2)C(O)=OCN(C)[C@H]1[C@@H]2C[C@@H]3CC4=C(,])=O)C([O-])=OCN(C)C1=C2C[C@H]3C[C@H]4[C@H]([NH+](C)C),0.07,0.09,1.2,1.18,0.9,1.43,0.01,0.02,1.15,-1.05,0.08,0.07,-0.05,0.16,-2.00,-1.66
854,C=C(CNCC(C)(C)C)C(=C4C(=O)C3=C(O)[C@]2(O)C(=O)C(=C1O)C(N)=O)O)N(C)CCOC(=O)N[C@@H](C(C)C)C(=O)N1CCC[C@H]1C(=O)NC2=CC=C(C=C2)[C@@H]3CC[,C(=C(C(N)=O)C(=O)[C@@]4(O)C(=C3C(=O)C2=C(O)C(=C1)C[NH2+]CC(C)(C)C)[O-])[O-]COC(=O)N[C@@H](C(C)C)C(=O)N1CCC[C@H]1C(=O)NC2=CC=C(C=C2)[C@@H]3CC[C@H](N3C4=C,2.7,2.14,2.34,2.18,15,14.47,,,0.43,0.33,0.37,0.34,1.18,1.16,,
855,C@H](N3C4=CC=C(C=C4)C(C)(C)C)C5=CC=C(NC(=O)[C@@H]6CCCN6C(=O)[C@@H](NC(=O)OC)C(C)C)C=C5COC1=C(NC(=O)[C@@H](N)CO)C=C(C=CC,0.0010.0042C=C(C=C4)C(C)(C)C)C5=CC=C(NC(=O)[C@@H]6CCCN6C(=O)[C@@H](NC(=O)OC)C(C)C)C=C5COC1=C(NC(=O)[C@@H]([NH3+])CO)C=C(\C=C\C,2.32,1.84,1.68,1.84,28.49,18.16,,,0.37,0.27,0.23,0.26,1.45,1.26,-3.00,-2.37
856,2=CC(=C(OC)C(=C2)OC)OC)C=C1COC1=CC=C2[NH]C(=NC2=C1)[S](=O)CC3=,2=CC(=C(OC)C(=C2)OC)OC)C=C1COC1=CC2=C([NH]C(=N2)[S](=O)CC3=C(C)C(=C(C,0.44,0.55,22.6,13.06,0.26,0.91,,,0.36,-0.26,1.35,1.12,-0.59,-0.04,,
857,NC=C(C)C(=C3C)OCC[N]1C2=C(C(=O)C(CC2)C[N]3C=CN=C3C)C,)C=N3)OC)C=C1C[N]1C2=C(C(=O)[C@H](CC2)C[N]3C=CN=C3C)C4,0.24,0.30,8.4,6.36,0.58,0.96,0.05,0.06,0.62,-0.52,0.92,0.80,-0.24,-0.02,-1.30,-1.23
858,4=CC=CC=C14O[C@@H](CC1=CC=C(F)C=C1)C=C[C@H]2,=C1C=CC=C4O[C@@H](CC1=CC=C(F)C=C1)\C=C/[C@H]2CCC(,1.8,1.89,5.8,5.38,3.4,3.45,0.27,0.17,0.26,0.28,0.76,0.73,0.53,0.54,-0.57,-0.78
859,CCC(=O)N2CCSCCCC(O)=OC[C@@H]1CC(=O)NN=C1C2=CC=C(NC(C)=,=O)N2CCSCCCC([O-])=O,0.48,0.38,15.79,8.90,0.38,0.77,,,0.32,-0.42,1.20,0.95,-0.42,-0.11,,
860,O)C=C2861COC1=CC=CC2=C1[N](CC3CCCCC3)C=C2CCOC1=C2[N](CC3CCCCC3)C=C(C(=O)N4CC[NH+](O)C(=O)O[C@H]1[C@@H]2OC(=O)O[C@@]23[C@@H](OC(=O)C4=CC=CC=C4)[C@H]5[,C[C@H]1CC(=O)NN=C1C2=CC=C(NC(C)=O)C=C2)O[C@H]1[C@@H]2OC(=O)O[C@@]23[C@@H](O,2.38,1.89,0.45,1.04,70,21.43,0.4,0.37,0.38,0.28,-0.35,0.02,1.85,1.33,-0.40,-0.43
863,C@@](C)([C@@H](O)C[C@H]6OC[C@@]56OC(C)=O)C(=O)[C@H](OC(C)=O)C(=C1C)C3(C)CCCC(CC)O[C@@H]1C=C(C[C@H](N)[C@H],C(=O)C4=CC=CC=C4)[C@H]5[C@](C)([C@@H](O)C[C@H]6OC[C@@]56OC(C)=O)C(=O)[C@H](OC(C)=O)C(=C1C)C3(C)CCCC(CC)O[C@@H]1C=C(C[C@H]([NH3+])[C@H]1,13.83,10.98,8.12,6.06,30.1,24.78,,,1.14,1.04,0.91,0.78,1.48,1.39,,
864,1NC(C)=O)C(O)=OCOC(=O)[C@H](CC1=CC(=CC=C1)C(N)=N)[,NC(C)=O)C([O-])=OCOC(=O)[C@H](CC1=CC(=CC=C1)C(N)=[NH2+])[C,0.37,0.47,4.8,4.08,1.8,1.94,0.97,0.85,0.43,-0.33,0.68,0.61,0.26,0.29,-0.01,-0.07
865,C@@H](C)NC(=O)C2=CC=C(C=C2)C3=CC=[N+]([O-])C=C3CC1=C(C(=O)N[C@H]2[C@H]3SC(C)(C)[C@,@@H](C)NC(=O)C2=CC=C(C=C2)C3=CC=[N+]([O-])C=C3CC1=C(C(=O)N[C@H]2[C@H]3SC(C)(C)[C@@H](N,0.89,1.09,7.38,5.62,3,4.48,,,0.05,0.04,0.87,0.75,0.48,0.65,,
866,@H](N3C2=O)C(O)=O)C(=NO1)C4=CC=CC=C4[O-]1|[Pt++]2(|[O-,3C2=O)C([O-])=O)C(=NO1)C4=CC=CC=C4,0.19,0.20,6.3,4.29,0.7,1.00,0.07,0.08,0.72,-0.69,0.80,0.63,-0.15,0.00,-1.15,-1.09
867,]C(=O)C1=O)N[C@H]3CCCC[C@@H]3N2OC1N=C(C2=CC=CC=C2)C3=CC(=CC=C3NC,O=C1[O-][Pt++]2(NC3CCCCC3N2)[O-]C1=OO[C@@H]1N=C(C2=CC=CC=C2)C3=C(NC1=O)C=C,0.5,0.63,0.1,0.40,58.92,17.54,0.13,0.24,0.30,-0.20,-1.00,-0.40,1.77,1.24,-0.89,-0.62
868,,,0.59,0.95,1.1,1.29,6.7,8.18,0.04,0.05,0.23,-0.02,0.04,0.11,0.83,0.91,-1.40,-1.30
869,NC(=O)CN1CC(O)CC1=OCC(C)NC[C@@H](O)COC1=C(OCC=C)C=CC,NC(=O)CN1C[C@@H](O)CC1=OCC(C)[NH2+]C[C@@H](O)COC1=C(OCC=C)C=CC,0.55,0.55,1.8,2.19,7.5,4.92,,,0.26,-0.26,0.26,0.34,0.88,0.69,,
870,=C1CCN(CC)CC#CCOC(=O)C(O)(C1CCCCC1)C2,=C1CC[NH+](CC)CC#CCOC(=O)[C@@](O)(C1CCCCC1,0.72,0.91,7.7,10.27,1.09,1.66,0.19,0.28,0.14,-0.04,0.89,1.01,0.04,0.22,-0.72,-0.55
871,=CC=CC=C2COC1=CC=C2C[C@H]3N(C)CC[C@@]45[C,0.00340.01)C2=CC=CC=C2COC1=C2O[C@H]3C(=O)CC[C@@]4(O)[C@H]5CC,0.85,1.07,5.1,5.98,7.2,6.36,,,0.07,0.03,0.71,0.78,0.86,0.80,-2.47,-2.00
872,@@H](OC1=C24)C(=O)CC[C@@]35O[O-,(=C2[C@@]34CC[NH+]5C)C=C1[O-,2.5,2.44,6.1,9.57,5.5,3.99,0.55,0.67,0.40,0.39,0.79,0.98,0.74,0.60,-0.26,-0.17
873,][N@+]12CCC[C@H]3CN4[C@H](CCCC4=O)[C@@H](CCC1)[C@@H]23CN(C)[C@H]1[C@@H]2[C@@H](O)[C@H]3,][N@+]12CCC[C@H]3CN4[C@H](CCCC4=O)[C@@H](CCC1)[C@@H]23C[NH+](C)[C@H]1[C@@H]2[C@@H](O)[C@H]3C(,0.61,0.77,7.66,6.47,1.69,2.08,,,0.21,-0.11,0.88,0.81,0.23,0.32,,
874,C(=C(O)[C@]2(O)C(=O)C(=C1O)C(N)=O)C(=O)C4=C(O)C=CC=C4[C@@]3(C)OCC(=O)O[C@H]1C(=O)[C@]2(C)[C@@H](O)C[C@H]3OC[C@@]3(OC(C)=O)[C@H]2[C@,=C([O-])[C@]2(O)C(=O)C(=C1[O-])C(N)=O)C(=O)C4=C(C=CC=C4O)[C@@]3(C)OCC(=O)O[C@H]1C(=O)[C@]2(C)[C@@H](O)C[C@H]3OC[C@@]3(OC(C)=O)[C@H]2[C@H](OC(=O)C4,1.7,0.86,2,1.71,10,9.10,0.9,0.56,0.23,-0.07,0.30,0.23,1.00,0.96,-0.05,-0.25
875,H](OC(=O)C4=CC=CC=C4)[C@]5(O)C[C@H](OC(=O)[C@H](O)[C@@H](NC(=O)C6=CC=CC=C6)C7=CC=CC=C7)C(=C1C5(C)C)CC[C@]12C[C@]3(O)O[C@@H](O1)[C@@]4(COC(=O)C5=CC=CC=C5)[C@@H]3C[C@@],=CC=CC=C4)[C@]5(O)C[C@H](OC(=O)[C@H](O)[C@@H](NC(=O)C6=CC=CC=C6)C7=CC=CC=C7)C(=C1C5(C)C)CC[C@]12C[C@]3(O)O[C@H](O1)[C@@]4(COC(=O),3,3.28,6.4,5.60,11,12.08,0.12,0.08,0.48,0.52,0.81,0.75,1.04,1.08,-0.92,-1.10
876,24O[C@@H]6O[C@H](CO)[C@@H](O)[C@H](O)[C@H]6OCC1=C(CCN2CCC(CC2)C3=NOC4=CC(=CC=,C5=CC=CC=C5)[C@@H]3C[C@@]24O[C@@H]6O[C@H](CO)[C@@H](O)[C@H](O)[C@@H]6OCC1=C(CC[NH+]2CCC(CC2)C3=NOC4=CC(=CC=C3,0.22,0.28,2.05,2.35,1.49,1.95,0.77,0.53,0.66,-0.56,0.31,0.37,0.17,0.29,-0.11,-0.27
877,C34)F)C(=O)N5CCCC(O)C5=N1O=C1N(C[C@H]2CCCC3=CC=CC1=C23)[C@,4)F)C(=O)N5CCC[C@H](O)C5=N1O=C1N(C[C@H]2CCCC3=C2C1=CC=C3)[C@@H]4,,,1.18,2.42,24.6,13.98,0.24,0.19,,,0.07,0.38,1.39,1.15,-0.62,-0.72
878,@H]4CN5CCC4CC5,C[NH+]5CCC4CC5,6.3,5.01,2.6,4.30,39,19.32,0.38,0.31,0.80,0.70,0.41,0.63,1.59,1.29,-0.42,-0.51
879,NCCC(O)([P](O)(O)=O)[P](O)(O)=O,[NH3+]CCC(O)([P]([O-])([O-])=O)[P]([O-])([O-])=O,1.8,0.88,2.5,2.56,32,19.39,0.7,0.46,0.26,-0.06,0.40,0.41,1.51,1.29,-0.15,-0.34
880,C1)OCC4CC4CC(=O)O[C@H]1C[C@@H]2CC[C@@H]3[C@H](CC[C@@]4(C)[C@H]3C[C@@H]([C@,3)C(=C1)OCC4CC4CC(=O)O[C@H]1C[C@@H]2CC[C@@H]3[C@H](CC[C@@]4(C)[C@@H]3C[C@@H]([C@@H]4OC(C),3.9,3.66,5.2,6.93,13.5,8.78,,,0.59,0.56,0.72,0.84,1.13,0.94,,
881,@H]4OC(C)=O)[N+]5(C)CCCCC5)[C@@]2(C)C[C@@H]1[N+]6(C)CCCCC6882C[C@@H](O)[C@@H]1[C@H]2CC(=C(N2C1C[C@@H](O)[C@@H]1[C@H]2CC(=C(N2C1=O)C([=C(OC(F)F)C=C3[NH]2COC1=CC=C(CC2=NC=CC3=CC(=C(OC)C=C,=O)[N+]5(C)CCCCC5)[C@@]2(C)C[C@@H]1[N+]6(C)CCCCC6)C=C(OC(F)F)C=C3COC1=C(OC)C=C(CC2=C3C=C(OC)C(=CC3=CC=N,0.2,0.25,1.5,2.14,1.9,2.21,0.09,0.13,0.70,-0.60,0.18,0.33,0.28,0.34,-1.05,-0.89
885,23)OC)C=C1OCC[C@H](C=C[C@H](C)C(C)(C)O)[C@H]1CC,2)OC)C=C1C[C@H](\C=C/[C@H](C)C(C)(C)O)[C@H]1CC[C@H,1,1.26,11,7.75,1.8,2.47,0.073,0.07,0.00,0.10,1.04,0.89,0.26,0.39,-1.14,-1.15
886,[C@H]2C(CCC[C@]12C)=C[CH]=[C]3C[C@@H](O)[CH2][C@H](O)C3CC1=CN=C(C=N1)C(=O)N[C@H]2CCCCCC=C[C@@H]3C[C@]3(NC(=O)[C@@H]4C[C@,]2\C(CCC[C@]12C)=C/[CH]=[C]3C[C@@H](O)[CH20.00160.01][C@H](O)C3CC1=NC=C(N=C1)C(=O)N[C@H]2CCCCC\C=C/[C@@H]3C[C@]3(NC(=O)[C@@H]4C[C@H](CN4C2=,0.41,0.52,0.89,1.03,5.3,9.02,,,0.39,-0.29,-0.05,0.01,0.72,0.96,-2.80,-2.21
887,H](CN4C2=O)OC5=C6C=CC=CC6=C7C=CC=CC7=N5)C(=O)N[S](=O)(=O)C8CC8FC1=CC=C(C=C1)[C@@H]2CCNC[C@H]2C,O)OC5=C6C=CC=CC6=C7C=CC=CC7=N5)C(=O)N=[S]([O-])(=O)C8CC8FC1=CC=C(C=C1)[C@@H]2CC[NH2+]C[C@H]2CO,1.37,1.09,5.74,4.54,8.71,7.09,0.022,0.02,0.14,0.04,0.76,0.66,0.94,0.85,-1.66,-1.67
888,OC3=CC=C4OCOC4=C3C[C@H]1CCC[C@@]2(C)O[C@H]2C[C@H](,C3=CC4=C(OCO4)C=C3C[C@H]1CCC[C@@]2(C)O[C@H]2C[C@H](OC(=O,18,14.29,18,13.48,13,10.01,0.06,0.09,1.26,1.16,1.26,1.13,1.11,1.00,-1.22,-1.03
889,OC(=O)C[C@H](O)C(C)(C)C(=O)[C@@H](C)[C@H]1O)C(C)=CC3=CSC(=N3)CC[N]1N=C2C=C(C=CC2=C1C)N(C)C3=NC(=,)C[C@H](O)C(C)(C)C(=O)[C@@H](C)[C@H]1O)\C(C)=C\C3=CSC(=N3)CC[N]1N=C2C=C(C=CC2=C1C)N(C)C3=NC(=NC=C3),14.4,11.44,2.17,3.17,92.3,30.86,0.22,0.16,1.16,1.06,0.34,0.50,1.97,1.49,-0.66,-0.78
890,NC=C3)NC4=CC=C(C)C(=C4)[S](N)(=O)=OC[C@H]1COC2=C3N1C=C(C(O)=O)C(=O)C3,NC4=CC(=C(C)C=C4)[S](N)(=O)=OC[C@H]1COC2=C(C(=CC3=C2N1C=C(C([O-,0.16,0.20,0.06,0.25,,,0.01,0.02,0.80,-0.70,-1.22,-0.59,,,-2.00,-1.81
891,=CC(=C2C4(N)CC4)FCCN1C=C(C(O)=O)C(=O)C2=CC(=C(C=C12),])=O)C3=O)F)C4([NH3+])CC4CCN1C=C(C([O-,0.68,0.86,4.87,4.32,2.1,3.05,0.79,0.65,0.17,-0.07,0.69,0.64,0.32,0.48,-0.10,-0.19
892,N3CCN(C)CC3)FNC1=NC2=C([NH]C=C2CC3=CC=CN=C3)C(,])=O)C(=O)C2=C1C=C(N3CC[NH+](C)CC3)C(=C2)F,1.5,1.32,2,2.48,11,6.95,0.75,0.57,0.18,0.12,0.30,0.39,1.04,0.84,-0.12,-0.24
893,=O)N1CC1=NC(=O)C(=C(NCC2=CC=CN=C2)N1)C#,NC1=NC2=C([NH]C=C2CC3=CN=CC=C3)C(=O)N1,1.2,1.51,6.2,4.93,3,3.34,0.86,0.59,0.08,0.18,0.79,0.69,0.48,0.52,-0.07,-0.23
894,NC1=NC2=C(C(=O)N1)C(=C[NH]2)CCC3=CC,CC1=NC(=O)C(=C(NCC2=CN=CC=C2)N1)C#NNC1=NC2=C(C(=O)N1)C(=C[NH]2)CCC3=CC=C(C=,0.39,0.49,5.8,5.23,0.95,1.49,0.05,0.11,0.41,-0.31,0.76,0.72,-0.02,0.17,-1.30,-0.95
895,=C(C=C3)C(=O)N[C@H](CCC(O)=O)C(O)=ONC1=NC(=O)C2=C(N1)[N](CCC(CO)CO)C=N,C3)C(=O)N[C@H](CCC([O-])=O)C([O-])=O,0.15,0.22,1.3,1.83,1.85,2.72,0.19,0.21,0.82,-0.66,0.11,0.26,0.27,0.43,-0.72,-0.68
896,,NC1=NC(=O)C2=C(N1)[N](CCC(CO)CO)C=N2,1.1,1.04,8.4,6.32,2.1,3.41,0.84,0.81,0.04,0.02,0.92,0.80,0.32,0.53,-0.08,-0.09
897,O[C@@](CO[C@@H]1CN2CCC1CC2)(C3CC,O[C@@](CO[C@@H]1C[NH+]2CCC1CC2)(C3CCC,9.1,7.23,29.9,11.46,3.8,4.71,,,0.96,0.86,1.48,1.06,0.58,0.67,,
898,CC3)C4=CC=CC=C4,C3)C4=CC=CC=C4,2.12,2.67,1.99,3.27,15.73,11.22,,,0.33,0.43,0.30,0.51,1.20,1.05,,
899,CC(C)(S)[C@@H](N)C(O)=OCC1(C)S[C@@H]2[C@H](NC(=O)CC3=CC=,CC(C)(S)[C@@H]([NH3+])C([O-])=OCC1(C)S[C@@H]2[C@H](NC(=O)CC3=CC=CC=C3),1.26,1.00,10.65,5.58,3.04,3.20,0.12,0.24,0.10,0.00,1.03,0.75,0.48,0.51,-0.92,-0.62
900,CC=C3)C(=O)N2[C@H]1C(O)=ONC(=N)C1=CC=C(OCCCCCOC2=CC=C(C=C,C(=O)N2[C@H]1C([O-])=ONC(=[NH2+])C1=CC=C(OCCCCCOC2=CC=C(C=C2),0.24,0.25,6.9,4.90,0.7,1.26,0.4,0.37,0.62,-0.60,0.84,0.69,-0.15,0.10,-0.40,-0.43
901,2)C(N)=N)C=C1CC1[C@@H]2CC3=CC=C(O)C=C3[C@@]1(C,C(N)=[NH2+])C=C1C[C@@H]1[C@H]2CC3=C(C=C(O)C=C3)[C@@]1(C,53,19.92,74,30.32,25,12.47,0.09,0.11,1.72,1.30,1.87,1.48,1.40,1.10,-1.05,-0.97
902,)CCN2CC=C(C)C,)CC[NH+]2CC=C(C)C,3.4,4.28,23,16.93,2.5,3.79,0.39,0.16,0.53,0.63,1.36,1.23,0.40,0.58,-0.41,-0.80
903,CCCC(C)C1(CC)C(=O)NC(=O)NC1=OOC[C@@H]1O[C@H](C[C@H]1O)[N]2C=NC,CCC[C@H](C)C1(CC)C(=O)NC(=O)NC1=OOC[C@@H]1O[C@H](C[C@@H]1O)[N]2C=NC3=C,0.91,0.93,0.47,0.81,22,10.95,0.39,0.23,0.04,-0.03,-0.33,-0.09,1.34,1.04,-0.41,-0.64
904,3=C2N=CNC[C@H]3OC[N]1C=NC2=C1C(=O)N(CCCCC(C)=O)C(=O,2[NH+]=CNC[C@H]3O,0.59,0.74,1.63,2.97,5.3,4.36,0.96,0.89,0.23,-0.13,0.21,0.47,0.72,0.64,-0.02,-0.05
905,)N2CO=C1N(C=C(C=C1C2=CC=CC=C2C#N)C3=C,C[N]1C=NC2=C1C(=O)N(CCCCC(C)=O)C(=O)N2CO=C1N(C=C(C=C1C2=C(C=CC=C2)C#N)C3=NC=C,1.8,1.43,39,16.74,1.2,1.70,0.51,0.50,0.26,0.16,1.59,1.22,0.08,0.23,-0.29,-0.30
906,C=CC=N3)C4=CC=CC=C4,C=C3)C4=CC=CC=C4,1.36,1.08,0.1,0.32,183,65.27,0.05,0.03,0.13,0.03,-1.00,-0.50,2.26,1.81,-1.30,-1.48
907,FC(F)(F)C(F)(F)C(F)(F)FCCC[C@H](N[C@@H](C)C(=O)N1[C@H]2C,FC(F)(F)C(F)(F)C(F)(F)FCCC[C@H]([NH2+][C@@H](C)C(=O)N1[C@H]2CC,1.6,1.27,590.71,78.98,0.02,0.18,,,0.20,0.10,2.77,1.90,-1.70,-0.76,,
908,CCC[C@H]2C[C@H]1C(O)=O)C(O)=OOCCN1CCN(CCCN2C3=CC=CC=C3SC4=CC,CC[C@H]2C[C@H]1C([O-])=O)C([O-])=O,0.76,0.60,1.7,2.09,29,12.88,0.16,0.22,0.12,-0.22,0.23,0.32,1.46,1.11,-0.80,-0.65
909,,C=C4)C=CC=C3)CC1,18,13.17,27,17.03,9.4,10.66,0.07,0.06,1.26,1.12,1.43,1.23,0.97,1.03,-1.15,-1.25
911,NC3=CC=C(C=C3)C4=NC(=NC(=N4)N5CCOCC5)N6CCOCC6)C=C2COC1=C(C[N]2C=CC3=C2C=NC4=C3CCN(O,3=CC=C(C=C3)C4=NC(=NC(=N4)N5CCOCC5)N6CCOCC6)C=C2COC1=C(C[N]2C=CC3=C2C=NC4=C3CCN([O-,2.39,2.33,2.25,2.94,35.8,23.58,,,0.38,0.37,0.35,0.47,1.55,1.37,,
912,)C4=O)C=CC(=C1)F,])C4=O)C=CC(=C1)F,5.7,2.54,24,9.22,3.8,4.29,0.08,0.06,0.76,0.40,1.38,0.96,0.58,0.63,-1.10,-1.23
913,CCOC1=CC=C(NC(C)=O)C=C1,CCOC1=CC=C(NC(C)=O)C=C1,1.4,1.11,21,12.12,0.92,1.52,0.47,0.46,0.15,0.05,1.32,1.08,-0.04,0.18,-0.33,-0.33
914,(Br)C=C3,C3,6.23,3.14,0.05,0.14,14.88,21.74,,,0.79,0.50,-1.30,-0.87,1.17,1.34,,
915,C1CCN(CC1)C2(CCCCC2)C3=CC=CC=C3CC(OC1=CC=CC=C1)C(=O)N[C@H]2[C@H],C1CC[NH+](CC1)C2(CCCCC2)C3=CC=CC=C3C[C@@H](OC1=CC=CC=C1)C(=O)N[C@H]2[C@H],6.9,5.48,5.1,6.04,16,13.92,0.35,0.23,0.84,0.74,0.71,0.78,1.20,1.14,-0.46,-0.64
916,3SC(C)(C)[C@@H](N3C2=O)C(O)=O917CCC1(C(=O)NC(=O)NC1=O)C2=CC=CC=C2CCOC(=O)C1(CCN(CCC(O)C2=CC=CC=C2)C,3SC(C)(C)[C@@H](N3C2=O)C([O-])=OCCC1(C(=O)NC(=O)NC1=O)C2=CC=CC=C2CCOC(=O)C1(CC[NH+](CC[C@@H](O)C2=CC=CC,0.3,0.28,4.2,3.82,0.91,1.27,0.25,0.34,0.52,-0.55,0.62,0.58,-0.04,0.10,-0.60,-0.47
918,C1)C3=CC=CC=C3OC1=CC=C(C=C1)C2=CC3=C(OC2)C=C(O)C,=C2)CC1)C3=CC=CC=C3,5.7,4.52,22,15.23,3.22,4.60,,,0.76,0.66,1.34,1.18,0.51,0.66,,
919,=C3CC1(C)S[C@@H]2[C@H](NC(=O)COC3=CC,OC1=CC=C(C=C1)C2=CC3=C(OC2)C=C(O)C=C3CC1(C)S[C@@H]2[C@H](NC(=O)COC3=CC=CC=C,1.55,1.23,0.59,1.76,0.67,1.33,,,0.19,0.09,-0.23,0.24,-0.17,0.12,,
920,=CC=C3)C(=O)N2[C@H]1C(O)=OCC[C@H](C1=CC=CC=C1)C2=C(O)C3=C(OC,3)C(=O)N2[C@H]1C([O-])=OCC[C@H](C1=CC=CC=C1)C2=C([O-,0.41,0.33,6.8,5.18,0.84,1.13,0.45,0.41,0.39,-0.49,0.83,0.71,-0.08,0.05,-0.35,-0.39
921,2=O)C=CC=C3CC1=CC=C(C=C1)N(CC2=NCCN2)C3=CC(=,])C3=C(OC2=O)C=CC=C3CC1=CC=C(C=C1)N(CC2=[NH+]CCN2)C3=CC(=CC,0.2,0.25,0.02,0.08,126,43.63,0.57,0.14,0.70,-0.60,-1.70,-1.12,2.10,1.64,-0.24,-0.85
922,CC=C3)OO=C1NC(=O)C(N1)(C2=CC=CC=C2)C3=CC=,=C3)O,,,42,29.63,2.5,3.00,,,,,1.62,1.47,0.40,0.48,,
923,CC=C3CC(C)CCC[C@@H](C)CCC[C@@H](C)CCC,O=C1NC(=O)C(N1)(C2=CC=CC=C2)C3=CC=CC=C3CC(C)CCC[C@@H](C)CCC[C@@H](C)CCC\C(C)=,0.43,0.54,0.37,0.69,16.8,13.54,0.13,0.09,0.37,-0.27,-0.43,-0.16,1.23,1.13,-0.89,-1.05
924,C(C)=CCC1=C(C)C(=O)C2=C(C=CC=C2)C1=CNC(=O)OC1=CC2=C(C=C1)N(C)[C@H]3N(,C\CC1=C(C)C(=O)C2=C(C=CC=C2)C1=OCNC(=O)OC1=CC2=C(C=C1)N(C)[C@H]3[NH+](C),0.32,0.40,1.6,1.51,7.3,9.27,,,0.49,-0.39,0.20,0.18,0.86,0.97,,
925,C)CC[C@]23CCC1=C(C)C2=CC=C(OCCCN3CCN(CC3)CC4,CC[C@]23CCC1=C(C)C2=C(OC1=O)C=C(OCCC[NH+]3CC[NH+,3.9,3.10,72,29.82,1,1.60,0.64,0.62,0.59,0.49,1.86,1.47,0.00,0.20,-0.19,-0.21
926,OC(=O)[C@@H]1CSCN1C(=O)[C@@H]2CC,[O-,1.3,1.64,1.3,2.28,19.2,13.75,0.05,0.04,0.11,0.21,0.11,0.36,1.28,1.14,-1.30,-1.42
927,C(=O)N2OC[C@@H](O)CNC(=O)C1=C(NC2=C(F)C=C,]C(=O)[C@@H]1CSCN1C(=O)[C@@H]2CCC(=O)NOC[C@@H](O)CNC(=O)C1=C(NC2=C(F)C=C(I)C=C,0.31,0.39,1.16,1.89,3.8,2.56,0.96,0.87,0.51,-0.41,0.06,0.28,0.58,0.41,-0.02,-0.06
928,(I)C=C2)C=NC=C1COC1=CC=C(C=C1)C2=NC3=CC(=CC=C3[N,2)C=NC=C1COC1=CC=C(C=C1)C2=NC3=C([NH]2)C=CC(=C3)C,1.8,1.43,8.71,6.38,4.59,4.98,,,0.26,0.16,0.94,0.80,0.66,0.70,,
929,H]2)C4=NNC(=O)CC4CC[C@@H](NC(NC#N)=NC1=CC=NC=C1)C(C,4=NNC(=O)C[C@@H]4C,2,1.59,14,8.12,1.8,2.68,0.024,0.02,0.30,0.20,1.15,0.91,0.26,0.43,-1.62,-1.67
930,)(C)C931CC(C)NCC(O)COC1=CC=CC2=C1C=C[NH]2OC1=CC(=C2C(=O)C[C@H](OC2=C1)C3=CC,C[C@@H](NC(NC#N)=NC1=CC=NC=C1)C(C)(C)CCC(C)[NH2+]C[C@@H](O)COC1=C2C=C[NH]C2=CC=C1OC1=CC2=C(C(=O)C[C@H](O2)C3=CC=CC=C3)C(=,1.1,1.39,5.68,4.80,2.5,3.08,0.6,0.41,0.04,0.14,0.75,0.68,0.40,0.49,-0.22,-0.39
932,=CC=C3)OCC(=O)O[C@H]1C[C@@H]2CC[C@@H]3[C@H](CC[C@@]4(C)[C@H]3C[C@@H]([C@,C1)OCC(=O)O[C@H]1C[C@@H]2CC[C@H]3[C@@H](CC[C@@]4(C)[C@H]3C[C@@H]([C@@H]4OC(C)=O,0.8,0.64,27,11.54,0.7,1.24,,,0.10,-0.20,1.43,1.06,-0.15,0.09,,
933,@H]4OC(C)=O)N5CC[N+](C)(C)CC5)[C@@]2(C)C[C@@H]1N6CC[N+](C)(C)CC6CCN1C=C(C(O)=O)C(=O)C2=C1N=C(N=C2),)N5CC[N+](C)(C)CC5)[C@@]2(C)C[C@@H]1N6CC[N+](C)(C)CC6CCN1C=C(C([O-,0.35,0.44,3,3.07,1.9,2.43,0.98,0.45,0.46,-0.36,0.48,0.49,0.28,0.39,-0.01,-0.35
934,N3CCNCC3CCN1CCN(C(=O)N[C@@H](C(=O)N[C@H]2,])=O)C(=O)C2=C1N=C(N=C2)N3CC[NH2+]CC3CCN1CCN(C(=O)N[C@@H](C(=O)N[C@H]2[C@H],0.88,1.11,2.84,3.22,3.69,4.31,0.7,0.65,0.06,0.04,0.45,0.51,0.57,0.63,-0.15,-0.19
935,[C@H]3SC(C)(C)[C@@H](N3C2=O)C(O)=O)H](O[C@@H]5C[C@H](N)[C@H](O[C@@H],3SC(C)(C)[C@@H](N3C2=O)C([O-[C@@H]5C[C@H]([NH3+])[C@H](O[C@@H]6CCC,0.27,0.34,4,2.69,0.96,1.36,0.5,0.33,0.57,-0.47,0.60,0.43,-0.02,0.13,-0.30,-0.48
937,6CCCCO6)[C@H](C)O5)C4=C3O)C(=O)CO)O)C(=O)C2=CC=C1CN1CCN(CC1)CC(=O)N2C3=C(C=CC=C3)C(,CO6)[C@H](C)O5)C4=C3O)C(=O)CO)O)C(=O)C2=CC=C1C[NH+]1CC[NH+](CC1)CC(=O)N2C3=C(C=CC=C3),43.2,34.32,57.7,28.31,11.1,20.05,,,1.64,1.54,1.76,1.45,1.05,1.30,,
938,=O)NC4=C2N=CC=C4N[S](=O)(=O)C1=CC(=CC(=C1OC2=CC=CC=,C(=O)NC4=C2N=CC=C4N[S](=O)(=O)C1=C(OC2=CC=CC=C2)C(=CC(=C1)C(,1.71,2.15,2.77,3.73,11.1,8.99,,,0.23,0.33,0.44,0.57,1.05,0.95,,
939,C2)N3CCCC3)C(O)=ONC(=O)C1(CCN(CC1)CCC(C#N)(C2=CC=CC,[O-])=O)N3CCCC3NC(=O)C1(CC[NH+](CC1)CCC(C#N)(C2=CC=CC=C,0.17,0.18,3.1,2.32,1.3,1.97,0.058,0.06,0.77,-0.75,0.49,0.37,0.11,0.29,-1.24,-1.23
940,=C2)C3=CC=CC=C3)N4CCCCC4C[C@@H]1CCC[C@H](C)N1CCCC(O)(C2=C,2)C3=CC=CC=C3)[NH+]4CCCCC4C[C@@H]1CCC[C@@H](C)[NH+]1CCC[C@](O)(C2,4.7,3.74,7.8,6.62,8,7.82,0.061,0.07,0.67,0.57,0.89,0.82,0.90,0.89,-1.21,-1.17
941,C=CC=C2)C3=CC=CC=N3,=CC=CC=C2)C3=NC=CC=C3,1.4,1.99,1.8,3.00,8.4,7.65,0.13,0.16,0.15,0.30,0.26,0.48,0.92,0.88,-0.89,-0.80
942,CCC1=C(NC(=O)N1)C(=O)C2=CC=NC=C2O[C@H](C[C@H](O)C=CC1=C(C2=CC=C(F),CCC1=C(NC(=O)N1)C(=O)C2=CC=NC=C2O[C@H](C[C@H](O)\C=C\C1=C(C2=CC=C(F)C=C2),0.65,1.05,9.03,7.33,1.32,1.54,,,0.19,0.02,0.96,0.87,0.12,0.19,,
943,C=C2)C3=CC=CC=C3N=C1C4CC4)CC(O)=ONCCNC1=CC=C(NCCN)C2=C1C(=O)C3=C(C,C3=CC=CC=C3N=C1C4CC4)CC([O-])=O[NH3+]CCNC1=C2C(=O)C3=C(C=NC=C3)C(=O)C2=,0.9,0.71,5.85,4.83,4.6,4.18,0.005,0.01,0.05,-0.15,0.77,0.68,0.66,0.62,-2.30,-2.17
944,=NC=C3)C2=OCC[C@@H](C)N(C)C(=O)C1=CC2=CC=CC=,C(NCC[NH3+])C=C1CC[C@@H](C)N(C)C(=O)C1=NC(=C2C=CC=CC2=C,10.1,8.02,17.7,12.50,13.4,14.18,,,1.00,0.90,1.25,1.10,1.13,1.15,,
945,CN[C@@H]1[C@@H](O)[C@H](OC[C@]1(C)O)O[C@@H]2[C@@H](O)[C@H](O[C@H]3,C[NH2+][C@@H]1[C@@H](O)[C@H](OC[C@]1(C)O)O[C@H]2[C@@H](C[C@H]([NH3+])[C@@H](O[,1.7,1.66,5.9,4.27,3.7,5.89,,,0.23,0.22,0.77,0.63,0.57,0.77,,
946,OC(=CC[C@H]3N)CNCCO)[C@@H](N)C[C@H]2NC(=O)[C@@H](O)CCNCC(C)(C)C1=C(C=C2NC(=O)C(NC2=O)=CC3,C@H]3OC(=CC[C@H]3[NH3+])C[NH2+]CCO)[C@@H]2O)NC(=O)[C@@H](O)CC[NH3+]CC(C)(C)C1=C(\C=C2/NC(=O)\C(NC2=O)=C/C3=CC,0.22,0.37,1.14,1.30,3.4,3.78,0.84,0.64,0.66,-0.44,0.06,0.11,0.53,0.58,-0.08,-0.20
947,=CC=CC=C3)N=C[NH]1CCCN=C1SC(=CC2=CC=C(OC[C@H](O)CO),=CC=C3)N=C[NH]1CCCN=C1S\C(=C\C2=CC(=C(OC[C@H](O)CO)C=C,3,2.38,7.4,4.57,6.3,6.65,,,0.48,0.38,0.87,0.66,0.80,0.82,,
948,CC[C@@H]([C@H](C)O)N1N=CN(C1=O)C2=CC=C(C=C2)N3CCN(CC3)C4=CC=C(OC[C,CC[C@@H]([C@H](C)O)N1N=CN(C1=O)C2=CC=C(,2.28,1.81,0.9,1.56,32.9,20.47,,,0.36,0.26,-0.05,0.19,1.52,1.31,,
949,@H]5CO[C@@](C5)(C[N]6C=NC=N6)C7=C(F)C=C(F)C=C7)C=C4C[S](=O)(=O)OCCN(CCBr)C1=C(C=C(C=C1[,C=C2)N3CCN(CC3)C4=CC=C(OC[C@H]5CO[C@@](C5)(C[N]6C=NC=N6)C7=C(F)C=C(F)C=C7)C=C4C[S](=O)(=O)OCCN(CCBr)C1=C(C=C(C=C1C(=O)N,3.8,3.02,4.3,3.84,10.6,15.88,0.013,0.01,0.58,0.48,0.63,0.58,1.03,1.20,-1.89,-1.88
950,N](=O)=O)[N](=O)=O)C(=O)NCCO[P](O)(O)=CC(C)NC[C@@H](O)COC1=CC=C(NC(C)=O,CCO[P]([O-])([O-])=O)[N+]([O-])=O)[N+]([O-])=OCC(C)[NH2+]C[C@@H](O)COC1=CC=C(NC(C)=O),0.86,0.83,44.8,17.17,0.1,0.34,,,0.07,-0.08,1.65,1.23,-1.00,-0.47,,
951,)C=C1NC1=NC2=NC=C(C[C@@H](CC#C)C3=CC=,C=C1NC1=NC2=NC=C(C[C@@H](CC#C)C3=CC=C(C=C3,,,2.28,3.49,12.2,7.15,0.93,0.81,,,0.36,0.54,1.09,0.85,-0.03,-0.09
952,C(C=C3)C(=O)N[C@@H](CCC(O)=O)C(O)=O)N=C2C(=N1)NNC1=NC2=NC=C(C[C@H](CC#C)C3=CC=C(,)C(=O)N[C@@H](CCC([O-])=O)C([O-])=O)N=C2C(=N1)NNC1=NC2=NC=C(C[C@H](CC#C)C3=CC=C(C=C3),0.53,1.02,2.7,2.74,15,9.51,0.33,0.25,0.28,0.01,0.43,0.44,1.18,0.98,-0.48,-0.60
953,C=C3)C(=O)N[C@@H](CCC(O)=O)C(O)=O)N=C2C(=N1)N,C(=O)N[C@@H](CCC([O-])=O)C([O-])=O)N=C2C(=N1)N,1.5,1.19,6,4.47,15,9.48,0.33,0.22,0.18,0.08,0.78,0.65,1.18,0.98,-0.48,-0.66
954,C[N+]1=C(C=CC=C1)C=NO,C[N+]1=C(C=CC=C1)\C=N/O,0.8,0.92,9,7.32,1.4,2.22,1,0.85,0.10,-0.04,0.95,0.86,0.15,0.35,0.00,-0.07
955,CCCN[C@H]1CCC2=C(C1)SC(=N2)NCC[C@H](C)C(=O)O[C@H]1C[C@H](O)C=C,CCC[NH2+][C@H]1CCC2=C(C1)SC(=N2)NCC[C@H](C)C(=O)O[C@H]1C[C@H](O)C=C2C=C[,7,5.56,7.2,7.11,12.4,8.30,0.85,0.81,0.85,0.75,0.86,0.85,1.09,0.92,-0.07,-0.09
956,2C=C[C@H](C)[C@H](CC[C@@H](O)C[C@@H](O)CC(O)=O)[C@@H]12COC1=CC2=NC(=NC(=C2C=C1OC)N)N3CC,C@H](C)[C@H](CC[C@@H](O)C[C@@H](O)CC([O-])=O)[C@H]12COC1=C(OC)C=C2C(=NC(=NC2=C1)N3CCN(CC3)C,0.46,0.58,14,10.70,0.78,1.12,0.5,0.27,0.34,-0.24,1.15,1.03,-0.11,0.05,-0.30,-0.57
957,N(CC3)C(=O)C4=CC=CO4C[C@]12C[C@H](O)[C@H]3[C@@H](CCC4,(=O)C4=CC=CO4)NC[C@]12C[C@H](O)[C@H]3[C@@H](CCC4=CC(=,0.73,0.92,4.7,3.89,2,3.16,0.06,0.07,0.14,-0.04,0.67,0.59,0.30,0.50,-1.22,-1.16
958,=CC(=O)C=C[C@]34C)[C@@H]1CC[C@]2(O)C(=O)COCOC1=CC=CC(=C1C2=CC(=N[NH]2)NC3=C,O)C=C[C@]34C)[C@@H]1CC[C@]2(O)C(=O)COCOC1=C(C2=CC(=N[NH]2)NC3=NC=C(N=C3)C#N),0.86,0.68,2.9,3.61,3.4,2.87,0.25,0.21,0.07,-0.17,0.46,0.56,0.53,0.46,-0.60,-0.69
961,N=C(C=N3)C#N)OCCCNCC[N+]1(CC)CCC([C@@H]1C)=C(C2=CC=C,C(=CC=C1)OCCC[NH3+]CC[N+]1(CC)CCC([C@@H]1C)=C(C2=CC=CC=C2),22.75,17.30,34,18.83,12.54,7.29,,,1.36,1.24,1.53,1.27,1.10,0.86,,
962,C=C2)C3=CC=CC=C3,C3=CC=CC=C3,1.87,2.36,12.5,10.06,2.13,4.91,,,0.27,0.37,1.10,1.00,0.33,0.69,,
963,CCCNC(C)C(=O)NC1=CC=CC=C1C964COC1=CC(=C2N=CC=CC2=C1)NC(C)CCCNCCCN(CCC)[S](=O)(=O)C1=CC=C(C=C1)C(O,CCC[NH2+][C@H](C)C(=O)NC1=C(C)C=CC=C1COC1=CC2=CC=CN=C2C(=C1)N[C@@H](C)CCC[NH3+],3.7,2.69,29,16.24,1.8,2.67,0.72,0.41,0.57,0.43,1.46,1.21,0.26,0.43,-0.14,-0.39
965,)=O,CCCN(CCC)[S](=O)(=O)C1=CC=C(C=C1)C([O-])=O0.13,,0.16,0.25,0.56,5.9,4.30,0.13,0.13,0.89,-0.79,-0.60,-0.25,0.77,0.63,-0.89,-0.90
966,CCN(CC)CCNC(=O)C1=CC=C(N)C=C1CN1CCN(CCCN2C3=CC=CC=C3SC4=CC=C(,CC[NH+](CC)CCNC(=O)C1=CC=C(N)C=C1,2.2,2.69,10,9.75,3.1,3.08,0.84,0.68,0.34,0.43,1.00,0.99,0.49,0.49,-0.08,-0.17
967,OC(CCN1CCCC1)(C2CCCCC2)C3=CC=CC=C,C4)C=CC=C3)CC1O[C@](CC[NH+]1CCCC1)(C2CCCCC2)C3=CC=CC=,22,12.95,16,13.51,9,11.31,,,1.34,1.11,1.20,1.13,0.95,1.05,,
968,CN(C)CCCN1C2=CC=CC=C2SC3=CC=CC=C,C3C[NH+](C)CCCN1C2=C(SC3=C1C=CC=C3)C=CC=C,0.74,2.71,0.86,2.30,12,11.86,,,0.13,0.43,-0.07,0.36,1.08,1.07,,
969,CC(CN1C2=CC=CC=C2SC3=CC=CC=C13)N(,C[C@H](CN1C2=C(SC3=C1C=CC=C3)C=CC=C2)[N,8.1,7.80,14,12.59,7.9,15.15,0.11,0.11,0.91,0.89,1.15,1.10,0.90,1.18,-0.96,-0.97
970,C)CCCCNCC(O)COC1=CC=CC=C1C(=O)CCC2=,H+](C)CCCC[NH2+]C[C@H](O)COC1=C(C=CC=C1)C(=O)C,14,7.94,14,12.51,14,14.51,0.09,0.07,1.15,0.90,1.15,1.10,1.15,1.16,-1.05,-1.13
971,CC=CC=C2972CCC(=O)O[C@H](CC([O-])=O)C[N+](C)(C)CCCCOC(C(=O)OC1CCN(C)CC1)(C2=CC=CC=,CC2=CC=CC=C2CCC(=O)O[C@H](CC([O-])=O)C[N+](C)(C)CCCCOC(C(=O)OC1CC[NH+](C)CC1)(C2=CC=CC=C,2.2,2.41,16,13.45,2.1,2.71,0.038,0.05,0.34,0.38,1.20,1.13,0.32,0.43,-1.42,-1.28
973,C2)C3=CC=CC=C3,2)C3=CC=CC=C3,2.73,3.22,2.94,4.76,15.2,12.90,0.1,0.08,0.44,0.51,0.47,0.68,1.18,1.11,-1.00,-1.09
974,CC(C)C1=CC=CC(=C1O)C(C)CCCC(=O)O[C@@](CC1=CC=CC=C1)([C@H](,CC(C)C1=C(O)C(=CC=C1)C(C)CCCC(=O)O[C@@](CC1=CC=CC=C1)([C@H](C)C[N,4.7,3.73,36,17.88,3.2,4.08,0.016,0.03,0.67,0.57,1.56,1.25,0.51,0.61,-1.80,-1.54
975,C)CN(C)C)C2=CC=CC=C2976CC(C)NCC(O)COC1=CC=CC2=CC=CC=C12,H+](C)C)C2=CC=CC=C2CC(C)[NH2+]C[C@H](O)COC1=C2C=CC=CC2=CC=C1,12,9.53,15,10.80,18,14.13,0.24,0.10,1.08,0.98,1.18,1.03,1.26,1.15,-0.62,-1.00
977,CCCC1=CC(=O)NC(=S)N1CC(C)N1C(=O)N=C(C2=CC=CC=C2)C3=C1C,CCCC1=CC(=O)NC(=S)N1CC(C)N1C(=O)N=C(C2=CC=CC=C2)C3=C1C=C(C)C,0.34,0.43,3.1,3.90,1.3,1.89,0.18,0.26,0.47,-0.37,0.49,0.59,0.11,0.28,-0.74,-0.59
978,=C(C)C=C3979CC(O)C[N]1C=NC2=C1C(=O)N(C)C(=O)N2CC[C@@H](O)C[N]1C=NC2=C1C(=O)N(C)C(=O)N2C0.59COCCCN1CCC(CC1)NC(=O)C2=CC(=C(N)C3,=C3COCCC[NH+]1CCC(CC1)NC(=O)C2=C3OCCC3=C(,0.52,1.24,9.45,4.93,1.27,3.15,0.02,0.05,0.28,0.09,0.98,0.69,0.10,0.50,-1.70,-1.34
980,CC1=CC(=C2C(=O)C3=C(O)C=C(O)C4=C5C(,CC1=C2C3=C(CO)C=C(O)C4=C3C5=C6C2=C(C(=C1,8.73,6.93,4.55,5.03,22.5,13.58,0.7,0.54,0.94,0.84,0.66,0.70,1.35,1.13,-0.15,-0.27
981,=CC(=C6C(=O)C7=C(O)C=C(CO)C8=C7C(=C56)C(=C34)C2=C18)O)O)O,)O)C(=O)C7=C6C(=C(O)C=C7O)C8=C5C(=C(O)C=C8O)C4=O,0.56,0.70,0.62,0.85,20,20.86,,,0.25,-0.15,-0.21,-0.07,1.30,1.32,,
982,O=NNC1=NC=CN=C1,O=NNC1=NC=CN=C1,0.31,0.39,15.13,9.50,0.38,0.71,,,0.51,-0.41,1.18,0.98,-0.42,-0.15,,
983,CN(C)C(=O)OC1=CC=C[N+](=C1)COC1=CC(=C2C(=O)C(=C(OC2=C1)C3=CC=C(,CN(C)C(=O)OC1=C[N+](=CC=C1)COC1=CC2=C(C(=C1)O)C(=O)C(=C(O2)C3=CC(=C(O,1.1,1.44,9.6,7.46,1.5,2.22,1,0.82,0.04,0.16,0.98,0.87,0.18,0.35,0.00,-0.09
985,O)C(=C3)O)O)OCCN(CC)CCCC(C)NC1=C2C=CC(=CC2=NC3,)C=C3)O)OCC[NH+](CC)CCC[C@@H](C)NC1=C2C=C(OC)C=,0.12,0.15,11,7.25,0.6,1.12,0.009,0.02,0.92,-0.82,1.04,0.86,-0.22,0.05,-2.05,-1.65
986,C[C@H](N[C@@H](CCC1=CC=CC=C1)C(O),C[C@H]([NH2+][C@@H](CCC1=CC=CC=C1)C([O-,45,46.60,5.1,5.65,120,57.56,0.13,0.10,1.65,1.67,0.71,0.75,2.08,1.76,-0.89,-0.99
987,=O)C(=O)N2CC3=CC=CC=C3C[C@H]2C(O)=COC1=CC=C2N=CC=C([C@H](O)[C@H]3C[,])=O)C(=O)N2CC3=C(C[C@H]2C([O-])=O)C=CC=C3COC1=CC2=C(C=CN=C2C=C1)[C@H](O)[C@H]3C[,0.13,0.16,0.93,1.36,2.3,2.97,0.32,0.23,0.89,-0.79,-0.03,0.14,0.36,0.47,-0.49,-0.63
988,C@@H]4CCN3C[C@@H]4C=C)C2=C1COC1=CC=C2N=CC=C([C@@H](O)[C@@H],C@H]4CC[NH+]3C[C@@H]4C=CCOC1=CC2=C(C=CN=C2C=C1)[C@@H](O)[C@@H,2.9,4.01,4,4.03,6.6,7.61,0.26,0.31,0.46,0.60,0.60,0.61,0.82,0.88,-0.59,-0.51
989,3C[C@@H]4CCN3C[C@@H]4C=C)C2=C1CCN1CCC[C@H]1CNC(=O)C2=C(OC)C(=CC,]3C[C@H]4CC[NH+]3C[C@@H]4C=CCC[NH+]1CCC[C@@H]1CNC(=O)C2=C(OC)C(=CC(,1.8,3.92,1.9,3.50,11,7.86,0.3,0.30,0.26,0.59,0.28,0.54,1.04,0.90,-0.52,-0.53
992,OC1=CC=C(C=C1)C2=C(C(=O)C3=CC=C(OC,OC1=CC=C(C=C1)C2=C(C(=O)C3=CC=C(OCC[NH+,1.1,1.38,1.2,2.65,14,10.29,0.06,0.10,0.04,0.14,0.08,0.42,1.15,1.01,-1.22,-0.98
993,CN4CCCCC4)C=C3)C5=C(S2)C=C(O)C=C5CN(CC1=CC2=C(NC(=NC2=O)C)C=C1)C3=C,]4CCCCC4)C=C3)C5=C(S2)C=C(O)C=C5CN(CC1=CC2=C(NC(=NC2=O)C)C=C1)C3=CC=C(S,7.5,5.96,10.8,9.67,12.1,11.85,0.05,0.03,0.88,0.78,1.03,0.99,1.08,1.07,-1.30,-1.53
994,C=C(S3)C(=O)N[C@@H](CCC(O)=O)C(O)=OCCC(=O)NCC[C@@H]1CCC2=CC=C3OCCC,3)C(=O)N[C@@H](CCC([O-])=O)C([O-])=O,6.57,2.45,0.9,1.24,140,24.82,0.05,0.07,0.82,0.39,-0.05,0.09,2.15,1.39,-1.30,-1.16
995,3=C12CNC(NCCSCC1=CC=C(CN(C)C)O1)=C[N](=,CCC(=O)NCC[C@H]1CCC2=C1C3=C(OCC3)C=C2CN\C(NCCSCC1=CC=C(C[NH+](C)C)O1)=C/[N+]([,1.05,1.32,13.1,10.72,1.9,2.37,0.2,0.19,0.02,0.12,1.12,1.03,0.28,0.38,-0.70,-0.72
996,O)=OCOC1=C(OC[C@H](O)CN2CCN(CC2)CC(=O),O-])=OCOC1=C(OC[C@H](O)C[NH+]2CC[NH+](CC2)CC(=,1.2,1.33,9.6,9.27,2.1,2.20,0.95,0.73,0.08,0.12,0.98,0.97,0.32,0.34,-0.02,-0.14
997,NC3=C(C)C=CC=C3C)C=CC=C1CCOC1=CC=CC=C1O[C@@H]([C@H]2CNC,O)NC3=C(C)C=CC=C3C)C=CC=C1CCOC1=C(O[C@@H]([C@H]2C[NH2+]CCO2)C3=C,1.2,1.51,9.5,7.85,1.8,2.95,0.38,0.21,0.08,0.18,0.98,0.90,0.26,0.47,-0.42,-0.68
998,CO2)C3=CC=CC=C3,C=CC=C3)C=CC=C1,0.65,0.82,0.82,2.20,10,5.42,0.019,0.08,0.19,-0.09,-0.09,0.34,1.00,0.73,-1.72,-1.09
999,CC(C)NCCCNC(=O)NC1=C(C)C=CC=C1CCNC(=O)C1=C[N](N=C1)C2=NC(=C3N=C[N],CC(C)[NH2+]CCCNC(=O)NC1=C(C)C=CC=C1CCNC(=O)C1=C[N](N=C1)C2=NC3=C(N=C[N]3[C@,1.4,1.76,4.5,5.64,5,3.47,0.86,0.66,0.15,0.25,0.65,0.75,0.70,0.54,-0.07,-0.18
1000,([C@@H]4O[C@H](CO)[C@@H](O)[C@H]4O)C3=N2)NCCC(=O)N(C1=CC=CC=C1)C2(CCN(CCC(=O,@H]4O[C@H](CO)[C@@H](O)[C@H]4O)C(=N2)NCCC(=O)N(C1=CC=CC=C1)C2(CC[NH+](CCC(=O)O,0.94,1.12,7.3,6.20,2,2.50,0.7,0.48,0.03,0.05,0.86,0.79,0.30,0.40,-0.15,-0.32
1001,)OC)CC2)C(=O)OCCC(C)(C)[S](=O)(=O)C[C@H](CC1=CC=CC=C1)C(=O)N[C@@H](CC2=C[NH]C=N2)C(=O),C)CC2)C(=O)OCCC(C)(C)[S](=O)(=O)C[C@H](CC1=CC=CC=C1)C(=,0.4,0.50,37,19.71,0.8,1.25,0.3,0.24,0.40,-0.30,1.57,1.29,-0.10,0.10,-0.52,-0.62
1002,N[C@@H](CC3CCCCC3)[C@@H](O)C(O)C4CC4COC(=O)CC[C@@H]1N=C(C2=NC=CC=C2),O)N[C@@H](CC2=C[NH]C=N2)C(=O)N[C@@H](CC3CCCCC3)[C@@H](O)[C@@H](O)C4CC4COC(=O)CC[C@@H]1N=C(C2=NC=CC=C2)C3=C(C,0.77,0.97,11.6,7.11,5.2,4.71,0.056,0.04,0.11,-0.01,1.06,0.85,0.72,0.67,-1.25,-1.35
1003,C3=C(C=CC(=C3)Br)[N]4C(=CN=C14)CCCN1CCC[C@H]1CNC(=O)C2=C(OC)C=CC(,=CC(=C3)Br)[N]4C(=CN=C14)CCC[NH+]1CCC[C@H]1CNC(=O)C2=C(OC)C(=CC=C,0.44,0.55,15.02,8.06,0.75,1.64,,,0.36,-0.26,1.18,0.91,-0.12,0.21,,
1004,=C2OC)BrCCOC1=CC(=CC=C1C(O)=O)CC(=O)N[C@@,2OC)BrCCOC1=C(C=CC(=C1)CC(=O)N[C@@H](CC(C)C)C,0.65,0.82,1.7,3.00,5.5,5.43,0.16,0.19,0.19,-0.09,0.23,0.48,0.74,0.73,-0.80,-0.71
1005,H](CC(C)C)C2=CC=CC=C2N3CCCCC3O=C1N(CCCCNC[C@H]2CCC3=CC=CC=C3,2=C(C=CC=C2)N3CCCCC3)C([O-])=OO=C1N(CCCC[NH2+]C[C@H]2CCC3=C(O2)C=CC=,0.35,0.36,7.8,5.00,0.87,1.92,0.015,0.02,0.46,-0.44,0.89,0.70,-0.06,0.28,-1.82,-1.75
1006,O2)[S](=O)(=O)C4=CC=CC=C14COCCN1CCN(CC1)CC2=CC=C(C=C2)C3=N[,C3)[S](=O)(=O)C4=C1C=CC=C4COCC[NH+]1CC[NH+](CC1)CC2=CC=C(C=C2)C3=,0.21,0.26,2.2,3.12,1.2,2.22,,,0.68,-0.58,0.34,0.49,0.08,0.35,,
1007,NH]C4=C3C(=O)C5=C(NC(=O)NN6CCOCC6)C=CC=C45NC(=O)C1=N[N](C=N1)[C@@H]2O[C@H](C,N[NH]C4=C3C(=O)C5=C4C=CC=C5NC(=O)[N-]N6CCOCC6NC(=O)C1=N[N](C=N1)[C@@H]2O[C@@H](CO)[C,5.9,4.69,11.5,8.58,9.9,9.48,,,0.77,0.67,1.06,0.93,1.00,0.98,,
1008,O)[C@@H](O)[C@H]2ONC[C@H]1O[C@H](O[C@@H]2[C@@H](N)C[C@@H](N)[C@H](O)[C@H]2O[C@@H]3O,@@H](O)[C@@H]2O[NH3+]C[C@@H]1O[C@H](O[C@@H]2[C@@H]([NH3+])C[C@@H]([NH3+])[C@H](O)[C@H]2O[C@,14,4.13,5.2,6.50,45,9.76,1,0.89,1.15,0.62,0.72,0.81,1.65,0.99,0.00,-0.05
1009,[C@H](CO)[C@@H](O)[C@H]3O)[C@H](N)[C@@H](O)[C@@H]1OOC(=O)CCCCON=C(C1=CC=CN=C1)C2=CC,@H]3O[C@H](CO)[C@@H](O)[C@H]3O)[C@H]([NH3+])[C@@H](O)[C@@H]1O[O-,0.25,0.27,1.5,1.48,2.5,3.03,,,0.60,-0.58,0.18,0.17,0.40,0.48,,
1010,=CC(=C2)C(F)(F)FCO[C@H]1C=CO[C@@]2(C)OC3=C(C)C(=C4C(=O)C(=C5NC6(CCN(CC6)CC(C)C)N=C5C,]C(=O)CCCCO\N=C(/C1=CN=CC=C1)C2=CC(=CC=C2)C(F)(F)FCO[C@H]1\C=C/O[C@@]2(C)OC3=C(C2=O)C4=C(C(=C3C)O)C(=O)C(=C5NC6(CC[NH+](CC6)CC(C)C),0.43,0.41,1.05,1.32,7.54,7.17,0.033,0.02,0.37,-0.38,0.02,0.12,0.88,0.86,-1.48,-1.64
1011,4=C3C2=O)NC(=O)C(=CC=C[C@H](C)[C@H](O)[C@@H](C)[C@@H](O)[C@@H](C)[C@H](OC(C)=O)[C@@H]1C)C)OCO[C@H]1C=CO[C@@]2(C)OC3=C(C)C(=C,N=C45)NC(=O)\C(=C\C=C\[C@H](C)[C@H](O)[C@@H](C)[C@@H](O)[C@@H](C)[C@H](OC(C)=O)[C@@H]1C)CCO[C@H]1\C=C/O[C@@]2(C)OC3=C(C2=O)C4=C(,9.3,7.40,2.4,3.29,37,24.40,0.29,0.18,0.97,0.87,0.38,0.52,1.57,1.39,-0.54,-0.75
1012,4C(=C(NC(=O)C(=CC=C[C@H](C)[C@H](O)[C)C(=C2)NCC(O)=O)C(=C1)OC)OC,O)C(=C(NC(=O)\C(=C/C=C/[C@H](C)[C@H](O)[C@C2)NCC([O-])=O)C(=C1)OC)OC,0.97,1.11,3.5,4.15,3.8,6.39,0.2,0.16,0.01,0.05,0.54,0.62,0.58,0.81,-0.70,-0.79
1014,C1CN=C(NC(C2CC2)C3CC3)O1,C1CN=C(NC(C2CC2)C3CC3)O1,4.5,3.58,7.1,5.78,8.3,5.68,0.9,0.78,0.65,0.55,0.85,0.76,0.92,0.75,-0.05,-0.11
1015,NC1=NC2=C(S1)C=C(OC(F)(F)F)C=C2COC(=O)N(C)C1=C(N)N=C(N=C1N)C2=N[N],NC1=NC2=C(S1)C=C(OC(F)(F)F)C=C2COC(=O)N(C)C1=C(N)N=C(N=C1N)C2=N[N](CC3=,3.5,2.78,11.3,6.55,,,0.04,0.05,0.54,0.44,1.05,0.82,,,-1.40,-1.26
1016,(CC3=CC=CC=C3F)C4=NC=CC=C24OC(CC1=CC=CN=C1)([P](O)(O)=O)[P](O)(O),C(F)C=CC=C3)C4=NC=CC=C24OC(CC1=CN=CC=C1)([P]([O-])([O-])=O)[P]([O-,0.44,0.55,0.74,1.23,9.1,8.60,,,0.36,-0.26,-0.13,0.09,0.96,0.93,,
1017,=OCC1=C(CCN2CCC(CC2)C3=NOC4=CC(=CC=,])([O-])=OCC1=C(CC[NH+]2CCC(CC2)C3=NOC4=CC(=CC=C3,6.3,1.95,1.5,1.60,200,40.01,0.76,0.59,0.80,0.29,0.18,0.21,2.30,1.60,-0.12,-0.23
1018,C34)F)C(=O)N5CCCCC5=N1CC1=C(CCN2CCC(CC2)=C(C3=CC=C(F)C=C,4)F)C(=O)N5CCCCC5=N1CC1=C(CC[NH+]2CC[C](CC2)=[C](C3=CC=C(F)C=,1.1,1.38,5.4,4.42,3.2,5.52,0.1,0.09,0.04,0.14,0.73,0.65,0.51,0.74,-1.00,-1.03
1019,3)C4=CC=C(F)C=C4)C(=O)N5C=CSC5=N1[Na+].C[C@@H](O)[C@@H]1[C@H]2SC(=C(,C3)C4=CC=C(F)C=C4)C(=O)N5C=CSC5=N1C[C@@H](O)[C@@H]1[C@H]2SC(=C(N2C1=O)C([,1.41,1.78,0.51,1.07,40,29.24,0.008,0.01,0.15,0.25,-0.29,0.03,1.60,1.47,-2.10,-1.96
1020,N2C1=O)C([O-])=O)COC(N)=OC[C@@H](NCCC1=CC=C(O)C=C1)[C@@H](,O-])=O)COC(N)=OC[C@@H]([NH2+]CCC1=CC=C(O)C=C1)[C@@H](,0.24,0.25,7.55,6.18,0.54,0.81,0.72,0.65,0.62,-0.60,0.88,0.79,-0.27,-0.09,-0.14,-0.19
1021,O)C2=CC=C(O)C=C2,O)C2=CC=C(O)C=C2,4.4,1.65,31,21.99,2.6,2.83,0.64,0.42,0.64,0.22,1.49,1.34,0.41,0.45,-0.19,-0.38
1022,2)C3=CC=C(C=C3)N4CCOCC4=OCCN(C)C(=O)OC1=CC=CC(=C1)[C@H](C)N(,CC=C(C=C3)N4CCOCC4=OCCN(C)C(=O)OC1=CC(=CC=C1)[C@H](C)[NH+](C),0.7,0.65,2.4,2.80,7,4.93,0.06,0.05,0.15,-0.18,0.38,0.45,0.85,0.69,-1.22,-1.27
1023,C)CCN(C)CCC1=C[NH]C2=CC=C(C[N]3C=NC=N,C[NH+](C)CCC1=C[NH]C2=C1C=C(C[N]3C=NC=N3,1.3,1.64,12,10.29,1.4,1.83,0.6,0.51,0.11,0.21,1.08,1.01,0.15,0.26,-0.22,-0.29
1024,3)C=C12,)C=C2,1.9,4.13,16,11.53,2.2,2.88,0.86,0.61,0.28,0.62,1.20,1.06,0.34,0.46,-0.07,-0.22
1025,O)=ONC1=NC(=CS1)C(=NO)C(=O)N[C@H]2[C@H,NC1=NC(=CS1)\C(=N/O)C(=O)N[C@H]2[C@H]3SC,0.3,0.38,3.7,2.49,3.3,3.67,0.1,0.05,0.52,-0.42,0.57,0.40,0.52,0.56,-1.00,-1.35
1026,]3SCC(=C(N3C2=O)C(O)=O)C=C4CCN(CC(F)(F)F)C4=OCC(=O)O[C@H]1[C@H](C[C@H]2[C@@H]3CC[C@H]4C[C@H](O)[C@H](C[C@]4(C)[C,C(=C(N3C2=O)C([O-])=O)\C=C4\CCN(CC(F)(F)F)C4=OCC(=O)O[C@H]1[C@H](C[C@H]2[C@@H]3CC[C@,0.11,0.14,0.38,0.66,3.8,3.58,0.043,0.08,0.96,-0.86,-0.42,-0.18,0.58,0.55,-1.37,-1.10
1027,@H]3CC[C@]12C)N5CCOCC5)[N+]6(CCCC6)CC=CC[S](=O)(=O)C1=CC=C(C=C1)C2=C(C(=O)O,H]4C[C@H](O)[C@H](C[C@@]4(C)[C@H]3CC[C@]12C)[NH+]5CCOCC5)[N+]6(CCCC6)CC=CC[S](=O)(=O)C1=CC=C(C=C1)C2=C(C(=O)OC2)C3=,0.21,0.26,3.7,4.33,1.6,2.17,0.54,0.32,0.68,-0.58,0.57,0.64,0.20,0.34,-0.27,-0.50
1028,C2)C3=CC=CC=C3FC(F)OC1=CC=C(C=C1OCC2CC2)C(=O)NC3,CC=CC=C3,1.3,1.03,2,2.06,7.5,6.82,0.13,0.08,0.11,0.01,0.30,0.31,0.88,0.83,-0.89,-1.09
1029,C[C@@H](OC[C@]1(CC[C@]2(CCC(=O)N2),C[C@@H](OC[C@]1(CC[C@]2(CCC(=O)N2)C[NH2,1.92,2.42,2.2,3.18,15.1,10.85,0.01,0.01,0.28,0.38,0.34,0.50,1.18,1.04,-2.00,-1.84
1030,CN1)C3=CC=CC=C3)C4=CC(=CC(=C4)C(F)(F)F)C(F)(F)FCOC1=C(OC2CCCC2)C=C(C=C1)[C@@H]3C,+]1)C3=CC=CC=C3)C4=CC(=CC(=C4)C(F)(F)F)C(F)(F)FCOC1=C(OC2CCCC2)C=C(C=C1)[C@@H]3CNC(=O,,,0.38,1.01,148.5,53.61,0.002,0.01,,,-0.42,0.01,2.17,1.73,-2.70,-2.22
1031,NC(=O)C3CN(C)[C@H]1[C@@H]2C[C@H]3C(=C(O)[C,)C3C[NH+](C)[C@H]1[C@H]2C[C@H]3C(=C([O-])[C@]2(O)C(=O)C(=C1[O-,0.67,0.75,6.3,8.21,7,5.31,0.11,0.16,0.17,-0.13,0.80,0.91,0.85,0.72,-0.96,-0.80
1032,@]2(O)C(=O)C(=C1O)C(=O)NCN4CCCC4)C(=O)C5=C(O)C=CC=C5[C@@]3(C)OCCCN1C(=O)N(CCC)C2=C([NH]C(=N2)[C]34,])C(=O)NC[NH+]4CCCC4)C(=O)C5=C(C=CC=C5O)[C@@]3(C)OCCCN1C(=O)N(CCC)C2=C([NH]C(=N2)[C]34C[C@,0.54,0.68,0.97,1.37,8.8,9.53,0.5,0.33,0.27,-0.17,-0.01,0.14,0.94,0.98,-0.30,-0.49
1033,CC5[CH2]C(C[CH]3C5)C4)C1=OCC=C1NC(=O)[C@H]2CSSCCC=C[C@H](CC,@H]5[CH2][C@H](C[CH]3C5)C4)C1=OC\C=C1\NC(=O)[C@H]2CSSCC\C=C/[C@H](CC(=O),4.3,3.42,5,4.57,18.1,12.79,,,0.63,0.53,0.70,0.66,1.26,1.11,,
1034,(=O)N[C@H](C(C)C)C(=O)N2)OC(=O)[C@@H](NC1=O)C(C)C1035CCCN(CCC)CCC1=CC=CC2=C1CC(=O)N2CC[C@H]1OC(=O)C[C@@H](O)[C@H](C)[C@@H](O[C@@H]2O[C@H](C)C[C@@H]([C,N[C@H](C(C)C)C(=O)N2)OC(=O)[C@@H](NC1=O)C(C)CCCC[NH+](CCC)CCC1=C2CC(=O)NC2=CC=C1CC[C@H]1OC(=O)C[C@@H](O)[C@H](C)[C@@H](O[C@@H]2O[C@H](C)C[C@@H]([C@@H]2O)[NH,1.2,0.95,7.4,6.00,11,6.24,0.07,0.10,0.08,-0.02,0.87,0.78,1.04,0.79,-1.15,-1.00
1038,@@H]2O)N(C)C)[C@@H](CC=O)C[C@@H](C)C(=O)C=C[C@]3(C)O[C@H]3[C@@H]1CCN(CCOC1=CC=C(CC2SC(=O)NC2=O)C=C1),+](C)C)[C@@H](CC=O)C[C@@H](C)C(=O)\C=C\[C@@]3(C)O[C@H]3[C@@H]1CCN(CCOC1=CC=C(C[C@@H]2SC(=O)[N-,2.83,2.25,13.3,9.65,3.34,3.37,,,0.45,0.35,1.12,0.98,0.52,0.53,,
1039,C3=CC=CC=N3CC(C)C1=NC(=NC(=C1C=C[C@@H](O)C[C,]C2=O)C=C1)C3=NC=CC=C3CC(C)C1=C(\C=C/[C@@H](O)C[C@@H](O)CC([O-,0.2,0.25,0.65,1.12,3.9,4.63,0.002,0.01,0.70,-0.60,-0.19,0.05,0.59,0.67,-2.70,-2.14
1040,@@H](O)CC(O)=O)C2=CC=C(F)C=C2)N(C)[S](C)(=O)=OCCCN(CCC1=CC=CS1)[C@H]2CCC3=C(C2),])=O)C(=NC(=N1)N(C)[S](C)(=O)=O)C2=CC=C(F)C=C2CCC[NH+](CCC1=CC=CS1)[C@H]2CCC3=C(C2)C=,1.7,1.35,11,6.68,2,2.61,0.12,0.08,0.23,0.13,1.04,0.82,0.30,0.42,-0.92,-1.08
1041,C=CC=C3OCN([C@@H]1CCCC[C@H]1N2CCCC2)C(=O),CC=C3OCN([C@@H]1CCCC[C@H]1[NH+]2CCCC2)C(=O)C,5.7,5.28,37,27.37,4,5.35,0.08,0.16,0.76,0.72,1.57,1.44,0.60,0.73,-1.10,-0.79
1042,CC3=CC=CC4=C3C=CS4CNCC1=CC=C(C=C1)C2=C3CCNC(=O)C4=C,C3=C4C=CSC4=CC=C3C[NH2+]CC1=CC=C(C=C1)C2=C3CCNC(=O)C4=CC,1.1,1.38,3,4.15,5.5,5.72,,,0.04,0.14,0.48,0.62,0.74,0.76,,
1043,3C(=CC(=C4)F)[NH]2CC1(C)CC[C@@]2(CC[C@]3(COC(=O)C=CC4=C(NC(=O)C=CC(O)=O)C=CC(=C4)O)C(=C,(=CC(=C34)[NH]2)FCC1(C)CC[C@]2(CC[C@]3(COC(=O)\C=C\C4=C(NC(=O)\C=C\C([O-,3.28,5.45,4.31,6.24,16.6,13.13,,,0.52,0.74,0.63,0.80,1.22,1.12,,
1044,C[C@@H]5[C@@]6(C)CCC(=O)C(C)(C)[C@H]6CC[C@@]35C)[C@@H]2C1)C(O)=OCN(C1CCN(CC1)C[C@@H](O)COC2=CC=C(,])=O)C=CC(=C4)O)C(=CC[C@@H]5[C@@]6(C)CCC(=O)C(C)(C)[C@@H]6CC[C@@]35C)[C@H]2C1)C([O-])=OCN(C1CC[NH+](CC1)C[C@@H](O)COC2=CC=C(F),1.45,1.15,7.6,4.88,,,,,0.16,0.06,0.88,0.69,,,,
1045,F)C=C2)C3=NC4=CC=CC=C4S3C[C@H](NCC1=CC=C(OCC2=CC=CC(=C2)F),C=C2)C3=NC4=C(S3)C=CC=C4C[C@H]([NH2+]CC1=CC=C(OCC2=CC(=CC=C2)F),5.5,4.48,4.05,3.66,18.9,15.64,0.014,0.02,0.74,0.65,0.61,0.56,1.28,1.19,-1.85,-1.79
1046,C=C1)C(N)=OOC(=O)[C@@H](CC1=CC(=C(O)C=C1)O)OC(=O)C=CC2=CC=C(O)C3=C2[C@@H]([C@H],C=C1)C(N)=OOC1=C(O)C=C(C[C@@H](OC(=O)\C=C/C2=CC=C(O)C3=C2[C@@H]([C@H](O3)C4=CC(=C(O)C=C4)O,2.19,1.85,1.17,2.70,21.67,13.52,,,0.34,0.27,0.07,0.43,1.34,1.13,,
1047,(O3)C4=CC=C(O)C(=C4)O)C(=O)OC(CC5=CC=C(O)C(=C5)O)C(O)=OCCCCCCN1CCC(CC1)(C(=O)N(C)CC)C2=CC,)C(=O)O[C@@H](CC5=CC(=C(O)C=C5)O)C([O-])=O)C([O-])=O)C=C1CCCCCC[NH+]1CCC(CC1)(C(=O)N(C)CC)C2=CC=,0.14,0.18,7.17,6.52,0.29,0.74,0.08,0.06,0.85,-0.75,0.86,0.81,-0.54,-0.13,-1.10,-1.23
1048,=CC=C2CC(C)(C)NC(=O)[C@@H]1C[C@@H]2CCCC[C@@H]2CN1C[C@@H](O)[C@H](CC3=CC,CC=C2CC(C)(C)NC(=O)[C@@H]1C[C@H]2CCCC[C@H]2C[NH+]1C[C@@H](O)[C@H](CC3=CC=CC=C3)NC(,,,24,14.64,3.6,6.06,,,,,1.38,1.17,0.56,0.78,,
1049,=CC=C3)NC(=O)[C@H](CC(N)=O)NC(=O)C4=CC=C5C=CC=CC5=N4FC1=CC=C(C=C1)C2=N[N]3C(=NN=C3C=C2,=O)[C@H](CC(N)=O)NC(=O)C4=NC5=CC=CC=C5C=C4FC1=CC=C(C=C1)C2=N[N]3C(=NN=C3C=C2)SC4=,3.6,2.86,13,9.20,13,9.25,0.028,0.03,0.56,0.46,1.11,0.96,1.11,0.97,-1.55,-1.49
1050,)SC4=CC=C5N=C(NC(=O)NCCN6CCOCC6)SC5=C4,CC5=C(C=C4)N=C(NC(=O)NCC[NH+]6CCOCC6)S5,4.1,3.26,8.34,6.57,8.19,10.24,,,0.61,0.51,0.92,0.82,0.91,1.01,,
1051,1052NC(=N)NN=C1CCC2=C(C=CC=C12)C(N)=NCCOC1=CC=C2N(C(=O)[C@]3(CC[C@H](CC,NC(=[NH2+])N\N=C1/CCC2=C1C=CC=C2C(N)=[NH2+]CCOC1=CC2=C(C=C1)N(C(=O)C23CCC(CC3)OCC[,0.76,0.72,9,7.44,1,1.38,,,0.12,-0.14,0.95,0.87,0.00,0.14,,
1053,3)OCCN4CCOCC4)C2=C1)[S](=O)(=O)C5=C(OC)C=C(C=C5)C(=O)NC(C)(C)CN[C@@H](C(=O)N1[C@H](CC2C[C@@H]12,NH+]4CCOCC4)[S](=O)(=O)C5=C(OC)C=C(C=C5)C(=O)NC(C)(C)C[NH3+][C@@H](C(=O)N1[C@H](C[C@H]2C[C@@,7,5.56,12.3,9.71,10.4,10.76,0.1,0.07,0.85,0.75,1.09,0.99,1.02,1.03,-1.00,-1.13
1054,)C#N)[C]34CC5[CH2]C(C[C](O)(C5)C3)C4C[C@@H](O)[C@@H]1[C@H]2SC(=C(N2C1,H]12)C#N)[C]34C[C@@H]5[CH2][C@H](C[C](O)(C5)C3)C4C[C@@H](O)[C@@H]1[C@H]2SC(=C(N2C1=O)C([,1.8,1.43,7.1,5.37,7.5,5.62,1,0.77,0.26,0.16,0.85,0.73,0.88,0.75,0.00,-0.12
1055,=O)C(O)=O)SCCOC(N)=OCN1[C@@H]2CC(C[C@H]1[C@@H]3O[C@,O-])=O)SCCOC(N)=OC[NH+]1[C@@H]2CC(C[C@H]1[C@@H]3O[C@H],0.3,0.29,7.5,5.79,0.8,1.15,0.35,0.43,0.52,-0.53,0.88,0.76,-0.10,0.06,-0.46,-0.37
1056,H]23)OC(=O)[C@H](CO)C4=CC=CC=C41057O[C@@H]1[C@@H](O)[C@@H](O[C@@H](O[C@@H]1[C@@H](O)[C@H](O[C@@H]([C@H]1CCN(CC)CCNC(=O)C1=CC=C(N[S](C)(=O)=,23)OC(=O)[C@H](CO)C4=CC=CC=C4CC[NH+](CC)CCNC(=O)C1=CC=C(N[S](C)(=O)=O),3.1,2.46,16,15.61,4.5,3.21,0.1,0.09,0.49,0.39,1.20,1.19,0.65,0.51,-1.00,-1.06
1059,O)C=C1CC1=CC(=C([NH]1)C=C2C(=O)NC3=CC=CC,C=C1CC1=CC(=C([NH]1)\C=C2/C(=O)NC3=C2C=CC=C3),0.82,1.03,3.7,4.57,3.8,3.62,0.96,0.74,0.09,0.01,0.57,0.66,0.58,0.56,-0.02,-0.13
1060,=C23)CCC(=O)N[C@@H](CO)C(=O)N[C@@H](CC(,CC(=O)N[C@@H](CO)C(=O)N[C@@H](CC([O-,0.98,1.23,14,7.48,0.83,1.64,0.008,0.02,0.01,0.09,1.15,0.87,-0.08,0.21,-2.10,-1.63
1061,O)=O)C(=O)N[C@@H](CCCCN)C(=O)N1CCC[C@H]1C(O)=OCC[C@@]1(O)C(=O)OCC2=C1C=C3N(CC4=,])=O)C(=O)N[C@@H](CCCC[NH3+])C(=O)N1CCC[C@H]1C([O-])=OCC[C@@]1(O)C(=O)OCC2=C1C=C3N(CC4=C(C5=C,,,18.7,8.25,0.08,0.37,,,,,1.27,0.92,-1.10,-0.43,,
1062,C(C5=CC(=CC=C5N=C34)O)[Si](C)(C)C(C)(C)C)C2=OCCCC1=N[N](C)C2=C1N=C(NC2=O)C3=C(O,C(=CC=C5N=C34)O)[Si](C)(C)C(C)(C)C)C2=OCCCC1=N[N](C)C2=C1N=C(NC2=O)C3=C(OCC)C=,0.47,0.59,6,5.03,1.4,2.42,,,0.33,-0.23,0.78,0.70,0.15,0.38,,
1063,CC)C=CC(=C3)[S](=O)(=O)N4CCN(C)CC4C[C@H](CC1=CC(=C2N(CCCO)CCC2=C1)C(,CC(=C3)[S](=O)(=O)N4CC[NH+](C)CC4C[C@H](CC1=CC(=C2N(CCCO)CCC2=C1)C(N)=O)[,1.36,1.48,9,7.58,2.2,3.04,0.04,0.05,0.13,0.17,0.95,0.88,0.34,0.48,-1.40,-1.27
1064,N)=O)NCCOC3=C(OCC(F)(F)F)C=CC=C31065O=C1N(CCO[N](=O)=O)COC2=CC=CC=C12,NH2+]CCOC3=C(OCC(F)(F)F)C=CC=C3[O-][N+](=O)OCCN1COC2=C(C=CC=C2)C1=O,0.68,0.85,2.8,3.50,3.6,5.50,0.05,0.06,0.17,-0.07,0.45,0.54,0.56,0.74,-1.30,-1.22
1066,CN[C@@H]1[C@@H](O)[C@H](OC[C@]1(C,C[NH2+][C@@H]1[C@@H](O)[C@H](OC[C@]1(C)O)O[C@H]2[C@H]([NH3+])C[C@H]([NH3+])[C@@,15.31,12.15,20.9,11.65,10.98,10.11,,,1.18,1.08,1.32,1.07,1.04,1.00,,
1067,)O)O[C@H]2[C@H](N)C[C@H](N)[C@@H](O[C@H]3OC(=CC[C@H]3N)CN)[C@@H]2ON[C@@H]1CN(CC12CC2)C3=C(F)C=C4C(=O,H](O[C@H]3OC(=CC[C@H]3[NH3+])C[NH3+])[C@@H]2O,0.19,0.16,1,1.11,2.4,3.44,0.15,0.33,0.72,-0.80,0.00,0.05,0.38,0.54,-0.82,-0.49
1068,O)=ON[C@@H](CC(=O)N1CC[N]2C(=NN=C2C(F)(,3F)C(=O)C(=CN4[C@@H]5C[C@@H]5F)C([O-])=O[NH3+][C@@H](CC(=O)N1CC[N]2C(=NN=C2C(F)(,1.5,1.80,3.7,2.80,6.6,6.68,0.51,0.39,0.18,0.26,0.57,0.45,0.82,0.83,-0.29,-0.40
1069,F)F)C1)CC3=CC(=C(F)C=C3F)FCC[C@H](CC[C@@H](C)[C@H]1CC[C@H]2,F)F)C1)CC3=C(F)C=C(F)C(=C3)FCC[C@H](CC[C@@H](C)[C@H]1CC[C@H]2[C@@,2.8,2.38,6,5.90,12,9.32,0.62,0.39,0.45,0.38,0.78,0.77,1.08,0.97,-0.21,-0.41
1070,[C@@H]3CC=C4C[C@@H](O)CC[C@]4(C)[C@H]3CC[C@]12C)C(C)CCC(C)(C)C1=CN=C(CSC2=CN=C(NC(=O)C3,H]3CC=C4C[C@H](O)CC[C@]4(C)[C@H]3CC[C@]12C)C(C)CCC(C)(C)C1=CN=C(CSC2=CN=C(NC(=O)C3CC[NH,0.3,0.38,0.02,0.18,372.4,86.21,,,0.52,-0.42,-1.70,-0.75,2.57,1.94,,
1071,CCNCC3)S2)O1CC[C@H](C)[C@@H]([C@@H](CC(=O)N1CCC[C@H]1[C@H](OC)[C@@H](C)C(=O)NC,2+]CC3)S2)O1CC[C@H](C)[C@@H]([C@H](CC(=O)N1CCC[C@H]1[C@H](OC)[C@@H](C)C(=O)NCCC2=CC=CC=C2,5.14,4.09,13,9.70,9.3,6.83,,,0.71,0.61,1.11,0.99,0.97,0.83,,
1072,CC2=CC=CC=C2)OC)N(C)C(=O)[C@@H](NC(=O)[C@H](C(C)C)N(C)C)C(C)C,)OC)N(C)C(=O)[C@@H](NC(=O)[C@H](C(C)C)[NH+](C)C)C(C)C,0.42,0.53,1.6,3.02,5.67,4.84,,,0.38,-0.28,0.20,0.48,0.75,0.69,,
1073,CC1=CC[C@H](C[C@@H]1O)C(C)(C)OO=C(O[C@H]1CN2CCC1CC2)N3CCC4=CC=,CC1=CC[C@H](C[C@@H]1O)C(C)(C)OO=C(O[C@H]1C[NH+]2CCC1CC2)N3CCC4=C(C=C,0.43,0.54,2.7,3.66,1.9,2.49,,,0.37,-0.27,0.43,0.56,0.28,0.40,,
1074,CC=C4[C@@H]3C5=CC=CC=C5CC(C)NCC(O)C1=CC=C(N[S](C)(=O)=O)C=C,C=C4)[C@@H]3C5=CC=CC=C5CC(C)[NH2+]C[C@H](O)C1=CC=C(N[S](C)(=O)=O),8.2,6.51,2.1,3.46,52,23.43,0.02,0.08,0.91,0.81,0.32,0.54,1.72,1.37,-1.70,-1.11
1075,C[C@@H]1CN(C[C@H](C)N1)C2=C(F)C(=C,C=C1C[C@@H]1CN(C[C@H](C)[NH2+]1)C2=C(F)C3=C(,1.3,1.64,2,3.16,6.3,4.18,0.62,0.63,0.11,0.21,0.30,0.50,0.80,0.62,-0.21,-0.20
1076,3C(=O)C(=CN(C4CC4)C3=C2F)C(O)=O)NOC(=O)C[C@H](NC(=O)C[P](O)(O)=O)C(O)=,C(=C2F)N)C(=O)C(=CN3C4CC4)C([O-])=O[O-]C(=O)C[C@H](NC(=O)C[P]([O-])([O-])=O)C([O-,3.9,3.10,2.7,3.03,20,14.37,0.55,0.50,0.59,0.49,0.43,0.48,1.30,1.16,-0.26,-0.30
1077,CN[C@@H]1[C@H](O)[C@H](NC)[C@H]2O,])=OC[NH2+][C@@H]1[C@H](O)[C@H]([NH2+]C)[C@,0.33,0.42,1.22,1.51,4.78,6.04,,,0.48,-0.38,0.09,0.18,0.68,0.78,,
1078,[C@]3(O)[C@@H](O[C@H](C)CC3=O)O[C@@H]2[C@H]1OCO[C@H]1[C@H](O)CC(=O)O[C@H](C)CC=CC=C[C@H](O[C@H]2CC[C@H]([C@H](C),H]2O[C@@]3(O)[C@@H](O[C@H](C)CC3=O)O[C@@H]2[C@H]1OCO[C@H]1[C@H](O)CC(=O)O[C@H](C)C\C=C/C=C\[C@H](O[C@H]2CC[C@H]([C@H](C)O2)[NH+](C),0.13,0.25,0.99,1.30,1.8,2.92,,,0.89,-0.61,0.00,0.11,0.26,0.46,,
1079,O2)N(C)C)[C@H](C)C[C@H](CC=O)[C@@H]1O[C@@H]3O[C@H](C)[C@@H](O[C@H]4CCCCCCCCCCCCCCC[C@@H](O)[C@H](C),C)[C@H](C)C[C@H](CC=O)[C@@H]1O[C@@H]3O[C@H](C)[C@@H](O[C@H]4C[C@@](C)(O)[C@@CCCCCCCCCCCCCCC[C@@H](O)[C@H](C)[NH3+,5.4,4.29,12.8,6.07,5.2,6.06,0.26,0.27,0.73,0.63,1.11,0.78,0.72,0.78,-0.59,-0.57
1081,CC(C)[C@@H](CC[C@@H](C)[C@H]1CC[C@H]2[C@@H]3[C@H](O)C[C@H]4C[C@H](,]CC(C)[C@@H](CC[C@@H](C)[C@H]1CC[C@H]2[C@@H]3[C@H](O)C[C@H]4C[C@H](CC[C@@]4(C,30.7,14.12,57.6,22.63,29.7,19.06,,,1.49,1.15,1.76,1.35,1.47,1.28,,
1082,CC[C@]4(C)[C@H]3CC[C@]12C)NCCCNCCCCN)O[S](O)(=O)=OCCN(CC)CCNC1=CC=C(CNC=O)C2=C1C(=O,)[C@H]3CC[C@]12C)[NH2+]CCC[NH2+]CCCC[NH3+])O[S]([O-])(=O)=OCC[NH+](CC)CCNC1=C2C(=O)C3=C(SC2=C(CNC=,0.23,0.29,1.2,1.97,9.5,7.29,,,0.64,-0.54,0.08,0.30,0.98,0.86,,
1083,)C3=CC(=CC=C3S2)OCOC(CNC(=O)C[N]1C=CN=C1[N+]([O-,O)C=C1)C=CC(=C3)OCO[C@@H](CNC(=O)C[N]1C=CN=C1[N+]([O-,1.01,1.27,3.1,4.27,6.19,7.23,,,0.00,0.10,0.49,0.63,0.79,0.86,,
1084,])=O)C(F)(F)FCC1=CN([C@@H]2O[C@H](CO)C=C2)C(=O),])=O)C(F)(F)FCC1=CN([C@@H]2O[C@H](CO)C=C2)C(=O)NC1=,0.69,0.62,3,3.84,3.45,2.99,,,0.16,-0.21,0.48,0.58,0.54,0.48,,
1085,NC1=OCN[C@H]1[C@H](O)[C@@H](O)[C@H](CO)O[C@H]1O[C@H]2[C@@H](O[C@@H](C)[C,C[NH2+][C@H]1[C@H](O)[C@H](O)[C@H](CO)O[C@H]1O[C@H]2[C@@H](O[C@@H](C)[C@]2(O)C,0.67,0.53,8.2,7.14,1.4,1.81,1,0.89,0.17,-0.27,0.91,0.85,0.15,0.26,0.00,-0.05
1086,@]2(O)C=O)O[C@H]3[C@H](O)[C@@H](O)[C@H](NC(N)=N)[C@@H](O)[C@@H]3NC(N)=NCCC(=O)N(C1=CC=CC=C1)C2(CCN(CCC3=C,=O)O[C@H]3[C@H](O)[C@@H](O)[C@H](NC(N)=[NH2+])[C@H](O)[C@@H]3NC(N)=[NH2+]CCC(=O)N(C1=CC=CC=C1)C2(CC[NH+](CCC3=CC,0.34,0.43,0.78,1.02,4.3,4.36,0.65,0.63,0.47,-0.37,-0.11,0.01,0.63,0.64,-0.19,-0.20
1087,C=CS3)CC2)COC1088CC1(C)C(N2C(CC2=O)[S]1(=O)=O)C(O)=OCC1(C)S[C@@H]2[C@H](NC(=O)[C@@H](,=CS3)CC2)COCCC1(C)[C@@H](N2[C@H](CC2=O)[S]1(=O)=O)C([O-])=OCC1(C)S[C@@H]2[C@H](NC(=O)[C@@H](C3=CC=,9.4,6.03,15,10.14,14,10.21,0.075,0.07,0.97,0.78,1.18,1.01,1.15,1.01,-1.12,-1.18
1089,C3=CC=CC=C3)[S](O)(=O)=O)C(=O)N2[C@H]1C(O)=ONC1=CC=C(C=C1)[S](=O)(=O)NC2=NC=CC=,CC=C3)[S]([O-])(=O)=O)C(=O)N2[C@H]1C([O-])=O,0.15,0.19,1.6,1.76,1.2,1.54,0.5,0.42,0.82,-0.72,0.20,0.24,0.08,0.19,-0.30,-0.38
1090,N2CC1=CC(=NO1)N[S](=O)(=O)C2=CC=C(N)C,NC1=CC=C(C=C1)[S](=O)(=O)NC2=NC=CC=N2,0.29,0.37,0.55,1.05,7,6.50,0.44,0.38,0.54,-0.44,-0.26,0.02,0.85,0.81,-0.36,-0.42
1091,=C2OC(=O)C1=C(O)C=CC(=C1)N=NC2=CC=C(C,CC1=CC(=NO1)N=[S]([O-])(=O)C2=CC=C(N)C=C2OC1=C(C=C(C=C1)N=NC2=CC=C(C=C2)[S](=O)(=O,0.3,0.18,0.36,0.55,9.8,6.46,0.23,0.19,0.52,-0.75,-0.44,-0.26,0.99,0.81,-0.64,-0.72
1092,=C2)[S](=O)(=O)NC3=CC=CC=N3O=C1C(CC[S](=O)C2=CC=CC=C2)C(=O)N(N,)NC3=NC=CC=C3)C([O-])=OO=C1C(CC[S](=O)C2=CC=CC=C2)C(=O)N(N1C3=C,0.11,0.14,0.26,0.35,7.6,7.01,0.004,0.01,0.96,-0.86,-0.59,-0.45,0.88,0.85,-2.40,-2.17
1093,1C3=CC=CC=C3)C4=CC=CC=C4CC1=NOC(=C1C)N[S](=O)(=O)C2=CC=C(N),C=CC=C3)C4=CC=CC=C4,0.12,0.15,0.34,0.63,6.2,6.75,0.017,0.02,0.92,-0.82,-0.47,-0.20,0.79,0.83,-1.77,-1.69
1094,C=C2COC1=CC(=CC=C1C2=NC3=NC=CC=C3[NH,CC1=NOC(=C1C)N=[S]([O-])(=O)C2=CC=C(N)C=C2COC1=C(C=CC(=C1)[S](C)=O)C2=NC3=C([NH]2)C=,0.17,0.21,0.3,0.40,7.4,5.34,0.079,0.09,0.77,-0.67,-0.52,-0.40,0.87,0.73,-1.10,-1.05
1095,]2)[S](C)=OCCN1CCC[C@@H]1CNC(=O)C2=C(OC)C=C,CC=N3CC[NH+]1CCC[C@@H]1CNC(=O)C2=C(OC)C=CC(,0.62,0.78,10,8.11,0.8,1.25,0.41,0.14,0.21,-0.11,1.00,0.91,-0.10,0.10,-0.39,-0.86
1096,C(=C2)[S](N)(=O)=OCN[S](=O)(=O)CC1=CC=C2[NH]C=C(CCN(C,=C2)[S](N)(=O)=OCN[S](=O)(=O)CC1=CC2=C([NH]C=C2CC[NH+](C),0.94,1.43,1.9,2.58,6.5,3.89,1,0.76,0.03,0.16,0.28,0.41,0.81,0.59,0.00,-0.12
1097,)C)C2=C1CC(C(O)=O)C1=CC=C(C=C1)C(=O)C2=CC=C,C)C=C1C[C@@H](C([O-,1.7,1.30,19,13.42,1.7,2.42,0.83,0.72,0.23,0.11,1.28,1.13,0.23,0.38,-0.08,-0.14
1098,S2CC1=C(N[S](=O)(=O)C2=CC=C(C=C2)C#CC3,])=O)C1=CC=C(C=C1)C(=O)C2=CC=CS2CC1=C(N[S](=O)(=O)C2=CC=C(C=C2)C#CC3=CC(=,0.04,0.05,0.76,0.71,2.1,2.73,0.006,0.01,1.40,-1.30,-0.12,-0.15,0.32,0.44,-2.22,-1.99
1099,=CC=C(O)C(=C3)C(O)=O)N=CC=C1C[C@@H]1CCN(CCN1C(=O)C2=CC(=CC=C2,0.00190.0040C(O)C=C3)C([O-])=O)N=CC=C1C[C@H]1CCN(CCN1C(=O)C2=C(C=CC(=C2)C)[N]3,0.1,0.13,0.07,0.22,16,10.59,,,1.00,-0.90,-1.15,-0.66,1.20,1.02,-2.72,-2.40
1100,,,0.69,0.87,0.84,1.40,10.37,8.66,0.05,0.03,0.16,-0.06,-0.08,0.15,1.02,0.94,-1.30,-1.49
1101,NC1=C2CCCCC2=NC3=CC=CC=C13CO[C@@H]1C[C@@H](CC[C@H]1O)C=C(C)[C@H]2OC(=O)[C@@H]3CCCCN3C(=O)C(=,NC1=C2C=CC=CC2=[NH+]C3=C1CCCC3CO[C@@H]1C[C@@H](CC[C@H]1O)\C=C(/C)[C@H]2OC(=O)[C@@H]3CCCCN3C(=O)C(=O)[C@]4(O),11,8.74,56,25.43,3.3,4.48,0.25,0.24,1.04,0.94,1.75,1.41,0.52,0.65,-0.60,-0.62
1102,O)[C@]4(O)O[C@H]([C@H](C[C@@H](C)CC(=C[C@@H](CC=C)C(=O)C[C@H](O)[C@H=C(OC)C(=C2)[S](N)(=O)=OCO[C@H]1C[C@H](C)CC2=C(NCC=C)C(=O)C=C(NC(=O)C(=CC=C[C@H](OC)[C@@H](,O[C@H]([C@H](C[C@@H](C)C\C(=C\[C@@H](CC=C)C(=O)C[C@H](O)[C@H]2C)C)OC)[C@H](C[C@=C2)[S](N)(=O)=O)C=CC=C1CO[C@H]1C[C@H](C)CC2=C(NCC=C)C(=O)C=C(N,1.2,1.02,0.7,1.39,26,16.88,0.01,0.02,0.08,0.01,-0.15,0.14,1.41,1.23,-2.00,-1.65
1105,OC(N)=O)C(=C[C@H](C)[C@H]1O)C)C)C2=,C(=O)\C(=C\C=C\[C@H](OC)[C@@H](OC(N)=O)\C(=C\[C@@H](C)[C@H]1O)C)C)C2=O,2,1.59,10.18,7.05,3,3.05,,,0.30,0.20,1.01,0.85,0.48,0.48,,
1106,OC(CC1=CC(=C(O)C=C1)O)C(O)=OCC[C@H]([C@@H](C)CN(C)C)C1=CC=CC(=,O[C@H](CC1=CC(=C(O)C=C1)O)C([O-])=OCC[C@H]([C@@H](C)C[NH+](C)C)C1=CC(=CC=C1,0.38,0.32,17.75,9.84,0.37,0.75,,,0.42,-0.49,1.25,0.99,-0.43,-0.12,,
1107,C1)OCOC1=C(OC)C=C2CN(CCC3=CC=C(NC(=O),)OCOC1=C(OC)C=C2C[NH+](CCC3=CC=C(NC(=O)C4,4.64,2.95,21.33,17.32,2.39,3.21,,,0.67,0.47,1.33,1.24,0.38,0.51,,
1108,C4=C(NC(=O)C5=CC6=CC=CC=C6N=C5)C=C(OC)C(=C4)OC)C=C3)CCC2=C1NC1=NC(=O)N(C=C1)[C@H]2O[C@H](CO)[,=C(NC(=O)C5=CC6=CC=CC=C6N=C5)C=C(OC)C(=C4)OC)C=C3)CCC2=C1NC1=NC(=O)N(C=C1)[C@H]2O[C@H](CO)[C@](O),6.4,5.08,2.8,3.89,29,18.76,,,0.81,0.71,0.45,0.59,1.46,1.27,,
1109,C@](O)(C#C)[C@H]2O,(C#C)[C@H]2OCC(C)[C@H](NC(=O)[C@H](C(C)C)[NH+](C)C)C(=,1.1,0.96,1.6,2.99,10.9,5.51,,,0.04,-0.02,0.20,0.47,1.04,0.74,,
1110,)C(=O)N(C)[C@@H](C(C)C)C(=O)N1CCC[C@H]1C(=O)N2CCC[C@H]2C(=O)NC(C)(C)CCCC(=O)NC[C@@H]1C[C@H]1C2=CC=CC3,O)N(C)[C@@H](C(C)C)C(=O)N1CCC[C@H]1C(=O)N2CCC[C@H]2C(=O)NC(C)(C)CCCC(=O)NC[C@@H]1C[C@H]1C2=C3CCOC3=CC=,0.33,0.42,9.6,6.60,0.57,1.71,,,0.48,-0.38,0.98,0.82,-0.24,0.23,,
1111,=C2CCO3CCOC(=O)C1=CC=C(N=C1)C#CC2=CC3=C(S,C2CCOC(=O)C1=CN=C(C=C1)C#CC2=CC3=C(SCCC3(,0.33,0.51,9.04,10.61,0.75,1.24,,,0.48,-0.29,0.96,1.03,-0.12,0.09,,
1112,CCC3(C)C)C=C2C[C@@]1(C[N]2C=CN=N2)[C@@H](N3[C@,C)C)C=C2C[C@]1(C[N]2C=CN=N2)[C@@H](N3[C@@H](CC3,3.55,2.82,37.2,15.92,6.22,6.65,,,0.55,0.45,1.57,1.20,0.79,0.82,,
1113,@H](CC3=O)[S]1(=O)=O)C(O)=OCC(C)(C)C1=CC(=CC(=C1O)C(C)(C)C)C(=O),=O)[S]1(=O)=O)C([O-])=OCC(C)(C)C1=C(O)C(=CC(=C1)C(=O)CCCC#C)C(C)(,0.26,0.33,4.81,4.23,0.97,1.29,0.7,0.69,0.59,-0.49,0.68,0.63,-0.01,0.11,-0.15,-0.16
1114,CCCC#CC[N]1N=NC(=N1)C2=CC=C(C=N2)C3=CC=C,C)CC[N]1N=NC(=N1)C2=NC=C(C=C2)C3=C(F)C=C(C=,12,9.52,8.9,7.88,50.7,25.55,,,1.08,0.98,0.95,0.90,1.71,1.41,,
1115,(C=C3F)N4C[C@H](CO)OC4=O,C3)N4C[C@H](CO)OC4=O,0.91,0.90,1.19,1.72,10.16,7.83,0.11,0.10,0.04,-0.04,0.08,0.24,1.01,0.89,-0.96,-1.02
1116,FC1=CN(C2CCCO2)C(=O)NC1=OCCCCCNC(=N)NN=CC1=C[NH]C2=CC=C(O,FC1=CN([C@@H]2CCCO2)C(=O)NC1=OCCCCCNC(=[NH2+])N\N=C/C1=C[NH]C2=C1C=C(,0.62,0.43,0.95,1.78,8.69,5.17,,,0.21,-0.37,-0.02,0.25,0.94,0.71,,
1117,C)C=C12FC1=CC=CC(=C1F)[C@@H]2CC[C@@H](N,OC)C=C2FC1=C(F)C(=CC=C1)[C@@H]2CC[C@@H](NC(=O),5.3,5.19,18,13.32,11,8.91,0.02,0.05,0.72,0.72,1.26,1.12,1.04,0.95,-1.70,-1.33
1118,C(=O)N3CCC(CC3)N4C(=O)NC5=C4C=CC=N5)C(=O)N(C2)CC(F)(F)FCC[C@H]1OC(=O)[C@H](C)C(=O)[C@H](C)[C@@H](O[C@@H]2O[C@H](C)C[C@@H]([,N3CCC(CC3)N4C(=O)NC5=C4C=CC=N5)C(=O)N(C2)CC(F)(F)FCC[C@H]1OC(=O)[C@H](C)C(=O)[C@H](C)[C@@H](O[C@@H]2O[C@H](C)C[C@@H]([C@H]2O)[N,0.86,1.08,5.8,4.70,8.2,11.53,,,0.07,0.03,0.76,0.67,0.91,1.06,,
1119,C@H]2O)N(C)C)[C@@](C)(C[C@@H](C)C(=O)[C@H](C)[C@H]3N(CCCC[N]4C=NC(=C4)C5=CC=CN=C5)C(=O)O[C@]13C)OCCCCC1=NC2=C(C)C=C(C=C2[N]1CC3=CC=,H+](C)C)[C@@](C)(C[C@@H](C)C(=O)[C@H](C)[C@H]3N(CCCC[N]4C=NC(=C4)C5=CN=CC=C5)C(=O)O[C@]13C)OCCCCC1=NC2=C(C=C(C=C2C)C3=NC4=C(C=CC=C4),3,2.38,14,8.80,12,12.71,0.41,0.24,0.48,0.38,1.15,0.94,1.08,1.10,-0.39,-0.62
1120,C(C=C3)C4=CC=CC=C4C(O)=O)C5=NC6=CC=CC=C6[N]5CCO[C@]1(NC(=O)[C@H](C(O)=O)C2=CSC=C,[N]3C)[N]1CC5=CC=C(C=C5)C6=C(C=CC=C6)C([O-0.0040.0047])=OCO[C@]1(NC(=O)[C@H](C([O-,5.3,4.21,8.4,4.14,20,13.28,,,0.72,0.62,0.92,0.62,1.30,1.12,-2.40,-2.33
1121,2)[C@H]3SC(C)(C)[C@@H](N3C1=O)C(O)=OC1=CC=CC(=C1)C2=C3CCC(=N3)C(=C4[NH]C(=C(C5=CC(=CC=C5)O)C6=NC(=C(C7=C,])=O)C2=CSC=C2)[C@@H]3SC(C)(C)[C@@H](N3C1=O)C([O-])=OOC1=CC=CC(=C1)C2=C3CCC(=N3)C(=C4NC(=C(C5,0.11,0.14,0.34,0.74,4.1,2.87,0.21,0.26,0.96,-0.86,-0.47,-0.13,0.61,0.46,-0.68,-0.59
1122,C=C2[NH]7)C8=CC(=CC=C8)O)C=C6)C=C4)C9=CC(=CC=C9)O,=CC=C([NH]5)C(=C6NC2C=C6)C7=CC(=CC=C7)O)C8=CC(=CC=C8)O)C=C4)C9=CC=CC(=C9)O,,,0.06,0.23,91.5,37.64,0.14,0.04,,,-1.22,-0.65,1.96,1.58,-0.85,-1.41
1123,CN1N=NC2=C(N=C[N]2C1=O)C(N)=ONC(=O)N1C(=O)C(=C(O)C2=CC=CS2)C3=CC,CN1N=NC2=C([NH]C=[NH]2C1=O)C(N)=ONC(=O)N1C(=O)\C(=C(\[O-,0.5,0.63,3.6,3.55,1.5,2.01,,,0.30,-0.20,0.56,0.55,0.18,0.30,,
1124,1125COC1=CC(=CC(=C1O)OC)[C@H]2[C@@H]3COC1=C(O)C(=CC(=C1)[C@H]2[C@@H]3[C@H](CP](O)(O)=OCN1C(=C(O)C2=C(C=CS2)[S]1(=O)=O)C(=O),0.00440.01])([O-])=OCN1C(=C([O-,0.11,0.14,0.058,0.12,22.7,14.06,0.01,0.01,0.96,-0.86,-1.24,-0.94,1.36,1.15,-2.00,-1.89
1127,NC3=CC=CC=N3COC1=CC2=NC(=NC(=C2C=C1OC)N)N3CC,0.00850.01])C2=C(C=CS2)[S]1(=O)=O)C(=O)NC3=NC=CC=C3COC1=C(OC)C=C2C(=NC(=NC2=C1)N3CCN(CC3)C,0.19,0.27,0.03,0.09,67,23.21,,,0.72,-0.57,-1.52,-1.05,1.83,1.37,-2.07,-1.83
1128,N(CC3)C(=O)C4CCCO4,(=O)[C@@H]4CCCO4)N,0.98,0.78,1.1,1.41,9,5.66,0.08,0.13,0.01,-0.11,0.04,0.15,0.95,0.75,-1.10,-0.89
1129,CC(C)(C)NCC(O)C1=CC(=CC(=C1)O)OCC(O)=C(C#N)C(=O)NC1=CC=C(C=C1)C(F)(,CC(C)(C)[NH2+]C[C@H](O)C1=CC(=CC(=C1)O)O,1.5,3.15,3.4,6.78,15,8.72,0.75,0.73,0.18,0.50,0.53,0.83,1.18,0.94,-0.12,-0.14
1130,F)FCC(CC(C1=CC=CC=C1)C2=CC=CC=C2)NC(,C\C([O-])=C(/C#N)C(=O)NC1=CC=C(C=C1)C(F)(F)FC[C@H](CC(C1=CC=CC=C1)C2=CC=CC=C2)[NH2+,0.16,0.20,0.007,0.06,350,39.90,0.01,0.02,0.80,-0.70,-2.15,-1.26,2.54,1.60,-2.00,-1.72
1131,C)(C)CCCO[C@@H](CC1=CC=C(OCCC2=CC=C(O[,]C(C)(C)CCCO[C@@H](CC1=CC=C(OCCC2=CC=C(O[S](C)(=,5.1,6.10,1.1,2.61,56,27.42,0.08,0.08,0.71,0.79,0.04,0.42,1.75,1.44,-1.10,-1.10
1132,S](C)(=O)=O)C=C2)C=C1)C(O)=OC[C@]12CC[C@H]3[C@@H](CCC4=CC(=O),0.00110.01O)=O)C=C2)C=C1)C([O-])=OC[C@]12CC[C@H]3[C@@H](CCC4=CC(=O)CC[C@,0.13,0.16,0.039,0.31,45,13.21,,,0.89,-0.79,-1.41,-0.51,1.65,1.12,-2.96,-2.26
1133,CC[C@]34C)[C@@H]1CC[C@@H]2OCN(C)[C@H]1[C@@H]2C[C@H]3C(=C(O)[C,]34C)[C@@H]1CC[C@@H]2OC[NH+](C)[C@H]1[C@@H]2C[C@H]3C(=C([O-,0.35,0.92,24.5,16.76,0.17,0.53,0.057,0.04,0.46,-0.04,1.39,1.22,-0.77,-0.28,-1.24,-1.36
1134,@]2(O)C(=O)C(=C1O)C(N)=O)C(=O)C4=C(O)C=CC=C4[C@@]3(C)OCCCCCC1=CC(=C2[C@@H]3C=C(C)CC[C@,])[C@]2(O)C(=O)C(=C1[O-])C(N)=O)C(=O)C4=C(C=CC=C4O)[C@@]3(C)OCCCCCC1=CC2=C([C@@H]3C=C(C)CC[C@H]3C(C,1.2,0.93,1.5,1.47,9.4,9.07,0.78,0.46,0.08,-0.03,0.18,0.17,0.97,0.96,-0.11,-0.34
1135,H]3C(C)(C)OC2=C1)OCCCCCC1=CC(=C2[C@@H]3C=C(CC[C@H],)(C)O2)C(=C1)OCCCCCC1=CC2=C([C@@H]3C=C(CC[C@H]3C(C)(,8.9,7.07,3.2,5.50,33,22.20,0.05,0.04,0.95,0.85,0.51,0.74,1.52,1.35,-1.30,-1.45
1136,3C(C)(C)OC2=C1)C(O)=O)OCOC1=CC=CC=C1OC2=C(N[S](=O)(=O)C3=,C)O2)C([O-])=O)C(=C1)OCOC1=C(OC2=C(OCCO)N=C(N=C2N[S](=O)(=O)C3,1.28,1.02,1.2,1.55,17.6,11.05,,,0.11,0.01,0.08,0.19,1.25,1.04,,
1137,CC=C(C=N3)C(C)C)N=C(N=C2OCCO)C4=CC=NC(=C4)C5=NN=N[NH]5C[N]1C(=CN=C1[N](=O)=O)CO[P](=O)(NCC,=NC=C(C=C3)C(C)C)C4=CC(=NC=C4)C5=NN=N[N-0.00850.01]5)C=CC=C1C[N]1C(=CN=C1[N+]([O-,0.28,0.36,8.1,6.40,3.8,4.70,,,0.55,-0.45,0.91,0.81,0.58,0.67,-2.07,-1.89
1138,Br)NCCBrO=C1CCC(N2C(=O)C3=CC=CC=C3C2=O)C(,])=O)CO[P](=O)(NCCBr)NCCBrO=C1CC[C@H](N2C(=O)C3=C(C=CC=C3)C2=O)C(,0.64,0.76,14.8,8.89,1,1.31,,,0.19,-0.12,1.17,0.95,0.00,0.12,,
1139,=O)N1,=O)N1,0.95,1.01,3.4,2.82,4.7,3.94,0.4,0.35,0.02,0.00,0.53,0.45,0.67,0.60,-0.40,-0.46
1140,CN1C(=O)N(C)C2=C(N=C[NH]2)C1=OC[S](=O)(=O)C1=CC=C(C=C1)[C@@H](O)[C,CN1C(=O)N(C)C2=C(N=C[NH]2)C1=OC[S](=O)(=O)C1=CC=C(C=C1)[C@@H](O)[C@@H],0.51,0.73,0.86,1.70,7.2,4.49,0.61,0.66,0.29,-0.14,-0.07,0.23,0.86,0.65,-0.21,-0.18
1141,,,0.13,0.16,9.6,6.08,0.28,0.66,0.27,0.33,0.89,-0.79,0.98,0.78,-0.55,-0.18,-0.57,-0.49
1142,NC1=NC2=C(N=C[NH]2)C(=S)N1,NC1=NC2=C(N=C[NH]2)C(=S)N1,2.89,2.30,15.4,11.10,24.35,11.09,,,0.46,0.36,1.19,1.05,1.39,1.04,,
1143,CN(C)CCN(CC1=CC=CS1)C2=CC=CC=N2,C[NH+](C)CCN(CC1=CC=CS1)C2=NC=CC=C2,3.3,3.24,28,16.63,1.6,2.83,,,0.52,0.51,1.45,1.22,0.20,0.45,,
1144,CCCC(C)C1(CC)C(=O)NC(=S)NC1=O,CCC[C@@H](C)C1(CC)C(=O)NC(=S)NC1=O,1.2,0.99,8.2,4.51,2,2.94,0.14,0.13,0.08,-0.01,0.91,0.65,0.30,0.47,-0.85,-0.89
1145,S=[P](N1CC1)(N2CC2)N3CC3CC1=C(SC=C1)C(=CCCN2CCC[C@H](C2)C(,S=[P](N1CC1)(N2CC2)N3CC3CC1=C(SC=C1)C(=CCC[NH+]2CCC[C@@H](C2)C([,1.6,1.27,6.7,6.05,2.7,2.83,0.9,0.77,0.20,0.10,0.83,0.78,0.43,0.45,-0.05,-0.11
1146,O)=O)C3=C(C)C=CS3CN1C2=C(C=CC=C2)[C@@H](NCCCCCCC(,O-])=O)C3=C(C)C=CS3CN1C2=C(C=CC=C2)[C@@H]([NH2+]CCCCCCC([,1.1,0.87,1.6,1.82,10,7.28,0.04,0.04,0.04,-0.06,0.20,0.26,1.00,0.86,-1.40,-1.37
1147,CCN(CC)CCNC(=O)C1=C(OC)C=CC(=C1)[S],CC[NH+](CC)CCNC(=O)C1=C(OC)C=CC(=C1)[S](C,0.3,0.38,2.8,2.55,1.4,2.45,0.05,0.04,0.52,-0.42,0.45,0.41,0.15,0.39,-1.30,-1.39
1148,(C)(=O)=OC[C@H](C(O)=O)C1=CC=C(S1)C(=O)C2=CC,)(=O)=OC[C@H](C([O-,1.1,0.97,4.7,5.34,3.2,2.85,,,0.04,-0.01,0.67,0.73,0.51,0.46,,
1149,=CC=C2NC(=O)C1=CSC(=N1)[C@@H]2O[C@H](CO),])=O)C1=CC=C(S1)C(=O)C2=CC=CC=C2NC(=O)C1=CSC(=N1)[C@@H]2O[C@H](CO)[C@@,0.08,0.10,0.62,0.75,2.1,2.54,0.015,0.01,1.10,-1.01,-0.21,-0.13,0.32,0.40,-1.82,-1.93
1150,[C@@H](O)[C@H]2OOCCO[C@H]1C[C@H]([C@H](O)[C@@H]1,H](O)[C@H]2OOCCO[C@H]1C[C@H]([C@H](O)[C@@H]1O)[N]2,1.1,1.39,2.4,3.41,5.9,4.12,0.47,0.60,0.04,0.14,0.38,0.53,0.77,0.61,-0.33,-0.22
1151,O)[N]2N=NC3=C(N[C@@H]4C[C@H]4C5=CC=C(F)C(=C5)F)N=C(S)N=C23CC1(C)S[C@@H]2[C@H](NC(=O)[C@H](C(,N=NC3=C2N=C(S)N=C3N[C@@H]4C[C@H]4C5=CC(=C(F)C=C5)FCC1(C)S[C@@H]2[C@@H](NC(=O)[C@H](C([O-,1.25,1.08,3.38,3.41,6.8,6.05,0.002,0.01,0.10,0.03,0.53,0.53,0.83,0.78,-2.70,-2.03
1152,O)=O)C3=CSC=C3)C(=O)N2[C@H]1C(O)=O1153CN(C)[C@H]1[C@@H]2C[C@@H]3CC4=C(CN(C)C1=C2C[C@H]3C[C@@H]4[C@H]([NH+](C),])=O)C3=CSC=C3)C(=O)N2[C@H]1C([O-])=O,0.16,0.17,1.8,1.89,1,1.31,0.55,0.44,0.80,-0.76,0.26,0.28,0.00,0.12,-0.26,-0.35
1155,=OCC(C)(C)NC[C@H](O)COC1=NSN=C1N2CC,])([O-])=OCC(C)(C)[NH2+]C[C@H](O)COC1=NSN=C1N2CCO,0.23,0.29,0.4,0.62,7.7,8.20,0.1,0.14,0.64,-0.54,-0.40,-0.20,0.89,0.91,-1.00,-0.87
1156,OCC2CC[S](=O)(=O)CC[N]1C(=NC=C1[N](=O)=O),CC2,1.5,1.35,8.5,7.07,2.2,2.88,0.9,0.81,0.18,0.13,0.93,0.85,0.34,0.46,-0.05,-0.09
1157,,CC[S](=O)(=O)CC[N]1C(=NC=C1[N+]([O-])=O)C,0.59,0.51,0.6,1.16,13,6.85,0.8,0.69,0.23,-0.29,-0.22,0.06,1.11,0.84,-0.10,-0.16
1158,C[C@H](S)C(=O)NCC(O)=OC[N+]1(C)[C@@H]2CC(C[C@H]1[C@@H]3,C[C@H](S)C(=O)NCC([O-])=OC[N+]1(C)[C@@H]2CC(C[C@H]1[C@@H]3O[C@H,1.39,1.10,1.48,2.32,55,12.52,0.45,0.42,0.14,0.04,0.17,0.37,1.74,1.10,-0.35,-0.37
1159,O[C@H]23)OC(=O)C(O)(C4=CC=CS4)C5=CC=CS5,]23)OC(=O)C(O)(C4=CC=CS4)C5=CC=CS5,32,10.98,12.6,10.73,,,0.28,0.23,1.51,1.04,1.10,1.03,,,-0.55,-0.63
1160,2)C3=CC=C4N(C)C(=O)C=C(C5=CC=CC(=C51161NC1=N[N+](=C2C=CC=CC2=[N+]1[O-])[O-]C[C@@H]1C[C@@H]2[C@@H]3CCC4=CC(=O)C=C[C@]4(C)C3=CC[C@]2(C)[C@H]1C(,)C3=CC4=C(C=C3)N(C)C(=O)C=C4C5=CC(=CC=C5)NC1=[N+]([O-])C2=CC=CC=C2[N+](=N1)[O-]C[C@@H]1C[C@@H]2[C@@H]3CCC4=CC(=O)C=,0.93,1.17,5.03,3.39,2.52,4.95,0.006,0.01,0.03,0.07,0.70,0.53,0.40,0.69,-2.22,-2.11
1162,=O)CN5CCN(CC5)C6=NC(=NC(=C6)N7CCCC7)N8CCCC8CCCC[S](=O)(=O)N[C@@H](CC1=CC=C(OC,C[C@]4(C)C3=CC[C@]2(C)[C@H]1C(=O)C[NH+]5CCN(CC5)C6=NC(=NC(=C6)N7CCCC7)N8CCCC8CCCC[S](=O)(=O)N[C@@H](CC1=CC=C(OCCCCC2,9.8,7.78,7,5.36,49.3,26.01,0.006,0.01,0.99,0.89,0.85,0.73,1.69,1.42,-2.22,-1.95
1163,CCCC2CCNCC2)C=C1)C(O)=O,CC[NH2+]CC2)C=C1)C([O-])=O,0.99,0.79,4.3,3.57,1.6,1.98,0.36,0.30,0.00,-0.10,0.63,0.55,0.20,0.30,-0.44,-0.53
1164,N[C@@H](CCC(=O)N[C@@H](C[S](=O)(=O),[NH3+][C@@H](CCC(=O)N[C@@H](C[S](=O)(=O),2.4,3.02,11,8.44,2.4,3.04,0.7,0.50,0.38,0.48,1.04,0.93,0.38,0.48,-0.15,-0.30
1165,=O)N[C@@H](C(O)=O)C1=CC=CC=C1)C(O)=OCOC1=C(OC)C=C(CNC[C@@H](O)COC2=C,@@H](C([O-])=O)C1=CC=CC=C1)C([O-])=OCOC1=C(OC)C=C(C[NH2+]C[C@@H](O)COC2=CC,0.46,0.58,28.5,12.54,0.28,0.54,,,0.34,-0.24,1.45,1.10,-0.55,-0.27,,
1166,C=C3NC(=O)C=CC3=C2)C=C1NC[C@H]1O[C@H](O[C@@H]2[C@@H](N)C[C@@H](N)[C@H](O[C@H]3O[C@H](CO)[,3=C(NC(=O)C=C3)C=C2)C=C1[NH3+]C[C@H]1O[C@H](O[C@@H]2[C@@H]([NH3+])C[C@@H]([NH3+])[C@H](O[C@H]3O[C@H](C,1.6,1.27,8.9,7.66,3.3,3.76,,,0.20,0.10,0.95,0.88,0.52,0.58,,
1167,C@@H](O)[C@H](N)[C@H]3O)[C@H]2O)[C@H](N)C[C@@H]1O,O)[C@@H](O)[C@H]([NH3+])[C@H]3O)[C@H]2O)[C@H]([NH3+])C[C@@H]1O,0.23,0.24,1.6,1.41,2,2.83,1,0.72,0.64,-0.62,0.20,0.15,0.30,0.45,0.00,-0.14
1168,CC(N)C(=O)NC1=C(C)C=CC=C1CC[C@@H]1CCN(C[C@@H]1N(C)C2=NC=NC,C[C@H]([NH3+])C(=O)NC1=C(C)C=CC=C1CC[C@@H]1CCN(C[C@@H]1N(C)C2=C3C=C[NH]C,1.8,2.28,2.2,3.45,12,6.80,0.87,0.73,0.26,0.36,0.34,0.54,1.08,0.83,-0.06,-0.13
1169,3=C2C=C[NH]3)C(=O)CC#NCCC1=CC=C(CC2=CC=C3CO[C@]4(O[C@H],3=NC=N2)C(=O)CC#NCCC1=CC=C(CC2=CC3=C(CO[C@]34O[C@H](CO)[,1.24,0.99,5.88,5.10,,,0.6,0.41,0.09,-0.01,0.77,0.71,,,-0.22,-0.39
1170,(CO)[C@@H](O)[C@H](O)[C@H]4O)C3=C2)C=C1CC1=CC=CC=C1OCC(O)CNCCOC2=CC=C(C,C@@H](O)[C@H](O)[C@H]4O)C=C2)C=C1CC1=C(OC[C@H](O)C[NH2+]CCOC2=CC=C(C=C2),0.63,0.79,2.07,2.96,4.7,4.82,0.46,0.19,0.20,-0.10,0.32,0.47,0.67,0.68,-0.34,-0.73
1171,=C2)C(N)=OCCCCNC(=O)N[S](=O)(=O)C1=CC=C(C)C=C,C(N)=O)C=CC=C1,4,3.18,14,10.64,2.5,3.96,0.089,0.11,0.60,0.50,1.15,1.03,0.40,0.60,-1.05,-0.96
1172,CC1=CC=C(C=C1)C(=O)C2=CC(=C(O)C(=C2,CCCCNC(=O)N=[S]([O-])(=O)C1=CC=C(C)C=C1CC1=CC=C(C=C1)C(=O)C2=CC(=C(O)C(=C2)O)[N+,0.12,0.15,0.21,0.34,7,7.74,0.05,0.05,0.92,-0.82,-0.68,-0.46,0.85,0.89,-1.30,-1.28
1173,)[N](=O)=O)OCC1=C(NC2=CC=CC=C2C(O)=O)C=CC=C1C,0.00120.0042]([O-])=O,0.12,0.15,1.9,2.23,1.1,2.03,,,0.92,-0.82,0.28,0.35,0.04,0.31,-2.92,-2.38
1174,,,0.16,0.20,2.37,1.45,2.15,3.04,0.003,0.01,0.80,-0.70,0.37,0.16,0.33,0.48,-2.52,-2.28
1175,CC1=CC=CC(=C1)N2CC(CO)OC2=OCC(C)N(CC[C@H](C1=CC=CC=C1)C2=CC(=,CC1=CC(=CC=C1)N2C[C@H](CO)OC2=OCC(C)[NH+](CC[C@H](C1=CC=CC=C1)C2=C(O)C=,1.5,1.19,11,8.47,1.6,1.93,0.49,0.50,0.18,0.08,1.04,0.93,0.20,0.29,-0.31,-0.30
1176,CC=C2O)C)C(C)CCC1=C(C=CC=C1)C(=O)NC2=CC=C(C(=C2),CC(=C2)C)C(C)CCC1=C(C=CC=C1)C(=O)NC2=CC(=C(C=C2)C(=O)N,1.5,2.16,8.4,9.34,2.4,4.24,0.037,0.05,0.18,0.34,0.92,0.97,0.38,0.63,-1.43,-1.34
1177,C)C(=O)N3CCC[C@H](O)C4=C3C=CC(=C4)CCCN1C(=O)N(CCC)C2=C([NH]C(=N2)C34C,CCCN1C(=O)N(CCC)C2=C([NH]C(=N2)C34CCC(CC,0.5,0.63,2.4,2.30,2.9,5.09,0.01,0.01,0.30,-0.20,0.38,0.36,0.46,0.71,-2.00,-1.93
1179,CC(CCC(O)=O)(CC3)CC4)C1=OCC1(C)O[C@@H]2CO[C@@]3(CO[S](N)(=O),C([O-])=O)(CC3)CC4)C1=OCC1(C)O[C@@H]2CO[C@@]3(CO[S](N)(=O)=O)O,0.76,0.76,1.8,2.05,16,10.34,0.1,0.07,0.12,-0.12,0.26,0.31,1.20,1.01,-1.00,-1.15
1180,=O)OC(C)(C)O[C@H]3[C@@H]2O1CN(C)CCNC1=CC=C2[N](CCNCCO)N=C3C4,C(C)(C)O[C@H]3[C@@H]2O1C[NH+](C)CCNC1=C2C(=O)C3=C(C=NC=C3)C4=N[,0.8,0.89,0.27,0.77,34.8,12.37,0.72,0.59,0.10,-0.05,-0.57,-0.12,1.54,1.09,-0.14,-0.23
1181,=CN=CC=C4C(=O)C1=C23CC[C@@]1(O)C(=O)OCC2=C1C=C3N(CC4=,N](CC[NH2+]CCO)C(=C24)C=C1CC[C@@]1(O)C(=O)OCC2=C1C=C3N(CC4=C3N=C,57,41.95,27,16.14,45,25.81,,,1.76,1.62,1.43,1.21,1.65,1.41,,
1182,CC5=C(CN(C)C)C(=CC=C5N=C34)O)C2=OCC(C)NC(=O)N[S](=O)(=O)C1=CN=CC=C1N,5C=CC(=C(C[NH+](C)C)C5=C4)O)C2=OCC(C)NC(=O)N=[S]([O-,1.8,1.43,13,9.39,2.3,2.95,0.65,0.35,0.26,0.16,1.11,0.97,0.36,0.47,-0.19,-0.45
1183,C2=CC=CC(=C2)C,])(=O)C1=C(NC2=CC(=CC=C2)C)C=C[NH+]=C1O\N=C/C1=CC=[N+](COC[N+]2=CC=C(C=C2)\C=N\,0.21,0.26,0.53,0.86,5.1,6.48,0.01,0.02,0.68,-0.58,-0.28,-0.07,0.71,0.81,-2.00,-1.72
1184,;v1].ON=CC1=CC=[N+](COC[N+]2=CC=C(C=C2)C=NO)C=C1CN1CCN(CC1)C2=NC(=NC(=C2)NC3=N[NH],O)C=C1C[NH+]1CCN(CC1)C2=NC(=NC(=C2)NC3=N[NH]C(,0.17,0.21,1.9,3.21,1.2,2.02,,,0.77,-0.67,0.28,0.51,0.08,0.31,,
1185,C(=C3)C)SC4=CC=C(NC(=O)C5CC5)C=C4COC1=CC2=C(CCN[C@]23CS[C@H]4[C@H]5[C@@H]6N(C)[C@@H](CC7=CC(=C(OC)C(,=C3)C)SC4=CC=C(NC(=O)C5CC5)C=C4COC1=C(O)C=C2CC[NH2+][C@]3(CS[C@H]4[C@H]5[C@H]6[NH+](C)[C@@H](CC7=C6C(=C(OC)C(=C,5.1,4.05,18.4,10.62,8.4,9.15,,,0.71,0.61,1.26,1.03,0.92,0.96,,
1186,=C67)O)C)[C@H](O)N5[C@@H](COC3=O)C8=C9OCOC9=C(C)C(=C48)OC(C)=O)C=C1OCOC1=CC=CC(=C1)[C@@]2(O)CCCC[C@@,7)C)O)[C@H](O)[NH+]5[C@@H](COC3=O)C8=C4C(=C(C)C9=C8OCO9)OC(C)=O)C2=C1COC1=CC(=CC=C1)[C@@]2(O)CCCC[C@@H]2C[N,25,12.01,12,7.63,44,29.15,0.06,0.08,1.40,1.08,1.08,0.88,1.64,1.46,-1.22,-1.07
1187,H]2CN(C)CCN1C(=O)C(=C2N(C(=O)N(C3CC3)C(=O)C2=,H+](C)CCN1C(=O)C(=C2N(C(=O)N(C3CC3)C(=O)C2=C1NC,2.8,2.13,6.5,7.97,5.8,5.95,0.8,0.68,0.45,0.33,0.81,0.90,0.76,0.77,-0.10,-0.17
1188,C1NC4=C(F)C=C(I)C=C4)C5=CC=CC(=C5)NC(C)=O)CCCOC(=O)[C@H](CCC1=CC=CC=C1)N[C@,4=C(F)C=C(I)C=C4)C5=CC(=CC=C5)NC(C)=O)CCCOC(=O)[C@H](CCC1=CC=CC=C1)[NH2+][C@@,13.94,8.12,0.8,1.17,229,79.06,0.03,0.02,1.14,0.91,-0.10,0.07,2.36,1.90,-1.52,-1.62
1189,@H](C)C(=O)N2[C@@H]3CCCC[C@@H]3C[C@H]2C(O)=O,H](C)C(=O)N2[C@H]3CCCC[C@@H]3C[C@H]2C([O-])=O,0.25,0.31,12.5,7.59,0.26,0.90,0.17,0.13,0.60,-0.50,1.10,0.88,-0.59,-0.04,-0.77,-0.89
1190,NC[C@@H]1CC[C@H](CC1)C(O)=OC[C@@H]([C@@H](O)C1=CC=C(O)C=C1)N,[NH3+]CC1CCC(CC1)C([O-])=OC[C@@H]([C@@H](O)C1=CC=C(O)C=C1)[NH+]2C,0.38,0.48,2.4,2.46,2.3,3.44,0.97,0.92,0.42,-0.32,0.38,0.39,0.36,0.54,-0.01,-0.03
1191,2CCC(O)(CC2)C3=CC=CC=C3,CC(O)(CC2)C3=CC=CC=C3,4.4,5.49,27,19.22,3.7,3.72,0.63,0.38,0.64,0.74,1.43,1.28,0.57,0.57,-0.20,-0.42
1192,C=CN4C3=O)CC2C[S](=O)(=O)OC[C@H](O)[C@@H](O)CO[S],=CN4C3=O)CC2C[S](=O)(=O)OC[C@H](O)[C@@H](O)CO[S](C)(=O,0.52,0.66,1.4,2.55,7.3,6.04,0.08,0.07,0.28,-0.18,0.15,0.41,0.86,0.78,-1.10,-1.15
1193,(C)(=O)=OCCCCC[C@@H](O)CC[C@@H]1[C@@H](O),)=OCCCCC[C@@H](O)CC[C@H]1[C@@H](O)C[C@H],0.59,0.68,4.9,4.28,1.83,2.14,,,0.23,-0.17,0.69,0.63,0.26,0.33,,
1194,C[C@H]2CC3=C(C[C@@H]12)C=CC=C3OCC(O)=OCC1(C)O[C@@H]2C[C@H]3[C@@H]4CCC5,2CC3=C(OCC([O-])=O)C=CC=C3C[C@@H]12CC1(C)O[C@@H]2C[C@@H]3[C@H]4CCC5=CC(=,0.23,0.29,10.7,7.31,0.82,1.50,0.09,0.05,0.64,-0.54,1.03,0.86,-0.09,0.18,-1.05,-1.26
1195,=CC(=O)C=C[C@]5(C)[C@@]4(F)[C@@H](O)C[C@]3(C)[C@@]2(O1)C(=O)CONC1=NC(=C2N=C(C3=CC=CC=C3)C(=NC2=,O)C=C[C@]5(C)[C@]4(F)[C@@H](O)C[C@]3(C)[C@@]2(O1)C(=O)CO,1.4,1.65,9.4,7.69,2.4,2.81,0.2,0.14,0.15,0.22,0.97,0.89,0.38,0.45,-0.70,-0.87
1196,N1)N)N,NC1=NC2=NC(=C(N=C2C(=N1)N)C3=CC=CC=C3)N,13,6.38,63,14.37,4.3,5.51,0.42,0.32,1.11,0.80,1.80,1.16,0.63,0.74,-0.38,-0.49
1197,NC(=S)NN=CC1=NC=CC=C1N,NC(=S)[N-]\N=C\C1=C(N)C=CC=N1,0.41,0.52,2.65,3.25,1.9,2.17,,,0.39,-0.29,0.42,0.51,0.28,0.34,,
1198,COC1=CC2=C(N)N=C(N=C2C(=C1OC)OC)N,COC1=C(OC)C(=C2N=C(N=C(N)C2=C1)N3CCN(CC,0.58,1.22,3,2.05,2.7,4.39,0.1,0.06,0.24,0.09,0.48,0.31,0.43,0.64,-1.00,-1.25
1199,3CCN(CC3)C(=O)OCC(C)(C)OCOC1=CC(=CC(=C1OC)OC)CC2=CN=C(N)N,3)C(=O)OCC(C)(C)O)OCCOC1=C(OC)C(=CC(=C1)CC2=C(N)N=C(N)N=C2)O,0.18,0.23,0.96,1.53,3.1,4.49,,,0.74,-0.64,-0.02,0.19,0.49,0.65,,
1200,=C2NCOC1=CC(=CC(=C1OC)OC)NCC2=CC=C3N,COC1=C(OC)C(=CC(=C1)NCC2=C(C)C3=C(N)N=C(,1.5,1.19,2.1,2.68,9.6,7.68,0.5,0.36,0.18,0.08,0.32,0.43,0.98,0.89,-0.30,-0.45
1201,=C(N)N=C(N)C3=C2CCN1[C@@H]2CC[C@H]1CC(C2)OC(=O)C3=,N)N=C3C=C2)OCC[NH+]1[C@@H]2CC[C@H]1CC(C2)OC(=O)C3=C[,0.77,0.97,0.77,1.66,17,12.59,0.05,0.06,0.11,-0.01,-0.11,0.22,1.23,1.10,-1.30,-1.24
1204,C[NH]C4=CC=CC=C34CCCC[C@@H]1CC(=O)[C@]2(O)O[C@@H]3,NH]C4=C3C=CC=C4CCCC[C@@H]1CC(=O)[C@]2(O)O[C@@H]3[C@@,9.7,7.71,26,20.46,5.6,4.73,,,0.99,0.89,1.41,1.31,0.75,0.67,,
1205,[C@@H](NC)[C@@H](O)[C@@H](NC)[C@H](O)[C@H]3O[C@@H]2O1OC(C(=O)OC1C[C@@H]2CCC(C1)[N+]23CC,H]([NH2+]C)[C@@H](O)[C@@H]([NH2+]C)[C@@H](O)[C@@H]3O[C@@H]2O1OC(C(=O)OC1C[C@H]2CC[C@@H](C1)[N+]23CCC,0.7,0.56,1.7,1.81,11,7.48,0.65,0.68,0.15,-0.25,0.23,0.26,1.04,0.87,-0.19,-0.17
1206,CC3)(C4=CC=CC=C4)C5=CC=CC=C5N[C@@H]1[C@H]2CN(C[C@@H]12)C3=NC,C3)(C4=CC=CC=C4)C5=CC=CC=C5[NH3+]C1[C@H]2CN(C[C@@H]12)C3=C(F)C=C4C(,5.1,1.44,13.9,12.20,5,5.57,0.33,0.22,0.71,0.16,1.14,1.09,0.70,0.75,-0.48,-0.67
1207,4=C(C=C3F)C(=O)C(=CN4C5=CC=C(F)C=C5F)C(O)=ONC1=NC(=O)N(C=C1)[C@@H]2CO[C@H](C,=O)C(=CN(C5=C(F)C=C(F)C=C5)C4=N3)C([O-])=O,1.3,1.22,1.4,1.90,11,8.67,0.24,0.23,0.11,0.09,0.15,0.28,1.04,0.94,-0.62,-0.63
1208,O)O2COC1=CC2=C3[C@@H](CC4=CC=C(O)C(=C,NC1=NC(=O)N(C=C1)[C@@H]2CO[C@H](CO)O2COC1=C(O)C2=C3[C@@H](CC4=CC(=C(O)C=C4)O,1,0.85,2.4,3.33,82,18.82,,,0.00,-0.07,0.38,0.52,1.91,1.27,,
1209,4)OC5=CC6=C(CCN(C)[C@H]6CC7=CC=C(OC3=C1O)C=C7)C=C5OC)[N+](C)(C)CC2C[C@@H]1CN[C@@H](C2CC2)C(=O)N(C)[,C5=C(OC)C=C6CC[NH+](C)[C@@H](CC7=CC=C(O2)C=C7)C6=C5)[N+](C)(C)CCC3=C1C[C@@H]1C[NH2+][C@@H](C2CC2)C(=O)N(C)[C,0.45,0.57,3.4,4.39,2,4.65,0.58,0.29,0.35,-0.25,0.53,0.64,0.30,0.67,-0.24,-0.54
1210,C@H](C)C(=O)N[C@H](CC3=CC=C(F)C=C3)C(=O)NCCCC4=CC=CC=C4O1,@H](C)C(=O)N[C@H](CC3=CC=C(F)C=C3)C(=O)NCCCC4=C(O1)C=CC=C4C[S](=O)(=O)N(CCO)C1=C2NC(=O)C(=O)NC2=CC(,0.1,0.13,0.1,0.49,11.8,9.70,0.01,0.02,1.00,-0.89,-1.00,-0.31,1.07,0.99,-2.00,-1.68
1211,OC(C1=CC=CC=C1)(C2=CC=CC=C2)C34CC[,OC(C1=CC=CC=C1)(C2=CC=CC=C2)C34CC[N+](C,0.8,0.84,6,5.06,1.4,2.14,0.13,0.14,0.10,-0.08,0.78,0.70,0.15,0.33,-0.89,-0.87
1212,N+](CCOCC5=CC=CC=C5)(CC3)CC4COC1=CC=CC=C1N2CCN(CCCNC3=CC(=O),COCC5=CC=CC=C5)(CC3)CC4COC1=C(C=CC=C1)N2CC[NH+](CCCNC3=CC(=O),1.23,1.55,35.95,14.49,19,14.35,0.11,0.07,0.09,0.19,1.56,1.16,1.28,1.16,-0.96,-1.18
1213,N(C)C(=O)N3C)CC2C[C@@H]1CC[C@@]2(CC[C@@]3(C)C(=CC[C@@H]4[C@@]5(C)CC[C@H](O)C(C)(C)[C,N(C)C(=O)N3C)CC2C[C@@H]1CC[C@@]2(CC[C@@]3(C)C(=CC[C@@,0.75,0.94,3.1,4.10,3.5,3.52,,,0.12,-0.02,0.49,0.61,0.54,0.55,,
1214,@@H]5CC[C@@]34C)[C@@H]2[C@H]1C)C(O)=OOB1O[C@@H](CC[C@@H]1NC(=O)CC2=CC,H]4[C@@]5(C)CC[C@H](O)C(C)(C)[C@@H]5CC[C@]34C)[C@@H]2[C@H]1C)C([O-])=OOB1O[C@@H](CC[C@@H]1NC(=O)CC2=CC=CS2),0.54,0.58,3.87,2.46,4.8,5.42,,,0.27,-0.24,0.59,0.39,0.68,0.73,,
1215,=CS2)CC(O)=OCOC1=C(OC)C=C2[C@H]3C[C@@H](OC(=O,CC([O-])=OCOC1=C(OC)C=C2[C@H]3C[C@@H](OC(=O)[C@,0.29,0.37,2.94,3.81,1.34,1.40,0.67,0.51,0.54,-0.44,0.47,0.58,0.13,0.15,-0.17,-0.29
1216,)[C@@H](N)C(C)C)[C@H](CC(C)C)CN3CCC2=C1CC1=C(C2=CC=C(C=C2)[S](N)(=O)=O)C(=N,@H]([NH3+])C(C)C)[C@H](CC(C)C)C[NH+]3CCC2=C1CC1=C(C2=CC=C(C=C2)[S](N)(=O)=O)C(=NO1)C3=,1.31,1.65,1.71,3.28,18,9.96,0.01,0.03,0.12,0.22,0.23,0.52,1.26,1.00,-2.00,-1.57
1217,O1)C3=CC=CC=C3,CC=CC=C3,0.75,0.80,1.4,1.24,7.4,7.65,0.02,0.02,0.12,-0.10,0.15,0.09,0.87,0.88,-1.70,-1.67
1218,CCCC(CCC)C(O)=OCCCCC(=O)N(CC1=CC=C(C=C1)C2=CC=CC,CCCC(CCC)C([O-])=OCCCCC(=O)N(CC1=CC=C(C=C1)C2=C(C=CC=C2)C,0.14,0.28,0.16,0.58,12,5.89,0.08,0.11,0.85,-0.56,-0.80,-0.24,1.08,0.77,-1.10,-0.96
1219,=C2C3=NN=N[NH]3)[C@@H](C(C)C)C(O)=CCCC1=NC(=C2[N]1N=C(NC2=O)C3=CC(=C,3=NN=N[N-]3)[C@@H](C(C)C)C([O-])=OCCCC1=NC(=C2[N]1N=C(NC2=O)C3=C(OCC)C=CC,0.22,0.28,0.49,0.74,9.5,7.24,0.04,0.03,0.66,-0.56,-0.31,-0.13,0.98,0.86,-1.40,-1.53
1220,C=C3OCC)[S](=O)(=O)N4CCN(CC)CC4)CCC(=O)O[C@H]1C[C@@H]2CC[C@@H]3[C@H](CC[C@@]4(C)[C@H]3C[C@@H]([C@,(=C3)[S](=O)(=O)N4CC[NH+](CC)CC4)CCC(=O)O[C@H]1C[C@@H]2CC[C@H]3[C@H](CC[C@@]4(C)[C@H]3C[C@@H]([C@@H]4OC(C)=O)[,3,1.55,13,9.60,4.5,4.02,0.05,0.04,0.48,0.19,1.11,0.98,0.65,0.60,-1.30,-1.39
1221,@H]4OC(C)=O)[N+]5(C)CCCCC5)[C@@]2(C)C[C@@H]1N6CCCCC6COC1=CC=C(C=C1)C(CN(C)C)C2(O)CCCCC,N+]5(C)CCCCC5)[C@]2(C)C[C@@H]1[NH+]6CCCCC6COC1=CC=C(C=C1)[C@@H](C[NH+](C)C)C2(O)CC,0.3,0.38,4.5,3.86,1.4,2.14,0.25,0.21,0.52,-0.42,0.65,0.59,0.15,0.33,-0.60,-0.68
1222,COC1=CC=C(CCN(C)CCCC(C#N)(C(C)C)C2,CCC2COC1=C(OC)C=C(CC[NH+](C)CCC[C@@](C#N)(C(,4.4,3.16,14,9.36,5,5.91,0.73,0.59,0.64,0.50,1.15,0.97,0.70,0.77,-0.14,-0.23
1223,=CC=C(OC)C(=C2)OC)C=C1OCCN(C)C(=O)CCS[C@H](SCCC(O)=O)C1=CC,C)C)C2=CC(=C(OC)C=C2)OC)C=C1CN(C)C(=O)CCS[C@H](SCCC([O-,3.7,3.10,18,13.21,2.8,3.52,0.093,0.05,0.57,0.49,1.26,1.12,0.45,0.55,-1.03,-1.30
1224,O)=O)C(=C([NH]3)C=C4N=C(C=C5[NH]C(=C,0.00040.0017])=O)C1=CC(=CC=C1)\C=C\C2=NC3=CC(=CC=C3C(=CC5NC(=C2)C(=C5C)CCC([O-,0.11,0.14,0.68,0.97,2.3,3.00,,,0.96,-0.86,-0.17,-0.01,0.36,0.48,-3.40,-2.78
1226,2)[C@]6(C)[C@H](C(=O)OC)C(=CC=C56)C(=O)OC)C(=C4C=C)C)CCOC(=O)CCC1=C2[NH]C(=C1C)C=C3N=C(C=C4[NH]C(=CC5=NC(=C2)C(=C5C)CCC(O)=,])=O)C(=C4C)C=C)C6=CC=C([C@@H](C(=O)OC)[C@]36C)C(=O)OCCOC(=O)CCC1=C(C)C2NC1=CC3=C(CCC([O-])=O)C(=C([NH]3)C=C4NC(=CC5=NC(=C2)C(=C5C),0.63,0.79,1.6,1.92,5.6,5.52,,,0.20,-0.10,0.20,0.28,0.75,0.74,,
1227,O)[C@]6(C)[C@H](C(=O)OC)C(=CC=C46)C(=O)OC)C(=C3C=C)CC[C@@H](N(C)C(=O)N1CCNC[C@@H]1C2=,C=C)C6=CC=C([C@@H](C(=O)OC)[C@@]46C)C(=O)OC)CC[C@@H](N(C)C(=O)N1CC[NH2+]C[C@@H]1C2=,0.51,0.81,1.73,1.90,6.06,5.11,,,0.29,-0.09,0.24,0.28,0.78,0.71,,
1228,CC=C(F)C=C2C)C3=CC(=CC(=C3)C(F)(F)F)C(F)(F)FOCC1=CC(=CC=C1O)[C@@H](O)CNCCCCC,C(C)C=C(F)C=C2)C3=CC(=CC(=C3)C(F)(F)F)C(F)(F)FOCC1=C(O)C=CC(=C1)[C@@H](O)C[NH2+]CCCCC,3.8,3.02,5.09,4.49,10.03,13.55,,,0.58,0.48,0.71,0.65,1.00,1.13,,
1229,NC(=O)C1=CC2=C(O1)C=CC(=C2)N3CCN(C,NC(=O)C1=CC2=C(O1)C=CC(=C2)N3CC[NH+](CCC,2.38,3.00,25.7,15.67,2.4,3.25,0.06,0.05,0.38,0.48,1.41,1.19,0.38,0.51,-1.22,-1.29
1230,CCCC4=C[NH]C5=C4C=C(C=C5)C#N)CC3O[C]12C[C@@H]3[CH2][C@H](C1)C[C](C3)(,CC4=C[NH]C5=C4C=C(C=C5)C#N)CC3O[C]12C[C@H]3[CH2][C@@H](C1)C[C](C3)(C2)[N,4.85,5.30,3.76,4.25,15.66,13.14,0.03,0.02,0.69,0.72,0.58,0.63,1.19,1.12,-1.52,-1.73
1231,C2)NCC(=O)N4CCC[C@@H]4C#N,H2+]CC(=O)N4CCC[C@@H]4C#N,1.03,1.30,9.9,5.20,1.67,2.56,0.89,0.72,0.01,0.11,1.00,0.72,0.22,0.41,-0.05,-0.15
1232,CCOC1=CC=CC=C1OCC2CNCCO2CC[C@]1(O)C[C@@H]2CN(CCC3=C([NH]C4=CC=CC=C34)[C@@](C2)(C(=O)OC)C5=CC6,CCOC1=C(OC[C@H]2C[NH2+]CCO2)C=CC=C1CC[C@]1(O)C[C@H]2C[NH+](CCC3=C([NH]C4=C3C=CC=C4)[C@@](C2)(C(=O)OC)C5=C(OC)C=C6N(,0.73,1.06,2.1,3.64,4.1,3.69,,,0.14,0.02,0.32,0.56,0.61,0.57,,
1233,=C(C=C5OC)N(C)[C@H]7[C@](O)([C@H](OC(C)=O)[C@]8(CC)C=CCN9CC[C@]67[C@H]89)C(=O)OC)C1CC[C@]1(O)C[C@@H]2CN(CCC3=C([NH]C4=CC=CC=C34)[C@@](C2)(C(=O)OC)C5=CC6,C)[C@H]7[C@](O)([C@@H](OC(C)=O)[C@]8(CC)C=CC[NH+]9CC[C@]7([C@H]89)C6=C5)C(=O)OC)C1CC[C@]1(O)C[C@@H]2C[NH+](CCC3=C([NH]C4=C3C=CC=C4)[C@](C2)(C(=O)OC)C5=C(OC)C=C6N(,28,12.62,3.1,4.02,67,40.09,0.14,0.16,1.45,1.10,0.49,0.60,1.83,1.60,-0.85,-0.79
1234,=C(C=C5OC)N(C=O)[C@H]7[C@](O)([C@H](OC(C)=O)[C@]8(CC)C=CCN9CC[C@]67[C@H]89)C(=O)OC)C1CC[C@]1(O)C[C@H]2CN(CCC3=C([NH]C4=CC=CC=C34)[C@@](C2)(C(=O)OC)C5=CC6=,C=O)[C@H]7[C@](O)([C@H](OC(C)=O)[C@]8(CC)C=CC[NH+]9CC[C@@]7([C@H]89)C6=C5)C(=O)OC)C1CC[C@]1(O)C[C@H]2C[NH+](CCC3=C([NH]C4=C3C=CC=C4)[C@@](C2)(C(=O)OC)C5=C(OC)C=C6N(,2.4,3.02,2,2.97,23,28.17,0.4,0.25,0.38,0.48,0.30,0.47,1.36,1.45,-0.40,-0.60
1235,C(C=C5OC)N(C)[C@H]7[C@](O)([C@H](O)[C@]8(CC)C=CCN9CC[C@]67[C@H]89)C(N)=O)C1CCC1=C[C@@H]2CN(C1)CC3=C([NH]C4=CC=CC=C34)[C@@](C2)(C(=O)OC)C5=CC6=C,C)[C@H]7[C@](O)([C@H](O)[C@]8(CC)C=CC[NH+]9CC[C@]7([C@H]89)C6=C5)C(N)=O)C1CCC1=C[C@@H]2C[NH+](C1)CC3=C([NH]C4=C3C=CC=C4)[C@@](C2)(C(=O)OC)C5=C(OC)C=C6N(C),5,3.97,2.2,2.93,35,24.10,,,0.70,0.60,0.34,0.47,1.54,1.38,,
1236,(C=C5OC)N(C)[C@H]7[C@](O)([C@H](OC(C)=O)[C@]8(CC)C=CCN9CC[C@]67[C@H]89)C(=O)OCCCOC(=O)C1=C[C@]2(CC)CCCN3CCC4=C([,[C@H]7[C@](O)([C@H](OC(C)=O)[C@@]8(CC)C=CC[NH+]9CC[C@]7([C@H]89)C6=C5)C(=O)OCCCOC(=O)C1=C[C@]2(CC)CCC[NH+]3CCC4=C([C,23,5.52,20,11.89,26,21.87,0.87,0.36,1.36,0.74,1.30,1.08,1.41,1.34,-0.06,-0.44
1237,C@H]23)[N]1C5=C4C=CC=C5COC1=CC2=C(C=C1)N=CC=C2CCC[C@H]3,@H]23)[N]1C5=CC=CC=C45COC1=CC2=C(CCC[C@H]3CC[NH2+]C[C@H]3C=C,2.08,2.62,6.1,8.11,4.83,5.74,0.02,0.03,0.32,0.42,0.79,0.91,0.68,0.76,-1.70,-1.48
1238,CCNC[C@H]3C=CC[S](=O)(=O)C1=CC(=C(C=C1)C(=O)NC2=C,)C=CN=C2C=C1C[S](=O)(=O)C1=CC(=C(C=C1)C(=O)NC2=CC(=C(C,24.4,4.41,26,14.36,12.1,10.08,,,1.39,0.64,1.41,1.16,1.08,1.00,,
1239,CC[C@H]1N(C(C)C)C2=C(C=NC(=N2)NC3=,CC[C@H]1N(C(C)C)C2=C(C=NC(=N2)NC3=C(OC)C,0.23,0.29,0.01,0.09,245,58.60,0.01,0.01,0.64,-0.54,-2.00,-1.04,2.39,1.77,-2.00,-1.94
1240,C(OC)C=C(C=C3)C(=O)N[C@H]4CC[C@@H](CC4)N5CCN(CC5)CC6CC6)N(C)C1=OCCOC(=O)N[C@@H]1CC[C@@H]2[C@@H](C1)C[C@@H]3[C@@H]([C@@H](C)OC3=O,=C(C=C3)C(=O)NC4CCC(CC4)[NH+]5CC[NH+](CC5)CC6CC6)N(C)C1=OCCOC(=O)N[C@@H]1CC[C@@H]2[C@H](C1)C[C,80.5,35.83,11.6,9.34,113,46.26,,,1.91,1.55,1.06,0.97,2.05,1.67,,
1241,)[C@H]2C=CC4=CC=C(C=N4)C5=CC=CC(=C5)F1242C[C@@H](C1=NC=NC=C1F)[C@](O)(C[N]2C[C@@H](C1=C(F)C=NC=N1)[C@](O)(C[N]2C=NCCN[C@H]1CN(C[C@@H]1OC)C2=CC=C3C(,@@H]3[C@@H]([C@@H](C)OC3=O)[C@H]2\C=C/C4=NC=C(C=C4)C5=CC(=CC=C5)FC[NH2+][C@H]1CN(C[C@@H]1OC)C2=NC3=C(C=,3.74,2.97,0.34,0.98,149,39.47,0.01,0.01,0.57,0.47,-0.47,-0.01,2.17,1.60,-2.00,-1.88
1245,=O)C(=CN(C4=NC=CS4)C3=N2)C(O)=OCC(=O)CC(C1=CC=CC=C1)C2=C(O)C3=CC=,C2)C(=O)C(=CN3C4=NC=CS4)C([O-])=OCC(=O)C[C@H](C1=CC=CC=C1)C2=C([O-,1.46,1.16,0.79,1.36,25.5,13.82,,,0.16,0.06,-0.10,0.13,1.41,1.14,,
1246,CC=C3OC2=OC[C@H]1CCC2=C3N1C=C(C(O)=O)C(=O)C3,])C3=C(OC2=O)C=CC=C3C[C@H]1CCC2=C3N1C=C(C([O-,0.13,0.16,0.055,0.13,29,17.21,0.015,0.02,0.89,-0.79,-1.26,-0.90,1.46,1.24,-1.82,-1.66
1247,=CC(=C2N4CCC(O)CC4)FOC(CNCCNC(=O)N1CCOCC1)COC2=CC=C(,])=O)C(=O)C3=CC(=C2N4CCC(O)CC4)FO[C@H](C[NH2+]CCNC(=O)N1CCOCC1)COC2=CC,0.25,0.31,0.54,1.07,6.04,5.92,,,0.60,-0.50,-0.27,0.03,0.78,0.77,,
1248,O)C=C2CC(OC1=CC=C(OC2=CN=C3C=CC(=CC3=N,=C(O)C=C2C[C@@H](OC1=CC=C(OC2=NC3=CC(=CC=C3N=C,0.64,0.81,3,4.26,7.7,4.78,0.97,0.85,0.19,-0.09,0.48,0.63,0.89,0.68,-0.01,-0.07
1249,CN(C)CCNC(=O)C1=CC=CC2=C1N=C3C=CC,0.00360.01C[NH+](C)CCNC(=O)C1=C2N=C3C=CC=CC3=CC2=,0.19,0.24,0.05,0.18,48.2,17.35,,,0.72,-0.62,-1.30,-0.74,1.68,1.24,-2.44,-2.20
1250,=CC3=C21251O[C@@H]1CO[C@H](O)[C@H](O)[C@H]1OCC1=CC=C(C=C1C(O)C2=C(C)C=C(C=C2C),CC=C1O[C@@H]1CO[C@H](O)[C@H](O)[C@H]1OCC1=C(C=C(C=C1)[N]2C=CN=C2)[C@@H](O)C3=C,3.41,3.04,16.31,11.60,2.08,3.19,0.03,0.07,0.53,0.48,1.21,1.06,0.32,0.50,-1.52,-1.19
1252,C(O)=O)[N]3C=CN=C3C[N]1C=C(C(=O)[C@@H]2CCC3=C(C2)N=C[,(C)C=C(C=C3C)C([O-])=OC[N]1C=C(C(=O)[C@@H]2CCC3=C(C2)N=C[NH]3),0.37,0.47,2.91,2.14,2.37,3.20,,,0.43,-0.33,0.46,0.33,0.37,0.51,,
1253,NH]3)C4=C1C=CC=C4COCC[N]1C(=[N+](CC2=CN=CC=N2)C3=C1,C4=C1C=CC=C4COCC[N]1C(=[N+](CC2=NC=CN=C2)C3=C1C(=O)C,2.65,1.77,7.03,6.89,4.94,4.09,,,0.42,0.25,0.85,0.84,0.69,0.61,,
1254,C(=O)C4=CC=CC=C4C3=O)CCOC(=O)[C@H]1[C@@H](O)CC[C@H]2CN3,4=C(C=CC=C4)C3=O)CCOC(=O)[C@H]1[C@@H](O)CC[C@H]2C[NH+]3C,23.7,11.20,11.3,8.36,24.8,15.53,,,1.37,1.05,1.05,0.92,1.39,1.19,,
1255,CCC4=C([NH]C5=CC=CC=C45)[C@@H]3C[C@@H]12NC1=NC(=O)N(C=C1)[C@H]2CC[C@@H](C,CC4=C([NH]C5=C4C=CC=C5)[C@@H]3C[C@@H]1,0.48,0.60,14.6,10.15,1.5,2.10,0.2,0.24,0.32,-0.22,1.16,1.01,0.18,0.32,-0.70,-0.63
1256,O)O2CCN(C(C)=O)C1=CC=CC(=C1)C2=CC=NC3=,NC1=NC(=O)N(C=C1)[C@H]2CC[C@@H](CO)O2CCN(C(C)=O)C1=CC(=CC=C1)C2=CC=NC3=C(C=N,0.54,1.29,5.6,4.95,1.2,1.98,0.96,0.94,0.27,0.11,0.75,0.69,0.08,0.30,-0.02,-0.03
1257,C(C=N[N]23)C#NCOC1=C(C)C=C2C[C@H]3[C@H](O)N4[C@@H](CC5=C([C@@H]4CNC(=O)C=CC6=CC(,[N]23)C#NCOC1=C(O)C2=C(C[C@H]3[C@H](O)[NH+]4[C@@H](CC5=C([C@@H]4CNC(=O)\C=C/C6=CC(=CC=C,1.3,1.03,16,7.40,1.1,1.85,0.4,0.24,0.11,0.01,1.20,0.87,0.04,0.27,-0.40,-0.62
1258,=CC=C6)C(F)(F)F)C7=C(OCO7)C(=C5OC(C)=O)C)[C@H](N3C)C2=C1OCC(=O)N[C@@H]1[C@@H](NC(N)=N)C=C(,6)C(F)(F)F)C7=C(OCO7)C(=C5OC(C)=O)C)[C@H]2[NH+]3C)C=C1CCC(=O)N[C@@H]1[C@H](NC(N)=[NH2+])C=C(O[C,12.6,10.01,12,8.86,22.2,20.71,,,1.10,1.00,1.08,0.95,1.35,1.32,,
1259,O[C@H]1[C@H](O)[C@H](O)CO)C(O)=OCOC1=CC=C(CCN(C)CCCN2CCC3=CC(=C(O,@H]1[C@H](O)[C@H](O)CO)C([O-])=OCOC1=C(OC)C=C(CC[NH+](C)CCCN2CCC3=C(CC2,0.23,0.29,1.6,1.99,1.7,1.80,0.86,0.80,0.64,-0.54,0.20,0.30,0.23,0.25,-0.07,-0.09
1260,C)C=C3CC2=O)OC)C=C1OCCC1=NC(=O)C2=CC(=C(C)C=C2N1)CN(CC#,=O)C=C(OC)C(=C3)OC)C=C1CC1=NC(=O)C2=C(N1)C=C(C)C(=C2)CN(CC#C)C3=,1.6,1.30,8.4,7.92,2.8,2.97,,,0.20,0.11,0.92,0.90,0.45,0.47,,
1261,C)C3=CC=C(C(=C3)F)C(=O)N[C@@H](CCC4=NN=N[NH]4)C(O)=OCC1=CN([C@H]2C[C@H](N=[N+]=[N-,CC(=C(C=C3)C(=O)N[C@@H](CCC4=NN=N[N-]4)C([O-])=O)FCC1=CN([C@H]2C[C@H](N=[N+]=[N-,0.53,0.67,0.29,0.62,78.5,28.10,0.01,0.02,0.28,-0.18,-0.54,-0.21,1.89,1.45,-2.00,-1.67
1262,])[C@@H](CO)O2)C(=O)NC1=OCN(C)CC=C(C1=CC=C(Br)C=C1)C2=CC=CN,])[C@@H](CO)O2)C(=O)NC1=OC[NH+](C)C\C=C(/C1=CC=C(Br)C=C1)C2=CN=CC=,1.8,1.43,25,12.74,1.3,1.66,0.8,0.75,0.26,0.16,1.40,1.11,0.11,0.22,-0.10,-0.13
1263,=C2,C2,6.8,5.40,13.8,9.85,6.26,7.59,0.086,0.10,0.83,0.73,1.14,0.99,0.80,0.88,-1.07,-1.00
1264,3)C4=NSC5=CC=CC=C45OC(C[N]1C=CN=C1)([P](O)(O)=O)[P](O)(O)=,0.00120.00464)C=C5CC(=O)NC5=C1OC(C[N]1C=CN=C1)([P]([O-])([O-])=O)[P]([O-])([O-,1,1.26,5.1,5.37,3.1,5.21,,,0.00,0.10,0.71,0.73,0.49,0.72,-2.92,-2.34
1265,CN(C)CCC1=C[NH]C2=CC=C(C[C@H]3COC,])=OC[NH+](C)CCC1=C[NH]C2=C1C=C(C[C@H]3COC(,0.6,0.76,2.2,2.01,11,12.98,0.78,0.62,0.22,-0.12,0.34,0.30,1.04,1.11,-0.11,-0.20
1266,(=O)N3)C=C12CN(C)C(=O)CC1=C(N=C2C=CC(=C[N]12)C),=O)N3)C=C2CN(C)C(=O)CC1=C(N=C2C=CC(=C[N]12)C)C3=CC,1.8,2.28,6.7,9.35,3.6,3.58,0.75,0.67,0.26,0.36,0.83,0.97,0.56,0.55,-0.12,-0.17
1267,C3=CC=C(C)C=C3OC(=O)CN1C(=O)C(=O)NC2=CC(=C(C=C12),=C(C)C=C3[O-,0.54,0.68,4.3,4.13,1.7,2.54,0.08,0.07,0.27,-0.17,0.63,0.62,0.23,0.40,-1.10,-1.13
1268,"[N]3C=CN=C3)[N](=O)=OaColumn2liststheoriginalSMILESnotationsof1270drugs,collectedbyLombardoetal.1andhavebeenstandardizedusingtheOnlineSMILESTranslatorandStructureFileGeneratorontheNationalCancerInstitute’swebsite(https://cactus.nci.nih.gov/translate/).MolecularOperatingEnvironment(MOE)2software.",]C(=O)CN1C(=O)C(=O)NC2=C1C=C([N]3C=CN=C3),0.19,0.24,5.3,3.45,0.78,1.23,,,0.72,-0.62,0.72,0.54,-0.11,0.09,,
